<question>
<Title>Django get url path without using &quot;request.path&quot;</Title>
<Body>&lt;p&gt;I am creating a 404.html page in django which will be called when i raise &quot;Http404&quot;&lt;/p&gt;&#xA;&#xA;&lt;p&gt;I dont know if 404.html will be passed a &quot;RequestContext&quot; object but can I generate the requested url path without using request variable&lt;/p&gt;&#xA;&#xA;&lt;p&gt;I tried &quot;request.path&quot; and &quot;request.get_full_path&quot; but they dont work for me.&lt;/p&gt;&#xA;&#xA;&lt;p&gt;Any help would be appreciated.&lt;/p&gt;&#xA;</Body>
<Tags>python,django,url,path,http-status-code-404</Tags>
</question>
<answer>
<Body>&lt;p&gt;The 404 template &lt;em&gt;will&lt;/em&gt; be rendered with a request context (unlike the 500 server error template).&lt;/p&gt;&#xA;&#xA;&lt;p&gt;Make sure that the &lt;a href=&quot;https://docs.djangoproject.com/en/dev/ref/templates/api/#django-core-context-processors-request&quot; rel=&quot;noreferrer&quot;&gt;&lt;code&gt;django.core.context_processors.request&lt;/code&gt;&lt;/a&gt; context processor is in your &lt;code&gt;TEMPLATE_CONTEXT_PROCESSORS&lt;/code&gt; setting. Note that it is not included by default.&lt;/p&gt;&#xA;&#xA;&lt;p&gt;Once you've done that, the &lt;a href=&quot;https://docs.djangoproject.com/en/dev/ref/request-response/#methods&quot; rel=&quot;noreferrer&quot;&gt;request methods&lt;/a&gt; that you mention like &lt;code&gt;get_full_path&lt;/code&gt; should work.&lt;/p&gt;&#xA;</Body>
</answer>
