<question>
<Title>Python C++ extension with SWIG - calling a function by importing module</Title>
<Body>&lt;p&gt;how can I write an C++ lib and make it to an python extension with SWIG and by importing the module &lt;code&gt;import module&lt;/code&gt; it will automaticaly call an function that initializes some global variables.&lt;/p&gt;&#xA;&#xA;&lt;p&gt;I have tried to rename the function to &lt;code&gt;__init__()&lt;/code&gt;, but when I import the module it isnt called.&lt;/p&gt;&#xA;&#xA;&lt;p&gt;what can I do?&lt;/p&gt;&#xA;</Body>
<Tags>c++,python,function,swig,init</Tags>
</question>
<answer>
<Body>&lt;p&gt;Put the code in an init section in the SWIG interface file:&lt;/p&gt;&#xA;&#xA;&lt;pre&gt;&lt;code&gt;%init %{&#xA;    my_init_function();&#xA;%}&#xA;&lt;/code&gt;&lt;/pre&gt;&#xA;&#xA;&lt;p&gt;This code will be added to the generated swig wrapper and be called when module is imported.&lt;/p&gt;&#xA;&#xA;&lt;p&gt;&lt;a href=&quot;http://www.swig.org/Doc2.0/SWIGDocumentation.html&quot; rel=&quot;nofollow&quot;&gt;SWIG 2.0&lt;/a&gt; Section 5.6.2: &lt;a href=&quot;http://www.swig.org/Doc2.0/SWIGDocumentation.html#SWIG_nn42&quot; rel=&quot;nofollow&quot;&gt;Code Insertion Blocks&lt;/a&gt;&lt;/p&gt;&#xA;</Body>
</answer>
