<question>
<Title>how do i make an api call in python (GAE)?</Title>
<Body>&lt;p&gt;I have made a simple web form in Google app engine where I have added a recaptcha component.&#xA;The component is showing up on my web page. But i have no idea how to make the api call.&#xA;my code is;&lt;/p&gt;&#xA;&#xA;&lt;pre&gt;&lt;code&gt;def post(self):&#xA;&#xA;    challenge = self.request.get('recaptcha_challenge_field')&#xA;    response  = self.request.get('recaptcha_response_field')&#xA;    remoteip  = os.environ['REMOTE_ADDR']&#xA;    private_key = 'xxx'&#xA;&#xA;    cResponse = self.request.submit(http://www.google.com/recaptcha/api/verify?privatekey=&quot;private_key&quot;&amp;amp;remoteip=&quot;remoteip&quot;&amp;amp;challenge=&quot;challenge&quot;&amp;amp;response=&quot;response&quot;)&#xA;&#xA;    if cResponse.is_valid:&#xA;        # response was valid&#xA;        # other stuff goes here&#xA;        pass&#xA;    else:&#xA;        error = cResponse.error_code&#xA;&lt;/code&gt;&lt;/pre&gt;&#xA;&#xA;&lt;p&gt;its pretty clear that my api call is completely wrong but i have no idea how to make it.&#xA;The examples i have seen use the plugin.&lt;/p&gt;&#xA;</Body>
<Tags>python,google-app-engine,recaptcha</Tags>
</question>
<answer>
<Body>&lt;p&gt;Use the URL Fetch API &lt;a href=&quot;https://developers.google.com/appengine/docs/python/urlfetch/overview&quot; rel=&quot;nofollow&quot;&gt;documented here&lt;/a&gt;, the first example in the linked page should be suitable for your needs.&#xA;Notice that url fetches have a quota and are billable.&lt;/p&gt;&#xA;</Body>
</answer>
