<question>
<Title>Increasing Optimization Level g++</Title>
<Body>&lt;p&gt;I'm trying to compile a relatively simple c++ program using cygwin and g++. I can compile it using the following command:&lt;/p&gt;&#xA;&#xA;&lt;p&gt;&lt;code&gt;g++ -o main main.cpp -lgmpxx -lgmp&lt;/code&gt;&lt;/p&gt;&#xA;&#xA;&lt;p&gt;(note: the last two reflect the inclusion of the gmp libraries).&lt;/p&gt;&#xA;&#xA;&lt;p&gt;I'd like to increase the level of optimization that this is compiled with. I thought that I could just change this command line to:&lt;/p&gt;&#xA;&#xA;&lt;p&gt;&lt;code&gt;g++ -o3 main main.cpp -lgmpxx -lgmp&lt;/code&gt;&lt;/p&gt;&#xA;&#xA;&lt;p&gt;but this totally blows up. I get about two full screens of error messages.&lt;/p&gt;&#xA;&#xA;&lt;p&gt;How can I increase the optimization here?  Thanks!&lt;/p&gt;&#xA;</Body>
<Tags>c++,optimization,g++,cygwin</Tags>
</question>
<answer>
<Body>&lt;p&gt;That should be &lt;code&gt;-O3&lt;/code&gt;, not &lt;code&gt;-o3&lt;/code&gt;.  Otherwise you're telling g++ to put the compiled executable into a file named &lt;code&gt;3&lt;/code&gt;, and you're feeding it &lt;code&gt;main&lt;/code&gt;, your previously-compiled executable, as &lt;em&gt;input&lt;/em&gt;.  It's probably trying to interpret that as source code, hence the errors.&lt;/p&gt;&#xA;</Body>
</answer>
<answer>
<Body>&lt;p&gt;Options are case sensitive: the &lt;code&gt;-o&lt;/code&gt; option allows you to specify the name of the output file, &lt;code&gt;-O&lt;/code&gt; sets the amount of optimisation, so you want:&lt;/p&gt;&#xA;&#xA;&lt;pre&gt;&lt;code&gt;g++ -O3 -o main main.cpp -lgmpxx -lgmp&#xA;&lt;/code&gt;&lt;/pre&gt;&#xA;</Body>
</answer>
