<question>
<Title>C++ pass by reference - can this be done?</Title>
<Body>&lt;p&gt;I have several files which is causing a compile error, can the following be done?&lt;/p&gt;&#xA;&#xA;&lt;p&gt;header1.h&lt;/p&gt;&#xA;&#xA;&lt;pre&gt;&lt;code&gt;class Class1{&#xA;public:&#xA;void function1(Class1 &amp;amp;);&#xA;};&#xA;&lt;/code&gt;&lt;/pre&gt;&#xA;&#xA;&lt;p&gt;header2.h&lt;/p&gt;&#xA;&#xA;&lt;pre&gt;&lt;code&gt;class Class2{&#xA;public:&#xA;void function2(Class2 &amp;amp;, Class1 &amp;amp;);&#xA;};&#xA;&lt;/code&gt;&lt;/pre&gt;&#xA;&#xA;&lt;p&gt;cpp2.cpp&lt;/p&gt;&#xA;&#xA;&lt;pre&gt;&lt;code&gt;#include &quot;header2.h&quot;&#xA;void Class2::function2(Class2 &amp;amp; my2Class, Class1 &amp;amp; my1Class){};&#xA;&lt;/code&gt;&lt;/pre&gt;&#xA;&#xA;&lt;p&gt;main.cpp&lt;/p&gt;&#xA;&#xA;&lt;pre&gt;&lt;code&gt;#include &quot;header1.h&quot;&#xA;#include &quot;header2.h&quot;&#xA;&#xA;// functions&#xA;&lt;/code&gt;&lt;/pre&gt;&#xA;&#xA;&lt;p&gt;The error is stating that header2.h knows nothing of Class1 as a type. How can I declare an object of type Class1 in this header file, without using an include or without putting both classes in the same file (they are entirely separate and should only meet inside functions called within main)?&lt;/p&gt;&#xA;&#xA;&lt;p&gt;Thanks!&lt;/p&gt;&#xA;</Body>
<Tags>c++,function,reference</Tags>
</question>
<answer>
<Body>&lt;p&gt;You can use forward declarations:&lt;/p&gt;&#xA;&#xA;&lt;pre&gt;&lt;code&gt;class Class1; //forward declare Class1&#xA;class Class2{&#xA;public:&#xA;void function2(Class2 &amp;amp;, Class1 &amp;amp;);&#xA;};&#xA;&lt;/code&gt;&lt;/pre&gt;&#xA;&#xA;&lt;p&gt;Passing a parameter of a type to a function doesn't require the type to be fully defined.&lt;/p&gt;&#xA;</Body>
</answer>
<answer>
<Body>&lt;p&gt;let every header include each other header that it requires information about, but with a preprocessing definition to avoid circular references or repeated declarations. e.g.&#xA;header2 should be&lt;/p&gt;&#xA;&#xA;&lt;pre&gt;&lt;code&gt;#ifndef FUNCS_H&#xA;&#xA;#define FUNCS_H&#xA;&#xA;#include &quot;header1.h&quot;&#xA;&#xA;    class Class2{&#xA;    public:&#xA;    void function2(Class2 &amp;amp;, Class1 &amp;amp;);&#xA;    };&#xA;#endif&#xA;&lt;/code&gt;&lt;/pre&gt;&#xA;&#xA;&lt;p&gt;This is how I do all my headers in C++&lt;/p&gt;&#xA;</Body>
</answer>
