<question>
<Title>What is the Windows registered class of a Java window?</Title>
<Body>&lt;p&gt;I am writing a C++ app that retrieves a Java window and sets it as maximized. I am wondering what the registered class of a Java window is for &lt;code&gt;FindWindow(LPCTSTR lpClassName, LPCTSTR lpWindowName);&lt;/code&gt;&lt;/p&gt;&#xA;</Body>
<Tags>java,c++,windows</Tags>
</question>
<answer>
<Body>&lt;p&gt;In JRE 1.6, Win32 Window class name for the top-level application window is set to &lt;code&gt;SunAwtFrame&lt;/code&gt;. Prior to 1.6 it was inherited from the Java class name. Here are some &lt;a href=&quot;http://www.java.net/node/659065&quot; rel=&quot;nofollow&quot;&gt;details&lt;/a&gt;.&lt;/p&gt;&#xA;</Body>
</answer>
