<question>
<Title>Having issue in configuring boost with codeblocks</Title>
<Body>&lt;p&gt;I used to configure boost already, but this time I have no idea what is causing the problem. I provided some screen shots showing my settings in CodeBlocks (svn7550). I built my Boost library using these commands.&lt;/p&gt;&#xA;&#xA;&lt;p&gt;Boost is extracted to &lt;code&gt;F:\&lt;/code&gt; and main folder address is:&lt;/p&gt;&#xA;&#xA;&lt;pre&gt;&lt;code&gt;F:\boost_1_49_0&#xA;&lt;/code&gt;&lt;/pre&gt;&#xA;&#xA;&lt;p&gt;Here are the commands:&lt;/p&gt;&#xA;&#xA;&lt;pre&gt;&lt;code&gt;F:\&#xA;F:\ cd Boost_1_44_0&#xA;F:\ Boost_1_44_0&amp;gt; bootstrap.bat&#xA;F:\ Boost_1_44_0&amp;gt;bjam toolset=gcc --build-type=complete stage&#xA;&lt;/code&gt;&lt;/pre&gt;&#xA;&#xA;&lt;hr&gt;&#xA;&#xA;&lt;p&gt;The above didn't do any good so I wrote this and actually compiled just fine:&lt;/p&gt;&#xA;&#xA;&lt;pre&gt;&lt;code&gt;F:\ Boost_1_44_0&amp;gt;bjam variant=debug,release link=static address-model=32 &#xA;&lt;/code&gt;&lt;/pre&gt;&#xA;&#xA;&lt;p&gt;and then&lt;/p&gt;&#xA;&#xA;&lt;pre&gt;&lt;code&gt;F:\boost_1_49_0&amp;gt;bjam toolset=gcc variant=debug,release link=static threading=multi address-model=32 --build-type=complete stage&#xA;&lt;/code&gt;&lt;/pre&gt;&#xA;&#xA;&lt;p&gt;then when I tried to compile a thread example:&lt;/p&gt;&#xA;&#xA;&lt;pre&gt;&lt;code&gt;    #include &amp;lt;boost/thread.hpp&amp;gt;&#xA;#include &amp;lt;iostream&amp;gt;&#xA;&#xA;void wait(int seconds)&#xA;{&#xA;  boost::this_thread::sleep(boost::posix_time::seconds(seconds));&#xA;}&#xA;&#xA;boost::mutex mutex;&#xA;&#xA;void thread()&#xA;{&#xA;  for (int i = 0; i &amp;lt; 5; ++i)&#xA;  {&#xA;    wait(1);&#xA;    mutex.lock();&#xA;    std::cout &amp;lt;&amp;lt; &quot;Thread &quot; &amp;lt;&amp;lt; boost::this_thread::get_id() &amp;lt;&amp;lt; &quot;: &quot; &amp;lt;&amp;lt; i &amp;lt;&amp;lt; std::endl;&#xA;    mutex.unlock();&#xA;  }&#xA;}&#xA;&#xA;int main()&#xA;{&#xA;  boost::thread t1(thread);&#xA;  boost::thread t2(thread);&#xA;  t1.join();&#xA;  t2.join();&#xA;}&#xA;&lt;/code&gt;&lt;/pre&gt;&#xA;&#xA;&lt;p&gt;it failed with these errors:&lt;/p&gt;&#xA;&#xA;&lt;pre&gt;&lt;code&gt;||=== Boost Example, Debug ===|&#xA;obj\Debug\main.o||In function `Z6threadv':|&#xA;D:\Documents and Settings\Master\My Documents\Projects\Boost Example\main.cpp|18|undefined reference to `_imp___ZN5boost11this_thread6get_idEv'|&#xA;obj\Debug\main.o||In function `main':|&#xA;D:\Documents and Settings\Master\My Documents\Projects\Boost Example\main.cpp|27|undefined reference to `_imp___ZN5boost6thread4joinEv'|&#xA;D:\Documents and Settings\Master\My Documents\Projects\Boost Example\main.cpp|28|undefined reference to `_imp___ZN5boost6thread4joinEv'|&#xA;D:\Documents and Settings\Master\My Documents\Projects\Boost Example\main.cpp|28|undefined reference to `_imp___ZN5boost6threadD1Ev'|&#xA;D:\Documents and Settings\Master\My Documents\Projects\Boost Example\main.cpp|28|undefined reference to `_imp___ZN5boost6threadD1Ev'|&#xA;D:\Documents and Settings\Master\My Documents\Projects\Boost Example\main.cpp|28|undefined reference to `_imp___ZN5boost6threadD1Ev'|&#xA;D:\Documents and Settings\Master\My Documents\Projects\Boost Example\main.cpp|28|undefined reference to `_imp___ZN5boost6threadD1Ev'|&#xA;F:\boost_1_49_0\boost\thread\win32\thread_data.hpp|161|undefined reference to `_imp___ZN5boost11this_thread18interruptible_waitEPvNS_6detail7timeoutE'|&#xA;obj\Debug\main.o||In function `thread&amp;lt;void (*)()&amp;gt;':|&#xA;F:\boost_1_49_0\boost\thread\detail\thread.hpp|205|undefined reference to `_imp___ZN5boost6thread12start_threadEv'|&#xA;||=== Build finished: 9 errors, 0 warnings (0 minutes, 58 seconds) ===|&#xA;&lt;/code&gt;&lt;/pre&gt;&#xA;&#xA;&lt;p&gt;While the thread example above fails , this snippet compiles just fine:&lt;/p&gt;&#xA;&#xA;&lt;pre&gt;&lt;code&gt;#include &amp;lt;boost/lambda/lambda.hpp&amp;gt;&#xA;#include &amp;lt;iostream&amp;gt;&#xA;#include &amp;lt;iterator&amp;gt;&#xA;#include &amp;lt;algorithm&amp;gt;&#xA;&#xA;int main()&#xA;{&#xA;    using namespace boost::lambda;&#xA;    typedef std::istream_iterator&amp;lt;int&amp;gt; in;&#xA;&#xA;    std::for_each(&#xA;        in(std::cin), in(), std::cout &amp;lt;&amp;lt; (_1 * 3) &amp;lt;&amp;lt; &quot; &quot; );&#xA;}&#xA;&lt;/code&gt;&lt;/pre&gt;&#xA;&#xA;&lt;p&gt;and these are my CB screenShots at the moment:&lt;/p&gt;&#xA;&#xA;&lt;p&gt;&lt;a href=&quot;http://upload.ustmb.ir/uploads/13336039464.jpg&quot; rel=&quot;nofollow noreferrer&quot;&gt;http://upload.ustmb.ir/uploads/13336039464.jpg&lt;/a&gt;&lt;/p&gt;&#xA;&#xA;&lt;p&gt;&lt;a href=&quot;http://upload.ustmb.ir/uploads/13336039463.jpg&quot; rel=&quot;nofollow noreferrer&quot;&gt;http://upload.ustmb.ir/uploads/13336039463.jpg&lt;/a&gt;&lt;/p&gt;&#xA;&#xA;&lt;p&gt;&lt;a href=&quot;http://upload.ustmb.ir/uploads/13336039462.jpg&quot; rel=&quot;nofollow noreferrer&quot;&gt;http://upload.ustmb.ir/uploads/13336039462.jpg&lt;/a&gt;&lt;/p&gt;&#xA;&#xA;&lt;p&gt;&lt;a href=&quot;http://upload.ustmb.ir/uploads/13336039465.jpg&quot; rel=&quot;nofollow noreferrer&quot;&gt;http://upload.ustmb.ir/uploads/13336039465.jpg&lt;/a&gt;&lt;/p&gt;&#xA;&#xA;&lt;p&gt;And this is the contents of my stage/lib folder:&lt;/p&gt;&#xA;&#xA;&lt;p&gt;&lt;a href=&quot;http://upload.ustmb.ir/uploads/13335642651.jpg&quot; rel=&quot;nofollow noreferrer&quot;&gt;http://upload.ustmb.ir/uploads/13335642651.jpg&lt;/a&gt;&lt;/p&gt;&#xA;&#xA;&lt;p&gt;Would anyone tell me what the problem is? &lt;/p&gt;&#xA;</Body>
<Tags>c++,boost,configuration,compiler-errors,codeblocks</Tags>
</question>
<answer>
<Body>&lt;p&gt;I used this command for compiling boost:&lt;/p&gt;&#xA;&#xA;&lt;pre&gt;&lt;code&gt;F:\&#xA;F:\ cd Boost_1_44_0&#xA;F:\ Boost_1_44_0&amp;gt; bootstrap.bat&#xA;F:\ Boost_1_44_0&amp;gt;bjam toolset=gcc --build-type=complete stage variant=debug,release threading=multi link=static &#xA;&lt;/code&gt;&lt;/pre&gt;&#xA;&#xA;&lt;p&gt;and the rest of the configs are the same. I just followed &lt;a href=&quot;http://stackoverflow.com/questions/5288641/g-including-boost-library&quot;&gt;the guide here&lt;/a&gt; &#xA;and added the:&lt;/p&gt;&#xA;&#xA;&lt;pre&gt;&lt;code&gt;#define BOOST_THREAD_USE_LIB&#xA;&lt;/code&gt;&lt;/pre&gt;&#xA;&#xA;&lt;p&gt;to the first line of my source code, and the errors are gone.&lt;/p&gt;&#xA;</Body>
</answer>
