<question>
<Title>C++ LNK 2019 from different project but in the same solution</Title>
<Body>&lt;p&gt;I'm trying to create an project to call another project, so it is supposed to allow me to call the header file from the other project but once i called, there will be the lnk error 2019.&lt;/p&gt;&#xA;&#xA;&lt;p&gt;I couldn't understand why it is so.&lt;/p&gt;&#xA;&#xA;&lt;p&gt;Initially i thought it was compiler's problem. but slowly i realised, the project cannot be interlinked. any solution out there to assist me in overcoming the problem. &lt;/p&gt;&#xA;&#xA;&lt;p&gt;Example :&lt;/p&gt;&#xA;&#xA;&lt;p&gt;Created a date proj(which contain datetime.h link with date.h and time.h WORKS FINE)&#xA;created a power proj - to store float variable only.&#xA;Created a input proj to store date and power from the two projects above..&#xA;but once i declare a Input input; it has the linker problem&lt;/p&gt;&#xA;&#xA;&lt;p&gt;Source code as below..&#xA;&lt;strong&gt;&lt;em&gt;Input.h&lt;/em&gt;&lt;/strong&gt;&lt;/p&gt;&#xA;&#xA;&lt;pre&gt;&lt;code&gt;#ifndef INPUT_H&#xA;#define INPUT_H&#xA;//#include &quot;../Date/DateTime.h&quot;&#xA;#include &quot;../Power/Power.h&quot;&#xA;&#xA;class Input{&#xA;public:&#xA;    Input();&#xA;    //{&#xA;        /*DateTime datetime;&#xA;        SetDateTime(datetime);*/&#xA;    //}&#xA;&#xA;    friend ostream&amp;amp; operator &amp;lt;&amp;lt; (ostream &amp;amp;output, const Input &amp;amp;value);&#xA;    friend istream &amp;amp; operator&amp;gt;&amp;gt;( istream &amp;amp;input, Input &amp;amp;value );&#xA;    void SetPower(Power power){&#xA;        mpower = power;&#xA;    }&#xA;    Power GetPower(){&#xA;        return mpower;&#xA;    }&#xA;    //get and set method of variable DateTime&#xA;    /*void SetDateTime(DateTime datetime);&#xA;    DateTime GetDateTime();*/&#xA;private:&#xA;    string test;&#xA;    Power mpower;&#xA;    //DateTime m_datetime;&#xA;};&#xA;&#xA;#endif&#xA;&lt;/code&gt;&lt;/pre&gt;&#xA;&#xA;&lt;p&gt;&lt;strong&gt;&lt;em&gt;input.cpp file&lt;/em&gt;&lt;/strong&gt;&lt;/p&gt;&#xA;&#xA;&lt;pre&gt;&lt;code&gt;ostream&amp;amp; operator &amp;lt;&amp;lt; (ostream &amp;amp;output, const Input &amp;amp;value){&#xA;    output&amp;lt;&amp;lt;&quot;test&quot;;&#xA;    //&amp;lt;&amp;lt;value.test;&#xA;    //output&amp;lt;&amp;lt;value.m_datetime&amp;lt;&amp;lt;endl;&#xA;    return output;&#xA;}&#xA;istream &amp;amp; operator&amp;gt;&amp;gt;( istream &amp;amp;input, Input &amp;amp;value ){&#xA;    //input&amp;gt;&amp;gt;value.m_datetime;&#xA;    return input;&#xA;}&#xA;&lt;/code&gt;&lt;/pre&gt;&#xA;</Body>
<Tags>c++</Tags>
</question>
<answer>
<Body>&lt;p&gt;Here is the description of the problem (http://msdn.microsoft.com/en-us/library/799kze2z%28v=vs.100%29.aspx) &#xA;&quot;unresolved external symbol 'symbol' referenced in function 'function'&quot;&lt;/p&gt;&#xA;&#xA;&lt;p&gt;And it is exactly what it is. You need to link the library that is actually defining your symbols/objects or where is the implementation. Usually the header files contain only the declaration but the linker, after compiling, also needs your implementation as you are referencing those from your main project (your main project is using those objects). So the linker is unable to link your code.&lt;/p&gt;&#xA;&#xA;&lt;p&gt;In VS2010 go to Configuration Properties-&gt;Linker-&gt;General-&gt;Additional Library Directories and specify your library path. Then go to Configuration Properties-&gt;Linker-&gt;Input-&gt;Additional Dependencies and specify the name of the lib (Power.lib ?)&lt;/p&gt;&#xA;&#xA;&lt;p&gt;Hope that helps. Let me know if that fixes your issue.&lt;/p&gt;&#xA;</Body>
</answer>
