<question>
<Title>Exception Handling - throwing an exception without any handlers</Title>
<Body>&lt;pre&gt;&lt;code&gt;void myterminate () &#xA;{&#xA;   cout &amp;lt;&amp;lt; &quot;terminate handler called&quot;;&#xA;}&#xA;&#xA;int main (void) &#xA;{&#xA;   set_terminate (myterminate);&#xA;&#xA;   throw;  // throwing an exception. So, terminate handler should be invoked &#xA;           // as no one is handling this exception.    &#xA;   getch();&#xA;   return 0;&#xA;}&#xA;&lt;/code&gt;&lt;/pre&gt;&#xA;&#xA;&lt;blockquote&gt;&#xA;  &lt;p&gt;But After executing this code, the output is:&lt;/p&gt;&#xA;  &#xA;  &lt;blockquote&gt;&#xA;    &lt;p&gt;terminate handler called  +  &quot;Debug Error!&quot; dialog box appears.&lt;/p&gt;&#xA;  &lt;/blockquote&gt;&#xA;  &#xA;  &lt;p&gt;I am not sure why it is coming like this !!!! Please help.&lt;/p&gt;&#xA;&lt;/blockquote&gt;&#xA;</Body>
<Tags>c++</Tags>
</question>
<answer>
<Body>&lt;p&gt;Based on the MSDN documentation for &lt;a href=&quot;http://msdn.microsoft.com/en-us/library/aa272914%28v=vs.60%29.aspx&quot; rel=&quot;nofollow&quot;&gt;set_terminate&lt;/a&gt; the new handler function must call &lt;code&gt;exit()&lt;/code&gt; or &lt;code&gt;abort()&lt;/code&gt; will be called:&lt;/p&gt;&#xA;&#xA;&lt;blockquote&gt;&#xA;  &lt;p&gt;The set_terminate function installs term_func as the function called by terminate. set_terminate is used with C++ exception handling and may be called at any point in your program before the exception is thrown. terminate calls abort by default. You can change this default by writing your own termination function and calling set_terminate with the name of your function as its argument. terminate calls the last function given as an argument to set_terminate. After performing any desired cleanup tasks, term_func should exit the program. If it does not exit (if it returns to its caller), abort is called.&lt;/p&gt;&#xA;&lt;/blockquote&gt;&#xA;&#xA;&lt;p&gt;For example:&lt;/p&gt;&#xA;&#xA;&lt;pre&gt;&lt;code&gt;void myterminate () &#xA;{&#xA;   cout &amp;lt;&amp;lt; &quot;terminate handler called&quot;;&#xA;   exit(1);&#xA;}&#xA;&lt;/code&gt;&lt;/pre&gt;&#xA;</Body>
</answer>
<answer>
<Body>&lt;p&gt;You have to exit program in your terminate handler. Add the following line to the handler and it will work:&lt;/p&gt;&#xA;&#xA;&lt;pre&gt;&lt;code&gt;exit(-1);&#xA;&lt;/code&gt;&lt;/pre&gt;&#xA;</Body>
</answer>
<answer>
<Body>&lt;p&gt;According to the requirments of the standard, a function used as a &lt;code&gt;terminate_handler&lt;/code&gt; must meet the following requirement (ISO/IEC 14882:2011 18.8.3.1):&lt;/p&gt;&#xA;&#xA;&lt;blockquote&gt;&#xA;  &lt;p&gt;&lt;em&gt;Required behavior&lt;/em&gt;: A &lt;code&gt;terminate_handler&lt;/code&gt; shall terminate execution of the program without returning&#xA;  to the caller.&lt;/p&gt;&#xA;&lt;/blockquote&gt;&#xA;&#xA;&lt;p&gt;As your function doesn't meet this requirement you program has &lt;em&gt;undefined behaviour&lt;/em&gt;. In order to see your custom diagnostic you should output a newline to &lt;code&gt;std::cout&lt;/code&gt; (as this can be required on many platforms) and then terminate the program in some way, such as calling &lt;code&gt;std::abort&lt;/code&gt;.&lt;/p&gt;&#xA;&#xA;&lt;p&gt;&lt;code&gt;std::abort&lt;/code&gt; is used to signal an abnormal termination of the program so you can expect extra diagnostics to be reported to the user such as via the dialog box that you are seeing.&lt;/p&gt;&#xA;&#xA;&lt;p&gt;Note that using &lt;code&gt;std::exit&lt;/code&gt; from a terminate handler is potentially dangerous as &lt;code&gt;std::terminate&lt;/code&gt; might be called in response to an exceptional condition occurring in a function registered with &lt;code&gt;std::atexit&lt;/code&gt; or &lt;code&gt;std:: at_quick_exit&lt;/code&gt;. This would lead to a second attempt to call &lt;code&gt;std::exit&lt;/code&gt;.&lt;/p&gt;&#xA;&#xA;&lt;p&gt;In summary, if you don't want an &quot;abnormal&quot; termination, you almost always need to catch exceptions that you throw.&lt;/p&gt;&#xA;</Body>
</answer>
