<question>
<Title>Can bin() be overloaded like oct() and hex() in Python 2.6?</Title>
<Body>&lt;p&gt;In Python 2.6 (and earlier) the &lt;code&gt;hex()&lt;/code&gt; and &lt;code&gt;oct()&lt;/code&gt; built-in functions can be overloaded in a class by defining &lt;code&gt;__hex__&lt;/code&gt; and &lt;code&gt;__oct__&lt;/code&gt; special functions. However there is not a &lt;code&gt;__bin__&lt;/code&gt; special function for overloading the behaviour of Python 2.6's new &lt;code&gt;bin()&lt;/code&gt; built-in function.&lt;/p&gt;&#xA;&#xA;&lt;p&gt;I want to know if there is any way of flexibly overloading &lt;code&gt;bin()&lt;/code&gt;, and if not I was wondering why the inconsistent interface?&lt;/p&gt;&#xA;&#xA;&lt;p&gt;I do know that the &lt;code&gt;__index__&lt;/code&gt; special function can be used, but this isn't flexible as it can only return an integer. My particular use case is from the &lt;a href=&quot;http://code.google.com/p/python-bitstring/&quot; rel=&quot;noreferrer&quot;&gt;bitstring&lt;/a&gt; module, where leading zero bits are considered significant:&lt;/p&gt;&#xA;&#xA;&lt;pre&gt;&lt;code&gt;&amp;gt;&amp;gt;&amp;gt; a = BitString(length=12)       # Twelve zero bits&#xA;&amp;gt;&amp;gt;&amp;gt; hex(a)&#xA;'0x000'&#xA;&amp;gt;&amp;gt;&amp;gt; oct(a)&#xA;'0o0000'&#xA;&amp;gt;&amp;gt;&amp;gt; bin(a)&#xA;'0b0' &amp;lt;------ I want it to output '0b000000000000'&#xA;&lt;/code&gt;&lt;/pre&gt;&#xA;&#xA;&lt;p&gt;I suspect that there's no way of achieving this, but I thought it wouldn't hurt to ask!&lt;/p&gt;&#xA;</Body>
<Tags>python,binary,overloading,python-2.6</Tags>
</question>
<answer>
<Body>&lt;p&gt;The bin function receives it's value from the object's &lt;code&gt;__index__&lt;/code&gt; function.  So for an object, you can define the value converted to binary, but you can't define the format of the string.&lt;/p&gt;&#xA;</Body>
</answer>
<answer>
<Body>&lt;p&gt;You could achieve the same behaviour as for hex and oct by overriding/replacing the built in bin() function with your own implementation that attempted to call &lt;strong&gt;bin&lt;/strong&gt; on the object being passed and fell back to the standard bin() function if the object didn't provide &lt;strong&gt;bin&lt;/strong&gt;. However, on the basis that explicit is better than implicit, coding your application to depend on a custom version of bin() is probably not a good idea so maybe just give the function a different name e.g.&lt;/p&gt;&#xA;&#xA;&lt;pre&gt;&lt;code&gt;def mybin(n):&#xA;    try:&#xA;        return n.__bin__()&#xA;    except AttributeError:&#xA;        return bin(n)&#xA;&lt;/code&gt;&lt;/pre&gt;&#xA;&#xA;&lt;p&gt;As for why the inconsistency in the interface, I'm not sure. Maybe it's because bin() was added more recently so it's a slight oversight?&lt;/p&gt;&#xA;</Body>
</answer>
<answer>
<Body>&lt;p&gt;As you've already discovered, you can't override &lt;code&gt;bin()&lt;/code&gt;, but it doesn't sound like you need to do that.  You just want a 0-padded binary value.  Unfortunately in python 2.5 and previous, you couldn't use &quot;%b&quot; to indicate binary, so you can't use the &quot;%&quot; string formatting operator to achieve the result you want.&lt;/p&gt;&#xA;&#xA;&lt;p&gt;Luckily python 2.6 does offer what you want, in the form of the new &lt;a href=&quot;http://docs.python.org/library/string.html#string-formatting&quot; rel=&quot;noreferrer&quot;&gt;str.format()&lt;/a&gt; method.  I believe that this particular bit of line-noise is what you're looking for:&lt;/p&gt;&#xA;&#xA;&lt;pre&gt;&lt;code&gt;&amp;gt;&amp;gt;&amp;gt; '{0:010b}'.format(19)&#xA;'0000010011'&#xA;&lt;/code&gt;&lt;/pre&gt;&#xA;&#xA;&lt;p&gt;The syntax for this mini-language is under &quot;&lt;a href=&quot;http://docs.python.org/library/string.html#format-specification-mini-language&quot; rel=&quot;noreferrer&quot;&gt;format specification mini-language&lt;/a&gt;&quot; in the docs.  To save you some time, I'll explain the string that I'm using:&lt;/p&gt;&#xA;&#xA;&lt;ol&gt;&#xA;&lt;li&gt;parameter zero (i.e. &lt;code&gt;19&lt;/code&gt;) should be formatted, using&lt;/li&gt;&#xA;&lt;li&gt;a magic &quot;&lt;code&gt;0&lt;/code&gt;&quot; to indicate that I want 0-padded, right-aligned number, with&lt;/li&gt;&#xA;&lt;li&gt;10 digits of precision, in&lt;/li&gt;&#xA;&lt;li&gt;binary format.&lt;/li&gt;&#xA;&lt;/ol&gt;&#xA;&#xA;&lt;p&gt;You can use this syntax to achieve a variety of creative versions of alignment and padding.&lt;/p&gt;&#xA;</Body>
</answer>
<answer>
<Body>&lt;p&gt;I think the short answer is 'No, &lt;code&gt;bin()&lt;/code&gt; can't be overloaded like &lt;code&gt;oct()&lt;/code&gt; and &lt;code&gt;hex()&lt;/code&gt;.'&lt;/p&gt;&#xA;&#xA;&lt;p&gt;As to why, the answer must lie with Python 3.0, which uses &lt;code&gt;__index__&lt;/code&gt; to overload &lt;code&gt;hex()&lt;/code&gt;, &lt;code&gt;oct()&lt;/code&gt; and &lt;code&gt;bin()&lt;/code&gt;, and has removed the &lt;code&gt;__oct__&lt;/code&gt; and &lt;code&gt;__hex__&lt;/code&gt; special functions altogether.&lt;/p&gt;&#xA;&#xA;&lt;p&gt;So the Python 2.6 &lt;code&gt;bin()&lt;/code&gt; looks very much like it's really a Python 3.0 feature that has been back-ported without much consideration that it's doing things the new Python 3 way rather than the old Python 2 way. I'd also guess that it's unlikely to get fixed, even if it is considered to be a bug.&lt;/p&gt;&#xA;</Body>
</answer>
