<question>
<Title>How to use pause method in pyglet package</Title>
<Body>&lt;p&gt;I am writing code for music player using pyglet package in python. I could play a song successfully. But i cannot pause the song after calling &lt;code&gt;pyglet.app.run()&lt;/code&gt;.&lt;/p&gt;&#xA;&#xA;&lt;p&gt;If i call &lt;code&gt;pyglet.app.run()&lt;/code&gt; after calling pause i can not play the song. How can i manage play and pause in my code ?&lt;/p&gt;&#xA;&#xA;&lt;p&gt;&lt;em&gt;My code&lt;/em&gt;:&lt;/p&gt;&#xA;&#xA;&lt;pre&gt;&lt;code&gt;import pyglet&#xA;&#xA;import time&#xA;&#xA;player = pyglet.media.Player()&#xA;&#xA;player.queue(pyglet.resource.media('1.mp3'))&#xA;&#xA;player.play()&#xA;&#xA;pyglet.app.run()&#xA;&#xA;time.sleep(5)&#xA;&#xA;player.pause()&#xA;&#xA;print player.time()&#xA;&lt;/code&gt;&lt;/pre&gt;&#xA;</Body>
<Tags>python,pyglet</Tags>
</question>
<answer>
<Body>&lt;pre&gt;&lt;code&gt;pyglet.app.run()&#xA;&lt;/code&gt;&lt;/pre&gt;&#xA;&#xA;&lt;p&gt;This function is an infinite loop. You could create new thread, which you may sleep.&lt;/p&gt;&#xA;&#xA;&lt;pre&gt;&lt;code&gt;class ControllerThread(threading.Thread):&#xA;def __init__(self, player):&#xA;    threading.Thread.__init__(self)&#xA;    self.player = player&#xA;&#xA;def run(self):&#xA;    time.sleep(10)&#xA;    self.player.pause()&#xA;&#xA;player = pyglet.media.Player()&#xA;pyglet.resource.path = [r'path/to/music']&#xA;pyglet.resource.reindex()&#xA;&#xA;music = pyglet.resource.media(r'awesomeSong.mp3')&#xA;player.queue(music)&#xA;player.play()&#xA;&#xA;c = ControllerThread(player)&#xA;c.start()&#xA;&#xA;pyglet.app.run()&#xA;&lt;/code&gt;&lt;/pre&gt;&#xA;</Body>
</answer>
<answer>
<Body>&lt;p&gt;This code should work for you    &lt;/p&gt;&#xA;&#xA;&lt;pre&gt;&lt;code&gt;import pyglet&#xA;import threading&#xA;import time&#xA;class ControllerThread(threading.Thread):&#xA;    def __init__(self, player):&#xA;    threading.Thread.__init__(self)&#xA;        self.player = player&#xA;    def run(self):&#xA;        self.player.pause()&#xA;player = pyglet.media.Player()&#xA;pyglet.resource.path = [r'/your/source/path/']&#xA;pyglet.resource.reindex()&#xA;def muz():&#xA;    music = pyglet.resource.media(r'file.mp3')&#xA;    player.queue(music)&#xA;    player.play()&#xA;t=threading.Thread(target=muz)  &#xA;a=''&#xA;while a!=' ':&#xA;   a=raw_input(&quot;STOP/Play S/P: &quot;)&#xA;   if a=='s':&#xA;       c = ControllerThread(player)&#xA;       c.start()&#xA;   elif a=='p':&#xA;       if t.isAlive():&#xA;           player.play()&#xA;       else:&#xA;           t=threading.Thread(target=muz)   &#xA;           t.start()&#xA;pyglet.app.run()&#xA;&lt;/code&gt;&lt;/pre&gt;&#xA;</Body>
</answer>
<answer>
<Body>&lt;pre&gt;&lt;code&gt;#This should play the video then pause after 12 seconds of&#xA;# play. Stay paused for 4 seconds and play again.&#xA;#Note AVbin7 needs to be installed to play mp4s&#xA;&#xA;import pyglet&#xA;from time import sleep&#xA;vidPath=&quot;/home/path/to/file.mp4&quot;&#xA;window = pyglet.window.Window()&#xA;player = pyglet.media.Player()&#xA;source = pyglet.media.StreamingSource()&#xA;MediaLoad = pyglet.media.load(vidPath)&#xA;pt = 0&#xA;player.queue(MediaLoad)&#xA;player.play()&#xA;&#xA;@window.event&#xA;def on_draw():&#xA;    global pt&#xA;    window.clear()&#xA;    if player.source and player.source.video_format:&#xA;        player.get_texture().blit(0,0)&#xA;        if player.time &amp;gt;= 12 and pt == 0:&#xA;            print(&quot;pausing&quot;)&#xA;            player.pause()&#xA;            sleep(4)&#xA;            player.play()&#xA;            pt = 1&#xA;&#xA;pyglet.app.run()&#xA;&lt;/code&gt;&lt;/pre&gt;&#xA;</Body>
</answer>
