<question>
<Title>Lookup and combine data in Python</Title>
<Body>&lt;p&gt;I have 3 text files&lt;/p&gt;&#xA;&#xA;&lt;ol&gt;&#xA;&lt;li&gt;many lines of &lt;code&gt;value1&amp;lt;tab&amp;gt;value2&lt;/code&gt; (maybe 600)&lt;/li&gt;&#xA;&lt;li&gt;many more lines of &lt;code&gt;value2&amp;lt;tab&amp;gt;value3&lt;/code&gt; (maybe 1000)&lt;/li&gt;&#xA;&lt;li&gt;many more lines of &lt;code&gt;value2&amp;lt;tab&amp;gt;value4&lt;/code&gt; (maybe 2000)&lt;/li&gt;&#xA;&lt;/ol&gt;&#xA;&#xA;&lt;p&gt;Not all lines match, some will have one or more vals missing. I want to take file 1, read down it and lookup corresponding values in files 2 &amp;amp; 3, and write the output as - for example&lt;/p&gt;&#xA;&#xA;&lt;pre&gt;&lt;code&gt;value1&amp;lt;tab&amp;gt;value2&amp;lt;tab&amp;gt;value3&amp;lt;tab&amp;gt;value4&#xA;value1&amp;lt;tab&amp;gt;value2&amp;lt;tab&amp;gt;blank &amp;lt;tab&amp;gt;value4&#xA;&lt;/code&gt;&lt;/pre&gt;&#xA;&#xA;&lt;p&gt;i.e. indicate that the value is missing by printing a bit of text&lt;/p&gt;&#xA;&#xA;&lt;p&gt;in awk I can BEGIN by reading the files into arrays up front then END and step through them. But I want to use Python (3) for portability. I do it on a pc using MS Access and linking tables but there is a time penalty for each time I use this method.&lt;/p&gt;&#xA;&#xA;&lt;p&gt;All efforts to understand this in dictionaries or lists have confused me. I now seem to have every Python book!&lt;/p&gt;&#xA;&#xA;&lt;p&gt;Many thanks to anyone who can offer advice. (if interested, it's arp, mac and vendor codes)&lt;/p&gt;&#xA;</Body>
<Tags>python,string,file</Tags>
</question>
<answer>
<Body>&lt;p&gt;Start with this.&lt;/p&gt;&#xA;&#xA;&lt;pre&gt;&lt;code&gt;def loadDictionaryFromAFile( aFile ):&#xA;    dictionary = {}&#xA;    for line in aFile:&#xA;        fields = line.split('\t')&#xA;        dictionary[fields[0]]= fields&#xA;&#xA;dict2 = loadDictionaryFromAFile( open(&quot;file2&quot;,&quot;r&quot; )&#xA;dict3 = loadDictionaryFromAFile( open(&quot;file3&quot;,&quot;r&quot; )&#xA;&#xA;for line in open(&quot;file1&quot;,&quot;r&quot;):&#xA;    fields = line.split(&quot;/t&quot;)&#xA;    d2= dict2.get( fields[0], None )&#xA;    d3= dict3.get( fields[0], None )&#xA;    print fields, d2, d3&#xA;&lt;/code&gt;&lt;/pre&gt;&#xA;&#xA;&lt;p&gt;You may want to customize it to change the formatting of the output.&lt;/p&gt;&#xA;</Body>
</answer>
<answer>
<Body>&lt;p&gt;Untested:&lt;/p&gt;&#xA;&#xA;&lt;pre&gt;&lt;code&gt;f1 = open(&quot;file1.txt&quot;)&#xA;f2 = open(&quot;file2.txt&quot;)&#xA;f3 = open(&quot;file3.txt&quot;)&#xA;&#xA;v1 = [line.split() for line in f1]&#xA;# dict comprehensions following, these need Python 3&#xA;v2 = {vals[0]:vals[1] for vals in line.split() for line in f2}&#xA;v3 = {vals[0]:vals[1] for vals in line.split() for line in f3}&#xA;&#xA;for v in v1:&#xA;  print( v[0] + &quot;\t&quot; + v[1] + &quot;\t&quot; + v2.get(v[1],&quot;blank &quot;) + &quot;\t&quot; + v3.get(v[1],&quot;blank &quot;) )&#xA;&lt;/code&gt;&lt;/pre&gt;&#xA;</Body>
</answer>
