<question>
<Title>How to get list of objects with unique attribute</Title>
<Body>&lt;h2&gt;Background&lt;/h2&gt;&#xA;&#xA;&lt;p&gt;I have a &lt;code&gt;list&lt;/code&gt;. &#xA;This &lt;code&gt;list&lt;/code&gt; has many objects. Each object has an &lt;code&gt;id&lt;/code&gt;. Now the objects are of different types.&lt;/p&gt;&#xA;&#xA;&lt;pre&gt;&lt;code&gt;objects = [Aobject, Bobject, Cobject]&#xA;&lt;/code&gt;&lt;/pre&gt;&#xA;&#xA;&lt;p&gt;where &lt;/p&gt;&#xA;&#xA;&lt;pre&gt;&lt;code&gt;&amp;gt;&amp;gt;&amp;gt; Aobject != Bobject&#xA;True&#xA;&amp;gt;&amp;gt;&amp;gt; Aobject.id ==  Bobject.id&#xA;True&#xA;&lt;/code&gt;&lt;/pre&gt;&#xA;&#xA;&lt;h2&gt;Problem&lt;/h2&gt;&#xA;&#xA;&lt;p&gt;I want a &lt;code&gt;list&lt;/code&gt; of unique objects based on the &lt;code&gt;object.id&lt;/code&gt;. &lt;/p&gt;&#xA;&#xA;&lt;p&gt;Something like this:&lt;/p&gt;&#xA;&#xA;&lt;pre&gt;&lt;code&gt;set(objects, key=operator.attrgetter('id'))&#xA;&lt;/code&gt;&lt;/pre&gt;&#xA;&#xA;&lt;p&gt;(This does not work. But I want something like this)&lt;/p&gt;&#xA;</Body>
<Tags>python,list,set</Tags>
</question>
<answer>
<Body>&lt;pre&gt;&lt;code&gt;seen = set() &#xA;&#xA;# never use list as a variable name&#xA;[seen.add(obj.id) or obj for obj in mylist if obj.id not in seen]&#xA;&lt;/code&gt;&lt;/pre&gt;&#xA;&#xA;&lt;p&gt;This works because &lt;code&gt;set.add&lt;/code&gt; returns &lt;code&gt;None&lt;/code&gt;, so the expression in the list comprehension always yields &lt;code&gt;obj&lt;/code&gt;, but only if &lt;code&gt;obj.id&lt;/code&gt; has not already been added to &lt;code&gt;seen&lt;/code&gt;. &lt;/p&gt;&#xA;&#xA;&lt;p&gt;(The expression could only evaluate to &lt;code&gt;None&lt;/code&gt; if &lt;code&gt;obj is None&lt;/code&gt;; in that case, &lt;code&gt;obj.id&lt;/code&gt; would raise an exception. In case &lt;code&gt;mylist&lt;/code&gt; contains &lt;code&gt;None&lt;/code&gt; values, change the test to &lt;code&gt;if obj and (obj.id not in seen)&lt;/code&gt;)&lt;/p&gt;&#xA;&#xA;&lt;p&gt;Note that this will give you the first object in the list which has a given id. @Abhijit's answer will give you the last such object.&lt;/p&gt;&#xA;&#xA;&lt;p&gt;Update:&lt;/p&gt;&#xA;&#xA;&lt;p&gt;Alternatively, an ordereddict could be a good choice:&lt;/p&gt;&#xA;&#xA;&lt;pre&gt;&lt;code&gt;import collections&#xA;seen = collections.OrderedDict()&#xA;&#xA;for obj in mylist:&#xA;    # eliminate this check if you want the last item&#xA;    if obj.id not in seen:&#xA;       seen[obj.id] = obj&#xA;&#xA;list(seen.values())&#xA;&lt;/code&gt;&lt;/pre&gt;&#xA;</Body>
</answer>
<answer>
<Body>&lt;p&gt;A fairly simple way to do this would be&lt;/p&gt;&#xA;&#xA;&lt;pre&gt;&lt;code&gt;for obj in mylist:&#xA;    if obj.id not in s:&#xA;        s.add(obj.id)&#xA;&lt;/code&gt;&lt;/pre&gt;&#xA;&#xA;&lt;p&gt;And this should add any id not seen. Time taken is linear on the size of the source list.&lt;/p&gt;&#xA;</Body>
</answer>
<answer>
<Body>&lt;p&gt;If you can change the class of the objects, you can add the appropriate methods which are used in set comparison:&lt;/p&gt;&#xA;&#xA;&lt;pre&gt;&lt;code&gt;# Assumption: this is the 'original' object&#xA;class OriginalExampleObject(object):&#xA;    def __init__(self, name, nid):&#xA;        self.name = name&#xA;        self.id = nid&#xA;    def __repr__(self):&#xA;        return &quot;(OriginalExampleObject [%s] [%s])&quot; % (self.name, self.id)&#xA;&#xA;class SetExampleObj(OriginalExampleObject):&#xA;    def __init__(self, name, nid):&#xA;        super(SetExampleObj, self).__init__(name, nid)&#xA;    def __eq__(self, other):&#xA;        return self.id == other.id&#xA;    def __hash__(self):&#xA;        return self.id.__hash__()&#xA;&#xA;&#xA;AObject = SetExampleObj(&quot;A&quot;, 1)&#xA;BObject = SetExampleObj(&quot;B&quot;, 1)&#xA;CObject = SetExampleObj(&quot;C&quot;, 2)&#xA;&#xA;s = set()&#xA;s.add(AObject)&#xA;s.add(CObject)&#xA;print(s)&#xA;&#xA;s.add(BObject)&#xA;print(s)&#xA;&lt;/code&gt;&lt;/pre&gt;&#xA;&#xA;&lt;p&gt;Output:&lt;/p&gt;&#xA;&#xA;&lt;pre&gt;&lt;code&gt;set([(OriginalExampleObject [A] [1]), (OriginalExampleObject [C] [2])])&#xA;set([(OriginalExampleObject [A] [1]), (OriginalExampleObject [C] [2])])&#xA;&lt;/code&gt;&lt;/pre&gt;&#xA;</Body>
</answer>
<answer>
<Body>&lt;p&gt;Given your list of object &lt;code&gt;somelist&lt;/code&gt; be something like&lt;/p&gt;&#xA;&#xA;&lt;pre&gt;&lt;code&gt;[(Object [A] [1]), (Object [B] [1]), (Object [C] [2]), (Object [D] [2]), (Object [E] [3])]&#xA;&lt;/code&gt;&lt;/pre&gt;&#xA;&#xA;&lt;p&gt;You can do something like this&lt;/p&gt;&#xA;&#xA;&lt;pre&gt;&lt;code&gt;&amp;gt;&amp;gt;&amp;gt; {e.id:e for e in somelist}.values()&#xA;[(Object [B] [1]), (Object [D] [2]), (Object [E] [3])]&#xA;&lt;/code&gt;&lt;/pre&gt;&#xA;</Body>
</answer>
<answer>
<Body>&lt;p&gt;How about using &lt;code&gt;dict&lt;/code&gt; (since its keys are unique)?&lt;/p&gt;&#xA;&#xA;&lt;p&gt;Assuming we have&lt;/p&gt;&#xA;&#xA;&lt;pre&gt;&lt;code&gt;class Object:&#xA;    def __init__(self, id):&#xA;        self.id = id&#xA;&#xA;&#xA;Aobject = Object(1)&#xA;Bobject = Object(1)&#xA;Cobject = Object(2)&#xA;objects = [Aobject, Bobject, Cobject]&#xA;&lt;/code&gt;&lt;/pre&gt;&#xA;&#xA;&lt;p&gt;then &lt;code&gt;list&lt;/code&gt; with &lt;code&gt;Object&lt;/code&gt;s unique by &lt;code&gt;id&lt;/code&gt; field can be generated using &lt;code&gt;dict&lt;/code&gt; comprehension in &lt;strong&gt;Python 3&lt;/strong&gt;&lt;/p&gt;&#xA;&#xA;&lt;pre&gt;&lt;code&gt;unique_objects = list({object_.id: object_ for object_ in objects}.values())&#xA;&lt;/code&gt;&lt;/pre&gt;&#xA;&#xA;&lt;p&gt;in &lt;strong&gt;Python 2.7&lt;/strong&gt;&lt;/p&gt;&#xA;&#xA;&lt;pre&gt;&lt;code&gt;unique_objects = {object_.id: object_ for object_ in objects}.values()&#xA;&lt;/code&gt;&lt;/pre&gt;&#xA;&#xA;&lt;p&gt;and in &lt;strong&gt;Python &amp;lt;2.7&lt;/strong&gt;&lt;/p&gt;&#xA;&#xA;&lt;pre&gt;&lt;code&gt;unique_objects = dict([(object_.id, object_) for object_ in objects]).values()&#xA;&lt;/code&gt;&lt;/pre&gt;&#xA;&#xA;&lt;p&gt;Finally we can write function (&lt;strong&gt;Python 3&lt;/strong&gt; version)&lt;/p&gt;&#xA;&#xA;&lt;pre&gt;&lt;code&gt;def unique(elements, key):&#xA;    return list({key(element): element for element in elements}.values())&#xA;&lt;/code&gt;&lt;/pre&gt;&#xA;&#xA;&lt;p&gt;where &lt;code&gt;elements&lt;/code&gt; may be any &lt;code&gt;iterable&lt;/code&gt; and &lt;code&gt;key&lt;/code&gt; is some &lt;code&gt;callable&lt;/code&gt; which returns &lt;code&gt;hashable&lt;/code&gt; objects from &lt;code&gt;elements&lt;/code&gt; (&lt;code&gt;key&lt;/code&gt; quals to &lt;a href=&quot;https://docs.python.org/3/library/operator.html#operator.attrgetter&quot; rel=&quot;nofollow noreferrer&quot;&gt;&lt;code&gt;operator.attrgetter('id')&lt;/code&gt;&lt;/a&gt; in our particular case).&lt;/p&gt;&#xA;&#xA;&lt;p&gt;&lt;a href=&quot;https://stackoverflow.com/a/10024750/5997596&quot;&gt;Marcin's answer&lt;/a&gt; works fine but don't look Pythonic to me since list comprehension mutates &lt;code&gt;seen&lt;/code&gt; object from outer scope, also there is some magic behind using &lt;code&gt;set.add&lt;/code&gt; method and comparison its result (which is &lt;code&gt;None&lt;/code&gt;) with &lt;code&gt;obj&lt;/code&gt;.&lt;/p&gt;&#xA;&#xA;&lt;p&gt;And final but not less important part:&lt;/p&gt;&#xA;&#xA;&lt;h1&gt;Benchmark&lt;/h1&gt;&#xA;&#xA;&lt;pre&gt;&lt;code&gt;setup = '''&#xA;import random&#xA;&#xA;&#xA;class Object:&#xA;    def __init__(self, id):&#xA;        self.id = id&#xA;&#xA;&#xA;objects = [Object(random.randint(-100, 100))&#xA;           for i in range(1000)]&#xA;'''&#xA;solution = '''&#xA;seen = set()&#xA;result = [seen.add(object_.id) or object_&#xA;          for object_ in objects&#xA;          if object_.id not in seen]&#xA;'''&#xA;print('list comprehension + set: ',&#xA;      min(timeit.Timer(solution, setup).repeat(7, 1000)))&#xA;solution = '''&#xA;result = list({object_.id: object_&#xA;               for object_ in objects}.values())&#xA;'''&#xA;print('dict comprehension: ',&#xA;      min(timeit.Timer(solution, setup).repeat(7, 1000)))&#xA;&lt;/code&gt;&lt;/pre&gt;&#xA;&#xA;&lt;p&gt;on my machine gives&lt;/p&gt;&#xA;&#xA;&lt;pre&gt;&lt;code&gt;list comprehension + set:  0.20700953400228173&#xA;dict comprehension:  0.1477799109998159&#xA;&lt;/code&gt;&lt;/pre&gt;&#xA;</Body>
</answer>
<answer>
<Body>&lt;p&gt;You can use the &lt;code&gt;unique_everseen&lt;/code&gt; recipe available in the &lt;code&gt;itertools&lt;/code&gt; &lt;a href=&quot;https://docs.python.org/3/library/itertools.html#itertools-recipes&quot; rel=&quot;nofollow noreferrer&quot;&gt;docs&lt;/a&gt;. This is also available in 3rd party libraries, e.g. &lt;a href=&quot;https://toolz.readthedocs.io/en/latest/api.html#toolz.itertoolz.unique&quot; rel=&quot;nofollow noreferrer&quot;&gt;&lt;code&gt;toolz.unique&lt;/code&gt;&lt;/a&gt;. Note this method will keep the &lt;em&gt;first&lt;/em&gt; instance of an object for a given attribute.&lt;/p&gt;&#xA;&#xA;&lt;pre&gt;&lt;code&gt;from toolz import unique&#xA;from operator import attrgetter&#xA;&#xA;res = list(unique(objects, key=attrgetter('id')))&#xA;&lt;/code&gt;&lt;/pre&gt;&#xA;&#xA;&lt;p&gt;If a lazy iterator is sufficient, you can omit &lt;code&gt;list&lt;/code&gt; conversion.&lt;/p&gt;&#xA;</Body>
</answer>
