<question>
<Title>What does this c++ statement check? (Box2d)</Title>
<Body>&lt;pre&gt;&lt;code&gt;if ((catA &amp;amp; maskB) != 0 &amp;amp;&amp;amp; (catB &amp;amp; maskA) != 0)&#xA;&lt;/code&gt;&lt;/pre&gt;&#xA;&#xA;&lt;p&gt;It is in &lt;a href=&quot;http://box2d.org/manual.html#_Toc258082972&quot; rel=&quot;nofollow&quot;&gt;Box2d's manual: 6.2&lt;/a&gt;, and is used to check if two objects should collide (after filtering)&lt;/p&gt;&#xA;</Body>
<Tags>c++,box2d</Tags>
</question>
<answer>
<Body>&lt;p&gt;the symbol &lt;code&gt;&amp;amp;&lt;/code&gt; is the bitwise AND operator. Therefore, the statement&lt;/p&gt;&#xA;&#xA;&lt;pre&gt;&lt;code&gt;(catA &amp;amp; maskB) != 0&#xA;&lt;/code&gt;&lt;/pre&gt;&#xA;&#xA;&lt;p&gt;checks to see if any bits overlap in both of those items. It looks at if it checks A against B first, then B against A.&lt;/p&gt;&#xA;</Body>
</answer>
<answer>
<Body>&lt;p&gt;It checks that catA has at least one common '1' bit with maskB, and catB has at least one common '1' bit with maskA.&lt;/p&gt;&#xA;&#xA;&lt;p&gt;For example, if catA is 3 (binary 00000011) and maskB is 10101010), then (catA &amp;amp; maskB) != 0 is true because catA &amp;amp; maskB is 00000010.&lt;/p&gt;&#xA;&#xA;&lt;p&gt;This is called masking, which means only keeping bits of interest.&lt;/p&gt;&#xA;&#xA;&lt;p&gt;You frequently have this kind of construct :&lt;/p&gt;&#xA;&#xA;&lt;pre&gt;&lt;code&gt;#define READ 1&#xA;#define WRITE 2&#xA;#define READWRITE (READ|WRITE)&#xA;#define DIRECTORY 4&#xA;&#xA;int i=getFileInfo(&quot;myfile&quot;);&#xA;if(i &amp;amp; READWRITE)puts(&quot;you can read or write in myfile&quot;); &#xA;if(i &amp;amp; DIRECTORY)puts(&quot;myfile is a directory&quot;);&#xA;&lt;/code&gt;&lt;/pre&gt;&#xA;&#xA;&lt;p&gt;BTW, &quot;i &amp;amp; DIRECTORY&quot; means the same as &quot;(i &amp;amp; DIRECTORY) != 0&quot;&lt;/p&gt;&#xA;</Body>
</answer>
<answer>
<Body>&lt;p&gt;catA is a bit field of collision categories for object A&#xA;maskA is a bit field of categories that object A can collide with.&lt;/p&gt;&#xA;&#xA;&lt;p&gt;For example:&lt;/p&gt;&#xA;&#xA;&lt;pre&gt;&lt;code&gt;catA  = 100010000010010 // Object A is in 4 collision categories&#xA;maskA = 001010000000000 // Object A can collide with too different categories&#xA;&#xA;catB  = 000010001000001 // Object B is in 3 collision categories&#xA;maskB = 100000000000000 // Object B can only collide with the category represented by the highest bit&#xA;&lt;/code&gt;&lt;/pre&gt;&#xA;&#xA;&lt;p&gt;catA &amp;amp; maskB means the bits that are 1 in both catA and maskB, so &lt;code&gt;1000000000000000&lt;/code&gt;. It's not 0, because Object B can collide with objects in the highest bit, and object A has that bit set.&lt;/p&gt;&#xA;&#xA;&lt;p&gt;catB &amp;amp; maskA means the bits that are 1 in both catB and maskA, so &lt;code&gt;0000100000000000&lt;/code&gt;. It's also not zero since Object A can collide with objects in the 5th highest bit category, and Object B is in that category.&lt;/p&gt;&#xA;&#xA;&lt;p&gt;So the two objects can collide.&lt;/p&gt;&#xA;</Body>
</answer>
<answer>
<Body>&lt;p&gt;I know many C/C++ programmers love terseness but I find this type of code can be made much more readable by moving this test into a function (you can inline it if you want). They could also have gotten rid of the comment by moving the code to a well named method.&lt;/p&gt;&#xA;&#xA;&lt;pre&gt;&lt;code&gt;if (FixturesCanCollide() )&#xA;{&#xA;}&#xA;&lt;/code&gt;&lt;/pre&gt;&#xA;&#xA;&lt;p&gt;You can actually throw away the comparison to !=0 (although you might prefer it for clarity, either way it probably compiles down to the same code.&lt;/p&gt;&#xA;&#xA;&lt;pre&gt;&lt;code&gt;inline bool FixturesCanCollide()&#xA;{   &#xA;   return  (catA &amp;amp; maskB) &amp;amp;&amp;amp; (catB &amp;amp; maskA);&#xA;}&#xA;&lt;/code&gt;&lt;/pre&gt;&#xA;</Body>
</answer>
