<question>
<Title>Better way to extend data members of C++ class / struct</Title>
<Body>&lt;p&gt;I have this problem again and again... and still have not a satisfactory answer...&lt;/p&gt;&#xA;&#xA;&lt;p&gt;Especially when I put the class into a container, later on I need to record more information on every element in the container during a specific processing, but after processing I do not need the extra information anymore....&lt;/p&gt;&#xA;&#xA;&lt;p&gt;I often found some libraries try to solve the above situation by defining a void* in their data structure to provide user-defined data structure extension. Just the same described in this &lt;a href=&quot;https://stackoverflow.com/questions/2749974/whats-void-userdata-exactly&quot;&gt;Q&amp;amp;A&lt;/a&gt;.&#xA;But it produces memory / resource handling problem... and other problems that I feel this approach is error-prone.&lt;/p&gt;&#xA;&#xA;&lt;p&gt;In the modern day of object-oriented programming, I am thinking of&#xA;using inheritance &amp;amp; polymorphism. Use base class's pointer in the container, but then I have to add derived class's accessor into the base class.  It is kind of strange...&lt;/p&gt;&#xA;&#xA;&lt;p&gt;is there any other better ways to extend a class's property while maintain container comparability in C++?&lt;/p&gt;&#xA;</Body>
<Tags>c++,oop,class,containers</Tags>
</question>
<answer>
<Body>&lt;p&gt;I would look into the &lt;a href=&quot;http://www.oodesign.com/decorator-pattern.html&quot; rel=&quot;nofollow&quot;&gt;Decorator Pattern&lt;/a&gt;. You can decorate your objects while processing them then throw the decorated objects away. If there is a lot of shared data you can also look into the &lt;a href=&quot;http://www.oodesign.com/flyweight-pattern.html&quot; rel=&quot;nofollow&quot;&gt;FlyWeight pattern&lt;/a&gt;.&lt;/p&gt;&#xA;</Body>
</answer>
<answer>
<Body>&lt;p&gt;The best way to store extra data about a object without actually compromising the integrity of the object itself is to store a pair of data in the container instead.&lt;/p&gt;&#xA;&#xA;&lt;pre&gt;&lt;code&gt;struct User { ... };&#xA;struct ExtraData { ... };&#xA;typedef std::pair&amp;lt;User, ExtraData&amp;gt; UserAndExtraData;&#xA;&lt;/code&gt;&lt;/pre&gt;&#xA;&#xA;&lt;p&gt;Now I can create a container type in C++ which stores both pieces of information together without compromising the independence of either type.&lt;/p&gt;&#xA;&#xA;&lt;pre&gt;&lt;code&gt;std::vector&amp;lt;UserAndExtraData&amp;gt; vector;&#xA;&lt;/code&gt;&lt;/pre&gt;&#xA;</Body>
</answer>
<answer>
<Body>&lt;p&gt;One simple option is to add a type parameter representing the &quot;extra data&quot;...&lt;/p&gt;&#xA;&#xA;&lt;pre&gt;&lt;code&gt;template&amp;lt;class ExtraDataType&amp;gt;&#xA;struct MyExtensibleContainer&#xA;{&#xA;    ...&#xA;    ExtraDataType extra;&#xA;};&#xA;&lt;/code&gt;&lt;/pre&gt;&#xA;&#xA;&lt;p&gt;Perhaps if you indicate why this solution isn't sufficient, the true requirements will come through.&lt;/p&gt;&#xA;&#xA;&lt;p&gt;Example for int and void*:&lt;/p&gt;&#xA;&#xA;&lt;pre&gt;&lt;code&gt;struct IntOrVoid&#xA;{&#xA;};&#xA;&#xA;struct IntOrVoid1 : IntOrVoid&#xA;{&#xA;    int x;&#xA;};&#xA;&#xA;struct IntOrVoid2 : IntOrVoid&#xA;{&#xA;    void* x;&#xA;};&#xA;&#xA;typedef shared_ptr&amp;lt;IntOrVoid&amp;gt; PIntOrVoid;&#xA;&#xA;then use MyExtensibleContainer&amp;lt;PIntOrVoid&amp;gt;&#xA;&lt;/code&gt;&lt;/pre&gt;&#xA;&#xA;&lt;p&gt;or altenatively:&lt;/p&gt;&#xA;&#xA;&lt;pre&gt;&lt;code&gt;union IntOrVoid&#xA;{&#xA;    int x_int;&#xA;    void* x_voidp;&#xA;};&#xA;&#xA;then use MyExtensibleContainer&amp;lt;IntOrVoid&amp;gt;&#xA;&lt;/code&gt;&lt;/pre&gt;&#xA;&#xA;&lt;p&gt;The problem you are describing has nothing to do with adding an &quot;extra&quot; data type.  The problem you are describing has to do with holding a variant type that can have one of many hetrogeneous types.  There are many ways to do this, it is a much more general problem.&lt;/p&gt;&#xA;</Body>
</answer>
<answer>
<Body>&lt;p&gt;If your objects are in a vector, then a simple approach is to make a parallel vector:&lt;/p&gt;&#xA;&#xA;&lt;pre&gt;&lt;code&gt;void doSomething(const vector&amp;lt;MyObject&amp;gt;&amp;amp; my_objects)&#xA;{&#xA;  vector&amp;lt;ExtraData&amp;gt; extra_data;&#xA;  int n_objects = extra_data.size();&#xA;  extra_data.reserve(n_objects);&#xA;  for (int i=0; i!=n_objects; ++i) {&#xA;    extra_data.push_back(calcExtraData(my_objects[i]));&#xA;  }&#xA;  // now use my_objects[i] and extra_data[i] together.&#xA;  // extra data goes away when the function returns.&#xA;}&#xA;&lt;/code&gt;&lt;/pre&gt;&#xA;&#xA;&lt;p&gt;You don't have to modify your original objects, and it is very efficient.&lt;/p&gt;&#xA;&#xA;&lt;p&gt;If you have some other container type, you can use a map:&lt;/p&gt;&#xA;&#xA;&lt;pre&gt;&lt;code&gt;void doSomething(const set&amp;lt;MyObject&amp;gt;&amp;amp; my_objects)&#xA;{&#xA;  map&amp;lt;MyObject*,ExtraData&amp;gt; extra_data;&#xA;  set&amp;lt;MyObject&amp;gt;::const_iterator i=my_objects.begin(), end=my_objects.end();&#xA;  for (;i!=end;++i) {&#xA;    extra_data[&amp;amp;*i] = calcExtraData(*i);&#xA;  }&#xA;  // now use extra_data[&amp;amp;obj] to access the extra data for obj.&#xA;  // extra data goes away when the function returns.&#xA;}&#xA;&lt;/code&gt;&lt;/pre&gt;&#xA;&#xA;&lt;p&gt;this isn't as efficient as with vectors, but you still don't have to modify your original classes.&lt;/p&gt;&#xA;&#xA;&lt;p&gt;However, it becomes more difficult to maintain the parallel structures if the underlying container can change during the processing.&lt;/p&gt;&#xA;</Body>
</answer>
<answer>
<Body>&lt;blockquote&gt;&#xA;  &lt;p&gt;In the modern day of object-oriented programming, I am thinking of&#xA;  using inheritance &amp;amp; polymorphism. Use base class's pointer in the&#xA;  container, but then I have to add derived class's accessor into the&#xA;  base class. It is kind of stange...&lt;/p&gt;&#xA;&lt;/blockquote&gt;&#xA;&#xA;&lt;p&gt;you don't need to put a pointer to your derived class in your base class when using inheritance. You just need to cast to the derived class. the problem is getting your data into the derived objects when it's stored in the base objects - you can only cast them if they were created as the derived type, even if your collection holds them as the base type. (if they are created as the derived type, then just cast!)&lt;/p&gt;&#xA;&#xA;&lt;p&gt;So if you have a collection of BaseC, you can create a new class DerivedC that has a copy constructor that takes a BaseC. You can copy your BaseC object into it, perform your processing on the DerivedC objects and then copy these back into a BaseC object for storage. This uses the Flyweight pattern. Note that if you have a collection of BaseC objects, you cannot just pretend they are DerivedC classes as they will not have the storage to hold all the data members, you need to create new DerivedC objects.&lt;/p&gt;&#xA;&#xA;&lt;p&gt;Alternatively, create a new class just for processing that contains a (smart pointer) reference to your base class objects, copy the reference in, perform the processing, delete the processing objects when you're done.&lt;/p&gt;&#xA;</Body>
</answer>
<answer>
<Body>&lt;p&gt;&quot;User&quot; could be extended by template parameters. for example,&lt;/p&gt;&#xA;&#xA;&lt;pre&gt;&lt;code&gt;template &amp;lt;typename... Extra&amp;gt;&#xA;struct User : Extra...&#xA;{&#xA;    ...&#xA;};&#xA;&#xA;struct ExtraData {...};&#xA;struct ExtraExtraData {...};&#xA;&#xA;using ExtraUser = User&amp;lt;ExtraData&amp;gt;;&#xA;using MoreExtraUser = User&amp;lt;ExtraData, ExtraExtraData&amp;gt;;&#xA;&lt;/code&gt;&lt;/pre&gt;&#xA;</Body>
</answer>
