<question>
<Title>Python: Finding a trend in a set of numbers</Title>
<Body>&lt;p&gt;I have a list of numbers in Python, like this:&lt;/p&gt;&#xA;&#xA;&lt;pre&gt;&lt;code&gt;x = [12, 34, 29, 38, 34, 51, 29, 34, 47, 34, 55, 94, 68, 81]&#xA;&lt;/code&gt;&lt;/pre&gt;&#xA;&#xA;&lt;p&gt;What's the best way to find the trend in these numbers? I'm not interested in predicting what the next number will be, I just want to output the trend for many sets of numbers so that I can compare the trends.&lt;/p&gt;&#xA;&#xA;&lt;p&gt;&lt;strong&gt;Edit:&lt;/strong&gt; By trend, I mean that I'd like a numerical representation of whether the numbers are increasing or decreasing and at what rate. I'm not massively mathematical, so there's probably a proper name for this!&lt;/p&gt;&#xA;&#xA;&lt;p&gt;&lt;strong&gt;Edit 2:&lt;/strong&gt; It looks like what I really want is the co-efficient of the linear best fit. What's the best way to get this in Python?&lt;/p&gt;&#xA;</Body>
<Tags>python,math</Tags>
</question>
<answer>
<Body>&lt;p&gt;You could do a &lt;a href=&quot;http://en.wikipedia.org/wiki/Least_squares&quot;&gt;least squares fit&lt;/a&gt; of the data.&lt;/p&gt;&#xA;&#xA;&lt;p&gt;Using the formula from &lt;a href=&quot;http://en.wikipedia.org/wiki/Ordinary_least_squares#Simple_regression_model&quot;&gt;this page&lt;/a&gt;:&lt;/p&gt;&#xA;&#xA;&lt;pre&gt;&lt;code&gt;y = [12, 34, 29, 38, 34, 51, 29, 34, 47, 34, 55, 94, 68, 81]&#xA;N = len(y)&#xA;x = range(N)&#xA;B = (sum(x[i] * y[i] for i in xrange(N)) - 1./N*sum(x)*sum(y)) / (sum(x[i]**2 for i in xrange(N)) - 1./N*sum(x)**2)&#xA;A = 1.*sum(y)/N - B * 1.*sum(x)/N&#xA;print &quot;%f + %f * x&quot; % (A, B)&#xA;&lt;/code&gt;&lt;/pre&gt;&#xA;&#xA;&lt;p&gt;Which prints the starting value and delta of the best fit line.&lt;/p&gt;&#xA;</Body>
</answer>
<answer>
<Body>&lt;p&gt;Here is one way to get an increasing/decreasing trend:&lt;/p&gt;&#xA;&#xA;&lt;pre&gt;&lt;code&gt;&amp;gt;&amp;gt;&amp;gt; x = [12, 34, 29, 38, 34, 51, 29, 34, 47, 34, 55, 94, 68, 81]&#xA;&amp;gt;&amp;gt;&amp;gt; trend = [b - a for a, b in zip(x[::1], x[1::1])]&#xA;&amp;gt;&amp;gt;&amp;gt; trend&#xA;[22, -5, 9, -4, 17, -22, 5, 13, -13, 21, 39, -26, 13]&#xA;&lt;/code&gt;&lt;/pre&gt;&#xA;&#xA;&lt;p&gt;In the resulting list &lt;code&gt;trend&lt;/code&gt;, &lt;code&gt;trend[0]&lt;/code&gt; can be interpreted as the increase from &lt;code&gt;x[0]&lt;/code&gt; to &lt;code&gt;x[1]&lt;/code&gt;, &lt;code&gt;trend[1]&lt;/code&gt; would be the increase from &lt;code&gt;x[1]&lt;/code&gt; to &lt;code&gt;x[2]&lt;/code&gt; etc.  Negative values in &lt;code&gt;trend&lt;/code&gt; mean that value in &lt;code&gt;x&lt;/code&gt; decreased from one index to the next.&lt;/p&gt;&#xA;</Body>
</answer>
<answer>
<Body>&lt;p&gt;I agree with Keith, I think you're probably looking for a linear least squares fit (if all you want to know is if the numbers are generally increasing or decreasing, and at what rate).  The slope of the fit will tell you at what rate they're increasing.  If you want a visual representation of a linear least squares fit, try Wolfram Alpha:&lt;/p&gt;&#xA;&#xA;&lt;p&gt;&lt;a href=&quot;http://www.wolframalpha.com/input/?i=linear+fit+%5B12%2C+34%2C+29%2C+38%2C+34%2C+51%2C+29%2C+34%2C+47%2C+34%2C+55%2C+94%2C+68%2C+81%5D&quot; rel=&quot;nofollow&quot;&gt;http://www.wolframalpha.com/input/?i=linear+fit+%5B12%2C+34%2C+29%2C+38%2C+34%2C+51%2C+29%2C+34%2C+47%2C+34%2C+55%2C+94%2C+68%2C+81%5D&lt;/a&gt;&lt;/p&gt;&#xA;&#xA;&lt;p&gt;&lt;strong&gt;Update:&lt;/strong&gt;  If you want to implement a linear regression in Python, I recommend starting with the explanation at Mathworld:&lt;/p&gt;&#xA;&#xA;&lt;p&gt;&lt;a href=&quot;http://mathworld.wolfram.com/LeastSquaresFitting.html&quot; rel=&quot;nofollow&quot;&gt;http://mathworld.wolfram.com/LeastSquaresFitting.html&lt;/a&gt;&lt;/p&gt;&#xA;&#xA;&lt;p&gt;It's a very straightforward explanation of the algorithm, and it practically writes itself.  In particular, you want to pay close attention to equations 16-21, 27, and 28.&lt;/p&gt;&#xA;&#xA;&lt;p&gt;Try writing the algorithm yourself, and if you have problems, you should open another question.&lt;/p&gt;&#xA;</Body>
</answer>
<answer>
<Body>&lt;p&gt;Possibly you mean you want to plot these numbers on a graph and find a straight line through them where the overall distance between the line and the numbers is minimized? This is called a linear regression &lt;/p&gt;&#xA;&#xA;&lt;pre&gt;&lt;code&gt;def linreg(X, Y):&#xA;    &quot;&quot;&quot;&#xA;    return a,b in solution to y = ax + b such that root mean square distance between trend line and original points is minimized&#xA;    &quot;&quot;&quot;&#xA;    N = len(X)&#xA;    Sx = Sy = Sxx = Syy = Sxy = 0.0&#xA;    for x, y in zip(X, Y):&#xA;        Sx = Sx + x&#xA;        Sy = Sy + y&#xA;        Sxx = Sxx + x*x&#xA;        Syy = Syy + y*y&#xA;        Sxy = Sxy + x*y&#xA;    det = Sxx * N - Sx * Sx&#xA;    return (Sxy * N - Sy * Sx)/det, (Sxx * Sy - Sx * Sxy)/det&#xA;&#xA;&#xA;x = [12, 34, 29, 38, 34, 51, 29, 34, 47, 34, 55, 94, 68, 81]&#xA;a,b = linreg(range(len(x)),x)  //your x,y are switched from standard notation&#xA;&lt;/code&gt;&lt;/pre&gt;&#xA;&#xA;&lt;p&gt;The trend line is unlikely to pass through your original points, but it will be as close as possible to the original points that a straight line can get. Using the gradient and intercept values of this trend line (a,b) you will be able to extrapolate the line past the end of the array:&lt;/p&gt;&#xA;&#xA;&lt;pre&gt;&lt;code&gt;extrapolatedtrendline=[a*index + b for index in range(20)] //replace 20 with desired trend length&#xA;&lt;/code&gt;&lt;/pre&gt;&#xA;</Body>
</answer>
<answer>
<Body>&lt;p&gt;The Link provided by Keith or probably the answer from Riaz might help you to get the poly fit, but it is always recommended to use libraries if available, and for the problem in your hand, &lt;a href=&quot;http://docs.scipy.org/doc/numpy-1.3.x/contents.html&quot; rel=&quot;noreferrer&quot;&gt;numpy&lt;/a&gt; provides a wonderful polynomial fit function called &lt;a href=&quot;http://docs.scipy.org/doc/numpy-1.3.x/reference/generated/numpy.polyfit.html&quot; rel=&quot;noreferrer&quot;&gt;polyfit&lt;/a&gt; . You can use polyfit to fit the data over any degree of equation.&lt;/p&gt;&#xA;&#xA;&lt;p&gt;Here is an example using numpy to fit the data in a linear equation of the form y=ax+b&lt;/p&gt;&#xA;&#xA;&lt;pre&gt;&lt;code&gt;&amp;gt;&amp;gt;&amp;gt; data = [12, 34, 29, 38, 34, 51, 29, 34, 47, 34, 55, 94, 68, 81]&#xA;&amp;gt;&amp;gt;&amp;gt; x = np.arange(0,len(data))&#xA;&amp;gt;&amp;gt;&amp;gt; y=np.array(data)&#xA;&amp;gt;&amp;gt;&amp;gt; z = np.polyfit(x,y,1)&#xA;&amp;gt;&amp;gt;&amp;gt; print &quot;{0}x + {1}&quot;.format(*z)&#xA;4.32527472527x + 17.6&#xA;&amp;gt;&amp;gt;&amp;gt; &#xA;&lt;/code&gt;&lt;/pre&gt;&#xA;&#xA;&lt;p&gt;similarly a quadratic fit would be&lt;/p&gt;&#xA;&#xA;&lt;pre&gt;&lt;code&gt;&amp;gt;&amp;gt;&amp;gt; print &quot;{0}x^2 + {1}x + {2}&quot;.format(*z)&#xA;0.311126373626x^2 + 0.280631868132x + 25.6892857143&#xA;&amp;gt;&amp;gt;&amp;gt; &#xA;&lt;/code&gt;&lt;/pre&gt;&#xA;</Body>
</answer>
<answer>
<Body>&lt;p&gt;Compute the beta coefficient.&lt;/p&gt;&#xA;&#xA;&lt;pre&gt;&lt;code&gt;y = [12, 34, 29, 38, 34, 51, 29, 34, 47, 34, 55, 94, 68, 81]&#xA;x = range(1,len(y)+1)&#xA;&#xA;def var(X):&#xA;    S = 0.0&#xA;    SS = 0.0&#xA;    for x in X:&#xA;        S += x&#xA;        SS += x*x&#xA;    xbar = S/float(len(X))&#xA;    return (SS - len(X) * xbar * xbar) / (len(X) -1.0)&#xA;&#xA;def cov(X,Y):&#xA;    n = len(X)&#xA;    xbar = sum(X) / n&#xA;    ybar = sum(Y) / n&#xA;    return sum([(x-xbar)*(y-ybar) for x,y in zip(X,Y)])/(n-1)&#xA;&#xA;&#xA;def beta(x,y):&#xA;    return cov(x,y)/var(x)&#xA;&#xA;print beta(x,y) #4.34285714286&#xA;&lt;/code&gt;&lt;/pre&gt;&#xA;</Body>
</answer>
<answer>
<Body>&lt;p&gt;You can find the OLS coefficient using numpy:&lt;/p&gt;&#xA;&#xA;&lt;pre&gt;&lt;code&gt;import numpy as np&#xA;&#xA;y = [12, 34, 29, 38, 34, 51, 29, 34, 47, 34, 55, 94, 68, 81]&#xA;&#xA;x = []&#xA;x.append(range(len(y)))                 #Time variable&#xA;x.append([1 for ele in xrange(len(y))]) #This adds the intercept, use range in Python3&#xA;&#xA;y = np.matrix(y).T&#xA;x = np.matrix(x).T&#xA;&#xA;betas = ((x.T*x).I*x.T*y)&#xA;&lt;/code&gt;&lt;/pre&gt;&#xA;&#xA;&lt;p&gt;Results:&lt;/p&gt;&#xA;&#xA;&lt;pre&gt;&lt;code&gt;&amp;gt;&amp;gt;&amp;gt; betas&#xA;matrix([[  4.32527473],  #coefficient on the time variable&#xA;        [ 17.6       ]]) #coefficient on the intercept&#xA;&lt;/code&gt;&lt;/pre&gt;&#xA;&#xA;&lt;p&gt;Since the coefficient on the trend variable is positive, observations in your variable are increasing over time.&lt;/p&gt;&#xA;</Body>
</answer>
