<question>
<Title>How to cast properly? (Or should I even do it?)</Title>
<Body>&lt;p&gt;If I have code such as&lt;/p&gt;&#xA;&#xA;&lt;pre&gt;&lt;code&gt;class CString { int GetLength(); };&#xA;&#xA;bool smaller(CString s1, std::string s2) {&#xA;    return s2.size() &amp;gt; s1.GetLength();&#xA;}&#xA;&lt;/code&gt;&lt;/pre&gt;&#xA;&#xA;&lt;p&gt;What is the best thing for me to do?&lt;/p&gt;&#xA;&#xA;&lt;ul&gt;&#xA;&lt;li&gt;&lt;p&gt;Change &lt;code&gt;s1.GetLength()&lt;/code&gt; to &lt;code&gt;(size_t)c.GetLength()&lt;/code&gt;?&lt;br&gt;&#xA;This would get help get rid of a compiler warning regarding &quot;signed-unsigned mismatch&quot;, and communicate my intention to cast, and is by far the easiest route. But it's probably frowned upon. :(&lt;/p&gt;&lt;/li&gt;&#xA;&lt;li&gt;&lt;p&gt;Change &lt;code&gt;s1.GetLength()&lt;/code&gt; to &lt;code&gt;static_cast&amp;lt;size_t&amp;gt;(c.GetLength())&lt;/code&gt;?&lt;br&gt;&#xA;This would get help get rid of the warning, with &quot;The Correct&quot; kind of cast.&lt;/p&gt;&lt;/li&gt;&#xA;&lt;li&gt;&lt;p&gt;Change &lt;code&gt;s1.GetLength()&lt;/code&gt; to &lt;code&gt;static_cast&amp;lt;std::string::size_type&amp;gt;(c.GetLength())&lt;/code&gt;?&lt;br&gt;&#xA;It's extremely verbose... is there a practical benefit to this abstraction, or should I break it?&lt;/p&gt;&lt;/li&gt;&#xA;&lt;li&gt;&lt;p&gt;Leave it as is?&lt;br&gt;&#xA;This would help make the compiler do overflow-checking using the &lt;strong&gt;&lt;code&gt;/RTCc&lt;/code&gt; switch&lt;/strong&gt; (my main concern here), at the expense of a warning.&lt;/p&gt;&lt;/li&gt;&#xA;&lt;li&gt;&lt;p&gt;Do something else?&lt;br&gt;&#xA;Should I make my own casting function? Use a macro? Should I check at run-time as well as compile-time? Any other ideas?&lt;/p&gt;&lt;/li&gt;&#xA;&lt;/ul&gt;&#xA;&#xA;&lt;h3&gt;Edit:&lt;/h3&gt;&#xA;&#xA;&lt;p&gt;It seems like the example is being taken a little too literally...&lt;/p&gt;&#xA;&#xA;&lt;p&gt;I obviously didn't mean to talk &lt;em&gt;just&lt;/em&gt; about &lt;code&gt;CString::GetLength()&lt;/code&gt;. That particular method is certainly not a huge worry of mine. :) What I am worried about is the more &lt;em&gt;general&lt;/em&gt; case, of when I'm getting an integer that's never &lt;em&gt;supposed&lt;/em&gt; to be negative, but which &lt;em&gt;could&lt;/em&gt; theoretically be, due to bugs.  &lt;/p&gt;&#xA;&#xA;&lt;p&gt;Heck, I might be &lt;em&gt;writing&lt;/em&gt; a method that does this, in order to override another piece of code -- so I can't change the signature. And my code could certainly have bugs, even though I wouldn't expect it.&lt;/p&gt;&#xA;&#xA;&lt;p&gt;In such a case, what should I do?&lt;/p&gt;&#xA;</Body>
<Tags>c++,visual-c++,casting,integer</Tags>
</question>
<answer>
<Body>&lt;p&gt;Can you change &lt;code&gt;GetLength()&lt;/code&gt;? Fundamentally, the issue is that length is never negative, and an unsigned type reflects that the best. Length shouldn't be measured with an &lt;code&gt;int&lt;/code&gt;.&lt;/p&gt;&#xA;&#xA;&lt;p&gt;But other than that, all three of your solutions are identical. &lt;code&gt;std::string::size_type&lt;/code&gt; is always &lt;code&gt;std::size_t&lt;/code&gt;, and while I would use a &lt;code&gt;static_cast&lt;/code&gt;, the C-style cast performs the same cast, in this case. Because you know that the returned length is never negative (ensure this, by the way; you never know what weird things people might do), you're completely safe simply casting the type:&lt;/p&gt;&#xA;&#xA;&lt;pre&gt;&lt;code&gt;return s2.size() &amp;gt; static_cast&amp;lt;std::size_t&amp;gt;(s1.GetLength());&#xA;&lt;/code&gt;&lt;/pre&gt;&#xA;&#xA;&lt;p&gt;If &lt;code&gt;CString::GetLength&lt;/code&gt; &lt;em&gt;can&lt;/em&gt; be negative, for some reason, then it's up to you to decide how to make that conversion from negative to positive. Truncate? Magnitude (absolute value)? Whatever you need.&lt;/p&gt;&#xA;&#xA;&lt;hr&gt;&#xA;&#xA;&lt;p&gt;If you're worried about bugs, either do an explicit check and throw an exception (depending on your domain, this may be too costly), or use &lt;code&gt;assert&lt;/code&gt;. Generally, though, you should trust the documentation.&lt;/p&gt;&#xA;</Body>
</answer>
<answer>
<Body>&lt;p&gt;I'd say the proper solution is to change the signature of &lt;code&gt;CString::getLength()&lt;/code&gt; to return an unsigned type. Given that you are takung you arguments by value you might want to consider providing a conversion constructor for &lt;code&gt;CString&lt;/code&gt; taking a &lt;code&gt;std::string&lt;/code&gt; (orherwise you should probably change the signature of you function to take its arguments by &lt;code&gt;const&amp;amp;&lt;/code&gt;).&lt;/p&gt;&#xA;&#xA;&lt;p&gt;Personally I'd consider the operation a conversion rather than a cast and write it as such:&lt;/p&gt;&#xA;&#xA;&lt;pre&gt;&lt;code&gt;return std::string::size_type(s1.getLength())&#xA;    &amp;lt; s2.size();&#xA;&lt;/code&gt;&lt;/pre&gt;&#xA;</Body>
</answer>
<answer>
<Body>&lt;p&gt;Put the cast in its own function, with a comment:&lt;/p&gt;&#xA;&#xA;&lt;pre&gt;&lt;code&gt;std::string::size_type size(const CString&amp;amp; mfcString)&#xA;{&#xA;    // CString::GetLength is always non-negative&#xA;    // http://msdn.microsoft.com/en-us/library/aa300471(v=vs.60).aspx&#xA;&#xA;    return static_cast&amp;lt;std::string::size_type&amp;gt;(mfcString.GetLength());&#xA;}&#xA;&lt;/code&gt;&lt;/pre&gt;&#xA;&#xA;&lt;p&gt;Then your code will be:&lt;/p&gt;&#xA;&#xA;&lt;pre&gt;&lt;code&gt;bool smaller(const CString&amp;amp; s1, const std::string&amp;amp; s2)&#xA;{&#xA;    return size(s1) &amp;lt; s2.size();&#xA;}&#xA;&lt;/code&gt;&lt;/pre&gt;&#xA;</Body>
</answer>
<answer>
<Body>&lt;p&gt;change method CString::getLength() and return an unsigned type. &lt;/p&gt;&#xA;&#xA;&lt;p&gt;try this &lt;/p&gt;&#xA;&#xA;&lt;p&gt;return std::string::size_type(s1.getLength())&#xA;    &amp;lt; s2.size();&lt;/p&gt;&#xA;</Body>
</answer>
