<question>
<Title>Python File Download</Title>
<Body>&lt;p&gt;I am having a problem and not sure if this is possible at all, so if someone could point me in the right direction.&lt;/p&gt;&#xA;&#xA;&lt;p&gt;I need to open a file from a webpage, open it in excel and save the file.&lt;/p&gt;&#xA;&#xA;&lt;p&gt;The problem I am running into the file name on the website has a file name ( not an active link ) and then it will have a &quot;download &quot; button that is not specific to the file I need to download. So instead of the download button being &quot;file1todaysdate&quot;,  they are nothing that I could use from day to day.&lt;/p&gt;&#xA;&#xA;&lt;p&gt;Is there a way I could locate file name then grab the file from the download icon? then save in excel? If not sorry for wasting time.&lt;/p&gt;&#xA;</Body>
<Tags>python</Tags>
</question>
<answer>
<Body>&lt;p&gt;Examine the &lt;code&gt;Content-Disposition&lt;/code&gt; header of the response to discover what the server wants you to call the file.&lt;/p&gt;&#xA;</Body>
</answer>
<answer>
<Body>&lt;p&gt;I think what you are asking is how to search a web page for some text that is not a link, request that link, save the file.&lt;/p&gt;&#xA;&#xA;&lt;p&gt;&lt;a href=&quot;http://www.crummy.com/software/BeautifulSoup/&quot; rel=&quot;nofollow&quot;&gt;BeautifulSoup&lt;/a&gt; is normally used for this.&lt;/p&gt;&#xA;&#xA;&lt;p&gt;However, &lt;a href=&quot;http://docs.python-requests.org/&quot; rel=&quot;nofollow&quot;&gt;requests&lt;/a&gt; is another library you can use to fetch the page and then grab the contents for later analysis.&lt;/p&gt;&#xA;</Body>
</answer>
<answer>
<Body>&lt;p&gt;When you press Download, where the file actually coming from? Get that download link first. If it is hard to detect from the browser, use a tool like firebug to get the download link. Once you got it. You can use Python to dowload it using urllib.urlretrieve&lt;/p&gt;&#xA;&#xA;&lt;pre&gt;&lt;code&gt;filename, msg = urllib.urlretrieve('http://yourlinktodownload/file.xls')&#xA;&lt;/code&gt;&lt;/pre&gt;&#xA;&#xA;&lt;p&gt;The filename will point to the file which was downloaded. If it xls format, it should open in excell.&lt;/p&gt;&#xA;</Body>
</answer>
