<question>
<Title>How to determine scaling factor so that covariance matrix has a first element of 1?</Title>
<Body>&lt;p&gt;I have data which I need to center and scale so that is centered around the origin. Then the data needs to be rotated so that the direction of maximum variance is on the x-axis. The mean of the data and the covariance is then calculated. I need the first element of the covariance matrix to be 1. I think this is done by adjusting the scaling factor, but I can't figure out what the scaling factor should be. &lt;/p&gt;&#xA;&#xA;&lt;p&gt;To center the data I take away the mean, and to rotate I use SVD, but the scaling is still my problem. &lt;/p&gt;&#xA;&#xA;&lt;pre&gt;&lt;code&gt;signature = numpy.loadtxt(name, comments = '%', usecols = (0,cols-1))&#xA;signature = numpy.transpose(signature)&#xA;&#xA;#SVD to get D so that data can be scaled by 1/(highest singular value in D)&#xA;U, D, Vt = numpy.linalg.svd( signature , full_matrices=0)&#xA;cs = utils.centerscale(signature, scale=False)&#xA;signature = cs[0]&#xA;#plt.scatter(cs[0][0],cs[0][1],color='r')&#xA;&#xA;#SVD so that data can be rotated so that direction of most variance is on x-axis&#xA;U, D, Vt = numpy.linalg.svd( signature , full_matrices=0)&#xA;cs = utils.centerscale(signature, center=False, scalefactor=D[0])&#xA;U, D, Vt = numpy.linalg.svd( cs[0] , full_matrices=0)&#xA;D = numpy.diag(D)&#xA;norm = numpy.dot(D,Vt)&#xA;&lt;/code&gt;&lt;/pre&gt;&#xA;&#xA;&lt;p&gt;The following are examples of results of the mean and cov of &lt;em&gt;norm&lt;/em&gt; (the test cases use res). &lt;/p&gt;&#xA;&#xA;&lt;pre&gt;&lt;code&gt;**********************************************************************&#xA;Failed example:&#xA;print numpy.mean(res, axis=1)&#xA;Expected:&#xA;[  7.52074907e-18  -6.59917722e-18]&#xA;Got:&#xA;[ -1.22008884e-17   2.41126563e-17]&#xA;**********************************************************************&#xA;Failed example:&#xA;print numpy.cov(res, bias=1)&#xA;Expected:&#xA;[[  1.00000000e+00   9.02112676e-18]&#xA; [  9.02112676e-18   1.40592827e-01]]&#xA;Got:&#xA;[[  4.16666667e-03  -1.57698124e-19]&#xA; [ -1.57698124e-19   5.85803446e-04]]&#xA;**********************************************************************&#xA;1 items had failures:&#xA;2 of   4 in __main__.processfile&#xA;***Test Failed*** 2 failures.&#xA;&lt;/code&gt;&lt;/pre&gt;&#xA;&#xA;&lt;p&gt;All values are irrelevant except for the first element of the covariance matrix, that needs to be one. &lt;/p&gt;&#xA;&#xA;&lt;p&gt;I have tried looking everywhere and can't find an answer. Any help would be appreciated. &lt;/p&gt;&#xA;</Body>
<Tags>python,scaling,covariance,svd</Tags>
</question>
<answer>
<Body>&lt;p&gt;I don't know what utils.centerscale is or does, but if you want to scale a matrix by a constant factor so that the upper left term of its covariance matrix is 1, you can simply divide the matrix by the square root of the unscaled covariance term:&lt;/p&gt;&#xA;&#xA;&lt;pre&gt;&lt;code&gt;&amp;gt;&amp;gt;&amp;gt; import numpy&#xA;&amp;gt;&amp;gt;&amp;gt; numpy.random.seed(17)&#xA;&amp;gt;&amp;gt;&amp;gt; m = numpy.random.rand(5,4)&#xA;&amp;gt;&amp;gt;&amp;gt; m&#xA;array([[ 0.294665  ,  0.53058676,  0.19152079,  0.06790036],&#xA;       [ 0.78698546,  0.65633352,  0.6375209 ,  0.57560289],&#xA;       [ 0.03906292,  0.3578136 ,  0.94568319,  0.06004468],&#xA;       [ 0.8640421 ,  0.87729053,  0.05119367,  0.65241862],&#xA;       [ 0.55175137,  0.59751325,  0.48352862,  0.28298816]])&#xA;&amp;gt;&amp;gt;&amp;gt; c = numpy.cov(m,bias=1)&#xA;&amp;gt;&amp;gt;&amp;gt; c&#xA;array([[ 0.0288779 ,  0.00524455,  0.00155373,  0.02779861,  0.01798404],&#xA;       [ 0.00524455,  0.00592484, -0.00711072,  0.01006019,  0.00631144],&#xA;       [ 0.00155373, -0.00711072,  0.13391344, -0.10551922,  0.00945934],&#xA;       [ 0.02779861,  0.01006019, -0.10551922,  0.11250984,  0.00982862],&#xA;       [ 0.01798404,  0.00631144,  0.00945934,  0.00982862,  0.01444482]])&#xA;&amp;gt;&amp;gt;&amp;gt; numpy.cov(m/c[0][0]**0.5, bias=1)&#xA;array([[ 1.        ,  0.18161135,  0.05380354,  0.96262562,  0.62276138],&#xA;       [ 0.18161135,  0.20516847, -0.24623392,  0.3483699 ,  0.21855613],&#xA;       [ 0.05380354, -0.24623392,  4.63722877, -3.65397781,  0.32756326],&#xA;       [ 0.96262562,  0.3483699 , -3.65397781,  3.89605297,  0.34035085],&#xA;       [ 0.62276138,  0.21855613,  0.32756326,  0.34035085,  0.5002033 ]])&#xA;&lt;/code&gt;&lt;/pre&gt;&#xA;&#xA;&lt;p&gt;But this has the same effect as simply dividing the covariance matrix by the upper left member:&lt;/p&gt;&#xA;&#xA;&lt;pre&gt;&lt;code&gt;&amp;gt;&amp;gt;&amp;gt; (numpy.cov(m,bias=1)/numpy.cov(m,bias=1)[0][0])/(numpy.cov(m/c[0][0]**0.5, bias=1))&#xA;array([[ 1.,  1.,  1.,  1.,  1.],&#xA;       [ 1.,  1.,  1.,  1.,  1.],&#xA;       [ 1.,  1.,  1.,  1.,  1.],&#xA;       [ 1.,  1.,  1.,  1.,  1.],&#xA;       [ 1.,  1.,  1.,  1.,  1.]])&#xA;&lt;/code&gt;&lt;/pre&gt;&#xA;&#xA;&lt;p&gt;Depending on what you're doing, you might also be interested in &lt;code&gt;numpy.corrcoef&lt;/code&gt;, which gives the correlation coefficient matrix instead.&lt;/p&gt;&#xA;</Body>
</answer>
