<question>
<Title>What is the C++ equivalent of this Perl code that uses sprintf?</Title>
<Body>&lt;p&gt;I need to do mimic the functionality of the following Perl code&lt;/p&gt;&#xA;&#xA;&lt;pre&gt;&lt;code&gt;if($file =~ /^([^_]+)_([^_]+)_MA_(\d{4})(\d\d)(\d\d)_(\d\d)(\d\d)(\d\d)\.MA$/) {&#xA;  my ($radar, $beam, $year, $month, $day, $hour, $min, $sec) =&#xA;      ($1, $2, $3, $4, $5, $6, $7, $8);&#xA;  my $file_ts = sprintf(&quot;%04d-%02d-%02d %02d:%02d:%02d&quot;,&#xA;      $year, $month, $day, $hour, $min, $sec);&#xA;&#xA;  # ...&#xA;}&#xA;&lt;/code&gt;&lt;/pre&gt;&#xA;&#xA;&lt;p&gt;in C++. Which function do I use for it?&lt;/p&gt;&#xA;</Body>
<Tags>c++,perl,printf</Tags>
</question>
<answer>
<Body>&lt;p&gt;Well, there's always the option of using &lt;code&gt;sprintf&lt;/code&gt;:&lt;/p&gt;&#xA;&#xA;&lt;p&gt;&lt;a href=&quot;http://www.cplusplus.com/reference/clibrary/cstdio/sprintf/&quot; rel=&quot;noreferrer&quot;&gt;http://www.cplusplus.com/reference/clibrary/cstdio/sprintf/&lt;/a&gt;&lt;/p&gt;&#xA;&#xA;&lt;p&gt;or you can use &lt;code&gt;stringstream&lt;/code&gt;, as the more C++-ish alternative.&lt;/p&gt;&#xA;</Body>
</answer>
<answer>
<Body>&lt;p&gt;Same as in Perl:&lt;/p&gt;&#xA;&#xA;&lt;pre&gt;&lt;code&gt;char file_ts[1000];&#xA;&#xA;snprintf(file_ts, &quot;%04d-%02d-%02d %02d:%02d:%02d&quot;, year, month, day, hour, min, sec);&#xA;&lt;/code&gt;&lt;/pre&gt;&#xA;&#xA;&lt;p&gt;    &lt;/p&gt;&#xA;</Body>
</answer>
