<question>
<Title>python calling external programs without opening console (dos prompt)</Title>
<Body>&lt;blockquote&gt;&#xA;  &lt;p&gt;&lt;strong&gt;Possible Duplicate:&lt;/strong&gt;&lt;br&gt;&#xA;  &lt;a href=&quot;https://stackoverflow.com/questions/1813872/running-a-process-in-pythonw-with-popen-without-a-console&quot;&gt;Running a process in pythonw with Popen without a console&lt;/a&gt;&lt;br&gt;&#xA;  &lt;a href=&quot;https://stackoverflow.com/questions/3390762/how-do-i-eliminate-windows-consoles-from-spawned-processes-in-python-2-7&quot;&gt;How do I eliminate Windows consoles from spawned processes in Python (2.7)?&lt;/a&gt;  &lt;/p&gt;&#xA;&lt;/blockquote&gt;&#xA;&#xA;&#xA;&#xA;&lt;p&gt;I am using Python 2.7 and running the python scripts from within IDLE.&lt;/p&gt;&#xA;&#xA;&lt;p&gt;The commands I am executing are simple exe's that perform quick tasks.  The issue I am having is every time the external commands are called from within Python a &lt;em&gt;console&lt;/em&gt; is created and it flashes on my screen and takes focus, thus preventing me from using my PC while executing various scripts. &lt;/p&gt;&#xA;&#xA;&lt;p&gt;Examples of how I am calling them from within Python are as follows:&lt;/p&gt;&#xA;&#xA;&lt;pre&gt;&lt;code&gt;result = call([&quot;Commands\Set.exe&quot;, str(i), ARG2])&#xA;check_output([&quot;Commands\Read.exe&quot;, ARG2])&#xA;&lt;/code&gt;&lt;/pre&gt;&#xA;&#xA;&lt;p&gt;Searching for a solution I came across adding the following&lt;/p&gt;&#xA;&#xA;&lt;pre&gt;&lt;code&gt;shell=True&#xA;&lt;/code&gt;&lt;/pre&gt;&#xA;&#xA;&lt;p&gt;to make the following command&lt;/p&gt;&#xA;&#xA;&lt;pre&gt;&lt;code&gt;check_output([&quot;Commands\Read.exe&quot;, ARG2], shell=True)&#xA;&lt;/code&gt;&lt;/pre&gt;&#xA;&#xA;&lt;p&gt;However I still get the &lt;em&gt;console&lt;/em&gt; appear every time an external command is called&lt;/p&gt;&#xA;</Body>
<Tags>python,windows,subprocess</Tags>
</question>
<answer>
<Body>&lt;p&gt;There might be two issues here.  First off, if your python scripts have the .pyw extension then they will be associated with pythonw which does not use a console*.  However, you have shell=True, which generates a console*.  You need to run the program and hide the console:&lt;/p&gt;&#xA;&#xA;&lt;pre&gt;&lt;code&gt;import subprocess&#xA;proc = subprocess.Popen('hello.py',  creationflags=subprocess.SW_HIDE, shell=True)&#xA;proc.wait()&#xA;&lt;/code&gt;&lt;/pre&gt;&#xA;&#xA;&lt;p&gt;*Pedantically, it's not a dos prompt, it is a console window.  DOS - Disk Operating System - was an IBM mainframe OS. MS-DOS or PC-DOS command-line features were mirrored (with a lot of extra features) by cmd.exe (a Windows shell), which is a console program and so uses a console window.  It's that console window you need to hide.&lt;/p&gt;&#xA;</Body>
</answer>
<answer>
<Body>&lt;p&gt;You need to use &lt;code&gt;startupinfo&lt;/code&gt; parameter of &lt;code&gt;subprocess.Popen()&lt;/code&gt; class' &lt;a href=&quot;http://docs.python.org/library/subprocess.html#popen-constructor&quot; rel=&quot;nofollow noreferrer&quot;&gt;constructor&lt;/a&gt;.&lt;/p&gt;&#xA;&#xA;&lt;pre&gt;&lt;code&gt;startupinfo = subprocess.STARTUPINFO()&#xA;startupinfo.dwFlags |= subprocess.STARTF_USESHOWWINDOW&#xA;startupinfo.wShowWindow = subprocess.SW_HIDE&#xA;subprocess.Popen(command, startupinfo=startupinfo)&#xA;&lt;/code&gt;&lt;/pre&gt;&#xA;&#xA;&lt;p&gt;You &lt;strong&gt;do not need&lt;/strong&gt; &lt;code&gt;shell=True&lt;/code&gt; if all you want is to hide console window; see &lt;a href=&quot;https://stackoverflow.com/a/12964900/95735&quot;&gt;this&lt;/a&gt; answer.&lt;/p&gt;&#xA;</Body>
</answer>
