<question>
<Title>Python tarfile size</Title>
<Body>&lt;p&gt;I can calculate the size of the files in a tarfile in this way:&lt;/p&gt;&#xA;&#xA;&lt;pre&gt;&lt;code&gt;import tarfile&#xA;tf = tarfile.open(name='my.tgz', mode='r')&#xA;reduce(lambda x,y: getattr(x, 'size', x)+getattr(y,'size',y), tf.getmembers())&#xA;&lt;/code&gt;&lt;/pre&gt;&#xA;&#xA;&lt;p&gt;but the total size returned is the sum of the elements in the tarfile and not the compressed file size (at least this is what I believe by trying this).&#xA;Is there a way to get the compressed size of the whole tar file without checking it through something like the os.path.getsize?&lt;/p&gt;&#xA;</Body>
<Tags>python,tarfile</Tags>
</question>
<answer>
<Body>&lt;p&gt;No.&lt;/p&gt;&#xA;&#xA;&lt;p&gt;The way tar.gz works is that the file is piped through gzip to get a plain tar archive. tar(1) has no idea that the archive was compressed in the first place, so it can't know about compressed sizes[*].&lt;/p&gt;&#xA;&#xA;&lt;p&gt;This is unlike archive formats like ZIP which compress by themselves.&lt;/p&gt;&#xA;&#xA;&lt;p&gt;The advantage of the tar approach is that you can use any compression that you like. If some better compressor comes along, you can easily repack your archives. Also, since everything is put into one big stream of data, compression ratio is slightly better and meta data like file names is also compressed.&lt;/p&gt;&#xA;&#xA;&lt;p&gt;The disadvantage is that you must seek in the archive file to unpack individual items.&lt;/p&gt;&#xA;&#xA;&lt;p&gt;[*]: The first implementations of tar(1) had no -z option; it was added later when people started to use gzip a lot. In the early days, the standard compression was using &lt;code&gt;compress&lt;/code&gt; to get &lt;code&gt;tar.Z&lt;/code&gt;.&lt;/p&gt;&#xA;</Body>
</answer>
