<question>
<Title>Initial Value with Form not working</Title>
<Body>&lt;p&gt;I have a form with an initial value, but I can't get the initial value to show. &lt;/p&gt;&#xA;&#xA;&lt;pre&gt;&lt;code&gt;def addaward(request):  &#xA;  if request.method == &quot;POST&quot;:&#xA;      form = AwardForm(request.POST) &#xA;      form.save()    &#xA;&#xA;&#xA;  else: &#xA;    form = AwardForm(initial={'title': 'hi!'})&#xA;  return render_to_response('award.html',{'form': AwardForm}, context_instance = RequestContext(request))&#xA;&lt;/code&gt;&lt;/pre&gt;&#xA;&#xA;&lt;p&gt;What is really strange is when I delete the line with &lt;/p&gt;&#xA;&#xA;&lt;pre&gt;&lt;code&gt;  form = AwardForm(initial={'title': 'hi!'})&#xA;&lt;/code&gt;&lt;/pre&gt;&#xA;&#xA;&lt;p&gt;the form still shows with no error messages.&lt;/p&gt;&#xA;&#xA;&lt;p&gt;&lt;strong&gt;Forms.py&lt;/strong&gt;&lt;/p&gt;&#xA;&#xA;&lt;pre&gt;&lt;code&gt;from django import forms&#xA;from django.forms import ModelForm&#xA;from students.models import Student&#xA;&#xA;class AwardForm(ModelForm):&#xA;   class Meta:&#xA;        model = Award&#xA;&lt;/code&gt;&lt;/pre&gt;&#xA;&#xA;&lt;p&gt;&lt;strong&gt;Models.py&lt;/strong&gt;&lt;/p&gt;&#xA;&#xA;&lt;pre&gt;&lt;code&gt;class Award(models.Model)&#xA;   date = models.DateTimeField(auto_now_add = True, editable = True)&#xA;   student = models.ForeignKey('Student')&#xA;   type = models.CharField('Category', max_length = 30)&#xA;   title = models.CharField('Title of Award', max_length = 30)&#xA;   description = models.TextField('Description')&#xA;&lt;/code&gt;&lt;/pre&gt;&#xA;&#xA;&lt;p&gt;Any ideas would be great. Thank you!&lt;/p&gt;&#xA;</Body>
<Tags>python,django,django-forms</Tags>
</question>
<answer>
<Body>&lt;p&gt;this:&lt;/p&gt;&#xA;&#xA;&lt;pre&gt;&lt;code&gt;{'form': AwardForm}&#xA;&lt;/code&gt;&lt;/pre&gt;&#xA;&#xA;&lt;p&gt;should be:&lt;/p&gt;&#xA;&#xA;&lt;pre&gt;&lt;code&gt;{'form': form }&#xA;&lt;/code&gt;&lt;/pre&gt;&#xA;</Body>
</answer>
