<question>
<Title>Is it possible to pass arguments to a python made exe at runtime?</Title>
<Body>&lt;p&gt;I'm experimenting with file I/O. I have a small practice program that creates a text file when run. I packaged it with pyinstaller so that double clicking on the exe creates a new folder and places a text file with &quot;hello world&quot; inside of it. Easy peasy. &lt;/p&gt;&#xA;&#xA;&lt;p&gt;Then I started wondering about &lt;code&gt;main()&lt;/code&gt;. This is just a function like any other, right? So does that mean I can pass arguments to it at runtime? &lt;/p&gt;&#xA;&#xA;&lt;p&gt;I was thinking about the Steam client and how you can put stuff like '-dev' and '-console' in the shortcut. Is there a way to do this to a python exe that I have made? &lt;/p&gt;&#xA;&#xA;&lt;p&gt;I may be explaining terribly, so here's an example: &lt;/p&gt;&#xA;&#xA;&lt;pre&gt;&lt;code&gt;def makeFile(string):&#xA;    if string:&#xA;        f = open('mytext.txt', 'w') #create text file in local dir&#xA;        print &amp;gt;&amp;gt; f, 'hello, ' + string + '! \nHow are ya?'&#xA;        f.close()&#xA;    else:&#xA;        f = open('mytext.txt', 'w') #create text file in local dir&#xA;        print &amp;gt;&amp;gt; f, 'hello, person! \nHow are ya?'&#xA;        f.close()&#xA;&#xA;def main(string = None):&#xA;    makeFile(string)     &#xA;&lt;/code&gt;&lt;/pre&gt;&#xA;&#xA;&lt;p&gt;So if I take this code and make it an exe, would I be able to add my optional arguments somehow.  &lt;/p&gt;&#xA;&#xA;&lt;p&gt;I tried the above code, and the running &lt;code&gt;test.exe --&quot;myname&quot;&lt;/code&gt; but that didn't work. &lt;/p&gt;&#xA;&#xA;&lt;p&gt;Is there a way to do this? &lt;/p&gt;&#xA;</Body>
<Tags>python</Tags>
</question>
<answer>
<Body>&lt;p&gt;Yes, you can do it with &lt;code&gt;sys.argv&lt;/code&gt;. Check out this link: &lt;a href=&quot;http://docs.python.org/library/sys.html#sys.argv&quot; rel=&quot;nofollow noreferrer&quot;&gt;http://docs.python.org/library/sys.html#sys.argv&lt;/a&gt;. But remember not to forget &lt;code&gt;import sys&lt;/code&gt;, and then you can use it.&#xA;    import sys&lt;/p&gt;&#xA;&#xA;&lt;pre&gt;&lt;code&gt;# If there is an argument passed to your file&#xA;if len(sys.argv) &amp;gt; 1:&#xA;    # argv[1] has your filename&#xA;    filename = sys.argv[1]&#xA;    print (filename)&#xA;&#xA;# Output...&#xA;# new-host:~ yanwchan$ python3.2 test.py text.txt&#xA;# text.txt&#xA;&lt;/code&gt;&lt;/pre&gt;&#xA;&#xA;&lt;p&gt;&lt;code&gt;argv[0]&lt;/code&gt; has &lt;code&gt;test.py&lt;/code&gt;&lt;/p&gt;&#xA;&#xA;&lt;p&gt;&lt;code&gt;argv[1]&lt;/code&gt; has &lt;code&gt;text.txt&lt;/code&gt;&lt;/p&gt;&#xA;&#xA;&lt;p&gt;&lt;strong&gt;Edit:&lt;/strong&gt; However, I do some more research on this topic and found out this: &lt;a href=&quot;https://stackoverflow.com/a/4188500/1276534&quot;&gt;https://stackoverflow.com/a/4188500/1276534&lt;/a&gt;&lt;/p&gt;&#xA;&#xA;&lt;p&gt;As katrielalex points out, maybe you can look into &lt;a href=&quot;http://docs.python.org/library/argparse.html#module-argparse&quot; rel=&quot;nofollow noreferrer&quot;&gt;&lt;code&gt;argparse&lt;/code&gt;&lt;/a&gt; as well.? It provides a lot more functionality as well as safety check. Interesting information.&lt;/p&gt;&#xA;&#xA;&lt;p&gt;And here is a great tutorial: &lt;a href=&quot;http://www.doughellmann.com/PyMOTW/argparse/&quot; rel=&quot;nofollow noreferrer&quot;&gt;http://www.doughellmann.com/PyMOTW/argparse/&lt;/a&gt;&lt;/p&gt;&#xA;</Body>
</answer>
<answer>
<Body>&lt;p&gt;What you are looking for is something like the python &lt;a href=&quot;http://docs.python.org/library/argparse.html#module-argparse&quot; rel=&quot;nofollow&quot;&gt;argparse module&lt;/a&gt;&lt;/p&gt;&#xA;&#xA;&lt;p&gt;Or you can read the values directly using &lt;a href=&quot;http://docs.python.org/library/sys.html#sys.argv&quot; rel=&quot;nofollow&quot;&gt;sys.argv&lt;/a&gt;&lt;/p&gt;&#xA;&#xA;&lt;pre&gt;&lt;code&gt;import sys&#xA;sys.argv[0] # the name of the command that was called&#xA;sys.argv[1] # the first argument, eg '--dev'&#xA;sys.argv[2] # the second...&#xA;&lt;/code&gt;&lt;/pre&gt;&#xA;</Body>
</answer>
<answer>
<Body>&lt;p&gt;What you're looking for is either the sys module, or the optparse module.&lt;/p&gt;&#xA;&#xA;&lt;p&gt;sys will give you very basic control over command line args.&lt;/p&gt;&#xA;&#xA;&lt;p&gt;For example:&lt;/p&gt;&#xA;&#xA;&lt;pre&gt;&lt;code&gt;import sys&#xA;&#xA;if __name__ == &quot;__main__&quot;:&#xA;    if len(sys.argv)&amp;gt;1:&#xA;        print sys.argv[1]&#xA;&lt;/code&gt;&lt;/pre&gt;&#xA;&#xA;&lt;p&gt;In the above example, if you were to open up a shell and type -&lt;/p&gt;&#xA;&#xA;&lt;pre&gt;&lt;code&gt;test.exe &quot;myname&quot;&#xA;&lt;/code&gt;&lt;/pre&gt;&#xA;&#xA;&lt;p&gt;The resultant output would be:&lt;/p&gt;&#xA;&#xA;&lt;pre&gt;&lt;code&gt;myname&#xA;&lt;/code&gt;&lt;/pre&gt;&#xA;&#xA;&lt;p&gt;Note that sys.argv[0] is the name of the script you are currently running.  Each subsequent argument is defined by a space, so in your example above&lt;/p&gt;&#xA;&#xA;&lt;pre&gt;&lt;code&gt;test.exe -- myname&#xA;&#xA;argv[0] = &quot;test.exe&quot;&#xA;argv[1] = &quot;--&quot;&#xA;argv[2] = &quot;myname&quot;&#xA;&lt;/code&gt;&lt;/pre&gt;&#xA;&#xA;&lt;p&gt;Optparse gives a much more robust solution that allows you to define command line switches with multiple options and defines variables that will store the appropriate options that can be accessed at runtime.&lt;/p&gt;&#xA;&#xA;&lt;p&gt;Re-writing your example:&lt;/p&gt;&#xA;&#xA;&lt;pre&gt;&lt;code&gt;from optparse import OptionParser&#xA;&#xA;def makeFile(options = None): &#xA;    if options:&#xA;        f = open('mytext.txt', 'w') #create text file in local dir&#xA;        print &amp;gt;&amp;gt; f, 'hello, ' + options.name + '! \nHow are ya?'&#xA;        f.close()&#xA;    else:&#xA;        f = open('mytext.txt', 'w') #create text file in local dir&#xA;        print &amp;gt;&amp;gt; f, 'hello, person! \nHow are ya?'&#xA;        f.close()&#xA;&#xA;&#xA;&#xA;if __name__ == &quot;__main__&quot;:&#xA;    parser = OptionParser()&#xA;    parser.add_option('-n','--name',dest = 'name',&#xA;                      help='username to be printed out')&#xA;    (options,args) = parser.parse_args()&#xA;    makeFile(options)&#xA;&lt;/code&gt;&lt;/pre&gt;&#xA;&#xA;&lt;p&gt;You would run your program with :&lt;/p&gt;&#xA;&#xA;&lt;pre&gt;&lt;code&gt;test.exe -n myname&#xA;&lt;/code&gt;&lt;/pre&gt;&#xA;&#xA;&lt;p&gt;and the output (in myfile.txt) would be the expected:&lt;/p&gt;&#xA;&#xA;&lt;pre&gt;&lt;code&gt;Hello, myname!&#xA;How are ya?&#xA;&lt;/code&gt;&lt;/pre&gt;&#xA;&#xA;&lt;p&gt;Hope that helps!&lt;/p&gt;&#xA;</Body>
</answer>
<answer>
<Body>&lt;p&gt;Just a note for completeness: there is &lt;a href=&quot;http://docopt.org/&quot; rel=&quot;nofollow&quot;&gt;docopt&lt;/a&gt; now, which makes it really easy to write even complex command line interfaces by describing it in a simple language. Documenting and parsing the interface actually becomes the same task with docopt.&lt;/p&gt;&#xA;</Body>
</answer>
