<question>
<Title>Boost timer doesn't compile</Title>
<Body>&lt;p&gt;I'm trying to compile the boost timer and it's throwing errors I don't understand. It makes me think the timer library is broken atm:&lt;/p&gt;&#xA;&#xA;&lt;pre&gt;&lt;code&gt;#include &amp;lt;string&amp;gt;&#xA;#include &amp;lt;boost/lexical_cast.hpp&amp;gt;&#xA;#include &amp;lt;boost/timer/timer.hpp&amp;gt;&#xA;&#xA;int main(int argc, char **argv) {&#xA;//  auto_cpu_timer t;&#xA;    std::cout &amp;lt;&amp;lt; boost::lexical_cast&amp;lt;std::string&amp;gt;(2.0) &amp;lt;&amp;lt; std::endl;&#xA;&#xA;    return 0;&#xA;}&#xA;&lt;/code&gt;&lt;/pre&gt;&#xA;&#xA;&lt;p&gt;Without the #include for timer.hpp it compiles. With it, it throws the following errors:&lt;/p&gt;&#xA;&#xA;&lt;pre&gt;&lt;code&gt;Invoking: GCC C++ Linker&#xA;g++ -Lsrc -o &quot;timetest&quot;  ./src/main.o   &#xA;./src/main.o: In function `__static_initialization_and_destruction_0':&#xA;/usr/include/boost/system/error_code.hpp:214: undefined reference to `boost::system::generic_category()'&#xA;/usr/include/boost/system/error_code.hpp:215: undefined reference to `boost::system::generic_category()'&#xA;/usr/include/boost/system/error_code.hpp:216: undefined reference to `boost::system::system_category()'&#xA;collect2: ld returned 1 exit status&#xA;make: *** [timetest] Error 1&#xA;&lt;/code&gt;&lt;/pre&gt;&#xA;&#xA;&lt;p&gt;Does this mean the timer library is busted atm? I'm using Boost 1.49.0.&lt;/p&gt;&#xA;&#xA;&lt;p&gt;Thanks!&lt;/p&gt;&#xA;</Body>
<Tags>c++,boost,timer</Tags>
</question>
<answer>
<Body>&lt;p&gt;you have to include The base boost system headers too. Check one of The examples for The default headers you need.&lt;/p&gt;&#xA;</Body>
</answer>
<answer>
<Body>&lt;p&gt;Assuming you use gcc, try adding -lboost_system to your compiler command line in order to link against that library.&lt;/p&gt;&#xA;</Body>
</answer>
<answer>
<Body>&lt;p&gt;Those errors are not related to the Boost Timer library and no, the library is not broken. As this &lt;a href=&quot;http://www.boost.org/doc/libs/1_49_0/libs/timer/doc/cpu_timers.html&quot; rel=&quot;nofollow&quot;&gt;introductory material&lt;/a&gt; specifies, &lt;/p&gt;&#xA;&#xA;&lt;blockquote&gt;&#xA;  &lt;p&gt;Boost.Timer is implemented as a separately compiled library, so you must install binaries in a location that can be found by your linker.&lt;/p&gt;&#xA;&lt;/blockquote&gt;&#xA;&#xA;&lt;p&gt;... and add the according libraries as command line arguments (using &lt;code&gt;-lLIBNAME&lt;/code&gt;) when invoking the compiler or add them to your project configuration if using an IDE, CMake or Makefiles. Make sure you first understand the details discussed in the &lt;a href=&quot;http://www.boost.org/doc/libs/1_49_0/more/getting_started/index.html&quot; rel=&quot;nofollow&quot;&gt;Boost Getting Started guide&lt;/a&gt; before making cheap remarks.&lt;/p&gt;&#xA;</Body>
</answer>
<answer>
<Body>&lt;p&gt;You forget to link boost_system.&#xA;Like this:&lt;/p&gt;&#xA;&#xA;&lt;pre&gt;&lt;code&gt;g++ -Lsrc -o &quot;timetest&quot;  ./src/main.o -lboost_system&#xA;&lt;/code&gt;&lt;/pre&gt;&#xA;&#xA;&lt;p&gt;will fine&lt;/p&gt;&#xA;</Body>
</answer>
