<question>
<Title>C++ Template limited to a base class and its derived classes</Title>
<Body>&lt;p&gt;I am trying to make a resource loader, and wish to have a class resource and a template class resource manager. Different types of resources inherit from the base resource class, for example a image, 3d mesh etc.&lt;/p&gt;&#xA;&#xA;&lt;p&gt;I could have a map for any type of resource, but then I will be unable to call functions specific to a derived class. A 3dMesh might have getVertecies() where as a image might have getWidth() etc.&lt;/p&gt;&#xA;&#xA;&lt;p&gt;Because of that I was going to use a templated resourceManager class.&lt;/p&gt;&#xA;&#xA;&lt;p&gt;Then you could create resource managers like:&lt;/p&gt;&#xA;&#xA;&lt;pre&gt;&lt;code&gt; resourceManager&amp;lt;3dMesh&amp;gt; resMan3DMeshes();&#xA; resourceManager&amp;lt;picture&amp;gt; resManPictures();&#xA;&lt;/code&gt;&lt;/pre&gt;&#xA;&#xA;&lt;p&gt;The resource manager would return a pointer of the resource type rather than the base resource class. That way you could call functions specific to each resource type.  &lt;/p&gt;&#xA;&#xA;&lt;pre&gt;&lt;code&gt; pointerToMesh-&amp;gt;getVerticies();&#xA; pointerToPicture-&amp;gt;getWidth();&#xA;&lt;/code&gt;&lt;/pre&gt;&#xA;&#xA;&lt;p&gt;However, using this approach, you could pass in anything to make a resource manager of.&lt;/p&gt;&#xA;&#xA;&lt;pre&gt;&lt;code&gt; resourceManager&amp;lt;int&amp;gt; resManInts();&#xA;&lt;/code&gt;&lt;/pre&gt;&#xA;&#xA;&lt;p&gt;This would be fine, except the resource manager should be able to call functions of the base resource class. For example, the base resource class would have a virtual function for loading from a file, but the resource manager would be unable to call those functions as it could be passed anything as a template, and an int or string or whatever doesnt have loadFromFile().&lt;/p&gt;&#xA;&#xA;&lt;p&gt;I was thinking of doing something with template specilaisation with the base class, but then it would return pointers of the base class and not the derived ones, unless I specialised it for every single derived class, but then I may as well not have a templated class, but instead just have a resource manager class for each type.&lt;/p&gt;&#xA;&#xA;&lt;p&gt;So, is there any way of using templates and having the advantage of calling functions of derived classes, while still getting  acsess to functions of the base class?&lt;/p&gt;&#xA;</Body>
<Tags>c++,class,templates,derived</Tags>
</question>
<answer>
<Body>&lt;p&gt;Yes, it is possible to constrain template parameters to descendants of a specific class. &lt;a href=&quot;https://stackoverflow.com/a/3801818/51831&quot;&gt;see this answer.&lt;/a&gt;&lt;/p&gt;&#xA;&#xA;&lt;p&gt;Or you could just leave it be. The resource manager will fail to compile anyway with template parameters not satisfying the needed interface.&lt;/p&gt;&#xA;</Body>
</answer>
<answer>
<Body>&lt;p&gt;If you expect all of the types given to you to have &quot;loadFromFile()&quot; method than just use this method in your template. If someone will give you as a template argument &quot;int&quot; it won't compile, which as far as I can understand is OK, this someone is not supposed to do that.&lt;/p&gt;&#xA;&#xA;&lt;p&gt;Just document the interface you expect all the types given to you to have (e.g. &quot;have a loadFromFile() method&quot;).&lt;/p&gt;&#xA;</Body>
</answer>
