<question>
<Title>Error python datetime/time imports... </Title>
<Body>&lt;p&gt;Have error&lt;/p&gt;&#xA;&#xA;&lt;pre&gt;&lt;code&gt;ValueError: time data '2012-03-15 9:45:00 AM' does not match format '%Y-%m-%d %H:%M:%S'&#xA;&lt;/code&gt;&lt;/pre&gt;&#xA;&#xA;&lt;p&gt;How do convert to datetime? The problem is am/pm, the &lt;code&gt;%I:%M:%S%p&lt;/code&gt; isn't working for me. &lt;/p&gt;&#xA;&#xA;&lt;p&gt;I need the date to add it to &lt;code&gt;time.strftime(&quot;%H:%M:%S&quot;, (0,0,0,8,56,0,0,0,0))&lt;/code&gt;&lt;/p&gt;&#xA;&#xA;&lt;p&gt;&lt;strong&gt;Edit Two: trying to use...&lt;/strong&gt;&lt;/p&gt;&#xA;&#xA;&lt;p&gt;**&lt;/p&gt;&#xA;&#xA;&lt;pre&gt;&lt;code&gt;import time&#xA;from time import strftime&#xA;from datetime import date, time, datetime&#xA;&lt;/code&gt;&lt;/pre&gt;&#xA;&#xA;&lt;p&gt;**&#xA;These imports in this order cause a problem with&lt;/p&gt;&#xA;&#xA;&lt;p&gt;start_time= time.time()&lt;/p&gt;&#xA;&#xA;&lt;pre&gt;&lt;code&gt;start_time = time.time()&#xA;AttributeError: type object 'datetime.time' has no attribute 'time'&#xA;&lt;/code&gt;&lt;/pre&gt;&#xA;&#xA;&lt;p&gt;old edits......&lt;/p&gt;&#xA;&#xA;&lt;pre&gt;&lt;code&gt;datetime.combine(y='a date',z= 'a time')&#xA;&lt;/code&gt;&lt;/pre&gt;&#xA;&#xA;&lt;p&gt;y is &lt;code&gt;datetime.date&lt;/code&gt;&#xA;z is &lt;code&gt;datetime.time&lt;/code&gt;&lt;/p&gt;&#xA;&#xA;&lt;p&gt;&lt;code&gt;y=datetime(t.year, t.month, t.day)&lt;/code&gt; this solved. &lt;/p&gt;&#xA;&#xA;&lt;p&gt;gives a problem. &lt;/p&gt;&#xA;&#xA;&lt;p&gt;z is &lt;code&gt;datetime.time&lt;/code&gt;&lt;/p&gt;&#xA;&#xA;&lt;p&gt;&lt;code&gt;datetime.combine(y, datetime.time(18, 54, 32)&lt;/code&gt;)&lt;/p&gt;&#xA;&#xA;&lt;p&gt;error message.............&lt;/p&gt;&#xA;&#xA;&lt;pre&gt;&lt;code&gt;    a =datetime.combine(y, datetime.time(18, 54, 32))&#xA;TypeError: descriptor 'time' requires a 'datetime.datetime' object but received a 'int'&#xA;&lt;/code&gt;&lt;/pre&gt;&#xA;</Body>
<Tags>python,datetime</Tags>
</question>
<answer>
<Body>&lt;p&gt;How about:&lt;/p&gt;&#xA;&#xA;&lt;pre&gt;&lt;code&gt;&amp;gt;&amp;gt;&amp;gt; import datetime&#xA;&amp;gt;&amp;gt;&amp;gt; datetime.datetime.strptime(&quot;2012-03-15 9:45:00 AM&quot;, &quot;%Y-%m-%d %I:%M:%S %p&quot;)&#xA;datetime.datetime(2012, 3, 15, 9, 45)&#xA;&amp;gt;&amp;gt;&amp;gt; datetime.datetime.strptime(&quot;2012-03-15 9:45:00 PM&quot;, &quot;%Y-%m-%d %I:%M:%S %p&quot;)&#xA;datetime.datetime(2012, 3, 15, 21, 45)&#xA;&lt;/code&gt;&lt;/pre&gt;&#xA;</Body>
</answer>
<answer>
<Body>&lt;p&gt;Have a look at dateutil package &lt;a href=&quot;http://pypi.python.org/pypi/python-dateutil&quot; rel=&quot;nofollow&quot;&gt;http://pypi.python.org/pypi/python-dateutil&lt;/a&gt;&lt;/p&gt;&#xA;&#xA;&lt;pre&gt;&lt;code&gt;from dateutil import parser&#xA;date = parser.parse(&quot;2012-03-15 9:45:00 AM&quot;)&#xA;&lt;/code&gt;&lt;/pre&gt;&#xA;</Body>
</answer>
<answer>
<Body>&lt;p&gt;Concerning the update: you have a mess in imports from datetime module. The correct sample is:&lt;/p&gt;&#xA;&#xA;&lt;pre&gt;&lt;code&gt;&amp;gt;&amp;gt;&amp;gt; from datetime import date, time, datetime&#xA;&amp;gt;&amp;gt;&amp;gt; d=date(2012,10,01)&#xA;&amp;gt;&amp;gt;&amp;gt; t=time(10,11,12)&#xA;&amp;gt;&amp;gt;&amp;gt; datetime.combine(d,t)&#xA;datetime.datetime(2012, 10, 1, 10, 11, 12)&#xA;&lt;/code&gt;&lt;/pre&gt;&#xA;</Body>
</answer>
