<question>
<Title>C equivalent to python pickle (object serialization)?</Title>
<Body>&lt;p&gt;What would be the C equivalent to this python code? &#xA;Thanks. &lt;/p&gt;&#xA;&#xA;&lt;pre&gt;&lt;code&gt;data = gather_me_some_data()&#xA;# where data = [ (metic, datapoints), ... ]&#xA;# and datapoints = [ (timestamp, value), ... ]&#xA;&#xA;serialized_data = cPickle.dumps(data, protocol=-1)&#xA;length_prefix = struct.pack(&quot;!L&quot;, len(serialized_data))&#xA;message = length_prefix + serialized_data&#xA;&lt;/code&gt;&lt;/pre&gt;&#xA;</Body>
<Tags>python,c,client,pickle</Tags>
</question>
<answer>
<Body>&lt;p&gt;If you can use C++, there is &lt;a href=&quot;http://www.picklingtools.com/&quot; rel=&quot;nofollow&quot;&gt;the PicklingTools library&lt;/a&gt;&lt;/p&gt;&#xA;</Body>
</answer>
<answer>
<Body>&lt;p&gt;C doesn't supports direct serialization mechanism because in C you can't get type information at run-time. You must yourself inject some type info at run-time and then construct required object by that type info. So define all your possible structs:&lt;/p&gt;&#xA;&#xA;&lt;pre&gt;&lt;code&gt;typedef struct {&#xA;  int myInt;&#xA;  float myFloat;&#xA;  unsigned char myData[MY_DATA_SIZE];&#xA;} MyStruct_1;&#xA;&#xA;typedef struct {&#xA;  unsigned char myUnsignedChar;&#xA;  double myDouble;&#xA;} MyStruct_2;&#xA;&lt;/code&gt;&lt;/pre&gt;&#xA;&#xA;&lt;p&gt;Then define enum which collects info about what structs in total you have:&lt;/p&gt;&#xA;&#xA;&lt;pre&gt;&lt;code&gt;typedef enum {&#xA;  ST_MYSTRUCT_1,&#xA;  ST_MYSTRUCT_2&#xA;} MyStructType;&#xA;&lt;/code&gt;&lt;/pre&gt;&#xA;&#xA;&lt;p&gt;Define helper function which lets to determine any struct size:&lt;/p&gt;&#xA;&#xA;&lt;pre&gt;&lt;code&gt;int GetStructSize(MyStructType structType) {&#xA;      switch (structType) {&#xA;          case ST_MYSTRUCT_1:&#xA;              return sizeof(MyStruct_1);&#xA;          case ST_MYSTRUCT_2:&#xA;              return sizeof(MyStruct_2);&#xA;          default:&#xA;              // OOPS no such struct in our pocket&#xA;              return 0;&#xA;      }&#xA;}&#xA;&lt;/code&gt;&lt;/pre&gt;&#xA;&#xA;&lt;p&gt;Then define serialize function:&lt;/p&gt;&#xA;&#xA;&lt;pre&gt;&lt;code&gt;void BinarySerialize(&#xA;    MyStructType structType,&#xA;    void * structPointer,&#xA;    unsigned char * serializedData) {&#xA;&#xA;  int structSize = GetStructSize(structType);&#xA;&#xA;  if (structSize != 0) {&#xA;    // copy struct metadata to serialized bytes&#xA;    memcpy(serializedData, &amp;amp;structType, sizeof(structType));&#xA;    // copy struct itself&#xA;    memcpy(serializedData+sizeof(structType), structPointer, structSize);&#xA;  }&#xA;}&#xA;&lt;/code&gt;&lt;/pre&gt;&#xA;&#xA;&lt;p&gt;And de-serialization function:&lt;/p&gt;&#xA;&#xA;&lt;pre&gt;&lt;code&gt;void BinaryDeserialize(&#xA;    MyStructType structTypeDestination,&#xA;    void ** structPointer,&#xA;    unsigned char * serializedData)&#xA;{&#xA;    // get source struct type&#xA;    MyStructType structTypeSource;&#xA;    memcpy(&amp;amp;structTypeSource, serializedData, sizeof(structTypeSource));&#xA;&#xA;    // get source struct size&#xA;    int structSize = GetStructSize(structTypeSource);&#xA;&#xA;    if (structTypeSource == structTypeDestination &amp;amp;&amp;amp; structSize != 0) {&#xA;      *structPointer = malloc(structSize);&#xA;      memcpy(*structPointer, serializedData+sizeof(structTypeSource), structSize);&#xA;    }&#xA;}&#xA;&lt;/code&gt;&lt;/pre&gt;&#xA;&#xA;&lt;p&gt;Serialization usage example:&lt;/p&gt;&#xA;&#xA;&lt;pre&gt;&lt;code&gt;MyStruct_2 structInput = {0x69, 0.1};&#xA;MyStruct_1 * structOutput_1 = NULL;&#xA;MyStruct_2 * structOutput_2 = NULL;&#xA;unsigned char testSerializedData[SERIALIZED_DATA_MAX_SIZE] = {0};&#xA;&#xA;// serialize structInput&#xA;BinarySerialize(ST_MYSTRUCT_2, &amp;amp;structInput, testSerializedData);&#xA;// try to de-serialize to something&#xA;BinaryDeserialize(ST_MYSTRUCT_1, &amp;amp;structOutput_1, testSerializedData);&#xA;BinaryDeserialize(ST_MYSTRUCT_2, &amp;amp;structOutput_2, testSerializedData);&#xA;// determine which object was de-serialized&#xA;// (plus you will get code-completion support about object members from IDE)&#xA;if (structOutput_1 != NULL) {&#xA;   // do something with structOutput_1 &#xA;   free(structOutput_1);&#xA;}&#xA;else if (structOutput_2 != NULL) {&#xA;   // do something with structOutput_2&#xA;   free(structOutput_2);&#xA;}&#xA;&lt;/code&gt;&lt;/pre&gt;&#xA;&#xA;&lt;p&gt;I think this is most simple serialization approach in C. But it has some problems:&lt;/p&gt;&#xA;&#xA;&lt;ul&gt;&#xA;&lt;li&gt;struct must not have pointers, because you will never know how much memory one needs to allocate when serializing pointers and from where/how to serialize data into pointers.&lt;/li&gt;&#xA;&lt;li&gt;this example has issues with system endianess - you need to be careful about how  data is stored in memory - in big-endian or little-endian fashion and reverse bytes if needed [when casting &lt;code&gt;char *&lt;/code&gt; to integal type such as &lt;code&gt;enum&lt;/code&gt;] (...or refactor code to be more portable).&lt;/li&gt;&#xA;&lt;/ul&gt;&#xA;</Body>
</answer>
