<question>
<Title>Search HTML line by line with regex in Python</Title>
<Body>&lt;p&gt;I'm attempting to create a dictionary of hours based off of this calendar: &lt;a href=&quot;http://disneyworld.disney.go.com/parks/magic-kingdom/calendar/&quot; rel=&quot;nofollow&quot;&gt;http://disneyworld.disney.go.com/parks/magic-kingdom/calendar/&lt;/a&gt;&lt;/p&gt;&#xA;&#xA;&lt;pre&gt;&lt;code&gt;&amp;lt;td class=&quot;first&quot;&amp;gt; &amp;lt;div class=&quot;dayContainer&quot;&amp;gt;&#xA;      &amp;lt;a href=&quot;/parks/magic-kingdom/calendardayview/?asmbly_day=20120401&quot;&amp;gt; &#xA;         &amp;lt;p class=&quot;day&quot;&amp;gt; 1&#xA;         &amp;lt;/p&amp;gt; &amp;lt;p class=&quot;moreLink&quot;&amp;gt;Park Hours&amp;lt;br /&amp;gt;8:00 AM - 12:00 AM&amp;lt;br /&amp;gt;&amp;lt;br/&amp;gt;Extra Magic Hours&amp;lt;br /&amp;gt;7:00 AM - 8:00 AM&amp;lt;br /&amp;gt;&amp;lt;br/&amp;gt;Extra Magic Hours&amp;lt;br /&amp;gt;12:00 AM - 3:00 AM&amp;lt;br /&amp;gt;&amp;lt;br/&amp;gt;&#xA;         &amp;lt;/p&amp;gt; &#xA;      &amp;lt;/a&amp;gt; &#xA;   &amp;lt;/div&amp;gt;&#xA;&amp;lt;/td&amp;gt; &#xA;&lt;/code&gt;&lt;/pre&gt;&#xA;&#xA;&lt;p&gt;Each of the calendar entries are on a single line, so I figured it would be best to just go through the HTML line by line, and if that line contains hours, add those hours to a dictionary for the corresponding date (some days have multiple hour entries).&lt;/p&gt;&#xA;&#xA;&lt;pre&gt;&lt;code&gt;import urllib&#xA;import re&#xA;source = urllib.urlopen('http://disneyworld.disney.go.com/parks/magic-kingdom/c\&#xA;alendar/')&#xA;page = source.read()&#xA;prkhrs = {}&#xA;&#xA;def main():&#xA;    parsehours()&#xA;&#xA;def parsehours():&#xA;    #look for #:## AM - #:## PM                                                 &#xA;    date = r'201204\d{02}'&#xA;    hours = r'\d:0{2}\s\w{2}\s-\s\d:0{2}\s\w{2}'&#xA;    #go through page line by line                                               &#xA;    for line in page:&#xA;        times = re.findall(hours, line)&#xA;        dates = re.search(date, line)&#xA;        if dates:&#xA;            start = dates.start()&#xA;            end = dates.end()&#xA;            curdate = line[start:end]&#xA;        #if #:## - #:## is found, a date has been found                         &#xA;        if times:&#xA;            #create dictionary from date, stores hours in variable              &#xA;            #extra magic hours(emh) are stored in same format.                  &#xA;            #if entry has 2/3 hour listings, those listings are emh             &#xA;            prkhrs[curdate]['hours'] = times&#xA;    #just print hours for now. will change later                                &#xA;    print prkhrs&#xA;&lt;/code&gt;&lt;/pre&gt;&#xA;&#xA;&lt;p&gt;The problem I encounter is that when I put 'print line' inside the for loop that goes through the page, it prints it out a character at a time, which I'm assuming is what's messing things up.&lt;/p&gt;&#xA;&#xA;&lt;p&gt;Right now, the 'print prkhrs' just prints nothing, but using re.findall for both the dates and the hours prints out the correct times, so I know the regex works. Any suggestions on how I can get it to work?&lt;/p&gt;&#xA;</Body>
<Tags>python,html,regex</Tags>
</question>
<answer>
<Body>&lt;p&gt;Change &lt;code&gt;page = source.read()&lt;/code&gt; to &lt;code&gt;page = source.readlines()&lt;/code&gt;&lt;/p&gt;&#xA;&#xA;&lt;p&gt;&lt;code&gt;source.read()&lt;/code&gt; returns the whole page as one big string. Iterating over a string (as when you do &lt;code&gt;for line in page&lt;/code&gt;) returns one character at a time. Just because your variables are called &lt;code&gt;line&lt;/code&gt; and &lt;code&gt;page&lt;/code&gt; doesn't mean Python knows what you want.&lt;/p&gt;&#xA;&#xA;&lt;p&gt;&lt;code&gt;source.readlines()&lt;/code&gt; returns a list of strings, each of which is a line from the page.&lt;/p&gt;&#xA;</Body>
</answer>
