<question>
<Title>Calculating Catalan Numbers mod prime number</Title>
<Body>&lt;p&gt;The following is the problem description:&lt;/p&gt;&#xA;&#xA;&lt;p&gt;let &lt;code&gt;c[n]&lt;/code&gt; be the catalan number for &lt;code&gt;n&lt;/code&gt; and &lt;code&gt;p&lt;/code&gt; be a large prime eg.&lt;code&gt;1000000007&lt;/code&gt;&lt;/p&gt;&#xA;&#xA;&lt;p&gt;I need to calculate &lt;code&gt;c[n] % p&lt;/code&gt; where &lt;code&gt;n&lt;/code&gt; ranges from &lt;code&gt;{1,2,3,...,1000}&lt;/code&gt;&lt;/p&gt;&#xA;&#xA;&lt;p&gt;The problem which I am having is that on a 32 bit machine you get overflow when you calculate catalan number for such large integer. I am familiar with modulo arithmetic. Also &lt;/p&gt;&#xA;&#xA;&lt;pre&gt;&lt;code&gt;(a.b) % p = ((a % p)(b % p)) % p &#xA;&lt;/code&gt;&lt;/pre&gt;&#xA;&#xA;&lt;p&gt;this formula helps me to get away with the overflow in numerator separately but I have no idea how to deal with denominators.&lt;/p&gt;&#xA;</Body>
<Tags>c++,c,32-bit</Tags>
</question>
<answer>
<Body>&lt;p&gt;What about using a library for big integers? Try googling for it...&lt;/p&gt;&#xA;</Body>
</answer>
<answer>
<Body>&lt;p&gt;For a modulus of 1000000007, avoiding overflow with only 32-bit integers is cumbersome. But any decent C implementation provides 64-bit integers (and any decent C++ implementation does too), so that shouldn't be necessary.&lt;/p&gt;&#xA;&#xA;&lt;p&gt;Then to deal with the denominators, one possibility is, as KerrekSB said in his comment, to calculate the modular inverse of the denominators modulo the prime &lt;code&gt;p = 1000000007&lt;/code&gt;. You can calculate the modular inverse with the &lt;a href=&quot;http://en.wikipedia.org/wiki/Extended_Euclidean_algorithm&quot; rel=&quot;noreferrer&quot;&gt;extended Euclidean algorithm&lt;/a&gt; or, equivalently, the continued fraction expansion of &lt;code&gt;k/p&lt;/code&gt;. Then instead of dividing by &lt;code&gt;k&lt;/code&gt; in the calculation, you multiply by its modular inverse.&lt;/p&gt;&#xA;&#xA;&lt;p&gt;Another option is to use Segner's recurrence relation for the Catalan numbers, which gives a calculation without divisions:&lt;/p&gt;&#xA;&#xA;&lt;pre&gt;&lt;code&gt;C(0) = 1&#xA;         n&#xA;C(n+1) = ∑ C(i)*C(n-i)&#xA;         0&#xA;&lt;/code&gt;&lt;/pre&gt;&#xA;&#xA;&lt;p&gt;Since you only need the Catalan numbers &lt;code&gt;C(k)&lt;/code&gt; for &lt;code&gt;k &amp;lt;= 1000&lt;/code&gt;, you can precalculate them, or quickly calculate them at program startup and store them in a lookup table.&lt;/p&gt;&#xA;&#xA;&lt;hr&gt;&#xA;&#xA;&lt;p&gt;If contrary to expectation no 64-bit integer type is available, you can calculate the modular product by splitting the factors into low and high 16 bits,&lt;/p&gt;&#xA;&#xA;&lt;pre&gt;&lt;code&gt;a = a1 + (a2 &amp;lt;&amp;lt; 16)    // 0 &amp;lt;= a1, a2 &amp;lt; (1 &amp;lt;&amp;lt; 16)&#xA;b = b1 + (b2 &amp;lt;&amp;lt; 16)    // 0 &amp;lt;= b1, b2 &amp;lt; (1 &amp;lt;&amp;lt; 16)&#xA;a*b = a1*b1 + (a1*b2 &amp;lt;&amp;lt; 16) + (a2*b1 &amp;lt;&amp;lt; 16) + (a2*b2 &amp;lt;&amp;lt; 32)&#xA;&lt;/code&gt;&lt;/pre&gt;&#xA;&#xA;&lt;p&gt;To calculate &lt;code&gt;a*b (mod m)&lt;/code&gt; with &lt;code&gt;m &amp;lt;= (1 &amp;lt;&amp;lt; 31)&lt;/code&gt;, reduce each of the four products modulo &lt;code&gt;m&lt;/code&gt;,&lt;/p&gt;&#xA;&#xA;&lt;pre&gt;&lt;code&gt;p1 = (a1*b1) % m;&#xA;p2 = (a1*b2) % m;&#xA;p3 = (a2*b1) % m;&#xA;p4 = (a2*b2) % m;&#xA;&lt;/code&gt;&lt;/pre&gt;&#xA;&#xA;&lt;p&gt;and the simplest way to incorporate the shifts is&lt;/p&gt;&#xA;&#xA;&lt;pre&gt;&lt;code&gt;for(i = 0; i &amp;lt; 16; ++i) {&#xA;    p2 *= 2;&#xA;    if (p2 &amp;gt;= m) p2 -= m;&#xA;}&#xA;&lt;/code&gt;&lt;/pre&gt;&#xA;&#xA;&lt;p&gt;the same for &lt;code&gt;p3&lt;/code&gt; and with 32 iterations for &lt;code&gt;p4&lt;/code&gt;. Then&lt;/p&gt;&#xA;&#xA;&lt;pre&gt;&lt;code&gt;s = p1+p2;&#xA;if (s &amp;gt;= m) s -= m;&#xA;s += p3;&#xA;if (s &amp;gt;= m) s -= m;&#xA;s += p4;&#xA;if (s &amp;gt;= m) s -= m;&#xA;return s;&#xA;&lt;/code&gt;&lt;/pre&gt;&#xA;&#xA;&lt;p&gt;That way is not very fast, but for the few multiplications needed here, it's fast enough. A small speedup should be obtained by reducing the number of shifts; first calculate &lt;code&gt;(p4 &amp;lt;&amp;lt; 16) % m&lt;/code&gt;,&lt;/p&gt;&#xA;&#xA;&lt;pre&gt;&lt;code&gt;for(i = 0; i &amp;lt; 16; ++i) {&#xA;    p4 *= 2;&#xA;    if (p4 &amp;gt;= m) p4 -= m;&#xA;}&#xA;&lt;/code&gt;&lt;/pre&gt;&#xA;&#xA;&lt;p&gt;then all of &lt;code&gt;p2&lt;/code&gt;, &lt;code&gt;p3&lt;/code&gt; and the current value of &lt;code&gt;p4&lt;/code&gt; need to be multiplied with 2&lt;sup&gt;16&lt;/sup&gt; modulo &lt;code&gt;m&lt;/code&gt;,&lt;/p&gt;&#xA;&#xA;&lt;pre&gt;&lt;code&gt;p4 += p3;&#xA;if (p4 &amp;gt;= m) p4 -= m;&#xA;p4 += p2;&#xA;if (p4 &amp;gt;= m) p4 -= m;&#xA;for(i = 0; i &amp;lt; 16; ++i) {&#xA;    p4 *= 2;&#xA;    if (p4 &amp;gt;= m) p4 -= m;&#xA;}&#xA;s = p4+p1;&#xA;if (s &amp;gt;= m) s -= m;&#xA;return s;&#xA;&lt;/code&gt;&lt;/pre&gt;&#xA;</Body>
</answer>
<answer>
<Body>&lt;pre&gt;&lt;code&gt;#include &amp;lt;stdio.h&amp;gt;&#xA;#include &amp;lt;stdlib.h&amp;gt;&#xA;&#xA;/*&#xA;C(n) = (2n)!/(n+1)!n!&#xA;     = (2n)(2n-1)(2n-2)..(n+2)/n!&#xA;*/&#xA;int p = 1000000007;&#xA;&#xA;int gcd(int x, int y){&#xA;    while(y!=0){&#xA;        int wk = x % y;&#xA;        x = y;&#xA;        y = wk;&#xA;    }&#xA;    return x;&#xA;}&#xA;&#xA;int catalanMod(n){&#xA;    long long c = 1LL;&#xA;    int i;&#xA;    int *list,*wk;&#xA;    //make array [(2n),(2n-1),(2n-2)..(n+2)]&#xA;    wk = list = (int*)malloc(sizeof(int)*(n-1));&#xA;    for(i=n+2;i&amp;lt;=2*n;++i){&#xA;        *wk++ = i;&#xA;    }&#xA;    wk=list;&#xA;    //[(2n),(2n-1),(2n-2)..(n+2)] / [1,2,3,..n]&#xA;    //E.g C(10)=[13,17,19,4]&#xA;    for(i=2;i&amp;lt;=n;++i){&#xA;        int j,k,w;&#xA;        for(w=i,j=0;j&amp;lt;n-1;++j){&#xA;            while(1!=(k = gcd(wk[j], w))){&#xA;                wk[j] /= k;&#xA;                w /= k;&#xA;            }&#xA;            if(w == 1) break;&#xA;        }&#xA;    }&#xA;    wk=list;&#xA;    //Multiplication and modulo reduce &#xA;    for(i=0;i&amp;lt;n-1;++i){&#xA;        if(wk[i]==1)continue;&#xA;        c = c * wk[i] % p;&#xA;    }&#xA;    free(list);&#xA;    return c;&#xA;}&#xA;&lt;/code&gt;&lt;/pre&gt;&#xA;</Body>
</answer>
<answer>
<Body>&lt;p&gt;what about if you store the results using dynamic programming and while populating the lookup table, you can use MODULO division at each step. It will take care of the overflow for the 1000 Catalans and also will be faster than BigDecimal/BigInteger.&lt;/p&gt;&#xA;&#xA;&lt;h2&gt;My solution:&lt;/h2&gt;&#xA;&#xA;&lt;pre&gt;&lt;code&gt;public class Catalan {&#xA;&#xA;private static long [] catalan= new long[1001];&#xA;private static final int MOD=1000000007;&#xA;&#xA;public static void main(String[] args) {&#xA;&#xA;    precalc();&#xA;    for (int i=1;i&amp;lt;=1000;i++){&#xA;        System.out.println(&quot;Catalan number for &quot;+i+&quot; is: &quot;+catalan[i]);&#xA;    }&#xA;}&#xA;&#xA;private static void precalc(){&#xA;&#xA;    for (int i=0;i&amp;lt;=1000;i++){&#xA;        if (i==0 || i==1){&#xA;            catalan[i]=1;&#xA;        }&#xA;        else{&#xA;            long sum =0;long left, right;&#xA;            for (int k=1;k&amp;lt;=i;k++){&#xA;                left = catalan[k-1] % MOD;&#xA;                right= catalan[i-k] % MOD;&#xA;                sum =(sum+ (left * right)%MOD)%MOD;&#xA;            }&#xA;            catalan[i]=sum;&#xA;        }&#xA;    }&#xA;&#xA;}&#xA;&#xA;}&#xA;&lt;/code&gt;&lt;/pre&gt;&#xA;</Body>
</answer>
<answer>
<Body>&lt;p&gt;Simply, use the property, (a * b) % mod = (a % mod) * (b % mod)&lt;/p&gt;&#xA;</Body>
</answer>
