<question>
<Title>how to receive the large data using recv()?</Title>
<Body>&lt;p&gt;i developed client server program using c++,so i want to receive more than 500kb  ,   my client message is terminated with &quot;!&quot; ,so i want to receive until my last byte(!) receive ,&#xA;this is my code it doesn't work.what is wrong with it.&lt;/p&gt;&#xA;&#xA;&lt;pre&gt;&lt;code&gt;do&#xA;  {&#xA;  int num = recv(*csock,  buf, bytesLeft,0);&#xA;&#xA;if (num == 0)&#xA;{&#xA;  break;&#xA;}&#xA;else if (num &amp;lt; 0 &amp;amp;&amp;amp; errno != EINTR)&#xA;{&#xA;  fprintf(stderr, &quot;Exit %d\n&quot;, __LINE__);&#xA;  exit(1);&#xA;}&#xA;else if (num &amp;gt; 0)&#xA;{&#xA;  numRd += num;&#xA;  buf += num;&#xA;  bytesLeft -= num;&#xA;  fprintf(stderr, &quot;read %d bytes - remaining = %d\n&quot;, num, bytesLeft);&#xA;}&#xA;&#xA;  }&#xA;&#xA;    while (bytesLeft != 0);&#xA;   fprintf(stderr, &quot;read total of %d bytes\n&quot;, numRd);&#xA;&lt;/code&gt;&lt;/pre&gt;&#xA;</Body>
<Tags>c++,sockets,tcp,client-server,tcpsocket</Tags>
</question>
<answer>
<Body>&lt;p&gt;While I'm not sure exactly what your problem is because of the wording of your question, you generally can't use &lt;code&gt;strcat&lt;/code&gt; to append raw buffers received over the network unless you know specifically they will be NULL-terminated, and even then, that's not really &quot;safe&quot; in the event you get an unexpected data transmission. The assumption with c-strings is that they are NULL-terminated, but a raw network buffer may not be, and using &lt;code&gt;strcat&lt;/code&gt; will cause you to over-run the input buffer should it not be NULL-terminated.  Instead of &lt;code&gt;strcat&lt;/code&gt;, use a known fixed-size buffer of size N bytes for receiving the data into, and increment a temporary pointer through the buffer until you reach the end of the buffer or the end of the packet transmission.  That way you will always read from the network up to N bytes and no more, and prevent buffer over-run situations from occuring.&lt;/p&gt;&#xA;&#xA;&lt;p&gt;For instance, you can do the following (this is not the &lt;em&gt;fastest&lt;/em&gt; or more efficient solution because of all the copying, but it works):&lt;/p&gt;&#xA;&#xA;&lt;pre&gt;&lt;code&gt;unsigned char buf[10000];  //10Kb fixed-size buffer&#xA;unsigned char buffer[MAXRECV];  //temporary buffer&#xA;&#xA;unsigned char* temp_buf = buf;&#xA;unsigned char* end_buf = buf + sizeof(buf);&#xA;&#xA;do&#xA;{       &#xA;    iByteCount = recv(GetSocketId(), buffer,MAXRECV,0);   &#xA;&#xA;    if ( iByteCount &amp;gt; 0 )&#xA;    {&#xA;        //make sure we're not about to go over the end of the buffer&#xA;        if (!((temp_buf + iByteCount) &amp;lt;= end_buf))&#xA;            break;&#xA;&#xA;        fprintf(stderr, &quot;Bytes received: %d\n&quot;,iByteCount);&#xA;        memcpy(temp_buf, buffer, iByteCount);&#xA;        temp_buf += iByteCount;&#xA;    }&#xA;    else if ( iByteCount == 0 )&#xA;    {&#xA;        if(temp_buf != buf)&#xA;        {&#xA;            //do process with received data&#xA;        }&#xA;        else&#xA;        {&#xA;            fprintf(stderr, &quot;receive failed&quot;);&#xA;            break;&#xA;        }&#xA;    }&#xA;    else&#xA;    {&#xA;        fprintf(stderr, &quot;recv failed: &quot;);&#xA;        break;&#xA;    }&#xA;} while(iByteCount &amp;gt; 0 &amp;amp;&amp;amp; temp_ptr &amp;lt; end_buf);  //check for end of buffer&#xA;&lt;/code&gt;&lt;/pre&gt;&#xA;</Body>
</answer>
<answer>
<Body>&lt;p&gt;Do you need all 1MB+ of data in one contiguous byte buffer?  If so, and you stick with that protocol that has a terminating '!' and does not have a header that includes the length, then you ar stuck with memcpy() and realloc() a lot or some other buffer type like std::vector which, really just does the same thing.&lt;/p&gt;&#xA;&#xA;&lt;p&gt;If you don't need all those bytes in one string, you can store them in some other way, eg. a vector of *buffer, and so avoid copying.&lt;/p&gt;&#xA;</Body>
</answer>
<answer>
<Body>&lt;p&gt;Assuming you are using a blocking socket (which is the default mode for sockets), then &lt;code&gt;recv()&lt;/code&gt; will block waiting for the full &lt;code&gt;MAXRECV&lt;/code&gt; number of bytes to arrive.  If the client sends less than that number of bytes, &lt;code&gt;recv()&lt;/code&gt; will block waiting for data that does not arrive.&lt;/p&gt;&#xA;&#xA;&lt;p&gt;To work around that, you need to either:&lt;/p&gt;&#xA;&#xA;&lt;p&gt;1) call &lt;code&gt;recv()&lt;/code&gt; with a 1-byte buffer, calling &lt;code&gt;recv()&lt;/code&gt; until you encounter your &lt;code&gt;!&lt;/code&gt; byte.&lt;/p&gt;&#xA;&#xA;&lt;p&gt;2) call &lt;code&gt;select()&lt;/code&gt; before calling &lt;code&gt;recv()&lt;/code&gt; to detect when the socket actually has data to read, then call &lt;code&gt;ioctlsocket(FIONREAD)&lt;/code&gt; to determine how many bytes can actually be read with &lt;code&gt;recv()&lt;/code&gt; without blocking, then have &lt;code&gt;recv()&lt;/code&gt; read that number of bytes.&lt;/p&gt;&#xA;</Body>
</answer>
