<question>
<Title>Strange usage of std::map constructor</Title>
<Body>&lt;p&gt;I searched for an implementation of std::map runtime ordering and have found this solution:&#xA;&lt;a href=&quot;https://stackoverflow.com/questions/4457679/stl-stdmap-dynamic-ordering&quot;&gt;STL std::map dynamic ordering&lt;/a&gt;&lt;/p&gt;&#xA;&#xA;&lt;p&gt;It is clear for me, but I don't understand, how it can be possible to use OrderingType in the constructor of std::map. std::map has a constructor, which gets a comparator object as an argument. So it is normal from my point of view to use code like this:&lt;/p&gt;&#xA;&#xA;&lt;pre&gt;&lt;code&gt;int main()&#xA;{&#xA;   Ordering&amp;lt;int&amp;gt; test_ordering( ASCENDING );   &#xA;   CUSTOMMAP map1( test_ordering );&#xA;&#xA;   return 0;&#xA;}&#xA;&lt;/code&gt;&lt;/pre&gt;&#xA;&#xA;&lt;p&gt;But code from above mentioned topic also compiles:&lt;/p&gt;&#xA;&#xA;&lt;pre&gt;&lt;code&gt;int main()&#xA;{&#xA;   CUSTOMMAP map1( ASCENDING );&#xA;   //...&#xA;   return 0;&#xA;}&#xA;&lt;/code&gt;&lt;/pre&gt;&#xA;&#xA;&lt;p&gt;I don't understand, why it works: constructor of std::map must not get argument of OrderingType enumeration instead of Ordering class object itself.&lt;/p&gt;&#xA;</Body>
<Tags>c++,stl</Tags>
</question>
<answer>
<Body>&lt;p&gt;If the constructor on &lt;code&gt;Ordering&amp;lt;int&amp;gt;&lt;/code&gt; that takes your enumeration isn't declared as &lt;code&gt;explicit&lt;/code&gt;, then it is considered a &quot;conversion constructor&quot; that can automatically be inserted when the compiler has a need to convert from your enumeration type to the &lt;code&gt;Ordering&amp;lt;int&amp;gt;&lt;/code&gt; type. So the compiler is effectively taking this:&lt;/p&gt;&#xA;&#xA;&lt;pre&gt;&lt;code&gt;CUSTOMMAP map1( ASCENDING );&#xA;&lt;/code&gt;&lt;/pre&gt;&#xA;&#xA;&lt;p&gt;and transforming it into this:&lt;/p&gt;&#xA;&#xA;&lt;pre&gt;&lt;code&gt;CUSTOMMAP map1( Ordering&amp;lt;int&amp;gt;(ASCENDING) );&#xA;&lt;/code&gt;&lt;/pre&gt;&#xA;&#xA;&lt;p&gt;This is called an &lt;strong&gt;implicit conversion&lt;/strong&gt;.&lt;/p&gt;&#xA;</Body>
</answer>
