<question>
<Title>How do I forward declare a class derived from a forward declared template base class?</Title>
<Body>&lt;p&gt;I am trying to forward declare a class that is derived from a template class that must also be forward declared.&lt;/p&gt;&#xA;&#xA;&lt;p&gt;Here is an example of the classes:&lt;/p&gt;&#xA;&#xA;&lt;pre&gt;&lt;code&gt;class TType {&#xA;public:&#xA;    TType() { }&#xA;};&#xA;&#xA;template&amp;lt;typename T&amp;gt;&#xA;class Base {&#xA;public:&#xA;    Base() { }&#xA;};&#xA;&#xA;class Derived : public Base&amp;lt;TType&amp;gt; {&#xA;public:&#xA;    Derived() { }&#xA;};&#xA;&lt;/code&gt;&lt;/pre&gt;&#xA;&#xA;&lt;p&gt;Here is a failed guess at what I need:&lt;/p&gt;&#xA;&#xA;&lt;pre&gt;&lt;code&gt;class TType;&#xA;template&amp;lt;typename T&amp;gt; class Base;&#xA;class Derived : public Base&amp;lt;TType&amp;gt;;  // This fails&#xA;Derived* pDerived;&#xA;&lt;/code&gt;&lt;/pre&gt;&#xA;</Body>
<Tags>c++,class,templates,forward,derived</Tags>
</question>
<answer>
<Body>&lt;p&gt;Just forward declare the class name:&lt;/p&gt;&#xA;&#xA;&lt;pre&gt;&lt;code&gt;class Derived;&#xA;&lt;/code&gt;&lt;/pre&gt;&#xA;&#xA;&lt;p&gt;You can't include any more information about a class in its declaration; base classes, members, etc. can only be declared in the class definition.&lt;/p&gt;&#xA;&#xA;&lt;p&gt;This forward declaration can be used to do various things, including declaring pointers or references (such as &lt;code&gt;pDerived&lt;/code&gt; in your example), and also declaring functions with &lt;code&gt;Derived&lt;/code&gt; as an argument or return type. If you need to do anything that needs to know the class's size, base classes, or members, then you'll need the full definition.&lt;/p&gt;&#xA;</Body>
</answer>
