<question>
<Title>Qt, QFile write on specific line</Title>
<Body>&lt;p&gt;I've run into another problem in Qt, I can't seem to figure out how to write on a specific line on a text file with &lt;code&gt;QFile&lt;/code&gt;. Instead, everything is erased written at the beginning.&#xA;So with the given information, how would I write to a specific line in &lt;code&gt;QFile&lt;/code&gt;?&lt;/p&gt;&#xA;&#xA;&lt;p&gt;Here are two functions. &lt;/p&gt;&#xA;&#xA;&lt;ol&gt;&#xA;&lt;li&gt;The first function searches a file, and then gets two variables. One that finds the next empty line, one that gets the current ID number. &lt;/li&gt;&#xA;&lt;li&gt;Second function is supposed to write. But I've looked for documentation on what I need, I've googled it and tried many searches to no avail.&lt;/li&gt;&#xA;&lt;/ol&gt;&#xA;&#xA;&lt;p&gt;Function 1&lt;/p&gt;&#xA;&#xA;&lt;hr&gt;&#xA;&#xA;&lt;pre&gt;&lt;code&gt;    QString fileName = &quot;C:\\Users\\Gabe\\SeniorProj\\Students.txt&quot;;&#xA;    QFile mFile(fileName);&#xA;    QTextStream stream(&amp;amp;mFile);&#xA;    QString line;&#xA;&#xA;    int x = 1; //this counts how many lines there are inside the text file&#xA;    QString currentID;&#xA;&#xA;    if(!mFile.open(QFile::ReadOnly | QFile::Text)){&#xA;        qDebug() &amp;lt;&amp;lt; &quot;Could not open file for reading&quot;;&#xA;        return;&#xA;    }&#xA;&#xA;    do {&#xA;        line = stream.readLine();&#xA;        QStringList parts = line.split(&quot;;&quot;, QString::KeepEmptyParts);&#xA;&#xA;        if (parts.length() == 3) {&#xA;            QString id        = parts[0];&#xA;            QString firstName = parts[1];&#xA;            QString lastName  = parts[2];&#xA;&#xA;            x++; //this counts how many lines there are inside the text file&#xA;            currentID = parts[0];//current ID number&#xA;        }&#xA;    }while (!line.isNull());&#xA;&#xA;    mFile.flush();&#xA;    mFile.close();&#xA;&#xA;    Write(x, currentID); //calls function to operate on file&#xA;&#xA;}&#xA;&lt;/code&gt;&lt;/pre&gt;&#xA;&#xA;&lt;p&gt;The function above reads the file, which looks like this.&lt;/p&gt;&#xA;&#xA;&lt;pre&gt;&lt;code&gt;1001;James;Bark&#xA;1002;Jeremy;Parker&#xA;1003;Seinfeld;Parker&#xA;1004;Sigfried;FonStein&#xA;1005;Rabbun;Hassan&#xA;1006;Jenniffer;Jones&#xA;1007;Agent;Smith&#xA;1008;Mister;Anderson&#xA;&lt;/code&gt;&lt;/pre&gt;&#xA;&#xA;&lt;p&gt;And the function gets two bits of information that I figured I might need. I'm not too familiar with &lt;code&gt;QFile&lt;/code&gt; and searching, but I thought that I'd need these variables:&lt;/p&gt;&#xA;&#xA;&lt;pre&gt;&lt;code&gt;int x;  //This becomes 9 at the end of the search.&#xA;QString currentID; //This becomes 1008 at the end of the search.&#xA;&lt;/code&gt;&lt;/pre&gt;&#xA;&#xA;&lt;p&gt;So I passed in those variables to the next function, at the end of function 1. &lt;code&gt;Write(x, currentID);&lt;/code&gt;&lt;/p&gt;&#xA;&#xA;&lt;p&gt;Function 2&lt;/p&gt;&#xA;&#xA;&lt;hr&gt;&#xA;&#xA;&lt;pre&gt;&lt;code&gt;void StudentAddClass::Write(int currentLine, QString idNum){&#xA;&#xA;    QString fileName = &quot;C:\\Users\\Gabe\\SeniorProj\\Students.txt&quot;;&#xA;    QFile mFile(fileName);&#xA;    QTextStream stream(&amp;amp;mFile);&#xA;    QString line;&#xA;&#xA;    if(!mFile.open(QFile::WriteOnly | QFile::Text)){&#xA;        qDebug() &amp;lt;&amp;lt; &quot;Could not open file for writing&quot;;&#xA;        return;&#xA;    }&#xA;&#xA;    QTextStream out(&amp;amp;mFile);&#xA;    out &amp;lt;&amp;lt; &quot;HelloWorld&quot;;&#xA;}&#xA;&lt;/code&gt;&lt;/pre&gt;&#xA;&#xA;&lt;p&gt;I've left out any attempts at fixing the problem myself, all this function does is replace all the contents of the text file with &quot;HelloWorld&quot;. &lt;/p&gt;&#xA;&#xA;&lt;p&gt;Does anyone know how to write on a specific line, or at least go to the end of the file and then write?&lt;/p&gt;&#xA;</Body>
<Tags>c++,qt,qfile</Tags>
</question>
<answer>
<Body>&lt;p&gt;If the line you want to insert into the file is always the last line (as the function 1 suggest) you can try to open the file in append mode using QIODevice::Append in your Write method.&lt;/p&gt;&#xA;&#xA;&lt;p&gt;If you want to insert a line in the middle of the file, I suppose an easy way is to use a temp file (or, if it is possible, to load the lines into a QList, insert the line and write the list back to the file)&lt;/p&gt;&#xA;</Body>
</answer>
<answer>
<Body>&lt;pre&gt;&lt;code&gt;    QString fileName = &quot;student.txt&quot;;&#xA;    QFile mFile(fileName);&#xA;&#xA;    if(!mFile.open(QFile::Append | QFile::Text)){&#xA;        qDebug() &amp;lt;&amp;lt; &quot;Could not open file for writing&quot;;&#xA;        return 0;&#xA;    }&#xA;&#xA;    QTextStream out(&amp;amp;mFile);&#xA;    out &amp;lt;&amp;lt; &quot;The magic number is: &quot; &amp;lt;&amp;lt; 4 &amp;lt;&amp;lt; &quot;\n&quot;;&#xA;&#xA;    mFile.close();&#xA;&lt;/code&gt;&lt;/pre&gt;&#xA;&#xA;&lt;p&gt;The above code snippet will append the text &quot;The magic number is: 4&quot; , at the end of the file.&lt;/p&gt;&#xA;</Body>
</answer>
