<question>
<Title>returning a constant reference</Title>
<Body>&lt;p&gt;I am studying C++ now. I am trying to study it from &lt;a href=&quot;http://newdata.box.sk/bx/c/index.htm&quot; rel=&quot;nofollow&quot;&gt;&lt;strong&gt;&lt;em&gt;this link&lt;/em&gt;&lt;/strong&gt;&lt;/a&gt;. Here in the 10th chapter, when I study about operator overloading, in an example program &quot;*this&quot; is returned as a constant reference. &lt;a href=&quot;http://newdata.box.sk/bx/c/htm/ch10.htm#Heading38&quot; rel=&quot;nofollow&quot;&gt;&lt;strong&gt;&lt;em&gt;Here it is&lt;/em&gt;&lt;/strong&gt;&lt;/a&gt;&lt;/p&gt;&#xA;&#xA;&lt;p&gt;Here in this program we are dereferencing the current object using &quot;*this&quot; and returning the value means the current Counter object as constant reference.&lt;/p&gt;&#xA;&#xA;&lt;p&gt;So when I do like this:&lt;/p&gt;&#xA;&#xA;&lt;pre&gt;&lt;code&gt;Counter a = ++i;&#xA;&lt;/code&gt;&lt;/pre&gt;&#xA;&#xA;&lt;p&gt;is the current object assigned to a constant reference and the value of the constant reference is copied to the new object created using default copy constructor ?&lt;/p&gt;&#xA;</Body>
<Tags>c++,operator-overloading</Tags>
</question>
<answer>
<Body>&lt;p&gt;well, actually this class has a operator++ functions that works for both ++var or var++.&lt;/p&gt;&#xA;&#xA;&lt;pre&gt;&lt;code&gt;26:    const Counter&amp;amp; Counter::operator++()&#xA;27:    {&#xA;28:       ++itsVal;&#xA;29:       return *this;&#xA;30:    }&#xA;&lt;/code&gt;&lt;/pre&gt;&#xA;&#xA;&lt;p&gt;And since i is an object we can do this assignment for sure.&#xA;So in this case, as we can see here:&lt;/p&gt;&#xA;&#xA;&lt;pre&gt;&lt;code&gt;Counter a = ++i;&#xA;&lt;/code&gt;&lt;/pre&gt;&#xA;&#xA;&lt;p&gt;We`re just assigning an incremented-object to another of the same type (Counter).&lt;/p&gt;&#xA;&#xA;&lt;p&gt;Did that answer your question? If not, i&lt;code&gt;m sorry, i think i didn&lt;/code&gt;t get your problem.&lt;/p&gt;&#xA;</Body>
</answer>
<answer>
<Body>&lt;p&gt;When you write&lt;/p&gt;&#xA;&#xA;&lt;pre&gt;&lt;code&gt;Counter a = ++i;&#xA;&lt;/code&gt;&lt;/pre&gt;&#xA;&#xA;&lt;p&gt;You're simply copying from the &lt;code&gt;const Counter &amp;amp;&lt;/code&gt; being returned from the function. What you're doing is equivalent to (from the point of view of &lt;code&gt;a&lt;/code&gt;):&lt;/p&gt;&#xA;&#xA;&lt;pre&gt;&lt;code&gt;const Counter &amp;amp; ref = ++i;&#xA;Counter a = ref;&#xA;&lt;/code&gt;&lt;/pre&gt;&#xA;&#xA;&lt;p&gt;As long as you define &lt;code&gt;a&lt;/code&gt; to be a &lt;code&gt;Counter&lt;/code&gt; object, it will be created as a brand new &lt;code&gt;Counter&lt;/code&gt; object (Or you will get a compiler error if the copy-constructor is not accessible).&lt;/p&gt;&#xA;</Body>
</answer>
<answer>
<Body>&lt;p&gt;The case you mention is really straightforward.&lt;/p&gt;&#xA;&#xA;&lt;pre&gt;&lt;code&gt;Counter a = ++i;&#xA;&lt;/code&gt;&lt;/pre&gt;&#xA;&#xA;&lt;p&gt;will be translated to the same as...&lt;/p&gt;&#xA;&#xA;&lt;pre&gt;&lt;code&gt;++i;&#xA;Counter a = i;&#xA;&lt;/code&gt;&lt;/pre&gt;&#xA;&#xA;&lt;p&gt;References et.c. are not involved at all...&lt;/p&gt;&#xA;</Body>
</answer>
