<question>
<Title>C++ Operator Overload Error</Title>
<Body>&lt;p&gt;I'm trying to create my own version of an array called a safearray, to test my knowledge of operator overloading and creating proper class's and such.&lt;/p&gt;&#xA;&#xA;&lt;p&gt;I'm encountering two errors.&lt;/p&gt;&#xA;&#xA;&lt;p&gt;SafeArray.h:11:15: error: ‘const int SafeArray::operator’ cannot be overloaded&lt;/p&gt;&#xA;&#xA;&lt;p&gt;SafeArray.h:10:10: error: with ‘int&amp;amp; SafeArray::operator’&lt;/p&gt;&#xA;&#xA;&lt;p&gt;My code is split between three files.&lt;/p&gt;&#xA;&#xA;&lt;p&gt;Main.cpp&lt;/p&gt;&#xA;&#xA;&lt;pre&gt;&lt;code&gt;#include &amp;lt;cstdlib&amp;gt;&#xA;#include &amp;lt;iostream&amp;gt;&#xA;&#xA;#include &quot;SafeArray.h&quot;&#xA;&#xA;using namespace std;&#xA;&#xA;int main(int argc, char** argv) {&#xA;&#xA;    SafeArray a(10); // 10 integer elements&#xA;&#xA;    for (int i = 0; i &amp;lt; a.length(); i++) {&#xA;        cout &amp;lt;&amp;lt; i &amp;lt;&amp;lt; &quot; &quot; &amp;lt;&amp;lt; a[i] &amp;lt;&amp;lt; &quot;s&quot; &amp;lt;&amp;lt; endl; // values initialise to 0&#xA;    }&#xA;&#xA;    cout &amp;lt;&amp;lt; endl &amp;lt;&amp;lt; a[1]; // Program exits here.&#xA;&#xA;    a[3] = 42;&#xA;    cout &amp;lt;&amp;lt; a[3];&#xA;    a[10] = 10;&#xA;    cout &amp;lt;&amp;lt; a[10];&#xA;    a[-1] = -1; // out-of-bounds is &quot;safe&quot;?&#xA;&#xA;    SafeArray b(20); // another array&#xA;&#xA;    b = a; // array assignment&#xA;&#xA;    for (int i = 0; i &amp;lt; b.length(); i++) {&#xA;        cout &amp;lt;&amp;lt; b[i] &amp;lt;&amp;lt; endl; // values copied from a&#xA;    }&#xA;&#xA;    return 0;&#xA;}&#xA;&lt;/code&gt;&lt;/pre&gt;&#xA;&#xA;&lt;p&gt;SafeArray.h&lt;/p&gt;&#xA;&#xA;&lt;pre&gt;&lt;code&gt;#ifndef SAFEARRAY_H&#xA;#define SAFEARRAY_H&#xA;&#xA;class SafeArray {&#xA;public:&#xA;    SafeArray(int);              // int variable will be the array size&#xA;    int length();&#xA;    int boundsCheck(int y);       // constructor will call this function&#xA;//    const SafeArray operator= (const SafeArray&amp;amp;);&#xA;    int&amp;amp; operator[] (int y);&#xA;    const int operator [] (const int y); // you need this one too.&#xA;&#xA;    SafeArray &amp;amp;operator=(SafeArray rhs) { &#xA;    std::swap(array, rhs.array);&#xA;    std::swap(length_, rhs.length_);&#xA;        }&#xA;&#xA;    SafeArray(SafeArray const &amp;amp;other);&#xA;    ~SafeArray();&#xA;private:&#xA;    int length_;&#xA;    int *array;&#xA;    //int array[];&#xA;};&#xA;&#xA;#endif  /* SAFEARRAY_H */&#xA;&lt;/code&gt;&lt;/pre&gt;&#xA;&#xA;&lt;p&gt;SafeArray.cpp&lt;/p&gt;&#xA;&#xA;&lt;pre&gt;&lt;code&gt;#include &quot;SafeArray.h&quot;&#xA;#include &amp;lt;iostream&amp;gt;&#xA;&#xA;SafeArray::SafeArray(int x) {&#xA;    length_ = x;&#xA;    array = new int[length];&#xA;    for (int i = 0; i &amp;lt; length_; i++) {&#xA;        array[i] = 0;&#xA;    }&#xA;}&#xA;&#xA;int SafeArray::length() {&#xA;    return this-&amp;gt;length_;&#xA;}&#xA;&#xA;int SafeArray::boundsCheck(int y) {&#xA;&#xA;}&#xA;&#xA;int&amp;amp; SafeArray::operator[] (int y) {&#xA;    return array[y];&#xA;}&#xA;&#xA;SafeArray::~SafeArray() { &#xA;    delete [] array;&#xA;}&#xA;&#xA;SafeArray::SafeArray(SafeArray const &amp;amp;other) { &#xA;    int *temp = new int[rhs.size_];&#xA;    for (int i=0; i&amp;lt;rhs.size_; i++)&#xA;        temp[i] = rhs.array[i];&#xA;    std::swap(temp, array);&#xA;    delete [] temp;&#xA;    return *this;&#xA;}&#xA;&lt;/code&gt;&lt;/pre&gt;&#xA;</Body>
<Tags>c++</Tags>
</question>
<answer>
<Body>&lt;p&gt;Your class definition isn't valid. &lt;code&gt;int array[]&lt;/code&gt; is an incomplete type, which must not appear as a (non-static) class member. Some compilers accept this as a synonym for &lt;code&gt;int array[0]&lt;/code&gt;, but zero-sized arrays are not valid in C++, either (only in C99).&lt;/p&gt;&#xA;&#xA;&lt;p&gt;In short, you cannot write your code the way you do. You need to learn about dynamic allocation and manage your own memory. Check out how &lt;code&gt;std::vector&lt;/code&gt; is implemented.&lt;/p&gt;&#xA;&#xA;&lt;p&gt;In C++11, I might recommend a &lt;code&gt;std::unique_ptr&amp;lt;int[]&amp;gt; array&lt;/code&gt; as a quick-fix approach, to be initialized as &lt;code&gt;array(new int[x])&lt;/code&gt;.&lt;/p&gt;&#xA;</Body>
</answer>
<answer>
<Body>&lt;p&gt;Actually int array[] is valid, and may appear as a class member.  The following compiles with strict C++11 conformance:&lt;/p&gt;&#xA;&#xA;&lt;pre&gt;&lt;code&gt;class foo &#xA;{&#xA;public:&#xA;    foo() {}&#xA;    int length;&#xA;    int A[];&#xA;};&#xA;&#xA;void ralph()&#xA;{&#xA;    foo *bar = (foo *)new int[ 21 ];&#xA;    bar-&amp;gt;length = 20;&#xA;    bar-&amp;gt;A[0] = 1;&#xA;}&#xA;&lt;/code&gt;&lt;/pre&gt;&#xA;&#xA;&lt;p&gt;This is legal, and has its advantages (occasionally).  Although it is not commonly used.&lt;/p&gt;&#xA;&#xA;&lt;p&gt;However, I suspect that the OP wanted something more along the lines of &lt;/p&gt;&#xA;&#xA;&lt;pre&gt;&lt;code&gt;class SafeArray {&#xA;public:&#xA;    SafeArray(int);              // int variable will be the array size&#xA;    int length();&#xA;    int boundsCheck(int y);       // constructor will call this function&#xA;&#xA;    int&amp;amp; operator[] (int y);&#xA;    const int operator [] (const int y) // you need this one too.&#xA;private:&#xA;    int length_;&#xA;    int *array;&#xA;};&#xA;&lt;/code&gt;&lt;/pre&gt;&#xA;&#xA;&lt;p&gt;along with&lt;/p&gt;&#xA;&#xA;&lt;pre&gt;&lt;code&gt;SafeArray::SafeArray(int x) {&#xA;    length_ = x;&#xA;    array = new int[length];&#xA;    for (int i = 0; i &amp;lt; length_; i++) {&#xA;        array[i] = 0;&#xA;    }&#xA;}&#xA;&lt;/code&gt;&lt;/pre&gt;&#xA;</Body>
</answer>
<answer>
<Body>&lt;p&gt;As @Kerrek already pointed out, your class definition is clearly wrong (shouldn't compile).&lt;/p&gt;&#xA;&#xA;&lt;p&gt;To fix it, you want to change the definition to something like:&lt;/p&gt;&#xA;&#xA;&lt;pre&gt;&lt;code&gt;int *array;&#xA;&lt;/code&gt;&lt;/pre&gt;&#xA;&#xA;&lt;p&gt;Then in your default ctor you could use something like this:&lt;/p&gt;&#xA;&#xA;&lt;pre&gt;&lt;code&gt;SafeArray::SafeArray(unsigned size = 0) &#xA;    : array(new int[size])&#xA;{ &#xA;    for (unsigned i=0; i&amp;lt;size; i++)&#xA;        array[i] = 0;&#xA;}&#xA;&lt;/code&gt;&lt;/pre&gt;&#xA;&#xA;&lt;p&gt;Then, yes, you'll need to write an assignment operator. The usual way is called the copy and swap idiom. You create a copy, then swap the contents of the current one with those of the copy:&lt;/p&gt;&#xA;&#xA;&lt;pre&gt;&lt;code&gt;SafeArray &amp;amp;operator=(SafeArray rhs) { &#xA;    std::swap(array, rhs.array);&#xA;    std::swap(length_, rhs.length_);&#xA;}&#xA;&lt;/code&gt;&lt;/pre&gt;&#xA;&#xA;&lt;p&gt;Along with that, you'll need a copy constructor that makes a copy of the data as well:&lt;/p&gt;&#xA;&#xA;&lt;pre&gt;&lt;code&gt;SafeArray::SafeArray(SafeArray const &amp;amp;other) { &#xA;    int *temp = new int[rhs.size_];&#xA;    for (int i=0; i&amp;lt;rhs.size_; i++)&#xA;        temp[i] = rhs.array[i];&#xA;    std::swap(temp, array);&#xA;    delete [] temp;&#xA;    return *this;&#xA;}&#xA;&lt;/code&gt;&lt;/pre&gt;&#xA;&#xA;&lt;p&gt;Finally, you'll need a destructor to destroy an object and (particularly) delete the memory it holds:&lt;/p&gt;&#xA;&#xA;&lt;pre&gt;&lt;code&gt;SafeArray::~SafeArray() { &#xA;    delete [] array;&#xA;}&#xA;&lt;/code&gt;&lt;/pre&gt;&#xA;&#xA;&lt;p&gt;Then realize that all of that is an ugly mess that will never really work well. In particular, the basic methodology is restricted to an array that's basically fixed in size. As long as you only store &lt;code&gt;int&lt;/code&gt;s, it's fairly easy to overlook the problems, and make a dynamic array that (sort of) works. When/if you want to store some other type, however, you just about need to separate allocating memory from initializing objects in that memory, which means throwing away essentially all the code above, and replacing it with something that:&lt;/p&gt;&#xA;&#xA;&lt;ol&gt;&#xA;&lt;li&gt;keeps track of the array size and allocation size separately&lt;/li&gt;&#xA;&lt;li&gt;allocates memory with &lt;code&gt;::operator new&lt;/code&gt;, an Allocator object, or something else similar&lt;/li&gt;&#xA;&lt;li&gt;uses placement new to initialize objects in the memory when needed.&lt;/li&gt;&#xA;&lt;li&gt;uses explicit destructor calls to destroy the objects&lt;/li&gt;&#xA;&lt;li&gt;uses &lt;code&gt;::operator delete&lt;/code&gt; to release memory&lt;/li&gt;&#xA;&lt;/ol&gt;&#xA;&#xA;&lt;p&gt;and so on. To summarize, &lt;code&gt;std::vector&lt;/code&gt; is &lt;em&gt;not&lt;/em&gt; a trivial piece of work.&lt;/p&gt;&#xA;</Body>
</answer>
<answer>
<Body>&lt;p&gt;The error message refers to these two lines:&lt;/p&gt;&#xA;&#xA;&lt;pre&gt;&lt;code&gt;int&amp;amp; operator[] (int y);&#xA;const int operator [] (const int y); // you need this one too.&#xA;&lt;/code&gt;&lt;/pre&gt;&#xA;&#xA;&lt;p&gt;Your error message says that (int y) and (const int y) are too similar to be two different overloads of the [] operator.  You cannot overload on (int y) and (const int y) because the calls would all be ambiguous.&lt;/p&gt;&#xA;&#xA;&lt;p&gt;You probably meant to return a const int if your SafeArray is const, but return an int&amp;amp; if your SafeArray is not const.  In that case, you declare the second function to apply to const SafeArray, by putting the word const after the parameter list. This is what you should write in SafeArray.h:&lt;/p&gt;&#xA;&#xA;&lt;pre&gt;&lt;code&gt;int&amp;amp; operator[] (int y);&#xA;const int operator [] (int y) const; // you need this one too.&#xA;&lt;/code&gt;&lt;/pre&gt;&#xA;&#xA;&lt;p&gt;You would then have to write both of these functions in SafeArray.cpp:&lt;/p&gt;&#xA;&#xA;&lt;pre&gt;&lt;code&gt;int&amp;amp; SafeArray::operator[] (int y) {&#xA;    return array[y];&#xA;}&#xA;&#xA;const int SafeArray::operator[] (int y) const { // you need this one too.&#xA;    return array[y];&#xA;}&#xA;&lt;/code&gt;&lt;/pre&gt;&#xA;</Body>
</answer>
