<question>
<Title>delete random edges of a node till degree = 1 networkx</Title>
<Body>&lt;p&gt;If I create a bipartite graph G using random geomtric graph where nodes are connected within a radius. I then want to make sure all nodes have a particular degree (i.e. only one or two edges).&#xA;My main aim is to take one of the node sets (i.e node type a) and for each node make sure it has a maximum degree set by me.  So for instance if a take node i that has a degree of 4, delete random edges of node i until its degree is 1. &lt;/p&gt;&#xA;&#xA;&lt;p&gt;I wrote the following code to run in the graph generator after generating edges.  It deletes edges but not until all nodes have the degree of 1.&lt;/p&gt;&#xA;&#xA;&lt;pre&gt;&lt;code&gt;for n in G:&#xA;    mu = du['G.degree(n)']&#xA;    while mu &amp;gt; 1:&#xA;            G.remove_edge(u,v)&#xA;    if mu &amp;lt;=1:&#xA;            break&#xA;return G&#xA;&lt;/code&gt;&lt;/pre&gt;&#xA;&#xA;&lt;p&gt;full function below:&lt;/p&gt;&#xA;&#xA;&lt;pre&gt;&lt;code&gt;import networkx as nx&#xA;import random&#xA;&#xA;def my_bipartite_geom_graph(a, b, radius, dim):&#xA;&#xA;    G=nx.Graph()&#xA;    G.add_nodes_from(range(a+b))&#xA;    for n in range(a):&#xA;        G.node[n]['pos']=[random.random() for i in range(0,dim)]&#xA;        G.node[n]['type'] = 'A'&#xA;&#xA;    for n in range(a, a+b):&#xA;        G.node[n]['pos']=[random.random() for i in range(0,dim)]&#xA;        G.node[n]['type'] = 'B'&#xA;&#xA;    nodesa = [(node, data) for node, data in G.nodes(data=True) if data['type'] == 'A']&#xA;    nodesb = [(node, data) for node, data in G.nodes(data=True) if data['type'] == 'B']&#xA;&#xA;    while nodesa:&#xA;        u,du = nodesa.pop()&#xA;        pu = du['pos']&#xA;        for v,dv in nodesb:&#xA;            pv = dv['pos']&#xA;            d = sum(((a-b)**2 for a,b in zip(pu,pv)))&#xA;            if d &amp;lt;= radius**2:&#xA;                G.add_edge(u,v)&#xA;&#xA;&#xA;    for n in nodesa:&#xA;        mu = du['G.degree(n)']&#xA;        while mu &amp;gt; 1:&#xA;            G.remove_edge(u,v)&#xA;        if mu &amp;lt;=1:&#xA;           break&#xA;    return G&#xA;&lt;/code&gt;&lt;/pre&gt;&#xA;&#xA;&lt;p&gt;Reply to words like jared.  I tried using you code plus a couple changes I had to make:&lt;/p&gt;&#xA;&#xA;&lt;pre&gt;&lt;code&gt;def hamiltPath(graph):&#xA;&#xA;    maxDegree = 2&#xA;    remaining = graph.nodes()&#xA;    newGraph = nx.Graph()&#xA;    while len(remaining) &amp;gt; 0:&#xA;        node = remaining.pop()&#xA;        neighbors = [n for n in graph.neighbors(node) if n in remaining]&#xA;        if len(neighbors) &amp;gt; 0:&#xA;            neighbor = neighbors[0]&#xA;            newGraph.add_edge(node, neighbor)&#xA;            if len(newGraph.neighbors(neighbor)) &amp;gt;= maxDegree:&#xA;                remaining.remove(neighbor)&#xA;&#xA;    return newGraph&#xA;&lt;/code&gt;&lt;/pre&gt;&#xA;&#xA;&lt;p&gt;This ends up removing nodes from the final graph which I had hoped it would not.&lt;/p&gt;&#xA;</Body>
<Tags>python,networkx</Tags>
</question>
<answer>
<Body>&lt;p&gt;Suppose we have a Bipartite graph.  If you want each node to have degree 0, 1 or 2, one way to do this would be the following.  If you want to do a &lt;em&gt;matching&lt;/em&gt;, either look up the algorithm (I don't remember it), or change maxDegree to 1 and I think it should work as a matching instead.  Regardless, let me know if this doesn't do what you want.&lt;/p&gt;&#xA;&#xA;&lt;pre&gt;&lt;code&gt;def hamiltPath(graph):&#xA;    &quot;&quot;&quot;This partitions a bipartite graph into a set of components with each&#xA;    component consisting of a hamiltonian path.&quot;&quot;&quot;&#xA;    # The maximum degree&#xA;    maxDegree = 2&#xA;&#xA;    # Get all the nodes.  We will process each of these.&#xA;    remaining = graph.vertices()&#xA;    # Create a new empty graph to which we will add pairs of nodes.&#xA;    newGraph = Graph()&#xA;    # Loop while there's a remaining vertex.&#xA;    while len(remaining) &amp;gt; 0:&#xA;        # Get the next arbitrary vertex.&#xA;        node = remaining.pop()&#xA;        # Now get its neighbors that are in the remaining set.&#xA;        neighbors = [n for n in graph.neighbors(node) if n in remaining]&#xA;        # If this list of neighbors is non empty, then add (node, neighbors[0])&#xA;        # to the new graph.&#xA;        if len(neighbors) &amp;gt; 0:&#xA;            # If this is not an optimal algorithm, I suspect the selection&#xA;            # a vertex in this indexing step is the crux.  Improve this&#xA;            # selection and the algorthim might be optimized, if it isn't&#xA;            # already (optimized in result not time or space complexity).&#xA;            neighbor = neighbors[0]&#xA;            newGraph.addEdge(node, neighbor)&#xA;            # &quot;node&quot; has already been removed from the remaining vertices.&#xA;            # We need to remove &quot;neighbor&quot; if its degree is too high.&#xA;            if len(newGraph.neighbors(neighbor)) &amp;gt;= maxDegree:&#xA;                remaining.remove(neighbor)&#xA;&#xA;    return newGraph&#xA;&#xA;&#xA;class Graph:&#xA;    &quot;&quot;&quot;A graph that is represented by pairs of vertices.  This was created&#xA;    For conciseness, not efficiency&quot;&quot;&quot;&#xA;&#xA;    def __init__(self):&#xA;        self.graph = set()&#xA;&#xA;    def addEdge(self, a, b):&#xA;        &quot;&quot;&quot;Adds the vertex (a, b) to the graph&quot;&quot;&quot;&#xA;        self.graph = self.graph.union({(a, b)})&#xA;&#xA;    def neighbors(self, node):&#xA;        &quot;&quot;&quot;Returns all of the neighbors of a as a set. This is safe to&#xA;        modify.&quot;&quot;&quot;&#xA;        return (set(a[0] for a in self.graph if a[1] == node).&#xA;                union(&#xA;                set(a[1] for a in self.graph if a[0] == node)&#xA;                ))&#xA;&#xA;    def vertices(self):&#xA;        &quot;&quot;&quot;Returns a set of all of the vertices. This is safe to modify.&quot;&quot;&quot;&#xA;        return (set(a[1] for a in self.graph).&#xA;                union(&#xA;                set(a[0] for a in self.graph)&#xA;                ))&#xA;&#xA;    def __repr__(self):&#xA;        result = &quot;\n&quot;&#xA;        for (a, b) in self.graph:&#xA;            result += str(a) + &quot;,&quot; + str(b) + &quot;\n&quot;&#xA;        # Remove the leading and trailing white space.&#xA;        result = result[1:-1]&#xA;        return result&#xA;&#xA;&#xA;graph = Graph()&#xA;graph.addEdge(&quot;0&quot;, &quot;4&quot;)&#xA;graph.addEdge(&quot;1&quot;, &quot;8&quot;)&#xA;graph.addEdge(&quot;2&quot;, &quot;8&quot;)&#xA;graph.addEdge(&quot;3&quot;, &quot;5&quot;)&#xA;graph.addEdge(&quot;3&quot;, &quot;6&quot;)&#xA;graph.addEdge(&quot;3&quot;, &quot;7&quot;)&#xA;graph.addEdge(&quot;3&quot;, &quot;8&quot;)&#xA;graph.addEdge(&quot;3&quot;, &quot;9&quot;)&#xA;graph.addEdge(&quot;3&quot;, &quot;10&quot;)&#xA;graph.addEdge(&quot;3&quot;, &quot;11&quot;)&#xA;&#xA;&#xA;print(graph)&#xA;print()&#xA;print(hamiltPath(graph))&#xA;# Result of this is:&#xA;# 10,3&#xA;# 1,8&#xA;# 2,8&#xA;# 11,3&#xA;# 0,4&#xA;&lt;/code&gt;&lt;/pre&gt;&#xA;</Body>
</answer>
<answer>
<Body>&lt;p&gt;I don't know if it is your problem but my wtf detector is going crazy when I read those two final blocks:&lt;/p&gt;&#xA;&#xA;&lt;pre&gt;&lt;code&gt;while nodesa:&#xA;     u,du = nodesa.pop()&#xA;     pu = du['pos']&#xA;     for v,dv in nodesb:&#xA;         pv = dv['pos']&#xA;         d = sum(((a-b)**2 for a,b in zip(pu,pv)))&#xA;         if d &amp;lt;= radius**2:&#xA;             G.add_edge(u,v)&#xA;&#xA;for n in nodesa:&#xA;    mu = du['G.degree(n)']&#xA;    while mu &amp;gt; 1:&#xA;        G.remove_edge(u,v)&#xA;    if mu &amp;lt;=1:&#xA;       break&#xA;&lt;/code&gt;&lt;/pre&gt;&#xA;&#xA;&lt;ul&gt;&#xA;&lt;li&gt;you never go inside the for loop, since nodesa needs to be empty to reach it&lt;/li&gt;&#xA;&lt;li&gt;even if nodesa is not empty, if mu is an &lt;code&gt;int&lt;/code&gt;, you have an infinite loop in in your last nested &lt;code&gt;while&lt;/code&gt; since you never modify it.&lt;/li&gt;&#xA;&lt;li&gt;even if you manage to break from this &lt;code&gt;while&lt;/code&gt; statement, then you have &lt;code&gt;mu &amp;gt; 1 == False&lt;/code&gt;. So you immediatly break out of your &lt;code&gt;for&lt;/code&gt; loop&lt;/li&gt;&#xA;&lt;/ul&gt;&#xA;&#xA;&lt;p&gt;Are you sure you are doing what you want here? can you add some comments to explain what is going on in this part?&lt;/p&gt;&#xA;</Body>
</answer>
