<question>
<Title>Reuse define statement from .h file in C# code</Title>
<Body>&lt;p&gt;I have C++ project (VS2005) which includes header file with version number in #define directive. Now I need to include exactly the same number in twin C# project. What is the best way to do it?&lt;/p&gt;&#xA;&#xA;&lt;p&gt;I'm thinking about including this file as a resource, then parse it at a runtime with regex to recover version number, but maybe there's a better way, what do you think?&lt;/p&gt;&#xA;&#xA;&lt;p&gt;I cannot move version outside .h file, also build system depends on it and the C# project is one which should be adapted.&lt;/p&gt;&#xA;</Body>
<Tags>c#,c++,header,c-preprocessor,versioning</Tags>
</question>
<answer>
<Body>&lt;p&gt;MSDN tells us:&lt;/p&gt;&#xA;&#xA;&lt;blockquote&gt;&#xA;  &lt;p&gt;The #define directive cannot be used&#xA;  to declare constant values as is&#xA;  typically done in C and C++. Constants&#xA;  in C# are best defined as static&#xA;  members of a class or struct. If you&#xA;  have several such constants, consider&#xA;  creating a separate &quot;Constants&quot; class&#xA;  to hold them.&lt;/p&gt;&#xA;&lt;/blockquote&gt;&#xA;&#xA;&lt;p&gt;You can create library using managed C++ that includes class - wrapper around your constants. Then you can reference this class from C# project. Just don't forget to use &lt;strong&gt;readonly &amp;lt; type &gt;&lt;/strong&gt; instead of &lt;strong&gt;const &amp;lt; type &gt;&lt;/strong&gt; for your constants declaration :)&lt;/p&gt;&#xA;</Body>
</answer>
<answer>
<Body>&lt;p&gt;You could always use the pre-build event to run the C preprocessor on the .cs file and the post build event to undo the pre-build step. The preprocessor is just a text-substitution system, so this is possible:&lt;/p&gt;&#xA;&#xA;&lt;pre&gt;&lt;code&gt;// version header file&#xA;#define Version &quot;1.01&quot;&#xA;&#xA;// C# code&#xA;#include &quot;version.h&quot;&#xA;// somewhere in a class&#xA;string version = Version;&#xA;&lt;/code&gt;&lt;/pre&gt;&#xA;&#xA;&lt;p&gt;and the preprocessor will generate:&lt;/p&gt;&#xA;&#xA;&lt;pre&gt;&lt;code&gt;// C# code&#xA;// somewhere in a class&#xA;string version = &quot;1.01&quot;;&#xA;&lt;/code&gt;&lt;/pre&gt;&#xA;</Body>
</answer>
<answer>
<Body>&lt;p&gt;You can achieve what you want in just a few steps:&lt;/p&gt;&#xA;&#xA;&lt;ol&gt;&#xA;&lt;li&gt;Create a MSBuild Task - &lt;a href=&quot;http://msdn.microsoft.com/en-us/library/t9883dzc.aspx&quot; rel=&quot;nofollow noreferrer&quot;&gt;http://msdn.microsoft.com/en-us/library/t9883dzc.aspx&lt;/a&gt;&lt;/li&gt;&#xA;&lt;li&gt;Update the project file to include a call to the task created prior to build&lt;/li&gt;&#xA;&lt;/ol&gt;&#xA;&#xA;&lt;p&gt;The task receives a parameter with the location of the header .h file you referred. It then extracts the version and put that version in a C# placeholder file you previously have created. Or you can think using AssemblyInfo.cs that normally holds versions if that is ok for you.&lt;/p&gt;&#xA;&#xA;&lt;p&gt;If you need extra information please feel free to comment.&lt;/p&gt;&#xA;</Body>
</answer>
<answer>
<Body>&lt;p&gt;You can write simple C++/C utility that include this .h file and dynamically create file that can be used in C#.&lt;br&gt;&#xA;This utility can be run as a part of C# project as a pre-build stage.&lt;br&gt;&#xA;This way you are always sync with the original file. &lt;/p&gt;&#xA;</Body>
</answer>
<answer>
<Body>&lt;p&gt;I wrote a python script that converts #define FOO &quot;bar&quot; into something usable in C# and I'm using it in a pre-build step in my C# project.   It works.  &lt;/p&gt;&#xA;&#xA;&lt;pre&gt;&lt;code&gt;# translate the #defines in messages.h file into consts in MessagesDotH.cs&#xA;&#xA;import re&#xA;import os&#xA;import stat&#xA;&#xA;def convert_h_to_cs(fin, fout):&#xA;    for line in fin:&#xA;        m = re.match(r&quot;^#define (.*) \&quot;(.*)\&quot;&quot;, line)&#xA;        if m != None:&#xA;            if m.group() != None:&#xA;                fout.write( &quot;public const string &quot; \&#xA;                + m.group(1) \&#xA;                + &quot; = \&quot;&quot; \&#xA;                + m.group(2) \&#xA;                + &quot;\&quot;;\n&quot; )&#xA;        if re.match(r&quot;^//&quot;, line) != None:&#xA;            fout.write(line)&#xA;&#xA;fin = open ('..\common_cpp\messages.h')&#xA;fout = open ('..\user_setup\MessagesDotH.cs.tmp','w')&#xA;&#xA;fout.write( 'using System;\n' )&#xA;fout.write( 'namespace xrisk { class MessagesDotH {\n' )&#xA;&#xA;convert_h_to_cs(fin, fout)&#xA;&#xA;fout.write( '}}' )&#xA;&#xA;fout.close()&#xA;&#xA;s1 = open('..\user_setup\MessagesDotH.cs.tmp').read()&#xA;&#xA;s2 = open('..\user_setup\MessagesDotH.cs').read()&#xA;&#xA;if s1 != s2:&#xA;    os.chmod('..\user_setup\MessagesDotH.cs', stat.S_IWRITE)&#xA;    print 'deleting old MessagesDotH.cs'&#xA;    os.remove('..\user_setup\MessagesDotH.cs')&#xA;    print 'remaming tmp to MessagesDotH.cs'&#xA;    os.rename('..\user_setup\MessagesDotH.cs.tmp','..\user_setup\MessagesDotH.cs')&#xA;else:&#xA;    print 'no differences.  using same MessagesDotH.cs'&#xA;&lt;/code&gt;&lt;/pre&gt;&#xA;</Body>
</answer>
<answer>
<Body>&lt;p&gt;I would consider using a .tt file to process the .h and turn it into a .cs file. Its very easy and the source files will then be part of your C# solution (meaning they will be refreshed as the .h file changes), can be clicked on to open in the editor, etc. &lt;/p&gt;&#xA;&#xA;&lt;p&gt;If you've only got 1 #define it might be a little overkill, but if you have a file full of them (eg a mfc resource.h file perhaps) then this solution becomes a big win.&lt;/p&gt;&#xA;&#xA;&lt;p&gt;eg: create a file, DefineConverter.tt and add it to your project, change the marked line to refer to your .h file, and you'll get a new class in your project full of static const entries. (note the input file is relative to your project file, set hostspecific=false if you want absolute paths).&lt;/p&gt;&#xA;&#xA;&lt;pre&gt;&lt;code&gt;&amp;lt;#@ template language=&quot;C#v3.5&quot; hostspecific=&quot;True&quot; debug=&quot;True&quot; #&amp;gt;&#xA;&amp;lt;#@ output extension=&quot;cs&quot; #&amp;gt;&#xA;&amp;lt;#@ assembly name=&quot;System.Core.dll&quot; #&amp;gt;&#xA;&amp;lt;#@ import namespace=&quot;System&quot; #&amp;gt;&#xA;&amp;lt;#@ import namespace=&quot;System.Collections.Generic&quot; #&amp;gt;&#xA;&amp;lt;#@ import namespace=&quot;System.IO&quot; #&amp;gt;&#xA;&#xA;&amp;lt;#&#xA;string input_file = this.Host.ResolvePath(&quot;resource.h&quot;);             &amp;lt;---- change this&#xA;StreamReader defines = new StreamReader(input_file);&#xA;#&amp;gt;&#xA;//------------------------------------------------------------------------------&#xA;//     This code was generated by template for T4&#xA;//     Generated at &amp;lt;#=DateTime.Now#&amp;gt;&#xA;//------------------------------------------------------------------------------&#xA;&#xA;namespace Constants&#xA;{&#xA;    public class &amp;lt;#=System.IO.Path.GetFileNameWithoutExtension(input_file)#&amp;gt;&#xA;    {&#xA;&amp;lt;#&#xA;    // constants definitions&#xA;&#xA;    while (defines.Peek() &amp;gt;= 0)&#xA;    {&#xA;        string def = defines.ReadLine();&#xA;        string[] parts;&#xA;        if (def.Length &amp;gt; 3 &amp;amp;&amp;amp; def.StartsWith(&quot;#define&quot;))&#xA;        {&#xA;            parts = def.Split(null as char[], StringSplitOptions.RemoveEmptyEntries);&#xA;            try {&#xA;                Int32 numval = Convert.ToInt32(parts[2]);&#xA;                #&amp;gt;&#xA;        public static const int &amp;lt;#=parts[1]#&amp;gt; = &amp;lt;#=parts[2]#&amp;gt;;&#xA;&amp;lt;#&#xA;            }&#xA;            catch (FormatException e) {&#xA;            #&amp;gt;&#xA;        public static const string &amp;lt;#=parts[1]#&amp;gt; = &quot;&amp;lt;#=parts[2]#&amp;gt;&quot;;&#xA;&amp;lt;#&#xA;            }&#xA;        }&#xA;    } #&amp;gt; &#xA;    }&#xA;}&#xA;&lt;/code&gt;&lt;/pre&gt;&#xA;</Body>
</answer>
<answer>
<Body>&lt;p&gt;Building on gbjbaanb's solution, I created a .tt file that finds all .h files in a specific directory and rolls them into a .cs file with multiple classes.&lt;/p&gt;&#xA;&#xA;&lt;p&gt;Differences&lt;/p&gt;&#xA;&#xA;&lt;ul&gt;&#xA;&lt;li&gt;I added support for doubles&lt;/li&gt;&#xA;&lt;li&gt;Switched from try-catch to TryParse&lt;/li&gt;&#xA;&lt;li&gt;Reads multiple .h files&lt;/li&gt;&#xA;&lt;li&gt;Uses 'readonly' instead of 'const'&lt;/li&gt;&#xA;&lt;li&gt;Trims #define lines that end in &lt;strong&gt;;&lt;/strong&gt;&lt;/li&gt;&#xA;&lt;li&gt;Namespace is set based on .tt location in project&lt;/li&gt;&#xA;&lt;/ul&gt;&#xA;&#xA;&lt;hr&gt;&#xA;&#xA;&lt;pre&gt;&lt;code&gt;&amp;lt;#@ template language=&quot;C#&quot; hostspecific=&quot;True&quot; debug=&quot;True&quot; #&amp;gt;&#xA;&amp;lt;#@ output extension=&quot;cs&quot; #&amp;gt;&#xA;&amp;lt;#@ assembly name=&quot;System.Core.dll&quot; #&amp;gt;&#xA;&amp;lt;#@ import namespace=&quot;System&quot; #&amp;gt;&#xA;&amp;lt;#@ import namespace=&quot;System.Collections.Generic&quot; #&amp;gt;&#xA;&amp;lt;#@ import namespace=&quot;System.IO&quot; #&amp;gt;&#xA;&amp;lt;#&#xA;string hPath = Host.ResolveAssemblyReference(&quot;$(ProjectDir)&quot;) + &quot;ProgramData\\DeltaTau\\&quot;;  &#xA;string[] hFiles = System.IO.Directory.GetFiles(hPath, &quot;*.h&quot;, System.IO.SearchOption.AllDirectories);&#xA;var namespaceName = System.Runtime.Remoting.Messaging.CallContext.LogicalGetData(&quot;NamespaceHint&quot;);&#xA;#&amp;gt;&#xA;//------------------------------------------------------------------------------&#xA;//     This code was generated by template for T4&#xA;//     Generated at &amp;lt;#=DateTime.Now#&amp;gt;&#xA;//------------------------------------------------------------------------------&#xA;&#xA;namespace &amp;lt;#=namespaceName#&amp;gt;&#xA;{&#xA;&amp;lt;#foreach (string input_file in hFiles)&#xA;{&#xA;StreamReader defines = new StreamReader(input_file);&#xA;#&amp;gt;&#xA;    public class &amp;lt;#=System.IO.Path.GetFileNameWithoutExtension(input_file)#&amp;gt;&#xA;    {&#xA;&amp;lt;#    // constants definitions&#xA;&#xA;    while (defines.Peek() &amp;gt;= 0)&#xA;    {&#xA;        string def = defines.ReadLine();&#xA;        string[] parts;&#xA;        if (def.Length &amp;gt; 3 &amp;amp;&amp;amp; def.StartsWith(&quot;#define&quot;))&#xA;        {&#xA;            def = def.TrimEnd(';');&#xA;            parts = def.Split(null as char[], StringSplitOptions.RemoveEmptyEntries);&#xA;            Int32 intVal;&#xA;            double dblVal;&#xA;            if (Int32.TryParse(parts[2], out intVal))&#xA;            {&#xA;            #&amp;gt;&#xA;        public static readonly int &amp;lt;#=parts[1]#&amp;gt; = &amp;lt;#=parts[2]#&amp;gt;;           &#xA;&amp;lt;#&#xA;            }&#xA;            else if (Double.TryParse(parts[2], out dblVal))&#xA;            {&#xA;            #&amp;gt;&#xA;        public static readonly double &amp;lt;#=parts[1]#&amp;gt; = &amp;lt;#=parts[2]#&amp;gt;;            &#xA;&amp;lt;#&#xA;            }&#xA;            else&#xA;            {&#xA;            #&amp;gt;&#xA;        public static readonly string &amp;lt;#=parts[1]#&amp;gt; = &quot;&amp;lt;#=parts[2]#&amp;gt;&quot;;&#xA;&amp;lt;#          &#xA;            }&#xA;        }&#xA;    } #&amp;gt;&#xA;    }&#xA;&amp;lt;#}#&amp;gt;     &#xA;}&#xA;&lt;/code&gt;&lt;/pre&gt;&#xA;</Body>
</answer>
