<question>
<Title>Program doesn't run, just restarts</Title>
<Body>&lt;p&gt;I just wrote a program to calculate employee's pay rates.  To me, the program looks just fine, but when I try to run it I get a restart, and it doesn't run.  I've tried restarting the Python GUI, but no luck.  Here is the program:&lt;/p&gt;&#xA;&#xA;&lt;pre&gt;&lt;code&gt;def get_info():&#xA;    hours = int(input(&quot;How many hours did you work this week?&quot;, ))&#xA;    while hours &amp;lt; 8 or hours &amp;gt; 86:&#xA;        print('Error ---- you must work at least 8 hours and no more than 86 hours')&#xA;        hours = int(input('Please enter your hours worked again:', ))&#xA;    print()&#xA;    rate = float(input(&quot;Please enter your pay rate: $&quot;, ))&#xA;    while rate &amp;lt; 7.00 or rate &amp;gt; 50.00:&#xA;        print(&quot;Error ---- pay rate cannot be less than $7.00 or greater than $50.00&quot;)&#xA;        rate = float(input(&quot;Please re-enter your pay rate: $&quot;, ))&#xA;&#xA;    return hours, rate&#xA;&#xA;def calc_hours(num):&#xA;    if num &amp;lt; 40:&#xA;        reg_hours = num&#xA;        overtime = 0&#xA;    else:&#xA;        reg_hours = 40&#xA;        overtime = num - 40&#xA;&#xA;    return reg_hours, overtime&#xA;&#xA;def calc_pay(num1, num2, pay_rate):&#xA;    regular_pay = num1 * pay_rate&#xA;    overtime_pay = num2 * (pay_rate * 1.5)&#xA;    total_pay = regular_pay + overtime_pay&#xA;&#xA;    return regular_pay, overtime_pay, total_pay&#xA;&#xA;def main():&#xA;    get_info()&#xA;    calc_hours(hours)&#xA;    cal_pay(reg_hours, overtime, rate)&#xA;&#xA;    print ()&#xA;    print (&quot;                     Payroll Information&quot;)&#xA;    print ()&#xA;    print (&quot;Pay Rate&quot;, format(rate, '14.2f'))&#xA;    print (&quot;Regular Hours&quot;, format(reg_hours, '10.2f'))&#xA;    print (&quot;Overtime Hours&quot;, format(overtime, '10.2f'))&#xA;    print (&quot;Regular Pay&quot;, format(regular_pay, '10.2f'))&#xA;    print (&quot;Overtime Pay&quot;, format(overtime_pay, '10.2f'))&#xA;    print (&quot;Total Pay&quot;, format(total_pay, '10.2f'))&#xA;&lt;/code&gt;&lt;/pre&gt;&#xA;&#xA;&lt;p&gt;Yes, the chart is gonna be wonky.  I haven't been able to run it successfully so that it'll come out smoothly. &lt;/p&gt;&#xA;</Body>
<Tags>python,restart</Tags>
</question>
<answer>
<Body>&lt;pre&gt;&lt;code&gt;hours, rate = get_info()&#xA;reg_hours, overtime = calc_hours(hours)&#xA;regular_pay, overtime_pay, total_pay = calc_pay(reg_hours, overtime, rate)&#xA;&#xA;print ()&#xA;print (&quot;                     Payroll Information&quot;)&#xA;print ()&#xA;print (&quot;Pay Rate&quot;, format(rate, '14.2f'))&#xA;print (&quot;Regular Hours&quot;, format(reg_hours, '10.2f'))&#xA;print (&quot;Overtime Hours&quot;, format(overtime, '10.2f'))&#xA;print (&quot;Regular Pay&quot;, format(regular_pay, '10.2f'))&#xA;print (&quot;Overtime Pay&quot;, format(overtime_pay, '10.2f'))&#xA;print (&quot;Total Pay&quot;, format(total_pay, '10.2f'))&#xA;&lt;/code&gt;&lt;/pre&gt;&#xA;&#xA;&lt;p&gt;First, take a look at your &lt;code&gt;main():&lt;/code&gt;. You called your &lt;code&gt;get_info()&lt;/code&gt; function, when the function finish, it return &lt;code&gt;hours, rate&lt;/code&gt;, but you did not do store the result. (which is your &lt;code&gt;hours&lt;/code&gt;, &lt;code&gt;rate&lt;/code&gt;) again, and so do the next two lines. When you call your methods, it return the answers, you have to store them to a variable.&lt;/p&gt;&#xA;&#xA;&lt;p&gt;These are the 3 lines of changes&lt;/p&gt;&#xA;&#xA;&lt;pre&gt;&lt;code&gt;hours, rate = get_info()&#xA;reg_hours, overtime = calc_hours(hours)&#xA;regular_pay, overtime_pay, total_pay = calc_pay(reg_hours, overtime, rate)&#xA;&lt;/code&gt;&lt;/pre&gt;&#xA;&#xA;&lt;p&gt;Lastly, there is a typo &lt;code&gt;calc_pay&lt;/code&gt; instead of &lt;code&gt;cal_pay&lt;/code&gt; of what you write. So fixing that will make your program work, here is the output.&lt;/p&gt;&#xA;&#xA;&lt;p&gt;&lt;strong&gt;Output&lt;/strong&gt;&lt;/p&gt;&#xA;&#xA;&lt;pre&gt;&lt;code&gt;How many hours did you work this week?8&#xA;&#xA;Please enter your pay rate: $20&#xA;&#xA;                     Payroll Information&#xA;&#xA;Pay Rate          20.00&#xA;Regular Hours       8.00&#xA;Overtime Hours       0.00&#xA;Regular Pay     160.00&#xA;Overtime Pay       0.00&#xA;Total Pay     160.00&#xA;&lt;/code&gt;&lt;/pre&gt;&#xA;&#xA;&lt;p&gt;And let me explain to you what these assignment statement did. The form is like this:&#xA;&lt;code&gt;variable = expression&lt;/code&gt;&lt;/p&gt;&#xA;&#xA;&lt;ol&gt;&#xA;&lt;li&gt;The expression on the RHS is being evaluated (The value is a memory address)&lt;/li&gt;&#xA;&lt;li&gt;Storing the memory address in the variable on the LHS&lt;/li&gt;&#xA;&lt;/ol&gt;&#xA;&#xA;&lt;p&gt;A link you might found helpful to read: &lt;a href=&quot;http://docs.python.org/tutorial/controlflow.html#defining-functions&quot; rel=&quot;nofollow&quot;&gt;Defining Functions&lt;/a&gt;&lt;/p&gt;&#xA;&#xA;&lt;p&gt;In case you want to fix your chat, here is how to do it.&lt;/p&gt;&#xA;&#xA;&lt;pre&gt;&lt;code&gt;pattern = '{0:15s}    {1:4.2f}'&#xA;print(pattern.format('Pay Rate', rate))&#xA;print(pattern.format('Regular Hours', reg_hours))&#xA;print(pattern.format('Overtime Hours', overtime))&#xA;print(pattern.format('Regular Pay', regular_pay))&#xA;print(pattern.format('Overtime Pay', overtime_pay))&#xA;print(pattern.format('Total Pay', total_pay))&#xA;&lt;/code&gt;&lt;/pre&gt;&#xA;&#xA;&lt;p&gt;Output:&lt;/p&gt;&#xA;&#xA;&lt;pre&gt;&lt;code&gt;Pay Rate           20.00&#xA;Regular Hours      20.00&#xA;Overtime Hours     0.00&#xA;Regular Pay        400.00&#xA;Overtime Pay       0.00&#xA;Total Pay          400.00&#xA;&lt;/code&gt;&lt;/pre&gt;&#xA;&#xA;&lt;p&gt;Explanation:&lt;/p&gt;&#xA;&#xA;&lt;pre&gt;&lt;code&gt;pattern = '{0:15s}    {1:4.2f}'&#xA;# 0 mean the blank should be filled with the first argument, &#xA;# the colon(:) specifies the formatting of the string / number.&#xA;# s means to format a string, 15s means the string will be padded with spaces&#xA;# so it will take up exactly 15 spaces, without the number, s just mean&#xA;# use the string without any space padding&#xA;# d means format an integer, 4d mean the integer will be padded with space&#xA;# so it takes up exactly 4 spaces. f means float, and .2 mean 2 decimal point.&#xA;&lt;/code&gt;&lt;/pre&gt;&#xA;</Body>
</answer>
