<question>
<Title>When I compile my program for Debugging the Lua runs fine but why I compile it for release I get a c0000005 error</Title>
<Body>&lt;p&gt;I'm using LUA for a SDL project. I downloaded the precompiled LIB and DLL file from here (http://sourceforge.net/projects/luabinaries/files/5.2/Windows%20Libraries/Dynamic/) (lua-5.2_Win32_dll10_lib.zip) and have incorporated it into my project. When I build a debug build the application runs 100% fine. When I set it to release mode and press the Play button in Visual Studio it also runs fine. &lt;/p&gt;&#xA;&#xA;&lt;p&gt;BUT if I run the Release file by doubling clicking it in the folder I get the error c0000005 with the lua52.dll.&lt;/p&gt;&#xA;&#xA;&lt;p&gt;I'm running MicroSoft Visual C++ 2010 Express.&lt;/p&gt;&#xA;&#xA;&lt;p&gt;I went through deleting lines till it started working and the lines that causes the error are.&lt;/p&gt;&#xA;&#xA;&lt;pre&gt;&lt;code&gt;void aiBrainmanager::run(string holdData){&#xA;&#xA;int errfunc = 0;&#xA;int s;&#xA;int s = luaL_loadstring(L, holdData.c_str());&#xA;&#xA;if ( s==0 ) {&#xA;    s = lua_pcall(L, 0, LUA_MULTRET, errfunc);&#xA;}&#xA;if (errfunc !=0) {&#xA;&#xA;}&#xA;if (s !=0) {&#xA;&#xA;    aiBrainmanager::target-&amp;gt;stopWorking();&#xA;}&#xA;&#xA;&#xA;}&#xA;&lt;/code&gt;&lt;/pre&gt;&#xA;&#xA;&lt;p&gt;Any idea what setting is wrong or how to fix it.&lt;/p&gt;&#xA;</Body>
<Tags>c++,visual-studio-2010,lua</Tags>
</question>
<answer>
<Body>&lt;p&gt;0xc0000005 is a memory violation. The fact that it works in debug, means a number possible things.&lt;/p&gt;&#xA;&#xA;&lt;ol&gt;&#xA;&lt;li&gt;Memory is not being initialised or set correctly (in debug it's initialed to 0) so string are terminated for example.&lt;/li&gt;&#xA;&lt;li&gt;Memory requirements are larger than th buffers allow (in debug it could be padded).&lt;/li&gt;&#xA;&lt;li&gt;You code is doing something different in debug than compile (#if etc.)&lt;/li&gt;&#xA;&lt;/ol&gt;&#xA;&#xA;&lt;p&gt;Looking at your code I would look at: &lt;/p&gt;&#xA;&#xA;&lt;p&gt;Why are you checking for error and then not doing anything?????&lt;/p&gt;&#xA;&#xA;&lt;pre&gt;&lt;code&gt;if (errfunc !=0) { &#xA; // What happens in here??????&#xA;} &#xA;&lt;/code&gt;&lt;/pre&gt;&#xA;&#xA;&lt;blockquote&gt;&#xA;  &lt;p&gt;The &lt;a href=&quot;http://pgl.yoyo.org/luai/i/lua_pcall&quot; rel=&quot;nofollow&quot;&gt;lua_pcall function&lt;/a&gt; returns 0 in case of success or one of the&#xA;  following error codes (defined in lua.h): &lt;/p&gt;&#xA;  &#xA;  &lt;ul&gt;&#xA;  &lt;li&gt;&lt;p&gt;LUA_ERRRUN: a runtime error. &lt;/p&gt;&lt;/li&gt;&#xA;  &lt;li&gt;&lt;p&gt;LUA_ERRMEM: memory allocation error. For such errors, Lua does not    call the error handler function. &lt;/p&gt;&lt;/li&gt;&#xA;  &lt;li&gt;&lt;p&gt;LUA_ERRERR: error while running the error handler function&lt;/p&gt;&lt;/li&gt;&#xA;  &lt;/ul&gt;&#xA;&lt;/blockquote&gt;&#xA;&#xA;&lt;p&gt;I think you'll find you're getting a &lt;strong&gt;LUA_ERRMEM&lt;/strong&gt;&lt;/p&gt;&#xA;</Body>
</answer>
