<question>
<Title>C++ linked-list traversal</Title>
<Body>&lt;p&gt;Our instructor has shown has several examples of functions that process linked lists (Show All Items, Delete At, Insert As Head, Insert As Tail..)&lt;/p&gt;&#xA;&#xA;&lt;p&gt;Now, in those example I noticed that he was using different approaches of traversal.&#xA;In some instances he would use &lt;/p&gt;&#xA;&#xA;&lt;pre&gt;&lt;code&gt;while(head !=0)&#xA;{&#xA;    head=head-&amp;gt;link;&#xA;}&#xA;&lt;/code&gt;&lt;/pre&gt;&#xA;&#xA;&lt;p&gt;In other instances he uses to move from node to node.&lt;/p&gt;&#xA;&#xA;&lt;pre&gt;&lt;code&gt;while(head-&amp;gt;link !=0)&#xA;{&#xA;    head=head-&amp;gt;link;&#xA;}&#xA;&lt;/code&gt;&lt;/pre&gt;&#xA;&#xA;&lt;p&gt;This is confusing to me. Is there a reason to use one over the other for certain operations  ?&lt;/p&gt;&#xA;</Body>
<Tags>c++,linked-list</Tags>
</question>
<answer>
<Body>&lt;p&gt;The second variant will cause a segfault if &lt;code&gt;head&lt;/code&gt; is initially &lt;code&gt;NULL&lt;/code&gt;.&lt;/p&gt;&#xA;&#xA;&lt;p&gt;Other than that, the first variant will iterate &lt;code&gt;N&lt;/code&gt; times (where &lt;code&gt;N&lt;/code&gt; is the number of items in the list).  The second variant will only iterate &lt;code&gt;N-1&lt;/code&gt; times.&lt;/p&gt;&#xA;</Body>
</answer>
<answer>
<Body>&lt;p&gt;The first variant will leave &quot;head&quot; pointing to a &quot;null&quot; value after traversal.  The second variant assumes head must be pointing to a good (non-NULL) head value to start with, and will leave head pointing to an element with a null &lt;code&gt;link&lt;/code&gt;.  Thus the second variant is useful for finding the final element of the list, and the first variant is useful for counting the number of items in the list.&lt;/p&gt;&#xA;</Body>
</answer>
<answer>
<Body>&lt;p&gt;In the first case, he is covering the case where the list might be initially empty (head = nil).  You would normally do any processing internal to the loop before the &lt;/p&gt;&#xA;&#xA;&lt;pre&gt;&lt;code&gt; head = head-&amp;gt;link &#xA;&lt;/code&gt;&lt;/pre&gt;&#xA;&#xA;&lt;p&gt;line.&lt;/p&gt;&#xA;&#xA;&lt;p&gt;In the second case, presumably he knows the list is not initially empty.  In this case you would normally do any processing after the &lt;/p&gt;&#xA;&#xA;&lt;pre&gt;&lt;code&gt; head = head-&amp;gt;link &#xA;&lt;/code&gt;&lt;/pre&gt;&#xA;&#xA;&lt;p&gt;line, although you could, if there was a reason, do some before as well.  Of course it is also possible that this is not a conscious decision, since professors are people too ;-)&lt;/p&gt;&#xA;</Body>
</answer>
<answer>
<Body>&lt;p&gt;The second example has two problems actually.  Use the first, always.&lt;/p&gt;&#xA;&#xA;&lt;p&gt;The first problem is as Oli Charlesworth said, in that it will cause a null pointer dereference (segmentation fault) if the loop is entered with head being NULL.&lt;/p&gt;&#xA;&#xA;&lt;p&gt;The second problem is that any code between the top of the loop and the &lt;code&gt;head=head-&amp;gt;link;&lt;/code&gt; statement will not occur on the last node in the linked list.  So if this update statement is at the end of the loop (that's the usual way of doing things), then the last node will be completely bypassed.  So if your code was this:&lt;/p&gt;&#xA;&#xA;&lt;pre&gt;&lt;code&gt;while(head-&amp;gt;link !=0)&#xA;{&#xA;    dostufftoNode(head);&#xA;    head=head-&amp;gt;link;&#xA;}&#xA;&lt;/code&gt;&lt;/pre&gt;&#xA;&#xA;&lt;p&gt;Then the dostufftoNode() function would be called for every node EXCEPT the last one.&lt;/p&gt;&#xA;</Body>
</answer>
<answer>
<Body>&lt;pre&gt;&lt;code&gt;while(head !=0)&#xA;{&#xA;    head=head-&amp;gt;link;&#xA;}&#xA;&lt;/code&gt;&lt;/pre&gt;&#xA;&#xA;&lt;p&gt;This will&lt;/p&gt;&#xA;&#xA;&lt;ol&gt;&#xA;&lt;li&gt;check if head is not null&lt;/li&gt;&#xA;&lt;li&gt;set head to head-&gt;link&lt;/li&gt;&#xA;&lt;li&gt;go to one&lt;/li&gt;&#xA;&lt;/ol&gt;&#xA;&#xA;&lt;p&gt;this will iterate a total of n times&lt;/p&gt;&#xA;&#xA;&lt;pre&gt;&lt;code&gt;while(head-&amp;gt;link !=0)&#xA;{&#xA;    head=head-&amp;gt;link;&#xA;}&#xA;&lt;/code&gt;&lt;/pre&gt;&#xA;&#xA;&lt;p&gt;This will&lt;/p&gt;&#xA;&#xA;&lt;ol&gt;&#xA;&lt;li&gt;check if head-&gt;link is not null&lt;/li&gt;&#xA;&lt;li&gt;set head to head-&gt;link&lt;/li&gt;&#xA;&lt;li&gt;go to one&lt;/li&gt;&#xA;&lt;/ol&gt;&#xA;&#xA;&lt;p&gt;this will iterate a total of n-1 times&lt;/p&gt;&#xA;</Body>
</answer>
