<question>
<Title>Find a number not in a set</Title>
<Body>&lt;p&gt;I'm trying to find a reasonably efficient way of getting any single integer not in a set.  So for example, if I have &lt;code&gt;numbers={1, 4, 9}&lt;/code&gt;, then a valid result would be &lt;code&gt;3&lt;/code&gt;.  I can do it like this:&lt;/p&gt;&#xA;&#xA;&lt;pre&gt;&lt;code&gt;n = random.randint(-100, 100)&#xA;if n not in numbers:&#xA;    return n&#xA;&lt;/code&gt;&lt;/pre&gt;&#xA;&#xA;&lt;p&gt;But I don't want to be constrained to an arbitrary range (e.g. -100 -&gt; 100) since I have no idea how large the set will be.  The other option would be to iterate over every integer, but that would be terribly inefficient.&lt;/p&gt;&#xA;&#xA;&lt;p&gt;Does anyone have any suggestions about a better way of doing this?&lt;/p&gt;&#xA;&#xA;&lt;p&gt;&lt;strong&gt;Edit:&lt;/strong&gt; Because of the number of questions about exactly what I'm trying to do, I'm updating this question to explain some of the background.&lt;/p&gt;&#xA;&#xA;&lt;p&gt;What I am actually trying to achieve is a mapping something like this: &lt;code&gt;{a: 1, b: 2, c: 1}&lt;/code&gt; where &lt;code&gt;a&lt;/code&gt;, &lt;code&gt;b&lt;/code&gt; and &lt;code&gt;c&lt;/code&gt; are object instances.  The values in this unique for a group, so I can tell that &lt;code&gt;a&lt;/code&gt; and &lt;code&gt;c&lt;/code&gt; are in group 1 and &lt;code&gt;b&lt;/code&gt; is in group 2.  The actual number is irrelevant, it's just a unique key for the group and doesn't relate to anything outside this structure. The actual structure is a database table whith two fields, both of which are indexed so that I can quickly find out, for example, what else is in the same group as &lt;code&gt;a&lt;/code&gt;.&lt;/p&gt;&#xA;&#xA;&lt;p&gt;Now what I need the unique number for, is when I want to add a group.  This doesn't happen very often so it doesn't have to be incredibly efficient, but since the amount of data can get quite large I need to keep the number of iterations down.  I realise that there are a few simple ways of doing this to with acceptable limitations, e.g. using &lt;code&gt;randint&lt;/code&gt; with a large range (e.g. 1e6), or possibly even using a database function.  But since I've been thinking about this it's become a matter of interest to find a neat solution for populating the values without hardcoded limits. Obviously memory limitations (e.g. the max size of an integer) still apply.&lt;/p&gt;&#xA;</Body>
<Tags>python,random,python-3.x,integer</Tags>
</question>
<answer>
<Body>&lt;p&gt;what about &lt;code&gt;max(numbers)+1&lt;/code&gt; ??&lt;/p&gt;&#xA;</Body>
</answer>
<answer>
<Body>&lt;pre&gt;&lt;code&gt;def numnotinset(myset):&#xA;  i = min(myset)&#xA;  while True:&#xA;    i += 1&#xA;    if not i in myset:&#xA;      return i  &#xA;&lt;/code&gt;&lt;/pre&gt;&#xA;</Body>
</answer>
<answer>
<Body>&lt;blockquote&gt;&#xA;  &lt;p&gt;any single integer not in a set&lt;/p&gt;&#xA;&lt;/blockquote&gt;&#xA;&#xA;&lt;p&gt;But there's an infinite number of integer values, so there's an infinite number of integer values not in a finite set. Unless you're talking about integer within a finite range (e.g. 16 bits).&lt;/p&gt;&#xA;&#xA;&lt;p&gt;The most efficient solution will depend on the how complete the set of integers is - if it's sparse then picking a number at random is likely to return one not in the set more often. If there are few gaps, then an optimised search will be more efficient. Both of these depend on having a sorted list of the set.&lt;/p&gt;&#xA;&#xA;&lt;p&gt;Looking at the search method, it's possible to speed up the search by partitioning the data: calculate the mean M of the lowest and highest index of numbers in the list, if dataset[M]&amp;lt;(M-dataset[0]) then there's a gap, otherwise check if dataset[last]&amp;lt;(dataset[0]+last) in which case there's a gap in the second half, repeat the process for the half of the data which has a gap. &lt;/p&gt;&#xA;</Body>
</answer>
<answer>
<Body>&lt;p&gt;Not fully sure exactly what you need&lt;/p&gt;&#xA;&#xA;&lt;pre&gt;&lt;code&gt;&amp;gt;&amp;gt;&amp;gt; numbers = {1, 4, 9}&#xA;&amp;gt;&amp;gt;&amp;gt; from itertools import count&#xA;&amp;gt;&amp;gt;&amp;gt; next(x for x in count() if x not in numbers)&#xA;0&#xA;&lt;/code&gt;&lt;/pre&gt;&#xA;</Body>
</answer>
<answer>
<Body>&lt;p&gt;&lt;em&gt;No, it can be any number. I'm basically trying to generate keys to use in a dictionary.&lt;/em&gt;&lt;/p&gt;&#xA;&#xA;&lt;p&gt;Sounding like an &lt;a href=&quot;http://mywiki.wooledge.org/XyProblem&quot; rel=&quot;nofollow&quot;&gt;XY Problem&lt;/a&gt;.&lt;/p&gt;&#xA;&#xA;&lt;p&gt;Why are you keying a dictionary with random numbers? Should you even be using a dictionary?&lt;/p&gt;&#xA;&#xA;&lt;p&gt;If you need a number index, for a dictionary, the easiest way to do it is to record the last key given out and then when you need another one, increment this number and use it.&lt;/p&gt;&#xA;&#xA;&lt;p&gt;You ignore the issue of missing indexes resulting from deletions and/or occasionally renumber.&lt;/p&gt;&#xA;</Body>
</answer>
