<question>
<Title>Boost serialization problem</Title>
<Body>&lt;p&gt;i have situation like this: &lt;/p&gt;&#xA;&#xA;&lt;pre&gt;&lt;code&gt;class IData &#xA;{&#xA;  virtual void get() = 0;&#xA;  virtual void set() = 0;&#xA;}&#xA;BOOST_ASSUME_IS_ABSTRACT(IData)&#xA;BOOST_EXPORT_CLASS(IData)&#xA;&#xA;template&amp;lt;typename T&amp;gt;&#xA;class ConcreteData : public IData&#xA;{&#xA;public:&#xA;&#xA;protected:&#xA; template&amp;lt;typename Archive&amp;gt;&#xA; void serialize(Archive&amp;amp; ar, const unsigned version)&#xA; {&#xA;   ar &amp;amp; data;&#xA; }&#xA;private:&#xA; std::vector&amp;lt;T&amp;gt; mData;&#xA;}&#xA;BOOST_EXPORT_CLASS(ConcreteData&amp;lt;float&amp;gt;)&#xA;BOOST_EXPORT_CLASS(ConcreteData&amp;lt;int&amp;gt;)&#xA;BOOST_EXPORT_CLASS(ConcreteData&amp;lt;double&amp;gt;)&#xA;&lt;/code&gt;&lt;/pre&gt;&#xA;&#xA;&lt;p&gt;i want to serialize and deserialize &quot;IData&quot; instances via boost serialization but it seems not working. Has anyone done this before or do you have any suggestions.by the way i am usin VS 2005.&lt;/p&gt;&#xA;</Body>
<Tags>c++,exception,templates,boost-serialization</Tags>
</question>
<answer>
<Body>&lt;p&gt;Try using &lt;code&gt;BOOST&amp;#95;CLASS&amp;#95;EXPORT&amp;#95;GUID&lt;/code&gt; instead:&lt;/p&gt;&#xA;&#xA;&lt;pre&gt;&lt;code&gt;BOOST_CLASS_EXPORT_GUID(ConcreteData&amp;lt;float&amp;gt;, &quot;ConcreteData&amp;lt;float&amp;gt;&quot;)&#xA;BOOST_CLASS_EXPORT_GUID(ConcreteData&amp;lt;int&amp;gt;, &quot;ConcreteData&amp;lt;int&amp;gt;&quot;)&lt;/code&gt;&lt;/pre&gt;&#xA;</Body>
</answer>
<answer>
<Body>&lt;p&gt;In case your class lives in a namespace, don't forget to add the namespace:&lt;/p&gt;&#xA;&#xA;&lt;pre&gt;&lt;code&gt;BOOST_CLASS_EXPORT_GUID(NameSpace::ConcreteData&amp;lt;float&amp;gt;, &quot;NameSpace::ConcreteData&amp;lt;float&amp;gt;&quot;)&#xA;BOOST_CLASS_EXPORT_GUID(NameSpace::ConcreteData&amp;lt;int&amp;gt;, &quot;NameSpace::ConcreteData&amp;lt;int&amp;gt;&quot;)&#xA;&lt;/code&gt;&lt;/pre&gt;&#xA;</Body>
</answer>
