<question>
<Title>Why should one use std::string over c-style strings in C++?</Title>
<Body>&lt;p&gt;&quot;One should always use &lt;strong&gt;&lt;a href=&quot;http://www.cplusplus.com/reference/string/string/&quot;&gt;std::string&lt;/a&gt;&lt;/strong&gt; over c-style strings(&lt;code&gt;char *&lt;/code&gt;)&quot; is advice that comes up for almost every source code posted here. While the advice is no doubt good, the actual questions being addressed do not permit to elaborate on the &lt;strong&gt;why?&lt;/strong&gt; aspect of the advice in detail. This question is to serve as a placeholder for the same.          &lt;/p&gt;&#xA;&#xA;&lt;p&gt;A good answer should cover the following aspects(in detail):    &lt;/p&gt;&#xA;&#xA;&lt;ol&gt;&#xA;&lt;li&gt;Why should one use &lt;code&gt;std::string&lt;/code&gt; over c-style strings in C++? &lt;/li&gt;&#xA;&lt;li&gt;What are the disadvantages (if any) of the practice mentioned in &lt;code&gt;#1&lt;/code&gt;? &lt;/li&gt;&#xA;&lt;li&gt;What are the scenarios where the opposite of the advice mentioned in &lt;code&gt;#1&lt;/code&gt; is a good practice? &lt;/li&gt;&#xA;&lt;/ol&gt;&#xA;</Body>
<Tags>c++,string,c-strings</Tags>
</question>
<answer>
<Body>&lt;ol&gt;&#xA;&lt;li&gt;std::string manages its own memory, so you can copy, create, destroy them easily.&lt;/li&gt;&#xA;&lt;li&gt;You can't use your own buffer as a std::string.&lt;/li&gt;&#xA;&lt;li&gt;You need to pass a c string / buffer to something that expects to take ownership of the buffer - such as a 3rd party C library.&lt;/li&gt;&#xA;&lt;/ol&gt;&#xA;</Body>
</answer>
<answer>
<Body>&lt;p&gt;Well, if you &lt;em&gt;just&lt;/em&gt; need an array of chars, std::string provides little advantage. But face it, how often is that the case? By wrapping a char array with additional functionality like std::string does, you gain both power and efficiency for some operations.&lt;/p&gt;&#xA;&#xA;&lt;p&gt;For example, determining the length of an array of characters requires &quot;counting&quot; the characters in the array. In contrast, an std::string provides an efficient operation for this particular task. (see &lt;a href=&quot;https://stackoverflow.com/a/1467497/129622&quot;&gt;https://stackoverflow.com/a/1467497/129622&lt;/a&gt;)&lt;/p&gt;&#xA;&#xA;&lt;ol&gt;&#xA;&lt;li&gt;For power, efficiency and sanity&lt;/li&gt;&#xA;&lt;li&gt;Larger memory footprint than &quot;just&quot; a char array&lt;/li&gt;&#xA;&lt;li&gt;When you &lt;em&gt;just&lt;/em&gt; need an array of chars&lt;/li&gt;&#xA;&lt;/ol&gt;&#xA;</Body>
</answer>
<answer>
<Body>&lt;p&gt;3) The advice &lt;em&gt;always&lt;/em&gt; use &lt;code&gt;string&lt;/code&gt; of course must be taken with a pinch of common sense. String literals are &lt;code&gt;const char[]&lt;/code&gt;, and if you pass a literal to a function that takes a &lt;code&gt;const char*&lt;/code&gt; (for example &lt;code&gt;std::ifstream::open()&lt;/code&gt;) there's absolutely no point wrapping it in &lt;code&gt;std::string&lt;/code&gt;.&lt;/p&gt;&#xA;</Body>
</answer>
<answer>
<Body>&lt;p&gt;In general you should always use std::string, since it is less bug prone. Be aware, that memory overhead of std::string is significant. Recently I've performed some experiments about std::string overhead. In general it is about 48 bytes! The article is here: &lt;a href=&quot;http://jovislab.com/blog/?p=76&quot; rel=&quot;nofollow&quot;&gt;http://jovislab.com/blog/?p=76&lt;/a&gt;.&lt;/p&gt;&#xA;</Body>
</answer>
<answer>
<Body>&lt;p&gt;A char* is basically a pointer to a character. What C does is frequently makes this pointer point to the first character in an array.&lt;/p&gt;&#xA;&#xA;&lt;p&gt;An std::string is a class that is much like a vector. Internally, it handles the storage of an array of characters, and gives the user several member functions to manipulate said stored array as well as several overloaded operators.&lt;/p&gt;&#xA;&#xA;&lt;p&gt;Reasons to use a char* over an std::string:&lt;/p&gt;&#xA;&#xA;&lt;pre&gt;&lt;code&gt;C backwards-compatibility.&#xA;Performance (potentially).&#xA;char*s have lower-level access.&#xA;&lt;/code&gt;&lt;/pre&gt;&#xA;&#xA;&lt;p&gt;Reasons to use an std::string over a char*:&lt;/p&gt;&#xA;&#xA;&lt;pre&gt;&lt;code&gt;Much more intuitive to use.&#xA;Better searching, replacement, and manipulation functions.&#xA;Reduced risk of segmentation faults.&#xA;&lt;/code&gt;&lt;/pre&gt;&#xA;&#xA;&lt;p&gt;Example : &lt;/p&gt;&#xA;&#xA;&lt;p&gt;char* must be used in conjuction with either a char array, or with a dynamically allocated char array. After all, a pointer is worthless unless it actually points to something. This is mainly used in C programs:&lt;/p&gt;&#xA;&#xA;&lt;pre&gt;&lt;code&gt;char somebuffer[100] = &quot;a string&quot;;&#xA;char* ptr = somebuffer;  // ptr now points to somebuffer&#xA;cout &amp;lt;&amp;lt; ptr; // prints &quot;a string&quot;&#xA;somebuffer[0] = 'b';  // change somebuffer&#xA;cout &amp;lt;&amp;lt; ptr;  // prints &quot;b string&quot; &#xA;&lt;/code&gt;&lt;/pre&gt;&#xA;&#xA;&lt;p&gt;notice that when you change 'somebuffer', 'ptr' also changes. This is because somebuffer is the actual string in this case. ptr just points/refers to it.&lt;/p&gt;&#xA;&#xA;&lt;p&gt;With std::string it's less weird:&lt;/p&gt;&#xA;&#xA;&lt;pre&gt;&lt;code&gt;std::string a = &quot;a string&quot;;&#xA;std::string b = a;&#xA;cout &amp;lt;&amp;lt; b;  // prints &quot;a string&quot;&#xA;a[0] = 'b';  // change 'a'&#xA;cout &amp;lt;&amp;lt; b;  // prints &quot;a string&quot; (not &quot;b string&quot;) &#xA;&lt;/code&gt;&lt;/pre&gt;&#xA;&#xA;&lt;p&gt;Here, you can see that changing 'a' does not affect 'b', because 'b' is the actual string.&lt;/p&gt;&#xA;&#xA;&lt;p&gt;But really, the major difference is that with char arrays, you are responsible for managing the memory, whereas std::string does it for you. In C++, there are very few reasons to use char arrays over strings. 99 times out of 100 you're better off with a string.&lt;/p&gt;&#xA;&#xA;&lt;p&gt;Until you fully understand memory management and pointers, just save yourself some headaches and use std::string. &lt;/p&gt;&#xA;</Body>
</answer>
<answer>
<Body>&lt;blockquote&gt;&#xA;  &lt;p&gt;Why should one use std::string over c-style strings in C++? &lt;/p&gt;&#xA;&lt;/blockquote&gt;&#xA;&#xA;&lt;p&gt;The main reason is it frees you from managing the lifetime of the string data. You can just treat strings as values and let the compiler/library worry about managing the memory. &lt;/p&gt;&#xA;&#xA;&lt;p&gt;Manually managing memory allocations and lifetimes is tedious and error prone.&lt;/p&gt;&#xA;&#xA;&lt;blockquote&gt;&#xA;  &lt;p&gt;What are the disadvantages (if any) of the practice mentioned in #1? &lt;/p&gt;&#xA;&lt;/blockquote&gt;&#xA;&#xA;&lt;p&gt;You give up fine-grained control over memory allocation and copying. That means you end up with a memory management strategy chosen by your toolchain vendor rather than chosen to match the needs of your program.&lt;/p&gt;&#xA;&#xA;&lt;p&gt;If you aren't careful you can end up with a lot of unneeded data copying (in a non-refcounted implementation) or reference count manipulation (in a refcounted implementation)&lt;/p&gt;&#xA;&#xA;&lt;p&gt;In a mixed-language project any function whose arguments use std::string or any data structure that contains std::string will not be able to be used directly from other languages.&lt;/p&gt;&#xA;&#xA;&lt;blockquote&gt;&#xA;  &lt;p&gt;What are the scenarios where the opposite of the advice mentioned in #1 is a good practice? &lt;/p&gt;&#xA;&lt;/blockquote&gt;&#xA;&#xA;&lt;p&gt;Different people will have different opinions on this but IMO&lt;/p&gt;&#xA;&#xA;&lt;ul&gt;&#xA;&lt;li&gt;For function arguments passing strings in &quot;const char *&quot; is a good choice since it avoids unnessacery copying/refcouning and gives the caller flexibility about what they pass in.&lt;/li&gt;&#xA;&lt;li&gt;For things used in interoperation with other languages you have little choice but to use c-style strings.&lt;/li&gt;&#xA;&lt;li&gt;When you have a known length limit it may be faster to use fixed-size arrays.&lt;/li&gt;&#xA;&lt;li&gt;When dealing with very long strings it may be better to use a construction that will definately be refcounted rather than copied (such as a character array wrapped in a shared_ptr) or indeed to use a different type of data structure altogether&lt;/li&gt;&#xA;&lt;/ul&gt;&#xA;</Body>
</answer>
