<question>
<Title>Decode base64 string in python 3 (with lxml or not)</Title>
<Body>&#xA;&#xA;&lt;p&gt;I know this looks embarrassingly easy, and I guess the problem is that I just don't have a clear understanding of all this &lt;em&gt;bytes-str-unicode&lt;/em&gt; (and &lt;em&gt;encoding-decoding&lt;/em&gt;, speaking frankly) stuff yet.&lt;/p&gt;&#xA;&#xA;&lt;p&gt;I've been trying to get my working code to run on Python 3. The part I'm stuck with is when I parse an XML with &lt;code&gt;lxml&lt;/code&gt; and decode a base64 string that is in that XML.&lt;/p&gt;&#xA;&#xA;&lt;p&gt;The code now works in the following manner:&lt;/p&gt;&#xA;&#xA;&lt;p&gt;I retrieve the binary data with an XPath query &lt;code&gt;'.../binary/text()'&lt;/code&gt;. This produces a one-element list containing a &lt;code&gt;lxml.etree._ElementUnicodeResult&lt;/code&gt; object. Then, with python 2, I was able to do:&lt;/p&gt;&#xA;&#xA;&lt;pre class=&quot;lang-py prettyprint-override&quot;&gt;&lt;code&gt;decoded = source.decode('base64')&#xA;&lt;/code&gt;&lt;/pre&gt;&#xA;&#xA;&lt;p&gt;and finally&lt;/p&gt;&#xA;&#xA;&lt;pre class=&quot;lang-py prettyprint-override&quot;&gt;&lt;code&gt;output = numpy.frombuffer(decoded)&#xA;&lt;/code&gt;&lt;/pre&gt;&#xA;&#xA;&lt;p&gt;However, on python 3 I get an error message saying&lt;/p&gt;&#xA;&#xA;&lt;pre class=&quot;lang-py prettyprint-override&quot;&gt;&lt;code&gt;AttributeError: 'lxml.etree._ElementUnicodeResult' object has no attribute 'decode'&#xA;&lt;/code&gt;&lt;/pre&gt;&#xA;&#xA;&lt;p&gt;This is not so surprising, because &lt;code&gt;lxml.etree._ElementUnicodeResult&lt;/code&gt; is a subclass of &lt;code&gt;str&lt;/code&gt;.&lt;/p&gt;&#xA;&#xA;&lt;p&gt;Another way would be to get a real &lt;code&gt;str&lt;/code&gt; with the same data in it with&lt;/p&gt;&#xA;&#xA;&lt;pre class=&quot;lang-py prettyprint-override&quot;&gt;&lt;code&gt; binary = tree.xpath('//binary')[0]&#xA; binary_string = binary.text&#xA;&lt;/code&gt;&lt;/pre&gt;&#xA;&#xA;&lt;p&gt;That would be essentially the same. So what do I do to decode it from base64? I've looked at the &lt;code&gt;base64&lt;/code&gt; module, but it takes a &lt;code&gt;bytes&lt;/code&gt; object as an argument, and I can't think of the way to present &lt;code&gt;str&lt;/code&gt; as &lt;code&gt;bytes&lt;/code&gt;, because if I try to construct a &lt;code&gt;bytes&lt;/code&gt; object, Python will try to &lt;strong&gt;encode&lt;/strong&gt; the string, which I don't need.&lt;/p&gt;&#xA;&#xA;&lt;p&gt;Googling further, I came across the &lt;code&gt;binascii&lt;/code&gt; module (which is invoked indirectly from &lt;code&gt;base64&lt;/code&gt; anyway, if I'm not mistaken), but calling &lt;code&gt;binascii.b2a_base64()&lt;/code&gt; on my string produces&lt;/p&gt;&#xA;&#xA;&lt;pre class=&quot;lang-py prettyprint-override&quot;&gt;&lt;code&gt;TypeError: 'str' does not support the buffer interface&#xA;&lt;/code&gt;&lt;/pre&gt;&#xA;&#xA;&lt;p&gt;P.S. I've even found an answered question on &lt;a href=&quot;https://stackoverflow.com/questions/3283984/decode-hex-string-in-python-3&quot;&gt;how to decode a hex string in Python 3&lt;/a&gt;, but this is done with a dedicated method &lt;code&gt;bytes.fromhex()&lt;/code&gt; so I don't see how it would be helpful.&lt;/p&gt;&#xA;&#xA;&lt;p&gt;Could someone please tell me what I'm missing? I'm afraid most of the post is irrelevant and only aggravates my shame, but at least you guys know &lt;a href=&quot;http://whathaveyoutried.com/&quot; rel=&quot;nofollow noreferrer&quot;&gt;what I tried&lt;/a&gt;.&lt;/p&gt;&#xA;</Body>
<Tags>python,python-3.x,base64,lxml</Tags>
</question>
<answer>
<Body>&lt;p&gt;I don't have Python 3 installed, but it sounds like you need to convert the Unicode returned from lxml to bytes, perhaps by calling .encode('ascii') ?&lt;/p&gt;&#xA;</Body>
</answer>
<answer>
<Body>&lt;p&gt;OK, I think I'm going to summarize my current understanding of things (feel free to correct me). Hopefully it will help someone else out there as confused as I've been.&lt;/p&gt;&#xA;&#xA;&lt;p&gt;The credit totally goes to &lt;a href=&quot;https://stackoverflow.com/users/75103/thebjorn&quot;&gt;thebjorn&lt;/a&gt; and &lt;a href=&quot;https://stackoverflow.com/users/395760/delnan&quot;&gt;delnan&lt;/a&gt;, of course.&lt;/p&gt;&#xA;&#xA;&lt;p&gt;So, starting with the most common things:&#xA;there's &lt;a href=&quot;http://en.wikipedia.org/wiki/Unicode&quot; rel=&quot;nofollow noreferrer&quot;&gt;Unicode&lt;/a&gt;, and it's a global standard that assigns codes (or code points) to all the exotic characters you can imagine. Those codes are just integer numbers. As of Unicode 6.1 there are 109,975 graphic characters, says Wikipedia.&lt;/p&gt;&#xA;&#xA;&lt;p&gt;Then there are encodings that define how to designate Unicode characters with byte codes. One byte isn't enough to designate an arbitrary Unicode char. Although, if you only take a small subset of them (English alphabet, digits, punctuation, some control characters), you can do with one byte per character (or even 7 bits; see &lt;a href=&quot;http://en.wikipedia.org/wiki/ASCII&quot; rel=&quot;nofollow noreferrer&quot;&gt;ASCII&lt;/a&gt;).&lt;/p&gt;&#xA;&#xA;&lt;hr&gt;&#xA;&#xA;&lt;p&gt;To pass a Unicode string anywhere, one needs to encode it in bytes, then it can be decoded on the other end.&lt;/p&gt;&#xA;&#xA;&lt;p&gt;In Python 2, &lt;code&gt;str&lt;/code&gt; is actually bytes, and &lt;code&gt;unicode&lt;/code&gt; is Unicode, but Python 2 will do implicit encoding/decoding for you when needed. It will try to use ASCII encoding.&lt;/p&gt;&#xA;&#xA;&lt;p&gt;In Python 3, &lt;code&gt;str&lt;/code&gt; is always a Unicode string, and &lt;code&gt;bytes&lt;/code&gt; is a new data type for actual bytes. No implicit conversion is ever done by Python 3, you always need to do it yourself and specify the encoding. That means that your program won't work until you understand what's going on, which totally happened to me.&lt;/p&gt;&#xA;&#xA;&lt;hr&gt;&#xA;&#xA;&lt;p&gt;Now, that being more or less clear, let's move on to &lt;a href=&quot;http://en.wikipedia.org/wiki/Base64&quot; rel=&quot;nofollow noreferrer&quot;&gt;base64&lt;/a&gt; encoding, which is also an encoding of sorts, but has a slightly different meaning.&#xA;Suppose you have some binary data (i.e. &lt;em&gt;bytes&lt;/em&gt;) that may mean anything (in my case it's a bunch of &lt;code&gt;float&lt;/code&gt;s). Now you want to represent this binary array with a string. That's what base64 encoding means: you have your bytes represented as an ASCII string.&lt;/p&gt;&#xA;&#xA;&lt;p&gt;Base64 means 6 bit, so in a base64-encoded string a single character stands for 6 bits of your data. That is why base64-encoded strings need to have the length that is a multiple of 4: otherwise the number of bytes encoded will be not integer.&lt;/p&gt;&#xA;&#xA;&lt;hr&gt;&#xA;&#xA;&lt;p&gt;Finally, to decode from base64 you need an ASCII string. A Unicode string won't do, there can only be characters from the base64 alphabet. &lt;a href=&quot;http://docs.python.org/py3k/library/base64.html&quot; rel=&quot;nofollow noreferrer&quot;&gt;Base64 module&lt;/a&gt; does the job in Python. The &lt;code&gt;base64.b64decode()&lt;/code&gt; function takes a &lt;strong&gt;byte string&lt;/strong&gt; as the argument. In Python 2 it means: &lt;code&gt;str&lt;/code&gt;. In Python 3 it means: &lt;code&gt;bytes&lt;/code&gt;. So if you have a &lt;code&gt;str&lt;/code&gt;, such as&lt;/p&gt;&#xA;&#xA;&lt;pre&gt;&lt;code&gt;&amp;gt;&amp;gt;&amp;gt; s = 'U3RhY2sgT3ZlcmZsb3c='&#xA;&lt;/code&gt;&lt;/pre&gt;&#xA;&#xA;&lt;p&gt;In Python 2 you could just do&lt;/p&gt;&#xA;&#xA;&lt;pre&gt;&lt;code&gt;&amp;gt;&amp;gt;&amp;gt; s.decode('base64')&#xA;&lt;/code&gt;&lt;/pre&gt;&#xA;&#xA;&lt;p&gt;because &lt;code&gt;s&lt;/code&gt; is already in ASCII.&#xA;In Python 3, you need to &lt;strong&gt;encode it in ASCII&lt;/strong&gt; first, so you'll have to do:&lt;/p&gt;&#xA;&#xA;&lt;pre&gt;&lt;code&gt;&amp;gt;&amp;gt;&amp;gt; base64.b64decode(s.encode('ascii'))&#xA;&lt;/code&gt;&lt;/pre&gt;&#xA;&#xA;&lt;p&gt;And by the way, this will return a &lt;code&gt;bytes&lt;/code&gt; object, so it's really up to you how to treat those bytes then. Maybe it's my floats, but maybe you should try to decode it as ASCII :)&#xA;In Python 2 however it will be just a &lt;code&gt;str&lt;/code&gt;. Anyway, have a look at &lt;a href=&quot;http://docs.python.org/library/struct.html&quot; rel=&quot;nofollow noreferrer&quot;&gt;&lt;code&gt;struct&lt;/code&gt;&lt;/a&gt; for the tools to unpack your data from those bytes.&lt;/p&gt;&#xA;&#xA;&lt;p&gt;So if you need the code to work on both Python 2 and 3, go with the last one. To make sure you have Unicode in the end (if you are decoding text from base64), you'll have to decode it:&lt;/p&gt;&#xA;&#xA;&lt;pre&gt;&lt;code&gt;&amp;gt;&amp;gt;&amp;gt; base64.b64decode(s.encode('ascii')).decode('ascii')&#xA;&lt;/code&gt;&lt;/pre&gt;&#xA;&#xA;&lt;p&gt;On Python 2, &lt;code&gt;encode('ascii')&lt;/code&gt; won't effectively do anything because it's applied to &lt;code&gt;str&lt;/code&gt;. So it will do an &lt;em&gt;implicit conversion&lt;/em&gt; to Unicode first, and then do what you want (convert it back to ASCII). &lt;code&gt;decode('ascii')&lt;/code&gt; will return a &lt;code&gt;unicode&lt;/code&gt; object on Python 2.&lt;/p&gt;&#xA;</Body>
</answer>
