<question>
<Title>Using string library in C++</Title>
<Body>&lt;p&gt;I'm working in Netbeans, programming in C++, and I have a problem:&#xA;My program worked perfect in visual, but once I copied it to Netbeans, the &lt;code&gt;strlen&lt;/code&gt; and &lt;code&gt;strcpy&lt;/code&gt; (functions of string library) don't work.&lt;/p&gt;&#xA;&#xA;&lt;p&gt;The compiler says:&lt;/p&gt;&#xA;&#xA;&lt;pre&gt;&lt;code&gt;unable to resolve identifer strlen&#xA;error: 'strlen' was not declared in this scope.&#xA;&lt;/code&gt;&lt;/pre&gt;&#xA;&#xA;&lt;p&gt;I have done &lt;code&gt;#include &amp;lt;string&amp;gt;&lt;/code&gt;.&lt;/p&gt;&#xA;&#xA;&lt;p&gt;Any ideas?&lt;/p&gt;&#xA;</Body>
<Tags>c++,string,netbeans</Tags>
</question>
<answer>
<Body>&lt;p&gt;Have you done&lt;/p&gt;&#xA;&#xA;&lt;pre&gt;&lt;code&gt;#include &amp;lt;cstring&amp;gt;  or &#xA;&#xA;#include &amp;lt;string.h&amp;gt;&#xA;&lt;/code&gt;&lt;/pre&gt;&#xA;&#xA;&lt;p&gt;Also check if the gcc or cygwin compiler is properly configured with netbeans&lt;/p&gt;&#xA;</Body>
</answer>
<answer>
<Body>&lt;p&gt;Besides using &lt;/p&gt;&#xA;&#xA;&lt;pre&gt;&lt;code&gt;#include &amp;lt;cstring&amp;gt;&#xA;&lt;/code&gt;&lt;/pre&gt;&#xA;&#xA;&lt;p&gt;also make sure you have put&lt;/p&gt;&#xA;&#xA;&lt;pre&gt;&lt;code&gt;using namespace std;&#xA;&lt;/code&gt;&lt;/pre&gt;&#xA;&#xA;&lt;p&gt;or&lt;/p&gt;&#xA;&#xA;&lt;pre&gt;&lt;code&gt;using std::strlen;&#xA;using std::strcpy;&#xA;&lt;/code&gt;&lt;/pre&gt;&#xA;&#xA;&lt;p&gt;ahead your program&lt;/p&gt;&#xA;</Body>
</answer>
