<question>
<Title>Why are iterators causing very slow debugging in VS2010 even with _HAS_ITERATOR_DEBUGGING, _SECURE_SCL, _SECURE_SCL_THROWS set to 0</Title>
<Body>&lt;p&gt;I've been trying to track down why it takes so long to debug our program when in debugging mode. After using xperf to see what the stacks looked like it was obvious that we were spending a huge amount of our time in the iterator and the STL containers. I googled this for awhile and found the options &lt;/p&gt;&#xA;&#xA;&lt;pre&gt;&lt;code&gt;_HAS_ITERATOR_DEBUGGING=0&#xA;_SECURE_SCL=0&#xA;_SECURE_SCL_THROWS=0&#xA;&lt;/code&gt;&lt;/pre&gt;&#xA;&#xA;&lt;p&gt;And I set all of those in code with a #define &lt;/p&gt;&#xA;&#xA;&lt;pre&gt;&lt;code&gt;#define _HAS_ITERATOR_DEBUGGING 0&#xA;#define _SECURE_SCL 0&#xA;#define _SECURE_SCL_THROWS 0&#xA;&lt;/code&gt;&lt;/pre&gt;&#xA;&#xA;&lt;p&gt;But that didn't seem to work, so then I tried it using the preprocessor definitions inside of the visual studio project, but that still didn't seem to help.&lt;/p&gt;&#xA;&#xA;&lt;p&gt;I've tried just about every permutation I can think of, including setting them in headers, and after all the includes, but no matter what I do, I'm not seeing a performance increase while debugging. To give an example, when running in release mode this series of operations takes about 140 seconds. In debug mode it takes a little over 2,400 seconds. Roughly 17-18 fold increase in processing time.&lt;/p&gt;&#xA;&#xA;&lt;p&gt;Some additional information, the process that hosts these C++ dll's is a C# .net 4 process, and I enabled unmanaged code debugging. Basically all the process does it load up the DLLs for us. All the real work is done in the c++ code.&lt;/p&gt;&#xA;&#xA;&lt;p&gt;I included the full compiler command line below.&lt;/p&gt;&#xA;&#xA;&lt;pre&gt;&lt;code&gt;/I&quot;..\CommonInclude&quot; /Zi /nologo /W4 /WX /Od /Oy- /D &quot;_CRT_SECURE_NO_WARNINGS&quot; /D &quot;WIN32&quot; /D &quot;_DEBUG&quot; /D &quot;_WINDOWS&quot; /D &quot;_USRDLL&quot; /D &quot;ENGINE_EXPORTS&quot; /D &quot;_HAS_ITERATOR_DEBUGGING=0&quot; /D &quot;_SECURE_SCL=0&quot; /D &quot;_SECURE_SCL_THROWS=0&quot; /D &quot;_VC80_UPGRADE=0x0710&quot; /D &quot;_WINDLL&quot; /D &quot;_MBCS&quot; /Gm- /EHa /MDd /GS /fp:precise /Zc:wchar_t- /Zc:forScope /GR /Yu&quot;StdAfx.h&quot; /Fp&quot;.\Debug/Foo.pch&quot; /Fa&quot;.\Debug/&quot; /Fo&quot;.\Debug/&quot; /Fd&quot;.\Debug/&quot; /Gd /analyze- /errorReport:queue /EHa -Zm350 /MP3 &#xA;&lt;/code&gt;&lt;/pre&gt;&#xA;&#xA;&lt;p&gt;Any ideas why this would be as slow as it is?&lt;/p&gt;&#xA;</Body>
<Tags>c++,visual-studio-2010,debugging,visual-studio-debugging</Tags>
</question>
<answer>
<Body>&lt;p&gt;One thing that makes a huge difference is that by default functions are not inlined in debug mode. That adds a lot of time to code using many small accessor functions. &lt;/p&gt;&#xA;&#xA;&lt;p&gt;I have programs where the difference between debug and release mode is a factor 100+, without depending on iterators.&lt;/p&gt;&#xA;</Body>
</answer>
<answer>
<Body>&lt;p&gt;A couple of things to try:&lt;/p&gt;&#xA;&#xA;&lt;ul&gt;&#xA;&lt;li&gt;Use a profiler, eg the free &lt;a href=&quot;http://developer.amd.com/tools/codeanalyst/pages/default.aspx&quot; rel=&quot;nofollow&quot;&gt;AMD CodeAnalyst&lt;/a&gt; as it will give you callstacks and is generally a lot easier to use than Xperf. Even though you're dealing with debug code you may still find some hotspots&lt;/li&gt;&#xA;&lt;li&gt;Create a release build with optimisations switched off (you could create a separate configuration for this).  This will turn off the iterator debugging (in case that is the cause of your slowdown), but may give a lot more useful debugging information than a raw release build. Check that the option to Omit Frame Pointers is enabled&lt;/li&gt;&#xA;&lt;/ul&gt;&#xA;</Body>
</answer>
<answer>
<Body>&lt;p&gt;Based on your description, this jumps out immediately: &lt;/p&gt;&#xA;&#xA;&lt;blockquote&gt;&#xA;  &lt;p&gt;I've been trying to track down why it takes so long to debug our&#xA;  program when &lt;strong&gt;in debugging mode&lt;/strong&gt;. After using xperf to see what the&#xA;  stacks looked like it was obvious that we were spending a huge amount&#xA;  of our time in the iterator and the &lt;strong&gt;STL containers&lt;/strong&gt;.&lt;/p&gt;&#xA;&lt;/blockquote&gt;&#xA;&#xA;&lt;p&gt;If you use the node-based containers (e.g., &lt;code&gt;map&lt;/code&gt;, &lt;code&gt;set&lt;/code&gt;, &lt;code&gt;unordered_map&lt;/code&gt;, &lt;code&gt;unordered_set&lt;/code&gt;, &lt;code&gt;multimap&lt;/code&gt;, &lt;code&gt;multiset&lt;/code&gt;, &lt;code&gt;list&lt;/code&gt;, etc.), and run from the debugger, you may encounter issues that stem from those containers allocating a ton of objects with small sizes. When you run an application from the debugger in Windows, the OS switches the process heap to the debug heap. If you have many node based containers under load, freeing them will take up a lot of time with the debug heap.&lt;/p&gt;&#xA;&#xA;&lt;p&gt;A simple fix is to disable the debug heap by adding the following to the Environment section of the debugging options: &lt;code&gt;_NO_DEBUG_HEAP=1&lt;/code&gt;&lt;/p&gt;&#xA;&#xA;&lt;p&gt;That disables the debug heap.&lt;/p&gt;&#xA;</Body>
</answer>
