<question>
<Title>Using JSON keys as attributes in nested JSON</Title>
<Body>&lt;p&gt;I'm working with nested JSON-like data structures in python 2.7 that I exchange with some foreign perl code.  I just want to 'work with' these nested structures of lists and dictionaries in amore pythonic way.&lt;/p&gt;&#xA;&#xA;&lt;p&gt;So if I have a structure like this...&lt;/p&gt;&#xA;&#xA;&lt;pre&gt;&lt;code&gt;a = {&#xA;    'x': 4,&#xA;    'y': [2, 3, { 'a': 55, 'b': 66 }],&#xA;}&#xA;&lt;/code&gt;&lt;/pre&gt;&#xA;&#xA;&lt;p&gt;...I want to be able to deal with it in a python script as if it was nested python classes/Structs, like this:&lt;/p&gt;&#xA;&#xA;&lt;pre&gt;&lt;code&gt;&amp;gt;&amp;gt;&amp;gt; aa = j2p(a)  # &amp;lt;&amp;lt;- this is what I'm after.&#xA;&amp;gt;&amp;gt;&amp;gt; print aa.x&#xA;4&#xA;&amp;gt;&amp;gt;&amp;gt; aa.z = 99&#xA;&amp;gt;&amp;gt;&amp;gt; print a&#xA;{&#xA;    'x': 4,&#xA;    'y': [2, 3, { 'a': 55, 'b': 66 }],&#xA;    'z': 99&#xA;}&#xA;&#xA;&amp;gt;&amp;gt;&amp;gt; aa.y[2].b = 999&#xA;&#xA;&amp;gt;&amp;gt;&amp;gt; print a&#xA;{&#xA;    'x': 4,&#xA;    'y': [2, 3, { 'a': 55, 'b': 999 }],&#xA;    'z': 99&#xA;}&#xA;&lt;/code&gt;&lt;/pre&gt;&#xA;&#xA;&lt;p&gt;Thus aa is a proxy into the original structure.  This is what I came up with so far, inspired by the excellent &lt;a href=&quot;https://stackoverflow.com/questions/100003/what-is-a-metaclass-in-python&quot;&gt;What is a metaclass in Python?&lt;/a&gt; question.&lt;/p&gt;&#xA;&#xA;&lt;pre&gt;&lt;code&gt;def j2p(x):&#xA;    &quot;&quot;&quot;j2p creates a pythonic interface to nested arrays and&#xA;    dictionaries, as returned by json readers.&#xA;&#xA;    &gt;&gt;&gt; a = { 'x':[5,8], 'y':5}&#xA;    &gt;&gt;&gt; aa = j2p(a)&#xA;    &gt;&gt;&gt; aa.y=7&#xA;    &gt;&gt;&gt; print a&#xA;    {'x': [5, 8], 'y':7}&#xA;    &gt;&gt;&gt; aa.x[1]=99&#xA;    &gt;&gt;&gt; print a&#xA;    {'x': [5, 99], 'y':7}&#xA;&#xA;    &gt;&gt;&gt; aa.x[0] = {'g':5, 'h':9}&#xA;    &gt;&gt;&gt; print a&#xA;    {'x': [ {'g':5, 'h':9} , 99], 'y':7}&#xA;    &gt;&gt;&gt; print aa.x[0].g&#xA;    5&#xA;    &quot;&quot;&quot;&#xA;    if isinstance(x, list):&#xA;        return _list_proxy(x)&#xA;    elif isinstance(x, dict):&#xA;        return _dict_proxy(x)&#xA;    else:&#xA;        return x&#xA;&#xA;class _list_proxy(object):&#xA;    def __init__(self, proxied_list):&#xA;        object.__setattr__(self, 'data', proxied_list)&#xA;    def __getitem__(self, a):&#xA;        return j2p(object.__getattribute__(self, 'data').__getitem__(a))&#xA;    def __setitem__(self, a, v):&#xA;        return object.__getattribute__(self, 'data').__setitem__(a, v)&#xA;&#xA;&#xA;class _dict_proxy(_list_proxy):&#xA;    def __init__(self, proxied_dict):&#xA;        _list_proxy.__init__(self, proxied_dict)&#xA;    def __getattribute__(self, a):&#xA;        return j2p(object.__getattribute__(self, 'data').__getitem__(a))&#xA;    def __setattr__(self, a, v):&#xA;        return object.__getattribute__(self, 'data').__setitem__(a, v)&#xA;&#xA;&#xA;def p2j(x):&#xA;    &quot;&quot;&quot;p2j gives back the underlying json-ic json-ic nested&#xA;    dictionary/list structure of an object or attribute created with&#xA;    j2p.&#xA;    &quot;&quot;&quot;&#xA;    if isinstance(x, (_list_proxy, _dict_proxy)):&#xA;        return object.__getattribute__(x, 'data')&#xA;    else:&#xA;        return x&#xA;&#xA;&lt;/code&gt;&lt;/pre&gt;&#xA;&#xA;&lt;p&gt;Now I wonder whether there is an elegant way of mapping a whole set of the &lt;code&gt;__*__&lt;/code&gt; special functions, like &lt;code&gt;__iter__&lt;/code&gt;, &lt;code&gt;__delitem__&lt;/code&gt;?  so I don't need to unwrap things using &lt;code&gt;p2j()&lt;/code&gt; just to iterate or do other pythonic stuff.&lt;/p&gt;&#xA;&#xA;&lt;pre&gt;&lt;code&gt;# today:&#xA;for i in p2j(aa.y):&#xA;     print i&#xA;# would like to...&#xA;for i in aa.y:&#xA;     print i&#xA;&lt;/code&gt;&lt;/pre&gt;&#xA;</Body>
<Tags>json,metaprogramming,python</Tags>
</question>
<answer>
<Body>&lt;p&gt;I think you're making this more complex than it needs to be. If I understand you correctly, all you should need to do is this:&lt;/p&gt;&#xA;&#xA;&lt;pre&gt;&lt;code&gt;import json&#xA;&#xA;class Struct(dict):&#xA;    def __getattr__(self, name):&#xA;        return self[name]&#xA;&#xA;    def __setattr__(self, name, value):&#xA;        self[name] = value&#xA;&#xA;    def __delattr__(self, name):&#xA;        del self[name]&#xA;&#xA;j = '{&quot;y&quot;: [2, 3, {&quot;a&quot;: 55, &quot;b&quot;: 66}], &quot;x&quot;: 4}'&#xA;&#xA;aa = json.loads(j, object_hook=Struct)&#xA;&#xA;for i in aa.y:&#xA;    print(i)&#xA;&lt;/code&gt;&lt;/pre&gt;&#xA;&#xA;&lt;p&gt;When you load JSON, the &lt;code&gt;object_hook&lt;/code&gt; parameter lets you specify a callable object to process objects that it loads. I've just used it to turn the dict into an object that allows attribute access to its keys. &lt;a href=&quot;http://docs.python.org/library/json#json.load&quot; rel=&quot;nofollow&quot;&gt;Docs&lt;/a&gt;&lt;/p&gt;&#xA;</Body>
</answer>
<answer>
<Body>&lt;p&gt;I found the answer:  &lt;a href=&quot;http://docs.python.org/reference/datamodel.html?highlight=__getattr__#new-style-special-lookup&quot; rel=&quot;nofollow&quot;&gt;There is intentionally no way to automatically map the special methods in python, using &lt;code&gt;__getattribute__&lt;/code&gt;&lt;/a&gt;.  So to achieve what I want, I need to explicitely define all special methods like &lt;code&gt;__len__&lt;/code&gt; one after the other.&lt;/p&gt;&#xA;</Body>
</answer>
<answer>
<Body>&lt;p&gt;There is &lt;a href=&quot;https://pypi.python.org/pypi/attrdict&quot; rel=&quot;nofollow noreferrer&quot;&gt;an attrdict library&lt;/a&gt; that does exactly that in a very safe manner, but if you want, a quick and dirty (possibly leaking memory) approach was given in &lt;a href=&quot;https://stackoverflow.com/questions/4984647/accessing-dict-keys-like-an-attribute-in-python#answer-14620633&quot;&gt;this answer&lt;/a&gt;:&lt;/p&gt;&#xA;&#xA;&lt;pre&gt;&lt;code&gt;class AttrDict(dict):&#xA;    def __init__(self, *args, **kwargs):&#xA;        super(AttrDict, self).__init__(*args, **kwargs)&#xA;        self.__dict__ = self&#xA;&#xA;j = '{&quot;y&quot;: [2, 3, {&quot;a&quot;: 55, &quot;b&quot;: 66}], &quot;x&quot;: 4}'&#xA;aa = json.loads(j, object_hook=AttrDict)&#xA;&lt;/code&gt;&lt;/pre&gt;&#xA;</Body>
</answer>
