<question>
<Title>how to force base class constructors to be called in derived classes?</Title>
<Body>&lt;p&gt;basic c++ question i'm fairly sure. if i have a base class with a constructor that takes no parameters, and just initializes some of the protected members, does a derived class instantly call this base constructor too if it matches the parameters (wishful but unlikely thinking), and if not, is there a way to force it to automatically call said base constructor from the derived class WITHOUT having to explicitly tell it to do so in the derived class? I ask because i'm writing a wrapper of sorts and there are some protected members that i want initialized to specific values initially, and then i want to derive and manipulate this base class to my needs, but i wouldn't like an outside user to have to remember to explicitly call the base constructor or set these values within their own constructor.&lt;/p&gt;&#xA;</Body>
<Tags>c++</Tags>
</question>
<answer>
<Body>&lt;p&gt;Yes, the default base constructor is always called unless explicitly stated otherwise.&lt;/p&gt;&#xA;&#xA;&lt;p&gt;For example:&lt;/p&gt;&#xA;&#xA;&lt;pre&gt;&lt;code&gt;class A&#xA;{&#xA;public:&#xA;   A() { std::cout &amp;lt;&amp;lt; &quot;A&quot;; }&#xA;};&#xA;&#xA;class B : A&#xA;{&#xA;public:&#xA;   B() {}&#xA;};&#xA;&#xA;int main()&#xA;{&#xA;   B b;&#xA;   return 0;&#xA;}&#xA;&lt;/code&gt;&lt;/pre&gt;&#xA;&#xA;&lt;p&gt;will output:&lt;/p&gt;&#xA;&#xA;&lt;pre&gt;&lt;code&gt;A&#xA;&lt;/code&gt;&lt;/pre&gt;&#xA;&#xA;&lt;p&gt;By &quot;explicitly stated otherwise&quot; I mean that you can call a different constructor from the derived class:&lt;/p&gt;&#xA;&#xA;&lt;pre&gt;&lt;code&gt;class A&#xA;{&#xA;public:&#xA;   A() { std::cout &amp;lt;&amp;lt; &quot;A&quot;; }&#xA;   A(int) { std::cout &amp;lt;&amp;lt; &quot;AAA&quot;; }&#xA;};&#xA;&#xA;class B : A&#xA;{&#xA;public:&#xA;   B() : A(1) {}  //call A(int)&#xA;};&#xA;&#xA;int main()&#xA;{&#xA;   B b;&#xA;   return 0;&#xA;}&#xA;&lt;/code&gt;&lt;/pre&gt;&#xA;&#xA;&lt;p&gt;will output&lt;/p&gt;&#xA;&#xA;&lt;pre&gt;&lt;code&gt;AAA&#xA;&lt;/code&gt;&lt;/pre&gt;&#xA;&#xA;&lt;p&gt;&lt;strong&gt;Important&lt;/strong&gt; if you don't have a default constructor (you declare a non-default constructor and not a default one) or the default constructor is not visible (marked as &lt;code&gt;private&lt;/code&gt;), you need to explicitly call an available constructor in the derived class.&lt;/p&gt;&#xA;</Body>
</answer>
<answer>
<Body>&lt;p&gt;If your base-class has a &quot;default constructor&quot; (a constructor that takes no parameters; either explicitly provided by you, or implicitly provided by the compiler because you didn't explicitly provide any constructors), then every derived-class constructor will automatically call that unless you specify that they call a different constructor instead.&lt;/p&gt;&#xA;&#xA;&lt;p&gt;(If your base-class &lt;em&gt;doesn't&lt;/em&gt; have a &quot;default constructor&quot;, because you've provided one or more constructors that take parameters and no constructor that doesn't, then it's a compile-error for a derived-class constructor not to indicate the base-class constructor it calls.)&lt;/p&gt;&#xA;</Body>
</answer>
