<question>
<Title>Taskbar programming</Title>
<Body>&lt;p&gt;I'm planning to program simple taskbar manager for Linux like Tint2 but with my own ideas implemented. It'll be some kind of mix between unity and tint.&lt;/p&gt;&#xA;&#xA;&lt;p&gt;I have experience in OpenGL, C++, Python...&lt;/p&gt;&#xA;&#xA;&lt;ul&gt;&#xA;&lt;li&gt;Now I'm wondering what do I have to know to create such taskbar? &lt;/li&gt;&#xA;&lt;li&gt;How are things like this done? Which libraries should I use? &lt;/li&gt;&#xA;&lt;li&gt;What do I have to do if I want to do this with OpenGl, how hard is it?&lt;/li&gt;&#xA;&lt;li&gt;Do I need to program for specific window manager (I'm using OpenBox)?&lt;/li&gt;&#xA;&lt;/ul&gt;&#xA;</Body>
<Tags>c++,linux,user-interface</Tags>
</question>
<answer>
<Body>&lt;ol&gt;&#xA;&lt;li&gt;&lt;p&gt;You should have an understanding of how X and window managers work. You may want to learn about startup notification as well.&lt;/p&gt;&lt;/li&gt;&#xA;&lt;li&gt;&lt;p&gt;This is too open-ended to answer.&lt;/p&gt;&lt;/li&gt;&#xA;&lt;li&gt;&lt;p&gt;... Eleventy-seven?&lt;/p&gt;&lt;/li&gt;&#xA;&lt;li&gt;&lt;p&gt;No. But you should understand ICCCM and EWMH so you can play nice with them.&lt;/p&gt;&lt;/li&gt;&#xA;&lt;/ol&gt;&#xA;</Body>
</answer>
