<question>
<Title>Template matrix expression with known matrices</Title>
<Body>&lt;p&gt;This is a thought exercise, not a particular problem, but I'd like to hear your opinion.  Suppose I have some matrix expression DSL using templates (Eigen, ublas, etc.).&lt;/p&gt;&#xA;&#xA;&lt;p&gt;Now suppose I have some matrices which are constants, for example:&lt;/p&gt;&#xA;&#xA;&lt;pre&gt;&lt;code&gt;Matrix2 sigma1 = {{0,1}, {1,0}};&#xA;Matrix2 sigma2 = {{0,i}, {-i,0}};&#xA;... etc&#xA;&lt;/code&gt;&lt;/pre&gt;&#xA;&#xA;&lt;p&gt;... and I have some operations with those matrices involving runtime values:&lt;/p&gt;&#xA;&#xA;&lt;pre&gt;&lt;code&gt;a*sigma1 + b*sigma2; // a,b runtime&#xA;&lt;/code&gt;&lt;/pre&gt;&#xA;&#xA;&lt;p&gt;What ideas do you have to implement constant matrices such that compiler can optimize the expressions the most?  In particular, how do I resolve &lt;code&gt;(i,j)&lt;/code&gt; operator to a constant?&lt;/p&gt;&#xA;</Body>
<Tags>c++,templates,matrix</Tags>
</question>
<answer>
<Body>&lt;p&gt;From what I understand of the problem space: given a &lt;a href=&quot;https://en.wikipedia.org/wiki/Domain-specific_language&quot; rel=&quot;nofollow&quot;&gt;domain-specific language&lt;/a&gt;, we want to determine the minimal transformation such that some operator over the data (for example, &lt;code&gt;(i,j)&lt;/code&gt;), results in a lookup of a constant instead of the computation of mathematical formulae (for example, &lt;code&gt;a*sigma1 + b*sigma2&lt;/code&gt;).&lt;/p&gt;&#xA;&#xA;&lt;p&gt;Let's explore some of the possibilities here:&lt;/p&gt;&#xA;&#xA;&lt;ul&gt;&#xA;&lt;li&gt;&lt;p&gt;&lt;em&gt;Performing the mathematical operations directly&lt;/em&gt;&lt;/p&gt;&#xA;&#xA;&lt;p&gt;The &lt;a href=&quot;https://en.wikipedia.org/wiki/Orders_of_approximation&quot; rel=&quot;nofollow&quot;&gt;0th-level&lt;/a&gt; implementation. Given no explicit optimization by your compiler, what happens if we execute instructions directly?&lt;/p&gt;&#xA;&#xA;&lt;p&gt;The answer is it depends. But, on most processors, your code execution will fall onto &lt;a href=&quot;https://en.wikipedia.org/wiki/CPU_cache&quot; rel=&quot;nofollow&quot;&gt;the CPU cache&lt;/a&gt;, where your assembly and branch executions will be optimized to the best of your cores' abilities. The guts of that process are &lt;a href=&quot;http://www.intel.com/content/www/us/en/processors/architectures-software-developer-manuals.html&quot; rel=&quot;nofollow&quot;&gt;actually really cool,&lt;/a&gt; but we'll assume you want to move beyond these capabilities and address the constantification of your operation directly in your code.&lt;/p&gt;&lt;/li&gt;&#xA;&lt;li&gt;&lt;p&gt;&lt;em&gt;Bound and capture the space using a &lt;a href=&quot;https://en.wikipedia.org/wiki/Compiler-compiler&quot; rel=&quot;nofollow&quot;&gt;compiler-compiler&lt;/a&gt;&lt;/em&gt;&lt;/p&gt;&#xA;&#xA;&lt;p&gt;The first-order optimization would be to bound and capture the possible input and output space using a &lt;a href=&quot;https://en.wikipedia.org/wiki/Compiler-compiler&quot; rel=&quot;nofollow&quot;&gt;compiler-compiler&lt;/a&gt;. While this will address your input range effectively, limiting it only to the set of inputs and outputs that you desire, it does &lt;em&gt;nothing&lt;/em&gt; for performance otherwise. So, we must move on.&lt;/p&gt;&lt;/li&gt;&#xA;&lt;li&gt;&lt;p&gt;&lt;em&gt;&lt;a href=&quot;http://gcc.gnu.org/onlinedocs/cpp/Stringification.html&quot; rel=&quot;nofollow&quot;&gt;Stringification&lt;/a&gt; and &lt;a href=&quot;https://en.wikipedia.org/wiki/Macro_%28computer_science%29&quot; rel=&quot;nofollow&quot;&gt;Macro Expansion&lt;/a&gt;&lt;/em&gt;&lt;/p&gt;&#xA;&#xA;&lt;p&gt;The second-order optimization would be to perform string or macro expansion of your value space directly. While this is &lt;a href=&quot;http://gcc.gnu.org/onlinedocs/cppinternals/Macro-Expansion.html&quot; rel=&quot;nofollow&quot;&gt;fraught with corner-cases and surprising implementation-level tar pits&lt;/a&gt;, it can be done directly by your compiler if the operation is desired. (See also: &lt;a href=&quot;https://en.wikipedia.org/wiki/Loop_unwinding&quot; rel=&quot;nofollow&quot;&gt;loop unwinding&lt;/a&gt;)&lt;/p&gt;&lt;/li&gt;&#xA;&lt;li&gt;&lt;p&gt;&lt;em&gt;Manual derivation and stack-bound satisfiability of the &lt;a href=&quot;https://en.wikipedia.org/wiki/Closed-form_expression&quot; rel=&quot;nofollow&quot;&gt;closed-form expression&lt;/a&gt; &#xA;&lt;br/&gt;(using, for example, a lookup table)&lt;/em&gt;&lt;/p&gt;&#xA;&#xA;&lt;p&gt;Finally, our third-order optimization would be to bound your space directly. This requires you to have a well-defined &lt;a href=&quot;https://en.wikipedia.org/wiki/Closed-form_expression&quot; rel=&quot;nofollow&quot;&gt;closed-form relation&lt;/a&gt; with a bounded input and output space to work effectively. If this relation cannot be determined or carries no bounds, &lt;a href=&quot;https://en.wikipedia.org/wiki/NP-complete&quot; rel=&quot;nofollow&quot;&gt;you're out of luck&lt;/a&gt; and should consider keeping your current implementation if a better one is not known to exist.&lt;/p&gt;&lt;/li&gt;&#xA;&lt;/ul&gt;&#xA;&#xA;&lt;p&gt;Of these optimization techniques, the most applicable to &lt;a href=&quot;https://en.wikipedia.org/wiki/Linear_algebra&quot; rel=&quot;nofollow&quot;&gt;linear algebraic operations&lt;/a&gt; are the latter two, given the problem bounds that you've described. Because most operations, such as a matrix translation, rotation, and scale operation are deterministic in nature, you can indeed optimize and bound your space effectively.&lt;/p&gt;&#xA;&#xA;&lt;p&gt;For a more theoretical answer, I recommend consulting &lt;a href=&quot;http://cs.stackexchange.com&quot;&gt;http://cs.stackexchange.com&lt;/a&gt;, &lt;a href=&quot;http://cstheory.stackexchange.com&quot;&gt;http://cstheory.stackexchange.com&lt;/a&gt;, and &lt;a href=&quot;http://math.stackexchange.com&quot;&gt;http://math.stackexchange.com&lt;/a&gt;. Both have many, many threads devoted to the &lt;a href=&quot;https://en.wikipedia.org/wiki/Decidability_%28logic%29&quot; rel=&quot;nofollow&quot;&gt;decidability&lt;/a&gt; and proof of closed-form, &lt;a href=&quot;https://en.wikipedia.org/wiki/Time_complexity&quot; rel=&quot;nofollow&quot;&gt;polynomial solutions&lt;/a&gt; for entire classes of equations.&lt;/p&gt;&#xA;</Body>
</answer>
<answer>
<Body>&lt;p&gt;Ok, well this is hideous, but related to my comment on the original post.&lt;/p&gt;&#xA;&#xA;&lt;p&gt;Using this structure it should be possible to define the relevant operations you need, but that will be a lot of work to write all the appropriate specializations.  You may also prefer your rows/columns to be swapped.  &lt;/p&gt;&#xA;&#xA;&lt;p&gt;Defining the matrices at the end certainly isn't as elegant as in your original post, but perhaps this could be improved, especially with the use of 'auto' in C++11.&lt;/p&gt;&#xA;&#xA;&lt;pre&gt;&lt;code&gt;//-----------------------------------------------------------------------------&#xA;struct Unused {};&#xA;&#xA;struct Imaginary {&#xA;    Imaginary() {}&#xA;    Imaginary(Unused const&amp;amp; unused) {}&#xA;};&#xA;struct MinusImaginary {&#xA;    MinusImaginary() {}&#xA;    MinusImaginary(Unused const&amp;amp; unused) {}&#xA;};&#xA;&#xA;//-----------------------------------------------------------------------------&#xA;template &amp;lt;int I, int F = 0&amp;gt;&#xA;struct Fixed {&#xA;    Fixed() {}&#xA;    Fixed(Unused const&amp;amp; unused) {}&#xA;};&#xA;&#xA;//-----------------------------------------------------------------------------&#xA;struct Float&#xA;{&#xA;    Float(float value) : value_(value) {}&#xA;    const float value_;&#xA;};&#xA;&#xA;//-----------------------------------------------------------------------------&#xA;template &amp;lt;typename COL0, typename COL1&amp;gt;&#xA;struct Vector2&#xA;{&#xA;    typedef COL0 col0_t;&#xA;    typedef COL1 col1_t;&#xA;&#xA;    template &amp;lt;typename T0, typename T1&amp;gt;&#xA;    Vector2(T0 const&amp;amp; t0, T1 const&amp;amp; t1)&#xA;        : col0_(t0)&#xA;        , col1_(t1)&#xA;    {}&#xA;&#xA;    COL0 col0_;&#xA;    COL1 col1_;&#xA;};&#xA;&#xA;//-----------------------------------------------------------------------------&#xA;template &amp;lt;typename ROW0, typename ROW1&amp;gt;&#xA;struct Matrix2&#xA;{&#xA;    typedef ROW0 row0_t;&#xA;    typedef ROW1 row1_t;&#xA;&#xA;    Matrix2()&#xA;        : row0_(Unused(), Unused())&#xA;        , row1_(Unused(), Unused())&#xA;    {&#xA;    }&#xA;    template &amp;lt;typename M00, typename M01, typename M10, typename M11&amp;gt;&#xA;    Matrix2(M00 const&amp;amp; m00, M01 const&amp;amp; m01, M10 const&amp;amp; m10, M11 const&amp;amp; m11)&#xA;        : row0_(m00, m01)&#xA;        , row1_(m10, m11)&#xA;    {&#xA;    }&#xA;&#xA;    ROW0 row0_;&#xA;    ROW1 row1_;&#xA;};&#xA;&#xA;//-----------------------------------------------------------------------------&#xA;Matrix2&amp;lt;&#xA;    Vector2&amp;lt; Fixed&amp;lt;0&amp;gt;, Fixed&amp;lt;1&amp;gt; &amp;gt;,&#xA;    Vector2&amp;lt; Fixed&amp;lt;1&amp;gt;, Fixed&amp;lt;0&amp;gt; &amp;gt; &#xA;&amp;gt; sigma1;&#xA;&#xA;const float f = 0.1f;&#xA;&#xA;//-----------------------------------------------------------------------------&#xA;Matrix2&amp;lt;&#xA;    Vector2&amp;lt; Fixed&amp;lt;0&amp;gt;, Imaginary &amp;gt;,&#xA;    Vector2&amp;lt; MinusImaginary, Fixed&amp;lt;0&amp;gt; &amp;gt; &#xA;&amp;gt; sigma2;&#xA;&#xA;//-----------------------------------------------------------------------------&#xA;Matrix2&amp;lt;&#xA;    Vector2&amp;lt; Fixed&amp;lt;0&amp;gt;, Float &amp;gt;,&#xA;    Vector2&amp;lt; Float, Fixed&amp;lt;0&amp;gt; &amp;gt; &#xA;&amp;gt; m3(Unused(), 0.2f,&#xA;     0.8f, Unused());&#xA;&#xA;&#xA;// EDIT: Nicer initialization syntax in c++11&#xA;&#xA;//-----------------------------------------------------------------------------&#xA;template &amp;lt;typename M00, typename M01, typename M10, typename M11&amp;gt;&#xA;Matrix2&amp;lt; Vector2&amp;lt;M00, M01&amp;gt;, Vector2&amp;lt;M10, M11&amp;gt; &amp;gt;&#xA;MakeMatrix(M00 const&amp;amp; m00, M01 const&amp;amp; m01, M10 const&amp;amp; m10, M11 const&amp;amp; m11)&#xA;{&#xA;    return Matrix2&amp;lt; Vector2&amp;lt;M00, M01&amp;gt;, Vector2&amp;lt;M10, M11&amp;gt; &amp;gt;(m00,m01,m10,m11);&#xA;}&#xA;&#xA;auto m4 = MakeMatrix(Fixed&amp;lt;0&amp;gt;(),  Float(0.2f), &#xA;                     Float(0.8f), Fixed&amp;lt;0&amp;gt;()  );&#xA;&lt;/code&gt;&lt;/pre&gt;&#xA;</Body>
</answer>
