<question>
<Title>Using string as variable name</Title>
<Body>&lt;p&gt;Is there any way for me to use a string to call a method of a class? Here's an example that will hopefully explain better (using the way I think it should be):&lt;/p&gt;&#xA;&#xA;&lt;pre&gt;&lt;code&gt;class helloworld():&#xA;    def world(self):&#xA;        print &quot;Hello World!&quot;&#xA;&#xA;str = &quot;world&quot;&#xA;hello = helloworld()&#xA;&#xA;hello.`str`()&#xA;&lt;/code&gt;&lt;/pre&gt;&#xA;&#xA;&lt;p&gt;Which would output &lt;code&gt;Hello World!&lt;/code&gt;.&lt;/p&gt;&#xA;&#xA;&lt;p&gt;Thanks in advance.&lt;/p&gt;&#xA;</Body>
<Tags>python</Tags>
</question>
<answer>
<Body>&lt;p&gt;You can use &lt;a href=&quot;http://docs.python.org/3.0/library/functions.html#getattr&quot; rel=&quot;nofollow noreferrer&quot;&gt;&lt;code&gt;getattr&lt;/code&gt;&lt;/a&gt;:&lt;/p&gt;&#xA;&#xA;&lt;pre&gt;&lt;code&gt;&amp;gt;&amp;gt;&amp;gt; class helloworld:&#xA;...     def world(self):&#xA;...         print(&quot;Hello World!&quot;)&#xA;... &#xA;&amp;gt;&amp;gt;&amp;gt; m = &quot;world&quot;&#xA;&amp;gt;&amp;gt;&amp;gt; hello = helloworld()&#xA;&amp;gt;&amp;gt;&amp;gt; getattr(hello, m)()&#xA;Hello World!&#xA;&lt;/code&gt;&lt;/pre&gt;&#xA;&#xA;&lt;ul&gt;&#xA;&lt;li&gt;Note that the parens in &lt;code&gt;class helloworld()&lt;/code&gt; as in your example are unnecessary, in this case.&lt;/li&gt;&#xA;&lt;li&gt;And, as &lt;a href=&quot;https://stackoverflow.com/users/12855/silentghost&quot;&gt;SilentGhost&lt;/a&gt; points out, &lt;a href=&quot;http://docs.python.org/3.0/library/functions.html#str&quot; rel=&quot;nofollow noreferrer&quot;&gt;&lt;code&gt;str&lt;/code&gt;&lt;/a&gt; is an unfortunate name for a variable.&lt;/li&gt;&#xA;&lt;/ul&gt;&#xA;</Body>
</answer>
<answer>
<Body>&lt;p&gt;one way is you can set variables to be equal to functions just like data&lt;/p&gt;&#xA;&#xA;&lt;pre&gt;&lt;code&gt;def thing1():&#xA;    print &quot;stuff&quot;&#xA;&#xA;def thing2():&#xA;    print &quot;other stuff&quot;&#xA;&#xA;avariable = thing1&#xA;avariable ()&#xA;avariable = thing2&#xA;avariable ()&#xA;&lt;/code&gt;&lt;/pre&gt;&#xA;&#xA;&lt;p&gt;And the output you'l get is &lt;/p&gt;&#xA;&#xA;&lt;pre&gt;&lt;code&gt;stuff&#xA;other stuff&#xA;&lt;/code&gt;&lt;/pre&gt;&#xA;&#xA;&lt;p&gt;Then you can get more complicated and have&lt;/p&gt;&#xA;&#xA;&lt;pre&gt;&lt;code&gt;somedictionary[&quot;world&quot;] = world&#xA;somedictionary[&quot;anotherfunction&quot;] = anotherfunction&#xA;&lt;/code&gt;&lt;/pre&gt;&#xA;&#xA;&lt;p&gt;and so on. If you want to automatically compile a modules methods into the dictionary use dir()&lt;/p&gt;&#xA;</Body>
</answer>
<answer>
<Body>&lt;p&gt;&lt;em&gt;Warning: exec is a dangerous function to use, study it before using it&lt;/em&gt;&lt;/p&gt;&#xA;&#xA;&lt;p&gt;You can also use the built-in function &quot;exec&quot;:&lt;/p&gt;&#xA;&#xA;&lt;pre&gt;&lt;code&gt;&amp;gt;&amp;gt;&amp;gt; def foo(): print('foo was called');&#xA;...&#xA;&amp;gt;&amp;gt;&amp;gt; some_string = 'foo';&#xA;&amp;gt;&amp;gt;&amp;gt; exec(some_string + '()');&#xA;foo was called&#xA;&amp;gt;&amp;gt;&amp;gt;&#xA;&lt;/code&gt;&lt;/pre&gt;&#xA;</Body>
</answer>
<answer>
<Body>&lt;p&gt;What you're looking for is &lt;a href=&quot;http://www.python.org/doc/2.5.2/ref/exec.html&quot; rel=&quot;nofollow noreferrer&quot;&gt;exec&lt;/a&gt;&lt;/p&gt;&#xA;&#xA;&lt;pre&gt;&lt;code&gt;class helloworld():&#xA;    def world(self):&#xA;        print &quot;Hello World!&quot;&#xA;&#xA;str = &quot;world&quot;&#xA;hello = helloworld()&#xA;&#xA;completeString = &quot;hello.%s()&quot; % str&#xA;&#xA;exec(completString)&#xA;&lt;/code&gt;&lt;/pre&gt;&#xA;</Body>
</answer>
