<question>
<Title>Handle sys.exit() in cherrypy service</Title>
<Body>&lt;p&gt;When you start/stop a python cherrypy service (compiled with py2exe), this works fine  When I get a &lt;code&gt;sys.exit()&lt;/code&gt; call (from my error handler), cherrypy quits, but the service remains hanging.&lt;/p&gt;&#xA;&#xA;&lt;p&gt;Code:&lt;/p&gt;&#xA;&#xA;&lt;pre&gt;&lt;code&gt;import cherrypy&#xA;import win32serviceutil&#xA;import win32service&#xA;import sys&#xA;&#xA;SERVICE = None&#xA;&#xA;class HelloWorld:&#xA;    &quot;&quot;&quot; Sample request handler class. &quot;&quot;&quot;&#xA;&#xA;    def __init__(self):&#xA;        self.iVal = 0&#xA;&#xA;    @cherrypy.expose&#xA;    def index(self):&#xA;        self.iVal += 1 &#xA;        if self.iVal == 5:&#xA;            StopService(SERVICE)&#xA;        return &quot;Hello world! &quot; + str(self.iVal) &#xA;&#xA;&#xA;class MyService(win32serviceutil.ServiceFramework):&#xA;    &quot;&quot;&quot;NT Service.&quot;&quot;&quot;&#xA;&#xA;    _svc_name_ = &quot;CherryPyService&quot;&#xA;    _svc_display_name_ = &quot;CherryPy Service&quot;&#xA;    _svc_description_ = &quot;Some description for this service&quot;&#xA;&#xA;    def SvcDoRun(self):&#xA;        SERVICE = self&#xA;        StartService()&#xA;&#xA;&#xA;    def SvcStop(self):&#xA;        StopService(SERVICE)&#xA;&#xA;&#xA;def StartService():&#xA;&#xA;    cherrypy.tree.mount(HelloWorld(), '/')&#xA;&#xA;    cherrypy.config.update({&#xA;        'global':{&#xA;            'tools.log_tracebacks.on': True,&#xA;            'log.error_file': '\\Error_File.txt',&#xA;            'log.screen': True,&#xA;            'engine.autoreload.on': False,&#xA;            'engine.SIGHUP': None,&#xA;            'engine.SIGTERM': None&#xA;            }&#xA;        })&#xA;&#xA;    cherrypy.engine.start()&#xA;    cherrypy.engine.block()&#xA;&#xA;&#xA;def StopService(classObject):&#xA;    classObject.ReportServiceStatus(win32service.SERVICE_STOP_PENDING)&#xA;    cherrypy.engine.exit()&#xA;    classObject.ReportServiceStatus(win32service.SERVICE_STOPPED)&#xA;&#xA;&#xA;&#xA;if __name__ == '__main__':&#xA;    print sys.argv&#xA;    win32serviceutil.HandleCommandLine(MyService)&#xA;&lt;/code&gt;&lt;/pre&gt;&#xA;&#xA;&lt;p&gt;Any advice would be great :)&lt;/p&gt;&#xA;</Body>
<Tags>python,windows-services,cherrypy</Tags>
</question>
<answer>
<Body>&lt;p&gt;I'm not entirely sure where the &lt;code&gt;sys.exit&lt;/code&gt; call is coming from or what your preferred behavior is. When &lt;a href=&quot;http://docs.python.org/library/sys.html#sys.exit&quot; rel=&quot;nofollow noreferrer&quot;&gt;&lt;code&gt;sys.exit&lt;/code&gt;&lt;/a&gt; is called, however, it raises a &lt;a href=&quot;http://docs.python.org/library/exceptions.html#exceptions.SystemExit&quot; rel=&quot;nofollow noreferrer&quot;&gt;&lt;code&gt;SystemExit&lt;/code&gt;&lt;/a&gt; exception. You can intercept this and continue on your way:&lt;/p&gt;&#xA;&#xA;&lt;pre&gt;&lt;code&gt;import sys&#xA;try:&#xA;    sys.exit()&#xA;except SystemExit:&#xA;    print &quot;Somebody called sys.exit().&quot;&#xA;print &quot;Still running.&quot;&#xA;&lt;/code&gt;&lt;/pre&gt;&#xA;&#xA;&lt;p&gt;... or use &lt;code&gt;finally&lt;/code&gt; to do some cleanup:&lt;/p&gt;&#xA;&#xA;&lt;pre&gt;&lt;code&gt;try:&#xA;    do_something()&#xA;finally:&#xA;    cleanup()&#xA;&lt;/code&gt;&lt;/pre&gt;&#xA;</Body>
</answer>
<answer>
<Body>&lt;p&gt;&lt;a href=&quot;https://stackoverflow.com/questions/2125175/stopping-a-cherrypy-server-over-http/2130438#2130438&quot;&gt;stopping a cherrypy server over http&lt;/a&gt; recommends &lt;code&gt;cherrypy.engine.exit()&lt;/code&gt; instead of &lt;code&gt;sys.exit()&lt;/code&gt;.&lt;/p&gt;&#xA;</Body>
</answer>
