<question>
<Title>Lear Gist Descriptor C code used with C++</Title>
<Body>&lt;p&gt;I am using Lear's implementation of the Gist descriptor for a project which can be found here: &lt;a href=&quot;http://lear.inrialpes.fr/software&quot; rel=&quot;nofollow&quot;&gt;http://lear.inrialpes.fr/software&lt;/a&gt;.&lt;/p&gt;&#xA;&#xA;&lt;p&gt;I am writing an application in c++ and I want to use this library. I am having issues though with the makefile and linking in general. &lt;/p&gt;&#xA;&#xA;&lt;p&gt;These commands give me no errors: &lt;/p&gt;&#xA;&#xA;&lt;pre&gt;&lt;code&gt;g++ -c standalone_image.c -o standalone_image.o&#xA;g++ -c gist.c -o gist.o&#xA;&lt;/code&gt;&lt;/pre&gt;&#xA;&#xA;&lt;p&gt;However, this line &lt;/p&gt;&#xA;&#xA;&lt;pre&gt;&lt;code&gt;g++ compute_gist.c `pkg-config --cflags --libs opencv`&#xA;&lt;/code&gt;&lt;/pre&gt;&#xA;&#xA;&lt;p&gt;gives me the following error&lt;/p&gt;&#xA;&#xA;&lt;pre&gt;&lt;code&gt;Undefined symbols for architecture x86_64:&#xA;  &quot;color_gist_scaletab(color_image_t*, int, int, int const*)&quot;, referenced from:&#xA;      _main in ccMFYbAU.o&#xA;  &quot;color_image_delete(color_image_t*)&quot;, referenced from:&#xA;      _main in ccMFYbAU.o&#xA;  &quot;color_image_new(int, int)&quot;, referenced from:&#xA;      load_ppm(char const*)in ccMFYbAU.o&#xA;ld: symbol(s) not found for architecture x86_64&#xA;collect2: ld returned 1 exit status&#xA;&lt;/code&gt;&lt;/pre&gt;&#xA;&#xA;&lt;p&gt;I have the Mosaic c++ code in a different directory. I also tried to compile gist and standalone_image seperately, copy into the mosaic directory, and compile the Mosaic code. &#xA;Which gives me the following error: &lt;/p&gt;&#xA;&#xA;&lt;pre&gt;&lt;code&gt;Undefined symbols for architecture x86_64:&#xA;  &quot;color_gist_scaletab(color_image_t*, int, int, int const*)&quot;, referenced from:&#xA;      _main in main.o&#xA;ld: symbol(s) not found for architecture x86_64&#xA;collect2: ld returned 1 exit status&#xA;make: *** [mosaic] Error 1&#xA;&lt;/code&gt;&lt;/pre&gt;&#xA;&#xA;&lt;p&gt;I really want to use this library in my project, but I can't figure out a way to incorporate it in my c++.&lt;/p&gt;&#xA;&#xA;&lt;p&gt;Any help is GREATLY appreciated! Thanks!&lt;/p&gt;&#xA;&#xA;&lt;p&gt;Edit: I am using Mac Lion with:&lt;/p&gt;&#xA;&#xA;&lt;pre&gt;&lt;code&gt;gcc + g++ version: i686-apple-darwin11-llvm-gcc-4.2 (GCC) 4.2.1 (Based on Apple Inc. build 5658) (LLVM build 2336.1.00)&#xA;&lt;/code&gt;&lt;/pre&gt;&#xA;&#xA;&lt;p&gt;The lear library also uses the FFTW3 library that should work with C and C++.&lt;/p&gt;&#xA;</Body>
<Tags>c++,c,makefile,gist</Tags>
</question>
<answer>
<Body>&lt;p&gt;The problem was that I needed the extern around the gist include, but the linking that was done in the Makefile was also wrong. It works now. :)&lt;/p&gt;&#xA;</Body>
</answer>
