<question>
<Title>python compare two dates</Title>
<Body>&lt;p&gt;i am subtracting two dates and computing the difference in hours&lt;/p&gt;&#xA;&#xA;&lt;pre&gt;&lt;code&gt;c_date = &quot;2011-03-23 12:52:14&quot;&#xA;c_obj_date = datetime.datetime.strptime(c_date, &quot;%Y-%m-%d %H:%M:%S&quot;)&#xA;n_date = datetime.datetime.now().strftime(&quot;%Y-%m-%d %H:%M:%S&quot;)&#xA;print &quot;Creation Date:&quot;, c_date&#xA;print &quot;Current Date: &quot;, n_date&#xA;hours = abs(n_date - c_obj_date).total_seconds() / 3600.0&#xA;print hours&#xA;&lt;/code&gt;&lt;/pre&gt;&#xA;&#xA;&lt;p&gt;however this gives me this error:&lt;/p&gt;&#xA;&#xA;&lt;pre&gt;&lt;code&gt;  File &quot;./eight.py&quot;, line 69, in zabbix_result&#xA;    hours = abs(n_date - c_obj_date).total_seconds() / 3600.0&#xA;TypeError: unsupported operand type(s) for -: 'str' and 'datetime.datetime'&#xA;&lt;/code&gt;&lt;/pre&gt;&#xA;&#xA;&lt;p&gt;i am using python2.4&lt;/p&gt;&#xA;&#xA;&lt;p&gt;UPDATE:&lt;/p&gt;&#xA;&#xA;&lt;p&gt;i now used&lt;/p&gt;&#xA;&#xA;&lt;pre&gt;&lt;code&gt;n_date = datetime.datetime.now()&#xA;&lt;/code&gt;&lt;/pre&gt;&#xA;&#xA;&lt;p&gt;but the total_seconds() wont work in python2.4?? any idea how i can subtract two datetime object and get the hour difference?&lt;/p&gt;&#xA;</Body>
<Tags>python,linux</Tags>
</question>
<answer>
<Body>&lt;p&gt;Look at the error message. The type on the left side of the operand is a &lt;code&gt;str&lt;/code&gt;. The problem is in the third line. Try removing the &lt;code&gt;strftime&lt;/code&gt; part.&lt;/p&gt;&#xA;</Body>
</answer>
<answer>
<Body>&lt;p&gt;The type of &lt;code&gt;n_date&lt;/code&gt; is a string. The type of &lt;code&gt;c_obj_date&lt;/code&gt; is a datetime which means you can't subtract one from the other. That's also what the error message says.&lt;/p&gt;&#xA;&#xA;&lt;p&gt;You probably meant to do the following: &lt;code&gt;datetime.datetime.now() - c_obj_date&lt;/code&gt;. You now have a &lt;a href=&quot;http://docs.python.org/library/datetime.html#timedelta-objects&quot; rel=&quot;nofollow&quot;&gt;&lt;code&gt;timedelta&lt;/code&gt;&lt;/a&gt; and you can obtain the number of seconds using the method below.&lt;/p&gt;&#xA;&#xA;&lt;p&gt;The &lt;a href=&quot;http://docs.python.org/library/datetime.html#datetime.timedelta.total_seconds&quot; rel=&quot;nofollow&quot;&gt;&lt;code&gt;total_seconds()&lt;/code&gt;&lt;/a&gt; method was introduced in Python 2.7 and you are using Python 2.4 so that won't work. If you wish to do it in Python 2.4, simply follow the method of computation in the docs:&lt;/p&gt;&#xA;&#xA;&lt;pre&gt;&lt;code&gt;(td.microseconds + (td.seconds + td.days * 24 * 3600) * 10**6) / 10**6&#xA;&lt;/code&gt;&lt;/pre&gt;&#xA;&#xA;&lt;p&gt;where &lt;code&gt;td&lt;/code&gt; is equal to &lt;code&gt;datetime.datetime.now() - c_obj_date&lt;/code&gt;.&lt;/p&gt;&#xA;</Body>
</answer>
<answer>
<Body>&lt;p&gt;You need to work with the datetime object. &lt;/p&gt;&#xA;&#xA;&lt;p&gt;Change this line:&lt;/p&gt;&#xA;&#xA;&lt;pre&gt;&lt;code&gt;n_date = datetime.datetime.now().strftime(&quot;%Y-%m-%d %H:%M:%S&quot;)&#xA;&lt;/code&gt;&lt;/pre&gt;&#xA;&#xA;&lt;p&gt;with:&lt;/p&gt;&#xA;&#xA;&lt;pre&gt;&lt;code&gt;n_obj_date = datetime.datetime.now()&#xA;&lt;/code&gt;&lt;/pre&gt;&#xA;&#xA;&lt;p&gt;And adjust the following ones to:&lt;/p&gt;&#xA;&#xA;&lt;pre&gt;&lt;code&gt;print &quot;Creation Date:&quot;, c_date&#xA;print &quot;Current Date: &quot;, n_obj_date.strftime(&quot;%Y-%m-%d %H:%M:%S&quot;)&#xA;hours = abs(n_obj_date - c_obj_date).total_seconds() / 3600.0&#xA;print hours&#xA;&lt;/code&gt;&lt;/pre&gt;&#xA;&#xA;&lt;p&gt;This way you'll be doing a subtraction between two datetime objects.&lt;/p&gt;&#xA;</Body>
</answer>
<answer>
<Body>&lt;p&gt;strftime converts a timey-object to a string, strptime parses a string to a timey object.&lt;/p&gt;&#xA;&#xA;&lt;p&gt;thus n_date is a string.&lt;/p&gt;&#xA;</Body>
</answer>
<answer>
<Body>&lt;p&gt;n_date is a string and c_obj_date is a datetime.datetime object.  I'm not sure where you're getting the .total_seconds() method from either (it's not a timedelta member...). Try something like this:&lt;/p&gt;&#xA;&#xA;&lt;pre&gt;&#xA; c_date = &quot;2011-03-23 12:52:14&quot;&#xA; c_obj_date = datetime.datetime.strptime(c_date, &quot;%Y-%m-%d %H:%M:%S&quot;)&#xA; n_date = datetime.datetime.now()&#xA;&#xA; print &quot;Creation Date:&quot;, c_date&#xA; print &quot;Current Date: &quot;, n_date&#xA;&#xA; absdiff = abs(n_date - c_obj_date)&#xA; hours = (absdiff.days * 24 * 60 * 60 + absdiff.seconds) / 3600.0&#xA;&#xA; print hours&#xA;&lt;/pre&gt;&#xA;</Body>
</answer>
