<question>
<Title>Options to profile server side execution times in python code</Title>
<Body>&lt;p&gt;I've a HTTP server written in Python that accepts a large binary file (&gt;50MB) and performs some file related computation (decryption, decompression ...) on the file. I want to get a good estimate of the the amount of time it takes to execute these operations. My python server is running on a multi CPU and multi core server on Ubuntu 11.10. &lt;/p&gt;&#xA;&#xA;&lt;p&gt;Currently I'm just doing a time diff of (&lt;code&gt;date.now()&lt;/code&gt; to get the execution times for various operations.  I know there are couple of Python modules that provide profiling capabilities. However, my understanding is they are limited to small code snippets only. &lt;/p&gt;&#xA;&#xA;&lt;p&gt;What are my other options ?&lt;/p&gt;&#xA;&#xA;&lt;p&gt;Thanks.  &lt;/p&gt;&#xA;</Body>
<Tags>python,http,profiling,multicore,execution</Tags>
</question>
<answer>
<Body>&lt;p&gt;I'd say that cProfile is pretty solid, and definitely an improvement on using something like date.now().  Here is what cProfile produces for a comparison of a useless and slightly less useless fibonacci generator.&lt;/p&gt;&#xA;&#xA;&lt;pre&gt;&lt;code&gt;$ python -m cProfile script.py&#xA;         4113777 function calls (1371305 primitive calls) in 1.337 seconds&#xA;&#xA;   Ordered by: standard name&#xA;&#xA;   ncalls  tottime  percall  cumtime  percall filename:lineno(function)&#xA;        1    0.000    0.000    0.000    0.000 cProfile.py:5(&amp;lt;module&amp;gt;)&#xA;        1    0.000    0.000    0.000    0.000 cProfile.py:66(Profile)&#xA;        1    0.009    0.009    1.337    1.337 script.py:1(&amp;lt;module&amp;gt;)&#xA;2692508/30    1.069    0.000    1.268    0.042 script.py:3(fib)&#xA;74994/25000    0.058    0.000    0.058    0.000 script.py:9(fibber)&#xA;  1346269    0.200    0.000    0.200    0.000 {max}&#xA;        1    0.000    0.000    0.000    0.000 {method 'disable' of '_lsprof.Profiler' objects}&#xA;        2    0.001    0.000    0.001    0.000 {range}&#xA;&lt;/code&gt;&lt;/pre&gt;&#xA;&#xA;&lt;p&gt;Here is the code I used:&lt;/p&gt;&#xA;&#xA;&lt;pre&gt;&lt;code&gt;import cProfile&#xA;&#xA;def fib(num):&#xA;    if num &amp;lt; 3:&#xA;        return max(num, 1)&#xA;    return fib(num - 1) + fib(num - 2)&#xA;&#xA;fibdict = {0:1, 1:1, 2:2}&#xA;def fibber(num):&#xA;    if num not in fibdict:&#xA;        n = fibber(num - 1) + fibber(num - 2)&#xA;        fibdict[num] = n&#xA;    return fibdict[num]&#xA;&#xA;a = [fib(i) for i in range(30)]&#xA;b = [fibber(i) for i in range(25000)]&#xA;&lt;/code&gt;&lt;/pre&gt;&#xA;&#xA;&lt;p&gt;cProfile pretty clearly tells me how slow fib is running, and gives me nice data on time per call / number of calls, as well as how much total time was spent in the method.  Obviously this is trivial/toy code, but I regularly use cProfile to get a feel for where my code is spending the most time, and I have found it very effective for non-trivial code.  I would imagine it would give you the data that you need.&lt;/p&gt;&#xA;</Body>
</answer>
