<question>
<Title>Array change in C++ function is not preserved in C#</Title>
<Body>&lt;p&gt;I have a C# code calling a C++ function.&lt;/p&gt;&#xA;&#xA;&lt;p&gt;The C++ function should fill a buffer passed with a pointer. However, the array returns empty.&lt;/p&gt;&#xA;&#xA;&lt;p&gt;The import declaration is:&lt;/p&gt;&#xA;&#xA;&lt;pre&gt;&lt;code&gt;[DllImport(&quot;ProjectLogicInterface&quot;, EntryPoint = &quot;FillArr&quot;, CallingConvention = CallingConvention.Cdecl)]&#xA;public static extern UInt32 FillArr(char[] arr);&#xA;&lt;/code&gt;&lt;/pre&gt;&#xA;&#xA;&lt;p&gt;The code, after simplifications and entering some hard coded values looks like that:&lt;/p&gt;&#xA;&#xA;&lt;p&gt;The code in C#:&lt;/p&gt;&#xA;&#xA;&lt;pre&gt;&lt;code&gt;char[] arr= new char[10];&#xA;ret = LogicInterface.FillArr(arr);&#xA;&lt;/code&gt;&lt;/pre&gt;&#xA;&#xA;&lt;p&gt;The C++ code:&lt;/p&gt;&#xA;&#xA;&lt;pre&gt;&lt;code&gt;bool FillArr(char* arr)&#xA;{&#xA;       int length=10;&#xA;       for(int i = 0; i &amp;lt; length; i++) &#xA;       {&#xA;              arr[i] = 3; //replaced with some hard coded value&#xA;       }&#xA;       return true;&#xA;}&#xA;&lt;/code&gt;&lt;/pre&gt;&#xA;&#xA;&lt;p&gt;However, the array remains empty.&lt;/p&gt;&#xA;&#xA;&lt;p&gt;Any suggestions?&lt;/p&gt;&#xA;</Body>
<Tags>c#,c++,pointers,marshalling,dllimport</Tags>
</question>
<answer>
<Body>&lt;p&gt;I believe that you would have to pin the array before passing it to your native code. This prevents the GC from moving the managed array around in memory while you're accessing it in C++.&lt;/p&gt;&#xA;&#xA;&lt;p&gt;So you could use:&lt;/p&gt;&#xA;&#xA;&lt;pre&gt;&lt;code&gt;[DllImport(&quot;ProjectLogicInterface&quot;, EntryPoint = &quot;FillArr&quot;, CallingConvention = CallingConvention.Cdecl)]&#xA;public static extern UInt32 FillArr( char* arr );&#xA;&lt;/code&gt;&lt;/pre&gt;&#xA;&#xA;&lt;p&gt;And then:&lt;/p&gt;&#xA;&#xA;&lt;pre&gt;&lt;code&gt;char[] arr = new char[ 10 ];&#xA;&#xA;fixed (char* pinned = arr )&#xA;{&#xA;    ret = LogicInterface.FillArr( pinned );&#xA;}&#xA;&lt;/code&gt;&lt;/pre&gt;&#xA;&#xA;&lt;p&gt;Note that I haven't actually compiled and run this but it should give you some ideas on how to proceed.&lt;/p&gt;&#xA;</Body>
</answer>
<answer>
<Body>&lt;p&gt;You don't need to pin the array as long as the code in C++ doesn't cache it before returning.&lt;/p&gt;&#xA;&#xA;&lt;p&gt;In your case, you need to pass the array by reference so it can be considered as an out argument.&lt;/p&gt;&#xA;&#xA;&lt;pre&gt;&lt;code&gt;[DllImport(&quot;ProjectLogicInterface&quot;, EntryPoint = &quot;FillArr&quot;, CallingConvention = CallingConvention.Cdecl)]&#xA;public static extern UInt32 FillArr(ref char[] arr);`&#xA;&lt;/code&gt;&lt;/pre&gt;&#xA;</Body>
</answer>
<answer>
<Body>&lt;p&gt;Found this link highly usefull:&lt;/p&gt;&#xA;&#xA;&lt;p&gt;&lt;a href=&quot;https://stackoverflow.com/questions/1711895/c-calling-c-dll-with-char-argument&quot;&gt;C#: calling C++ DLL with char** argument&lt;/a&gt;&lt;/p&gt;&#xA;&#xA;&lt;p&gt;The final code looks like:&lt;/p&gt;&#xA;&#xA;&lt;pre&gt;&lt;code&gt;    [DllImport(&quot;ProjectLogicInterface&quot;, EntryPoint = &quot;FillArr&quot;, CallingConvention = CallingConvention.Cdecl)]&#xA;    static extern bool FillArr([MarshalAs(UnmanagedType.LPStr, ArraySubType = UnmanagedType.LPStr)] StringBuilder args);&#xA;&#xA;        static void Main(string[] args)&#xA;        {&#xA;            StringBuilder arr = new StringBuilder(9);&#xA;            bool res = FillArr(arr);&#xA;        }&#xA;&lt;/code&gt;&lt;/pre&gt;&#xA;</Body>
</answer>
