<question>
<Title>Is anyone using zeromq to coordinate multiple Python interpreters in the same process?</Title>
<Body>&lt;p&gt;I love Python's global interpreter lock because it makes the underlying C code simple.&#xA;But it means that each Python interpreter main loop is restricted to one thread at a time.&#xA;This is bad because recently the number of cores per processor chip has been doubling frequently.&lt;/p&gt;&#xA;&#xA;&lt;p&gt;One of the supposed advantages to zeromq is that it makes multi-threaded programming &quot;easy&quot; or easier.&lt;/p&gt;&#xA;&#xA;&lt;p&gt;Is it possible to launch multiple Python interpreters in the same process and have them communicate only using in-process zeromq with no other shared state?  Has anyone tried it?  Does it work well?  Please comment and/or provide links.&lt;/p&gt;&#xA;</Body>
<Tags>python,multithreading,zeromq</Tags>
</question>
<answer>
<Body>&lt;p&gt;I don't know of any way to create multiple instances of the Python interpreter within a single process, but I do have experience with splitting multiple instances across multiple processes and communicating with &lt;code&gt;zmq&lt;/code&gt;.&lt;/p&gt;&#xA;&#xA;&lt;p&gt;I've been using &lt;code&gt;multiprocessing&lt;/code&gt; to implement an island-model architecture for global optimization, with &lt;code&gt;zmq&lt;/code&gt; for managing communication between the islands.  Each island is its own process with its own Python interpreter, created and managed by the master archipelago process.&lt;/p&gt;&#xA;&#xA;&lt;p&gt;Using &lt;code&gt;multiprocessing&lt;/code&gt; allows you to launch as many independent Python interpreters as you wish, but they all reside in their own processes with a separate memory space.  I believe the OS scheduler takes care of assigning processes to cores and sharing CPU time.  The separate memory space is the hardest part, because it means you have to explicitly communicate.  To communicate between processes, the objects/data you wish to send must be serializable, because &lt;code&gt;zmq&lt;/code&gt; sends byte-strings.&lt;/p&gt;&#xA;&#xA;&lt;p&gt;The nice thing about &lt;code&gt;zmq&lt;/code&gt; is that it's a piece of cake to scale across systems distributed over a network, and it's pretty lightweight.  You can create just about any communication pattern you wish, using REP/REQ, PUB/SUB, or whatever.&lt;/p&gt;&#xA;&#xA;&lt;p&gt;But no, it's not as easy as just spinning up a few threads from the &lt;code&gt;threading&lt;/code&gt; module.&lt;/p&gt;&#xA;&#xA;&lt;p&gt;Edit: Also, here's a Stack Overflow question similar to yours.  Inside are some more relevant links which indicate that it may be possible to run multiple Python interpreters within a single process, but it doesn't look simple.  &lt;a href=&quot;https://stackoverflow.com/questions/2968317/multiple-independent-embedded-python-interpreters-on-multiple-operating-system-t&quot;&gt;Multiple independent embedded Python Interpreters on multiple operating system threads invoked from C/C++ program&lt;/a&gt;&lt;/p&gt;&#xA;</Body>
</answer>
