<question>
<Title>wxProgressDialog like behaviour for a wxDialog</Title>
<Body>&lt;p&gt;I want to create modal dialog but which shouldn't behave in a modal way i.e. control flow should continue&lt;/p&gt;&#xA;&#xA;&lt;p&gt;if i do&lt;/p&gt;&#xA;&#xA;&lt;pre&gt;&lt;code&gt; dlg = wx.Dialog(parent)&#xA; dlg.ShowModal()&#xA;&#xA; print &quot;xxx&quot;&#xA;&#xA; dlg.Destroy()&#xA;&lt;/code&gt;&lt;/pre&gt;&#xA;&#xA;&lt;p&gt;&quot;xxx&quot; will not get printed, but in case of progress dialog&lt;/p&gt;&#xA;&#xA;&lt;pre&gt;&lt;code&gt;dlg = wx.ProgressDialog.__init__(self,title, title, parent=parent, style=wx.PD_APP_MODAL)&#xA;print &quot;xxx&quot;&#xA;&#xA;dlg.Destroy()&#xA;&lt;/code&gt;&lt;/pre&gt;&#xA;&#xA;&lt;p&gt;&quot;xxx&quot; will get printed&lt;/p&gt;&#xA;&#xA;&lt;p&gt;so basically &lt;strong&gt;i want to achieve wx.PD__APP__MODAL for a normal dialog?&lt;/strong&gt;&lt;/p&gt;&#xA;</Body>
<Tags>python,wxpython,modal-dialog</Tags>
</question>
<answer>
<Body>&lt;p&gt;Just use &lt;code&gt;Show&lt;/code&gt; instead of &lt;code&gt;ShowModal&lt;/code&gt;.&lt;/p&gt;&#xA;&#xA;&lt;p&gt;If your function (the &lt;code&gt;print &quot;xxx&quot;&lt;/code&gt; part) runs for a long time you will either have to manually call &lt;code&gt;wx.SafeYield&lt;/code&gt; every so often or move your work to a separate thread and send custom events to your dialog from it.&lt;/p&gt;&#xA;&#xA;&lt;p&gt;One more tip. As I understand, you want to execute some code after the modal dialog is shown, here is a little trick for a special bind to &lt;code&gt;EVT_INIT_DIALOG&lt;/code&gt; that accomplishes just that.&lt;/p&gt;&#xA;&#xA;&lt;pre&gt;&lt;code&gt;import wx&#xA;&#xA;class TestFrame(wx.Frame):&#xA;    def __init__(self):&#xA;        wx.Frame.__init__(self, None)&#xA;        btn = wx.Button(self, label=&quot;Show Dialog&quot;)&#xA;        btn.Bind(wx.EVT_BUTTON, self.ShowDialog)&#xA;&#xA;    def ShowDialog(self, event):&#xA;        dlg = wx.Dialog(self)&#xA;        dlg.Bind(wx.EVT_INIT_DIALOG, lambda e: wx.CallAfter(self.OnModal, e))&#xA;        dlg.ShowModal()&#xA;        dlg.Destroy()&#xA;&#xA;    def OnModal(self, event):&#xA;        wx.MessageBox(&quot;Executed after ShowModal&quot;)&#xA;&#xA;app = wx.PySimpleApp()&#xA;app.TopWindow = TestFrame()&#xA;app.TopWindow.Show()&#xA;app.MainLoop()&#xA;&lt;/code&gt;&lt;/pre&gt;&#xA;</Body>
</answer>
<answer>
<Body>&lt;p&gt;It was very trivial, just using wx.PD_APP_MODAL style in wx.Dialog allows it to be modal without stopping the program flow, only user input to app is blocked, i thought PD_APP_MODAL is only for progress dialog&lt;/p&gt;&#xA;</Body>
</answer>
