<question>
<Title>cmake + sdl - disable sdlmain</Title>
<Body>&lt;p&gt;I&quot;m linking SDL with my application using cmake (winxp sp3, cmake 2.8.4).&lt;/p&gt;&#xA;&#xA;&lt;pre&gt;&lt;code&gt;cmake_minimum_required(VERSION 2.8)&#xA;&#xA;find_package(SDL REQUIRED)&#xA;&#xA;set(src WIN32 main.cpp)&#xA;&#xA;include_directories(${QT_INCLUDE_DIR} ${QT_QTGUI_INCLUDE_DIR} ${SDL_INCLUDE_DIR})&#xA;&#xA;add_executable(test ${src})&#xA;&#xA;target_link_libraries(test ${SDL_LIBRARY})&#xA;&lt;/code&gt;&lt;/pre&gt;&#xA;&#xA;&lt;p&gt;Problem: SDL_LIBRARY contains SDLmain.lib, and I need to avoid linking with it (I already have one other library that contains main but isn't mentioned in this cmakelists.txt example).&lt;/p&gt;&#xA;&#xA;&lt;p&gt;I need to remove SDLmain entry from SDL_LIBRARY. This must be done without using hard-coded paths to the library - basically I need to keep using find_package to set up sdl-related variables, but I must ensure that SDLmain is not within SDL_LIBRARY. Also, I'm using cmake 2.8.4 which doesn't have string(FIND). &lt;/p&gt;&#xA;&#xA;&lt;p&gt;How can I do that? &lt;/p&gt;&#xA;</Body>
<Tags>c++,cmake,sdl</Tags>
</question>
<answer>
<Body>&lt;p&gt;Does that help?&lt;/p&gt;&#xA;&#xA;&lt;p&gt;&lt;code&gt;FindSDL.cmake&lt;/code&gt;:&lt;/p&gt;&#xA;&#xA;&lt;pre&gt;&lt;code&gt;# This module responds to the the flag:&#xA;# SDL_BUILDING_LIBRARY&#xA;# If this is defined, then no SDL_main will be linked in because &#xA;# only applications need main().&#xA;# Otherwise, it is assumed you are building an application and this&#xA;# module will attempt to locate and set the the proper link flags&#xA;# as part of the returned SDL_LIBRARY variable.&#xA;&lt;/code&gt;&lt;/pre&gt;&#xA;</Body>
</answer>
