<question>
<Title>Where can I find proper examples of the PEP 257 Docstring Conventions?</Title>
<Body>&lt;p&gt;&lt;a href=&quot;http://www.python.org/dev/peps/pep-0257/#multi-line-docstrings&quot; rel=&quot;nofollow noreferrer&quot;&gt;PEP 257 says&lt;/a&gt;: &lt;/p&gt;&#xA;&#xA;&lt;blockquote&gt;&#xA;  &lt;p&gt;Insert a blank line before and after all docstrings (one-line or&#xA;  multi-line) that document a class -- generally speaking, the class's&#xA;  methods are separated from each other by a single blank line, and the&#xA;  docstring needs to be offset from the first method by a blank line;&#xA;  for symmetry, put a blank line between the class header and the&#xA;  docstring.&lt;/p&gt;&#xA;&lt;/blockquote&gt;&#xA;&#xA;&lt;p&gt;But I can't seem to find any code that actually implements this.&lt;/p&gt;&#xA;&#xA;&lt;p&gt;I've checked several standard modules delivered with Python 2.6, even searched specifically for ones where Guido's name is mentioned.&#xA;But even the code of the rietveld code review tool does IMHO not comply (see e.g. &lt;a href=&quot;http://code.google.com/p/rietveld/source/browse/upload.py&quot; rel=&quot;nofollow noreferrer&quot;&gt;http://code.google.com/p/rietveld/source/browse/upload.py&lt;/a&gt;):&lt;/p&gt;&#xA;&#xA;&lt;pre&gt;&lt;code&gt;class CondensedHelpFormatter(optparse.IndentedHelpFormatter):&#xA;   &quot;&quot;&quot;Frees more horizontal space by removing indentation from group&#xA;      options and collapsing arguments between short and long, e.g.&#xA;      '-o ARG, --opt=ARG' to -o --opt ARG&quot;&quot;&quot;&#xA;&#xA;   def format_heading(self, heading):&#xA;     return &quot;%s:\n&quot; % heading&#xA;&lt;/code&gt;&lt;/pre&gt;&#xA;&#xA;&lt;p&gt;This multi line docstring does not have a blank line in before and the blank line after is outside the closing quotes.&lt;/p&gt;&#xA;&#xA;&lt;p&gt;This class from &lt;code&gt;/usr/lib64/python2.6/site.py&lt;/code&gt; does not have a blank line before but has a blank line before and after the closing quotes.&lt;/p&gt;&#xA;&#xA;&lt;pre&gt;&lt;code&gt;class _Helper(object):&#xA;    &quot;&quot;&quot;Define the built-in 'help'.&#xA;    This is a wrapper around pydoc.help (with a twist).&#xA;&#xA;    &quot;&quot;&quot;&#xA;&#xA;    def __repr__(self):&#xA;&lt;/code&gt;&lt;/pre&gt;&#xA;&#xA;&lt;p&gt;Are there examples available to demonstrate PEP 257?&lt;/p&gt;&#xA;&#xA;&lt;p&gt;Thanks in advance&lt;/p&gt;&#xA;</Body>
<Tags>python,coding-style</Tags>
</question>
<answer>
<Body>&lt;p&gt;Not a direct answer, but if you want to comply with PEP257 you can use a tool I wrote:&#xA;&lt;a href=&quot;https://github.com/halst/pep257&quot; rel=&quot;noreferrer&quot;&gt;https://github.com/halst/pep257&lt;/a&gt;&lt;/p&gt;&#xA;&#xA;&lt;p&gt;I &lt;em&gt;too&lt;/em&gt; was shocked to see how much code (also in the standard library) does not even try to comply with PEP257. &lt;/p&gt;&#xA;&#xA;&lt;p&gt;Probably, most people think that &lt;em&gt;their&lt;/em&gt; docstring-style makes sense, and I also thought there is something awkward to the PEP257 style, &lt;em&gt;but&lt;/em&gt; after using it for some time I fell in love with it,&#xA;and think that it is the most beautiful way to write docstrings. I always follow PEP257 in every aspect I can, and wrote the tool so that more people could see how they can improve their style.&lt;/p&gt;&#xA;&#xA;&lt;p&gt;As an example, I had a funny experience with PEP8 and &lt;a href=&quot;http://www.python.org/dev/peps/pep-0008/&quot; rel=&quot;noreferrer&quot;&gt;pep8 tool&lt;/a&gt;: when I first read PEP8 I liked it and &lt;em&gt;thought&lt;/em&gt; I follow it, but when I tried my code on pep8&#xA;I was shocked by how far from PEP8 I am, and how better my code looks after I fix those style-errors.&lt;/p&gt;&#xA;&#xA;&lt;p&gt;I hope people will have similar experience with &lt;a href=&quot;https://github.com/halst/pep257&quot; rel=&quot;noreferrer&quot;&gt;pep257&lt;/a&gt;, and start to follow PEP257 happily ever after.&lt;/p&gt;&#xA;</Body>
</answer>
<answer>
<Body>&lt;p&gt;As far as I can see, the document you linked to says:&lt;/p&gt;&#xA;&#xA;&lt;blockquote&gt;&#xA;  &lt;p&gt;Insert a blank line &lt;strong&gt;after&lt;/strong&gt; all docstrings (one-line or multi-line) that document a class -- generally speaking, the class's methods are separated from each other by a single blank line, and the docstring needs to be offset from the first method by a blank line.&lt;/p&gt;&#xA;&lt;/blockquote&gt;&#xA;&#xA;&lt;p&gt;&lt;em&gt;(emphasis mine)&lt;/em&gt;&lt;/p&gt;&#xA;&#xA;&lt;p&gt;So, the examples you give are all correct as they have a blank line after the docstring, thus separating the next method declaration with a blank line.&lt;/p&gt;&#xA;</Body>
</answer>
