<question>
<Title>How to add Login/Logout link (Django)</Title>
<Body>&lt;p&gt;I need a link in django template which turns into logout if user is authenticated. (i have already implemented login/logout pages)&lt;/p&gt;&#xA;&#xA;&lt;p&gt;tried &lt;code&gt;{% if user.is_authenticated %} {% endif %}&lt;/code&gt; and &lt;code&gt;{% if user.is_anonymous %} {% endif %}&lt;/code&gt; but didn't work.&lt;/p&gt;&#xA;&#xA;&lt;p&gt;Test Code (https://docs.djangoproject.com/en/dev/topics/auth/) -&lt;/p&gt;&#xA;&#xA;&lt;pre&gt;&lt;code&gt;{% if user.is_authenticated %}&#xA;    &amp;lt;p&amp;gt;Welcome, {{ user.username }}. Thanks for logging in.&amp;lt;/p&amp;gt;&#xA;{% else %}&#xA;    &amp;lt;p&amp;gt;Welcome, new user. Please log in.&amp;lt;/p&amp;gt;&#xA;{% endif %}&#xA;&lt;/code&gt;&lt;/pre&gt;&#xA;&#xA;&lt;p&gt;Returns &lt;strong&gt;false&lt;/strong&gt; evan after logged in successfully.&lt;/p&gt;&#xA;</Body>
<Tags>python,django</Tags>
</question>
<answer>
<Body>&lt;p&gt;It doesn't look like there is anything wrong with the template code you posted. So I'd check out the associated view. In particular, if you're using a custom-made view (rather than, say, a generic view), remember to supply a &lt;a href=&quot;https://docs.djangoproject.com/en/dev/ref/templates/api/#subclassing-context-requestcontext&quot; rel=&quot;nofollow&quot;&gt;RequestContext&lt;/a&gt; to your template.&lt;/p&gt;&#xA;&#xA;&lt;p&gt;From the &lt;a href=&quot;https://docs.djangoproject.com/en/1.4/intro/tutorial04/&quot; rel=&quot;nofollow&quot;&gt;Django tutorial, part 4&lt;/a&gt;:&lt;/p&gt;&#xA;&#xA;&lt;pre&gt;&lt;code&gt;from django.template import RequestContext&#xA;# ...&#xA;def detail(request, poll_id):&#xA;    p = get_object_or_404(Poll, pk=poll_id)&#xA;    return render_to_response('polls/detail.html', {'poll': p},&#xA;                           context_instance=RequestContext(request))&#xA;&lt;/code&gt;&lt;/pre&gt;&#xA;</Body>
</answer>
