<question>
<Title>How do you install Python Xlib with pip?</Title>
<Body>&lt;p&gt;&quot;Python Xlib&quot; ( &lt;a href=&quot;http://pypi.python.org/pypi/Python%20Xlib&quot; rel=&quot;noreferrer&quot;&gt;http://pypi.python.org/pypi/Python%20Xlib&lt;/a&gt; ) is a low level python library for working with xlib. I have installed it on my Ubuntu Linux machine via apt, i.e. &lt;code&gt;sudo aptitude install python-xlib&lt;/code&gt;. However is it possible to install it with &lt;code&gt;pip&lt;/code&gt; in a virtualenv? I am writing a software package that uses xlib, and would like to be able to include an &lt;code&gt;install_requires&lt;/code&gt; line in my &lt;code&gt;setup.py&lt;/code&gt;.&lt;/p&gt;&#xA;&#xA;&lt;p&gt;Since the package is on PyPI (and appears in results of &lt;code&gt;pip search xlib&lt;/code&gt;), I tried to &lt;code&gt;pip install …&lt;/code&gt; the following package names but nothing worked: &lt;code&gt;python\ xlib&lt;/code&gt;, &lt;code&gt;python-xlib&lt;/code&gt;, &lt;code&gt;Python Xlib&lt;/code&gt;, &lt;code&gt;Python-Xlib&lt;/code&gt;, &lt;code&gt;Python%20Xlib&lt;/code&gt;, but none worked.&#xA;`&#xA;Is it possible to install python xlib with pip?&lt;/p&gt;&#xA;</Body>
<Tags>python,pip,xlib</Tags>
</question>
<answer>
<Body>&lt;pre&gt;&lt;code&gt;sudo pip install svn+https://svn.code.sf.net/p/python-xlib/code/trunk/&#xA;&lt;/code&gt;&lt;/pre&gt;&#xA;&#xA;&lt;p&gt;Worked for me.&lt;/p&gt;&#xA;</Body>
</answer>
