<question>
<Title>How to get script's origin filename in V8</Title>
<Body>&lt;p&gt;I want to get script's origin filename in global functions.&lt;/p&gt;&#xA;&#xA;&lt;p&gt;I tried following code, but  &lt;strong&gt;filename.IsEmpty()&lt;/strong&gt;  returns true.&lt;/p&gt;&#xA;&#xA;&lt;pre&gt;&lt;code&gt;using namespace v8;&#xA;&#xA;HandleScope handle_scope;&#xA;&#xA;// Define Global Function 'func'&#xA;Handle&amp;lt;ObjectTemplate&amp;gt; global = ObjectTemplate::New();&#xA;&#xA;auto func_name = v8::String::New(&quot;func&quot;);&#xA;auto func = v8::FunctionTemplate::New(&#xA;        [](const v8::Arguments&amp;amp; args) -&amp;gt; v8::Handle&amp;lt;v8::Value&amp;gt;{&#xA;&#xA;            // I want to get Filename here.&#xA;            auto filename = args.Callee()-&amp;gt;GetScriptOrigin().ResourceName();&#xA;            std::cout &amp;lt;&amp;lt; filename.IsEmpty() &amp;lt;&amp;lt; std::endl;&#xA;&#xA;            return v8::Undefined();&#xA;        });&#xA;&#xA;global-&amp;gt;Set(func_name, func);&#xA;&#xA;auto context = Context::New(nullptr, global);&#xA;Context::Scope context_scope(context);&#xA;&#xA;auto source = String::New(&quot;func()&quot;);&#xA;&#xA;// Set Filename&#xA;auto filename = String::New(&quot;abc.js&quot;);&#xA;auto script = v8::Script::Compile(source, filename);&#xA;script-&amp;gt;Run();&#xA;&#xA;context.Dispose();&#xA;&lt;/code&gt;&lt;/pre&gt;&#xA;&#xA;&lt;p&gt;Is there a correct way to access script's origin filename?&lt;/p&gt;&#xA;</Body>
<Tags>javascript,c++,c++11,v8</Tags>
</question>
<answer>
<Body>&lt;p&gt;Solved by myself:&lt;/p&gt;&#xA;&#xA;&lt;pre&gt;&lt;code&gt;auto func = v8::FunctionTemplate::New(&#xA;    [](const v8::Arguments&amp;amp; args) -&amp;gt; v8::Handle&amp;lt;v8::Value&amp;gt;{&#xA;&#xA;          // Get Filename&#xA;          auto filename = v8::StackTrace::CurrentStackTrace(1,v8::StackTrace::kScriptName)&#xA;                                -&amp;gt;GetFrame(0)-&amp;gt;GetScriptName();&#xA;          std::cout &amp;lt;&amp;lt; *v8::String::AsciiValue(filename) &amp;lt;&amp;lt; std::endl;&#xA;&#xA;        return v8::Undefined();&#xA;    });&#xA;&lt;/code&gt;&lt;/pre&gt;&#xA;</Body>
</answer>
