<question>
<Title>C++ overloading + operator not working</Title>
<Body>&lt;p&gt;Hello guys look to my code I'm trying to make a program which asks you to enter the first value by grams And the second value is kilograms and then convert kilograms to grams by an overloaded + operator but it doesn't work why&lt;/p&gt;&#xA;&#xA;&lt;pre&gt;&lt;code&gt;#include &amp;lt;iostream&amp;gt;&#xA;using namespace std;&#xA;class ADD{&#xA;private:&#xA;    int Fval;&#xA;    int Sval;&#xA;public:&#xA;    ADD(){&#xA;            cout &amp;lt;&amp;lt; &quot;WELCOME TO OUR PROGRAM&quot;&amp;lt;&amp;lt;endl&amp;lt;&amp;lt;&quot;PLEASE ENTER THE FIRST VALUE BY GRAMS :&quot;;&#xA;            cin &amp;gt;&amp;gt; Fval;&#xA;            cout &amp;lt;&amp;lt; &quot;PLEASE ENTER THE SECOND VALUE BY KILOGRAMS :&quot;; cin &amp;gt;&amp;gt; Sval;&#xA;        }&#xA;    ADD operator+(ADD&amp;amp; add){&#xA;        add.Sval *= 1000;&#xA;        return add;&#xA;    }&#xA;    int plus(){&#xA;        return Fval+Sval;&#xA;    }&#xA;};&#xA;int main(){&#xA;    ADD a1;&#xA;    cout &amp;lt;&amp;lt; &quot;THE TOTAL VALUE = &quot; &amp;lt;&amp;lt; a1.plus() &amp;lt;&amp;lt; &quot; GRAMS&quot;;&#xA;}&#xA;&lt;/code&gt;&lt;/pre&gt;&#xA;&#xA;&lt;p&gt;No Effect look to the output&lt;/p&gt;&#xA;&#xA;&lt;pre&gt;&lt;code&gt;WELCOME TO OUR PROGRAM&#xA;PLEASE ENTER THE FIRST VALUE BY GRAMS :2&#xA;PLEASE ENTER THE SECOND VALUE BY KILOGRAMS :3&#xA;THE TOTAL VALUE = 5 GRAMS&#xA;&lt;/code&gt;&lt;/pre&gt;&#xA;&#xA;&lt;p&gt;That means the + operator doesn't multiply 3 by 1000&#xA;Why?? &lt;/p&gt;&#xA;</Body>
<Tags>c++</Tags>
</question>
<answer>
<Body>&lt;p&gt;That's because you're &lt;strong&gt;not calling&lt;/strong&gt; &lt;code&gt;operator +&lt;/code&gt;.&lt;/p&gt;&#xA;&#xA;&lt;p&gt;You're calling &lt;code&gt;ADD::plus()&lt;/code&gt;:&lt;/p&gt;&#xA;&#xA;&lt;pre&gt;&lt;code&gt;int plus(){&#xA;    return Fval+Sval;&#xA;}&#xA;&lt;/code&gt;&lt;/pre&gt;&#xA;&#xA;&lt;p&gt;&lt;code&gt;Fval&lt;/code&gt; and &lt;code&gt;Sval&lt;/code&gt; are integers, which you're adding up. It's as simple as that.&lt;/p&gt;&#xA;&#xA;&lt;h3&gt;EDIT:&lt;/h3&gt;&#xA;&#xA;&lt;p&gt;Your code is fishy. &lt;/p&gt;&#xA;&#xA;&lt;pre&gt;&lt;code&gt;ADD operator+(ADD&amp;amp; add){&#xA;    add.Sval *= 1000;&#xA;    return add;&#xA;}&#xA;&lt;/code&gt;&lt;/pre&gt;&#xA;&#xA;&lt;p&gt;Multiplication inside &lt;code&gt;operator +&lt;/code&gt;? Really? Also, not that you're modifying the parameter, which you shouldn't. It's not intuitive. If you &lt;strong&gt;really must&lt;/strong&gt; do this:&lt;/p&gt;&#xA;&#xA;&lt;pre&gt;&lt;code&gt;ADD operator+(const ADD&amp;amp; add){&#xA;    ADD ret;&#xA;    ret.Sval = add.Sval * 1000;&#xA;    return ret;&#xA;}&#xA;&lt;/code&gt;&lt;/pre&gt;&#xA;</Body>
</answer>
<answer>
<Body>&lt;p&gt;The way operator overloading works is that if you have an object of type X, like so:&lt;/p&gt;&#xA;&#xA;&lt;pre&gt;&lt;code&gt;class X {&#xA;    public:&#xA;        X( int v ) : x( v ) {}&#xA;        int value();&#xA;        X operator +( const X&amp;amp; y ) {&#xA;            return X( value() + y.value() );&#xA;        }&#xA;    private:&#xA;        int y;&#xA;    };&#xA;&lt;/code&gt;&lt;/pre&gt;&#xA;&#xA;&lt;p&gt;Now if you declare two objects of type &lt;code&gt;X&lt;/code&gt;, say &lt;code&gt;X ex&lt;/code&gt; and &lt;code&gt;X wye&lt;/code&gt;, you can say &lt;/p&gt;&#xA;&#xA;&lt;pre&gt;&lt;code&gt;X zed = ex + wye;&#xA;&lt;/code&gt;&lt;/pre&gt;&#xA;&#xA;&lt;p&gt;and get the right result.  If type &lt;code&gt;X&lt;/code&gt; had more than just a single &lt;code&gt;int&lt;/code&gt; field the effect would be more interesting.  For example, you could implement 2D vectors and points, and then operations that add and subtract vectors, to get vectors, add and subtract vectors to/from points to get points, and subtract points to get vectors.&lt;/p&gt;&#xA;&#xA;&lt;p&gt;Hopefully this will give you enough of an idea of what's going on to be able to restructure your code to get it to do what you want.  I may have a detail of syntax wrong, as I'm typing as I go.  &lt;/p&gt;&#xA;&#xA;&lt;p&gt;Also, I often find the right thing is to declare a friend operator when I want a binary operator:&lt;/p&gt;&#xA;&#xA;&lt;pre&gt;&lt;code&gt;friend operator + ( vector2D a, vector2D b );&#xA;&lt;/code&gt;&lt;/pre&gt;&#xA;&#xA;&lt;p&gt;...&lt;/p&gt;&#xA;&#xA;&lt;pre&gt;&lt;code&gt;inline operator + ( vector2D a, vector 2D b ) {&#xA;    return vector2D ( a.x + b.x, a.y + b.y );&#xA;}&#xA;&lt;/code&gt;&lt;/pre&gt;&#xA;</Body>
</answer>
