<question>
<Title>Does apache have the equivalent to asp.net httpcontext.cache and output cache?</Title>
<Body>&lt;p&gt;I am migration a site from asp.net-mvc and IIS onto apache.  Everything is migrated but there is one final piece where the asp.net-mvc site is using HttpContext.Cache and output cache attributes on some methods. &lt;/p&gt;&#xA;&#xA;&lt;p&gt;What is the equivalent on apache web server / python (&lt;a href=&quot;http://www.modpython.org/&quot; rel=&quot;nofollow&quot;&gt;using this&lt;/a&gt;)?&lt;/p&gt;&#xA;</Body>
<Tags>python,asp.net-mvc,apache</Tags>
</question>
<answer>
<Body>&lt;p&gt;have a look at &lt;a href=&quot;http://httpd.apache.org/docs/2.2/mod/mod_cache.html&quot; rel=&quot;nofollow&quot;&gt;mod_cache&lt;/a&gt; to see if it does what you have used HttpContext.Cache for.&lt;/p&gt;&#xA;</Body>
</answer>
