<question>
<Title>What is the best approach for creating an agent framework in python for flexible script distribution and data collection</Title>
<Body>&lt;p&gt;What I am trying to do:  I have hundreds of servers with very large log files spread out at dozens of different clients.  I am creating nice python scripts to parse the logs in different ways and would like to aggregate the data I am collecting from all of the different servers.  I would also like to keep the changing scripts centralized.  The idea is to have a harness that can connect to each of the servers, scp the script to the servers, run the process with pexpect or something similar and either scp the resulting data back in separate files to be aggregated or (preferentially, I think) stream the data and aggregate it on the fly.  I do not have keys set up (nor do I want to set them up) but I do have a database with connection information, logins, passwords and the like.  &lt;/p&gt;&#xA;&#xA;&lt;p&gt;My question:  this seems like it is probably a solved problem and I am wondering if someone knows of something that does this kind of thing or if there is a solid and proven way of doing this...&lt;/p&gt;&#xA;</Body>
<Tags>python</Tags>
</question>
<answer>
<Body>&lt;p&gt;Parallel Python provides some functionality for distributed computing and communication:&lt;/p&gt;&#xA;&#xA;&lt;p&gt;&lt;a href=&quot;http://www.parallelpython.com/&quot; rel=&quot;nofollow noreferrer&quot;&gt;http://www.parallelpython.com/&lt;/a&gt;&lt;/p&gt;&#xA;</Body>
</answer>
<answer>
<Body>&lt;p&gt;Take a look at &lt;a href=&quot;https://fedorahosted.org/func/&quot; rel=&quot;nofollow noreferrer&quot;&gt;Func&lt;/a&gt;. It's a framework for rpc-style communication with a large number of machines using python. As a bonus, it comes with built-in TLS, so you don't need to layer on top of ssh tunneling for security.&lt;/p&gt;&#xA;</Body>
</answer>
<answer>
<Body>&lt;p&gt;Looks like &lt;a href=&quot;http://hadoop.apache.org/core/&quot; rel=&quot;nofollow noreferrer&quot;&gt;hadoop&lt;/a&gt; is your answer&#xA;&lt;a href=&quot;http://www.michael-noll.com/wiki/Writing_An_Hadoop_MapReduce_Program_In_Python&quot; rel=&quot;nofollow noreferrer&quot;&gt;http://www.michael-noll.com/wiki/Writing_An_Hadoop_MapReduce_Program_In_Python&lt;/a&gt;&lt;/p&gt;&#xA;&#xA;&lt;p&gt;or Pyro is also good but I am not sure if you can automatically distribute scripts.&#xA;&lt;a href=&quot;http://pyro.sourceforge.net/features.html&quot; rel=&quot;nofollow noreferrer&quot;&gt;http://pyro.sourceforge.net/features.html&lt;/a&gt;&lt;/p&gt;&#xA;</Body>
</answer>
<answer>
<Body>&lt;p&gt;at least one part of your job - scripts distribution, could be done by &lt;a href=&quot;https://github.com/melezhik/sparrow&quot; rel=&quot;nofollow noreferrer&quot;&gt;sparrow&lt;/a&gt; - scripts distribution system. &lt;/p&gt;&#xA;&#xA;&lt;p&gt;Thus You may write your script on many languages and Python too! Sparrow treats scripts as packages of software with versions, ownership and documentation, the same way as you would install packages via deb or rpm. &lt;/p&gt;&#xA;&#xA;&lt;p&gt;Sparrow provides neat way to develop and manage various scripts in centralized manner.&lt;/p&gt;&#xA;&#xA;&lt;p&gt;PS. Disclaimer -  I am the tool author &lt;/p&gt;&#xA;</Body>
</answer>
