<question>
<Title>Extracting a specific string out an HTML document</Title>
<Body>&lt;p&gt;I need to sample and extract only a specific string out of an offline HTML document and write that information nice and clean into a *.txt file.&lt;/p&gt;&#xA;&#xA;&lt;p&gt;So for example, lets assume that this is a section of the HTML file:&lt;/p&gt;&#xA;&#xA;&lt;pre&gt;&lt;code&gt;    &amp;lt;span id=&quot;dataView01&quot;&amp;gt;001.00 SPL&amp;lt;/span&amp;gt;&#xA;    &amp;lt;span id=&quot;dataView02&quot;&amp;gt;543.00 SPL&amp;lt;/span&amp;gt;&#xA;    &amp;lt;span id=&quot;dataView03&quot;&amp;gt;056.00 SPL&amp;lt;/span&amp;gt;&#xA;    &amp;lt;span id=&quot;dataView04&quot;&amp;gt;228.00 SPL&amp;lt;/span&amp;gt;&#xA;&lt;/code&gt;&lt;/pre&gt;&#xA;&#xA;&lt;p&gt;I need to get this as a result:&lt;/p&gt;&#xA;&#xA;&lt;pre&gt;&lt;code&gt;   001.00 SPL&#xA;   543.00 SPL&#xA;   056.00 SPL&#xA;   228.00 SPL&#xA;&lt;/code&gt;&lt;/pre&gt;&#xA;&#xA;&lt;p&gt;Could you please help me with this,&#xA;Thanks.&lt;/p&gt;&#xA;</Body>
<Tags>python,html,parsing</Tags>
</question>
<answer>
<Body>&lt;pre&gt;&lt;code&gt; import re&#xA; s='001.00 SPL 543.00 SPL 056.00 SPL 228.00 SPL'&#xA; print re.search(r'(\d{3}\.\d{2}\sSPL\s\d{3}\.\d{2}\sSPL\s\d{3}\.\d{2}\sSPL\s\d{3}\.\d{2}\sSPL)',s).group()&#xA;&lt;/code&gt;&lt;/pre&gt;&#xA;&#xA;&lt;p&gt;I dont know the surrounding text in the html document but this might work.&lt;/p&gt;&#xA;&#xA;&lt;p&gt;I see your edit i will update mine&lt;/p&gt;&#xA;&#xA;&lt;p&gt;actually go with jldupont's answer. &lt;/p&gt;&#xA;</Body>
</answer>
<answer>
<Body>&lt;p&gt;Use &lt;a href=&quot;http://www.crummy.com/software/BeautifulSoup/&quot; rel=&quot;nofollow&quot;&gt;BeautifulSoup&lt;/a&gt;&lt;/p&gt;&#xA;</Body>
</answer>
<answer>
<Body>&lt;p&gt;Use an HTML parser like &lt;a href=&quot;http://www.crummy.com/software/BeautifulSoup/&quot; rel=&quot;nofollow&quot;&gt;BeautifulSoup&lt;/a&gt;.&lt;br&gt;&#xA;Example:&lt;/p&gt;&#xA;&#xA;&lt;pre&gt;&lt;code&gt;from bs4 import BeautifulSoup as bs&#xA;import re&#xA;&#xA;markup = '''&amp;lt;span id=&quot;dataView01&quot;&amp;gt;001.00 SPL&amp;lt;/span&amp;gt;&#xA;    &amp;lt;span id=&quot;dataView02&quot;&amp;gt;543.00 SPL&amp;lt;/span&amp;gt;&#xA;    &amp;lt;span id=&quot;dataView03&quot;&amp;gt;056.00 SPL&amp;lt;/span&amp;gt;&#xA;    &amp;lt;span id=&quot;dataView04&quot;&amp;gt;228.00 SPL&amp;lt;/span&amp;gt;'''&#xA;&#xA;soup = bs(markup)&#xA;tags = soup.find_all('span', id=re.compile(r'[dataView]\d+'))&#xA;for t in tags:  &#xA;    print(t.text)&#xA;&lt;/code&gt;&lt;/pre&gt;&#xA;&#xA;&lt;p&gt;Result:&lt;/p&gt;&#xA;&#xA;&lt;pre&gt;&#xA;001.00 SPL&#xA;543.00 SPL&#xA;056.00 SPL&#xA;228.00 SPL&#xA;&lt;/pre&gt;&#xA;&#xA;&lt;hr&gt;&#xA;&#xA;&lt;p&gt;Next step; write to .txt file:&lt;/p&gt;&#xA;&#xA;&lt;pre&gt;&lt;code&gt;import csv&#xA;&#xA;with open('output.txt','wb') as fou:&#xA;    csv_writer = csv.writer(fou)&#xA;    for tag in tags:&#xA;        split_on_whitespace = t.text.split()&#xA;        csv_writer.writerow(split_on_whitespace)&#xA;&lt;/code&gt;&lt;/pre&gt;&#xA;</Body>
</answer>
