<question>
<Title>How python logging get it's configuration</Title>
<Body>&lt;p&gt;I used to &lt;strong&gt;Python logging&lt;/strong&gt;, it works fine.  The &lt;code&gt;logging.basicConfig(...)&lt;/code&gt; set in one module (a &lt;code&gt;some.py&lt;/code&gt; file), then we can use &lt;code&gt;logging&lt;/code&gt; every where.  Obviously, &lt;strong&gt;logging&lt;/strong&gt; is global.&lt;/p&gt;&#xA;&#xA;&lt;p&gt;The question is how logging find it's settings, when we not call the &lt;code&gt;module&lt;/code&gt; where &lt;em&gt;basicConfig(...)&lt;/em&gt; appeared (in &lt;em&gt;some.py&lt;/em&gt; file )?  Is logging scan all the packages?&lt;/p&gt;&#xA;&#xA;&lt;p&gt;Even the &lt;code&gt;logging.basicConfig(...)&lt;/code&gt; put into an &lt;code&gt;any.py&lt;/code&gt; and the module (&lt;code&gt;any.py&lt;/code&gt;) never get imported, or not used anywhere, the logging setting &lt;strong&gt;take effect&lt;/strong&gt;!&lt;/p&gt;&#xA;</Body>
<Tags>python,logging</Tags>
</question>
<answer>
<Body>&lt;p&gt;To understand logging you have dive into Python's standard library sources. &lt;/p&gt;&#xA;&#xA;&lt;p&gt;Here is the trick:&lt;/p&gt;&#xA;&#xA;&lt;pre&gt;&lt;code&gt;#/usr/lib/python3.2/logging/__init__.py&#xA;...&#xA;root = RootLogger(WARNING)&#xA;Logger.root = root&#xA;Logger.manager = Manager(Logger.root)&#xA;...&#xA;&#xA;# and &#xA;def basicConfig(**kwargs):&#xA;    ...&#xA;        hdlr = StreamHandler(stream)&#xA;        fs = kwargs.get(&quot;format&quot;, BASIC_FORMAT)&#xA;        dfs = kwargs.get(&quot;datefmt&quot;, None)&#xA;        style = kwargs.get(&quot;style&quot;, '%')&#xA;        fmt = Formatter(fs, dfs, style)&#xA;        hdlr.setFormatter(fmt)&#xA;        root.addHandler(hdlr)&#xA;&lt;/code&gt;&lt;/pre&gt;&#xA;&#xA;&lt;p&gt;So, when you call &lt;code&gt;basicconfig()&lt;/code&gt; with certain parameters, &lt;code&gt;root&lt;/code&gt; logger is set. &#xA;Finally &lt;code&gt;getLogger&lt;/code&gt;:&lt;/p&gt;&#xA;&#xA;&lt;pre&gt;&lt;code&gt;def getLogger(name=None):&#xA;    &quot;&quot;&quot;&#xA;    Return a logger with the specified name, creating it if necessary.&#xA;&#xA;    If no name is specified, return the root logger.&#xA;    &quot;&quot;&quot;&#xA;    if name:&#xA;        return Logger.manager.getLogger(name)&#xA;    else:&#xA;        return root&#xA;&lt;/code&gt;&lt;/pre&gt;&#xA;</Body>
</answer>
<answer>
<Body>&lt;p&gt;I think there is no magic scanning here.&lt;/p&gt;&#xA;&#xA;&lt;ul&gt;&#xA;&lt;li&gt;&lt;p&gt;Try to test it this way in a separate &lt;code&gt;test&lt;/code&gt; directory:&lt;/p&gt;&#xA;&#xA;&lt;p&gt;&lt;pre&gt;&lt;code&gt;&#xA;test/main.py:&#xA;    import logging&#xA;    logging.info('test')&lt;/p&gt;&#xA;&#xA;&lt;p&gt;test/any.py:&#xA;    import logging&#xA;    logging.basicConfig(filename='test.log', level=logging.INFO)&lt;/p&gt;&#xA;&#xA;&lt;p&gt;python main.py&#xA;&lt;/pre&gt;&lt;/code&gt;&lt;/p&gt;&#xA;&#xA;&lt;p&gt;&lt;strong&gt;Result:&lt;/strong&gt; NO &lt;code&gt;test.log&lt;/code&gt; file.&lt;/p&gt;&lt;/li&gt;&#xA;&lt;li&gt;&lt;p&gt;Now let's update the test:&lt;/p&gt;&#xA;&#xA;&lt;p&gt;&lt;pre&gt;&lt;code&gt;&#xA;test/main.py:&#xA;    import logging&#xA;    import any&#xA;    logging.info('test')&lt;/p&gt;&#xA;&#xA;&lt;p&gt;python main.py&#xA;&lt;/pre&gt;&lt;/code&gt;&lt;/p&gt;&#xA;&#xA;&lt;p&gt;&lt;strong&gt;Result:&lt;/strong&gt; new &lt;code&gt;test.log&lt;/code&gt; file with &lt;code&gt;INFO:root:test&lt;/code&gt; string inside.&lt;/p&gt;&lt;/li&gt;&#xA;&lt;li&gt;&lt;p&gt;So I guess that &lt;code&gt;any.py&lt;/code&gt; in your case is imported somehow,&#xA;despite your expectations.&lt;/p&gt;&#xA;&#xA;&lt;p&gt;You may find the way &lt;code&gt;any.py&lt;/code&gt; is imported easily,&#xA;just add few lines there:&lt;/p&gt;&#xA;&#xA;&lt;p&gt;&lt;pre&gt;&lt;code&gt;&#xA;test/any.py:&#xA;    from traceback import print_stack&#xA;    print_stack()&#xA;    ...&lt;/p&gt;&#xA;&#xA;&lt;p&gt;python main.py&#xA;&lt;/pre&gt;&lt;/code&gt;&lt;/p&gt;&#xA;&#xA;&lt;p&gt;&lt;strong&gt;Result:&lt;/strong&gt;&lt;/p&gt;&#xA;&#xA;&lt;p&gt;&lt;pre&gt;&lt;code&gt;&#xA;File &quot;main.py&quot;, line 2, in &#xA;    import any&#xA;File &quot;any.py&quot;, line 2, in &#xA;    print_stack()&#xA;&lt;/pre&gt;&lt;/code&gt;&lt;/p&gt;&#xA;&#xA;&lt;p&gt;This stack shows that &lt;code&gt;any.py&lt;/code&gt; is imported from &lt;code&gt;main.py&lt;/code&gt;.&lt;/p&gt;&#xA;&#xA;&lt;p&gt;I hope you will find where it is imported from in your case.&lt;/p&gt;&lt;/li&gt;&#xA;&lt;/ul&gt;&#xA;</Body>
</answer>
