<question>
<Title>Getting base address of a process</Title>
<Body>&lt;p&gt;I'm trying to make a program that read the timer value from Minesweeper. (OS is windows 7 64bit)&lt;/p&gt;&#xA;&#xA;&lt;p&gt;Using cheat engine I found the base address of the variable, but it changes every time I run Minesweeper.&lt;/p&gt;&#xA;&#xA;&lt;p&gt;What do I need to do to find out the base address automatically?&lt;/p&gt;&#xA;&#xA;&lt;p&gt;Does it have something to do with the executable base address? &lt;/p&gt;&#xA;&#xA;&lt;p&gt;Here's my code:&lt;/p&gt;&#xA;&#xA;&lt;pre&gt;&lt;code&gt;#include &amp;lt;windows.h&amp;gt;&#xA;#include &amp;lt;iostream&amp;gt;&#xA;using namespace std;&#xA;&#xA;&#xA;&#xA;int main()&#xA;{&#xA;    DWORD baseAddress = 0xFF1DAA38;//always changing&#xA;    DWORD offset1 = 0x18;&#xA;    DWORD offset2 = 0x20;&#xA;    DWORD pAddress1;&#xA;    DWORD pAddress2;&#xA;&#xA;    float value = 0;&#xA;    DWORD pid;&#xA;    HWND hwnd;&#xA;&#xA;    hwnd = FindWindow(NULL,&quot;Minesweeper&quot;);&#xA;    if(!hwnd)//didn't find the window&#xA;    {&#xA;        cout &amp;lt;&amp;lt;&quot;Window not found!\n&quot;;&#xA;        cin.get();&#xA;    }&#xA;    else&#xA;    {&#xA;        GetWindowThreadProcessId(hwnd,&amp;amp;pid);&#xA;        HANDLE phandle = OpenProcess(PROCESS_VM_READ,0,pid);//get permission to read&#xA;        if(!phandle)//failed to get permission&#xA;        {&#xA;            cout &amp;lt;&amp;lt;&quot;Could not get handle!\n&quot;;&#xA;            cin.get();&#xA;        }&#xA;        else&#xA;        {&#xA;            ReadProcessMemory(phandle,(void*)(baseAddress),&amp;amp;pAddress1,sizeof(pAddress1),0);&#xA;            ReadProcessMemory(phandle,(void*)(pAddress1 + offset1),&amp;amp;pAddress2,sizeof(pAddress2),0);&#xA;            while(1)&#xA;            {&#xA;                ReadProcessMemory(phandle,(void*)(pAddress2 + offset2),&amp;amp;value,sizeof(value),0);&#xA;                cout &amp;lt;&amp;lt; value &amp;lt;&amp;lt; &quot;\n&quot;;&#xA;                Sleep(1000);&#xA;            }&#xA;        }&#xA;    }&#xA;}&#xA;&lt;/code&gt;&lt;/pre&gt;&#xA;</Body>
<Tags>c++,minesweeper,readprocessmemory,base-address</Tags>
</question>
<answer>
<Body>&lt;pre&gt;&lt;code&gt;#pragma comment( lib, &quot;psapi&quot; )&#xA;&#xA;DWORD GetModuleBase(HANDLE hProc, string &amp;amp;sModuleName) &#xA;{ &#xA;   HMODULE *hModules; &#xA;   char szBuf[50]; &#xA;   DWORD cModules; &#xA;   DWORD dwBase = -1; &#xA;   //------ &#xA;&#xA;   EnumProcessModules(hProc, hModules, 0, &amp;amp;cModules); &#xA;   hModules = new HMODULE[cModules/sizeof(HMODULE)]; &#xA;&#xA;   if(EnumProcessModules(hProc, hModules, cModules/sizeof(HMODULE), &amp;amp;cModules)) { &#xA;      for(int i = 0; i &amp;lt; cModules/sizeof(HMODULE); i++) { &#xA;         if(GetModuleBaseName(hProc, hModules[i], szBuf, sizeof(szBuf))) { &#xA;            if(sModuleName.compare(szBuf) == 0) { &#xA;               dwBase = (DWORD)hModules[i]; &#xA;               break; &#xA;            } &#xA;         } &#xA;      } &#xA;   } &#xA;&#xA;   delete[] hModules; &#xA;&#xA;   return dwBase; &#xA;}&#xA;&lt;/code&gt;&lt;/pre&gt;&#xA;</Body>
</answer>
