<question>
<Title>Python Video Framework</Title>
<Body>&lt;p&gt;I'm looking for a Python framework that will enable me to play video as well as draw on that video (for labeling purposes).  &lt;/p&gt;&#xA;&#xA;&lt;p&gt;I've tried Pyglet, but this doesn't seem to work particularly well - when drawing on an existing video, there is flicker (even with double buffering and all of that good stuff), and there doesn't seem to be a way to get the frame index in the video during the per-frame callback (only elapsed time since the last frame).&lt;/p&gt;&#xA;</Body>
<Tags>python,video,pyglet</Tags>
</question>
<answer>
<Body>&lt;p&gt;Qt (PyQt) has Phonon, which might help out. PyQt is available as GPL or payware. (Qt has LGPL too, but the PyQt wrappers don't)&lt;/p&gt;&#xA;</Body>
</answer>
<answer>
<Body>&lt;p&gt;Try the &lt;a href=&quot;http://gstreamer.freedesktop.org/modules/gst-python.html&quot; rel=&quot;nofollow noreferrer&quot;&gt;Python bindings for GStreamer&lt;/a&gt;.&lt;/p&gt;&#xA;</Body>
</answer>
<answer>
<Body>&lt;p&gt;Try a Python wrapper for OpenCV such as &lt;a href=&quot;http://code.google.com/p/ctypes-opencv/&quot; rel=&quot;nofollow noreferrer&quot;&gt;ctypes-opencv&lt;/a&gt;. The C API reference is &lt;a href=&quot;http://code.google.com/p/ctypes-opencv/&quot; rel=&quot;nofollow noreferrer&quot;&gt;here&lt;/a&gt;, and the wrapper is very close (see docstrings for any changes).&lt;/p&gt;&#xA;&#xA;&lt;p&gt;I have used it to draw on video without any flicker, so you should have no problems with that.&lt;/p&gt;&#xA;&#xA;&lt;p&gt;A rough outline of calls you need:&lt;/p&gt;&#xA;&#xA;&lt;ul&gt;&#xA;&lt;li&gt;Load video with cvCreateFileCapture, load font with cvFont.&lt;/li&gt;&#xA;&lt;li&gt;Grab frame with cvQueryFrame, increment your frame counter.&lt;/li&gt;&#xA;&lt;li&gt;Draw on the frame with cvPutText, cvEllipse, etc etc.&lt;/li&gt;&#xA;&lt;li&gt;Display to user with cvShowImage.&lt;/li&gt;&#xA;&lt;/ul&gt;&#xA;</Body>
</answer>
