<question>
<Title>python and mechanize to login into university webpage</Title>
<Body>&lt;p&gt;I know quite a few people asked a similar question like this, but after looking though the answers and following this tips I can't get this script to work...&lt;/p&gt;&#xA;&#xA;&lt;p&gt;Here is my problem... I am trying to write a python script using the &quot;mechanize&quot; module to login into my university &quot;meal balance&quot; page and get the source html of the page that displays my declining balance for food, then I will parse the html source and get the numbers...&lt;/p&gt;&#xA;&#xA;&lt;p&gt;The problem is accessing the said webpage and logging in...&lt;/p&gt;&#xA;&#xA;&lt;p&gt;This is the login website: &lt;a href=&quot;http://www.wcu.edu/11407.asp&quot; rel=&quot;nofollow&quot;&gt;http://www.wcu.edu/11407.asp&lt;/a&gt;&#xA;Towards the end you will see the FORM I need to fill...&lt;/p&gt;&#xA;&#xA;&lt;p&gt;Here is the code I am trying to use in order to login and get the page with my declining balance:&lt;/p&gt;&#xA;&#xA;&lt;pre&gt;&lt;code&gt;import mechanize, cookielib&#xA;from time import sleep&#xA;&#xA;url   = 'http://www.wcu.edu/11407.asp'&#xA;myId  = 'xxxxxxxx'&#xA;myPin = 'xxxxxxxx'&#xA;&#xA;# Browser&#xA;#br = mechanize.Browser()&#xA;#br = mechanize.Browser(factory=mechanize.DefaultFactory(i_want_broken_xhtml_support=True))&#xA;br = mechanize.Browser(factory=mechanize.RobustFactory()) # Use this because of bad html&#xA;&#xA;# Cookie Jar&#xA;cj = cookielib.LWPCookieJar()&#xA;br.set_cookiejar(cj)&#xA;&#xA;# Browser options&#xA;br.set_handle_equiv(True)&#xA;br.set_handle_gzip(True)&#xA;br.set_handle_redirect(True)&#xA;br.set_handle_referer(True)&#xA;br.set_handle_robots(False)&#xA;&#xA;# Follows refresh 0 but not hangs on refresh &amp;gt; 0&#xA;br.set_handle_refresh(mechanize._http.HTTPRefreshProcessor(), max_time=1)&#xA;&#xA;&#xA;# User-Agent (fake agent to google-chrome linux x86_64)                         &#xA;br.addheaders = [('User-agent','Mozilla/5.0 (X11; Linux x86_64) AppleWebKit/535.11 (KHTML, like Gecko) Chrome/17.0.963.56 Safari/535.11'),&#xA;                 ('Accept', 'text/html,application/xhtml+xml,application/xml;q=0.9,*/*;q=0.8'),&#xA;                 ('Accept-Encoding', 'gzip,deflate,sdch'),                      &#xA;                 ('Accept-Language', 'en-US,en;q=0.8'),                         &#xA;                 ('Accept-Charset', 'ISO-8859-1,utf-8;q=0.7,*;q=0.3')] &#xA;&#xA;# The site we will navigate into, handling it's session&#xA;br.open(url)&#xA;&#xA;for f in br.forms():&#xA;    print f&#xA;&#xA;&#xA;# Select the third (index two) form&#xA;br.select_form(nr=2)&#xA;&#xA;# User credentials&#xA;br.form['id']  = myId&#xA;br.form['PIN'] = myPin&#xA;&#xA;br.form.action = 'https://itapp.wcu.edu/BanAuthRedirector/Default.aspx&#xA;&#xA;# Login&#xA;res = br.submit().read()&#xA;&#xA;sleep(10)&#xA;&#xA;f = file('mycatpage.html', 'w')&#xA;f.write(res)&#xA;f.close()&#xA;&lt;/code&gt;&lt;/pre&gt;&#xA;&#xA;&lt;p&gt;This gives me the login page back and not the page after.... Why???&lt;/p&gt;&#xA;</Body>
<Tags>python,mechanize,login-script</Tags>
</question>
<answer>
<Body>&lt;p&gt;Why don't you just check where the error originates from by typing your code into a python shell? Or testing it with another site? There are a number of obvious possibilities to test against the reason of the error you face.&lt;/p&gt;&#xA;</Body>
</answer>
<answer>
<Body>&lt;p&gt;Look into my problem &lt;a href=&quot;https://stackoverflow.com/questions/21686236/python-autologin-using-mechanize&quot;&gt;here&lt;/a&gt;&lt;/p&gt;&#xA;&#xA;&lt;p&gt;Also an auto login for my university its page, with working code and html code as example.&lt;/p&gt;&#xA;</Body>
</answer>
