<question>
<Title>How can i embed NULL character inside string in C++?</Title>
<Body>&lt;p&gt;Can i use string in C++ which support embedded NULL character?&lt;/p&gt;&#xA;&#xA;&lt;p&gt;My issue is: &#xA;Constructing string with embedded NULL and hence sent it to C++ DLL as an array of bytes. &lt;/p&gt;&#xA;&#xA;&lt;pre&gt;&lt;code&gt;    string inputStr(&quot;he\0llo&quot;, 6);&#xA;    int byteLength = 6;&#xA;    BYTE *inputByte = (BYTE*)(char*)inputStr.c_str();&#xA;    ApplyArabicMapping(inputByte , byteLength);&#xA;&lt;/code&gt;&lt;/pre&gt;&#xA;</Body>
<Tags>c++,string,null</Tags>
</question>
<answer>
<Body>&lt;p&gt;Yes, &lt;code&gt;std::string&lt;/code&gt; supports storing &lt;code&gt;NULL&lt;/code&gt; characters because it is not &lt;code&gt;NULL&lt;/code&gt;-terminated. You can create one in many ways:&lt;/p&gt;&#xA;&#xA;&lt;pre&gt;&lt;code&gt;string str(&quot;he\0llo&quot;, 6);&#xA;str.append(1, '\0');&#xA;str.push_back('\0');&#xA;const char[] cstr = &quot;hell\0o&quot;;&#xA;string str2(cstr, cstr + sizeof(cstr) - 1); // - 1 for the NULL&#xA;&lt;/code&gt;&lt;/pre&gt;&#xA;</Body>
</answer>
<answer>
<Body>&lt;p&gt;You can use &lt;em&gt;counted strings&lt;/em&gt;, where the character buffer is stored alongside with its &quot;content length&quot;; this allows you to embed any character. &lt;code&gt;std::string&lt;/code&gt;, for example, is a kind of counted string.&lt;/p&gt;&#xA;&#xA;&lt;p&gt;Obviously, you cannot pass such a string to a function that expects a classic C-string, because it will see the first null it encounters as the string terminator.&lt;/p&gt;&#xA;</Body>
</answer>
