<question>
<Title>How do I get the full DN, distinguishedName of an user with python ldap?</Title>
<Body>&lt;p&gt;I was able to get attributes about an user by doing queries on LDAP using Python ldap but I don't know how to obtain his DN.&lt;/p&gt;&#xA;&#xA;&lt;p&gt;Remark: Doing &lt;code&gt;CN=sAMAccount,base_dn)&lt;/code&gt; is not valid because the user can be somewhere in another sub-tree.&lt;/p&gt;&#xA;&#xA;&lt;p&gt;Which is the proper way of getting the &lt;code&gt;DN&lt;/code&gt; for an user for which I do have the &lt;code&gt;sAMAccount&lt;/code&gt;?&lt;/p&gt;&#xA;</Body>
<Tags>python,active-directory,ldap</Tags>
</question>
<answer>
<Body>&lt;p&gt;The search result contains:&lt;/p&gt;&#xA;&#xA;&lt;ul&gt;&#xA;&lt;li&gt;A list of search result entries. Each search result entry in the list contains the distinguished name of the entry and a (partial) attribute list&lt;/li&gt;&#xA;&lt;/ul&gt;&#xA;&#xA;&lt;p&gt;&lt;em&gt;or&lt;/em&gt;&lt;/p&gt;&#xA;&#xA;&lt;ul&gt;&#xA;&lt;li&gt;A list of search result references. Each search result reference contains a sequence of URIs&lt;/li&gt;&#xA;&lt;/ul&gt;&#xA;&#xA;&lt;p&gt;After the entries or references comes a single search result done message.&lt;/p&gt;&#xA;&#xA;&lt;p&gt;Therefore, if any entries matched, they are returned in the list of search result entries, each of which contains the distinguished name of the entry that was matched. Your python API documentation should contain information as to how to extract the distinguished name of the entry that matched.&lt;/p&gt;&#xA;</Body>
</answer>
