<question>
<Title>Sending stucture containing mutable string to C from Python thru ctypes</Title>
<Body>&lt;p&gt;I have a structure which contains character array on C side&lt;/p&gt;&#xA;&#xA;&lt;pre&gt;&lt;code&gt;stuct s&#xA;{&#xA;    int x;&#xA;    char buffer[100];&#xA;}&#xA;&lt;/code&gt;&lt;/pre&gt;&#xA;&#xA;&lt;p&gt;and on my python side I define&lt;/p&gt;&#xA;&#xA;&lt;pre&gt;&lt;code&gt;class myS(ctypes.Structure):&#xA;    _fields_ = [(&quot;x&quot;, c_int),&#xA;         (&quot;buffer&quot;,type(create_string_buffer(100)))]&#xA;&lt;/code&gt;&lt;/pre&gt;&#xA;&#xA;&lt;p&gt;Now, when I do&lt;/p&gt;&#xA;&#xA;&lt;pre&gt;&lt;code&gt;buf = create_string_buffer(64)&#xA;s1 = myS(10,buf)&#xA;&lt;/code&gt;&lt;/pre&gt;&#xA;&#xA;&lt;p&gt;It gives me error&lt;/p&gt;&#xA;&#xA;&lt;pre&gt;&lt;code&gt;TypeError: expected string or Unicode object, c_char_Array_100 found&#xA;&lt;/code&gt;&lt;/pre&gt;&#xA;&#xA;&lt;p&gt;I want a string which will be changed by my C function. how to do it?&lt;/p&gt;&#xA;</Body>
<Tags>python,ctypes</Tags>
</question>
<answer>
<Body>&lt;p&gt;You can assign a regular Python string to a 100*c_char field:&lt;/p&gt;&#xA;&#xA;&lt;pre&gt;&lt;code&gt;class myS(ctypes.Structure):&#xA;    _fields_ = [(&quot;x&quot;, c_int),&#xA;         (&quot;buffer&quot;, 100*c_char)]&#xA;&#xA;s1 = myS(10, &quot;foo&quot;)&#xA;s1.buffer = &quot;bar&quot;&#xA;&lt;/code&gt;&lt;/pre&gt;&#xA;&#xA;&lt;p&gt;If, however, you have a string buffer object, you can take its value:&lt;/p&gt;&#xA;&#xA;&lt;pre&gt;&lt;code&gt;buf = create_string_buffer(64) &#xA;s1 = myS(10,buf.value)&#xA;&lt;/code&gt;&lt;/pre&gt;&#xA;&#xA;&lt;p&gt;Note also that&lt;/p&gt;&#xA;&#xA;&lt;pre&gt;&lt;code&gt;&amp;gt;&amp;gt;&amp;gt; type(create_string_buffer(100)) == 100*c_char&#xA;True&#xA;&lt;/code&gt;&lt;/pre&gt;&#xA;</Body>
</answer>
<answer>
<Body>&lt;p&gt;You don't have to create a buffer.  The buffer is in the structure when you instantiate it.&lt;/p&gt;&#xA;&#xA;&lt;p&gt;Here's a quick DLL:&lt;/p&gt;&#xA;&#xA;&lt;pre&gt;&lt;code&gt;#include &amp;lt;string.h&amp;gt;&#xA;&#xA;struct s&#xA;{&#xA;    int x;&#xA;    char buffer[100];&#xA;};&#xA;&#xA;__declspec(dllexport) void func(struct s* a)&#xA;{&#xA;    a-&amp;gt;x = 5;&#xA;    strcpy(a-&amp;gt;buffer,&quot;here is the contents of the string.&quot;);&#xA;}&#xA;&lt;/code&gt;&lt;/pre&gt;&#xA;&#xA;&lt;p&gt;And here's Python code to call it:&lt;/p&gt;&#xA;&#xA;&lt;pre&gt;&lt;code&gt;import ctypes&#xA;&#xA;class myS(ctypes.Structure):&#xA;    _fields_ = [&#xA;        (&quot;x&quot;, ctypes.c_int),&#xA;        (&quot;buffer&quot;,ctypes.c_char * 100)]&#xA;&#xA;s1 = myS()&#xA;dll = ctypes.CDLL('test')&#xA;dll.func(ctypes.byref(s1))&#xA;print s1.buffer&#xA;print s1.x&#xA;&lt;/code&gt;&lt;/pre&gt;&#xA;&#xA;&lt;p&gt;Output:&lt;/p&gt;&#xA;&#xA;&lt;pre&gt;&lt;code&gt;here is the contents of the string.&#xA;5&#xA;&lt;/code&gt;&lt;/pre&gt;&#xA;</Body>
</answer>
