<question>
<Title>Incomplete types/ forward declaration / compilation understanding needed</Title>
<Body>&lt;p&gt;I have a Snake class, which has a pointer to a Controller class object. This pointer will be assigned some new data, an object that is a derived from controller (eg AIController), at runtime.&lt;/p&gt;&#xA;&#xA;&lt;p&gt;I need Controller objects to be passed a pointer to Snake when they are constructed so that i can call Snake Getters/Setters within the controller class. &lt;/p&gt;&#xA;&#xA;&lt;p&gt;On the line, in the Snake constructor, flagged in the snippet below i get the following errors:&lt;/p&gt;&#xA;&#xA;&lt;pre&gt;&lt;code&gt;In constructor 'Snake::Snake()':|&#xA;error: expected type-specifier before 'PlayerController'|&#xA;error: cannot convert 'int*' to 'Controller*' in assignment|&#xA;error: expected ';' before 'PlayerController'|&#xA;&lt;/code&gt;&lt;/pre&gt;&#xA;&#xA;&lt;p&gt;Snippet:&lt;/p&gt;&#xA;&#xA;&lt;pre&gt;&lt;code&gt;Snake::Snake() : _xVelocity(0), _yVelocity(0)&#xA;{&#xA;   _controller = new PlayerController(this);&#xA;   Initialise();&#xA;}&#xA;&lt;/code&gt;&lt;/pre&gt;&#xA;&#xA;&lt;p&gt;Snake is defined like this:&lt;/p&gt;&#xA;&#xA;&lt;pre&gt;&lt;code&gt;class Controller;&#xA;&#xA;class Snake&#xA;{&#xA;   public:&#xA;      Snake();&#xA;      virtual ~Snake();&#xA;...&#xA;&#xA;   private:&#xA;      ...&#xA;      Controller* _controller;&#xA;&#xA;&#xA;};&#xA;&lt;/code&gt;&lt;/pre&gt;&#xA;&#xA;&lt;p&gt;Controller like this:&lt;/p&gt;&#xA;&#xA;&lt;pre&gt;&lt;code&gt;#include &quot;Snake.hpp&quot;&#xA;&#xA;class Controller&#xA;{&#xA;     public:&#xA;         Controller(Snake* s);&#xA;         ~Controller();&#xA;&#xA;&#xA;     protected:&#xA;         ...&#xA;         Snake* _s;&#xA;};&#xA;&lt;/code&gt;&lt;/pre&gt;&#xA;&#xA;&lt;p&gt;and PlayerController like this:&lt;/p&gt;&#xA;&#xA;&lt;pre&gt;&lt;code&gt;#include &quot;Controller.hpp&quot;&#xA;&#xA;class PlayerController : public prg::IKeyEvent, public Controller&#xA;{&#xA;     public:&#xA;         PlayerController(Snake* s);&#xA;         ~PlayerController();&#xA;&#xA;&#xA;     private:&#xA;         virtual bool onKey (const prg::IKeyEvent::KeyEvent&amp;amp; key);&#xA;&#xA;};&#xA;&lt;/code&gt;&lt;/pre&gt;&#xA;&#xA;&lt;p&gt;I'm not certain that my attempt use a pointer to a controller object so that i can allocate the snake different controllers at runtime is correct and i know that somethings not quite right with my use of forward declaration. I appreciate the initial responses and hope that providing the errors will allow you to give me some more information. I will continue to  attempt to clean up the problem so that i can properly understand the compilation process but in the mean time i'd really appreciate any help!&lt;/p&gt;&#xA;</Body>
<Tags>c++,inheritance,pointers,forward-declaration</Tags>
</question>
<answer>
<Body>&lt;p&gt;Put the forward declarations in the header it is needed not before including the header. If you put it before including the header, you have to do it each time before you include the headers.&lt;/p&gt;&#xA;&#xA;&lt;p&gt;Another thing that seems to be missing here is the duplicate inclusion guards (either with #ifndef or with #pragma once).&lt;/p&gt;&#xA;&#xA;&lt;p&gt;In the future it is best to put here the actual errors you are encountering (the compiler's error messages).&lt;/p&gt;&#xA;</Body>
</answer>
