<question>
<Title>Passing of changed variables only in C++</Title>
<Body>&lt;p&gt;I need some help to make my code more efficient. The codelines do what I want , but it is&#xA;poorly done. I need it to be more efficient as I later will increase the amount of data and then the functions will be too slow.&lt;/p&gt;&#xA;&#xA;&lt;p&gt;I'm a newcomer too C++ and programming, so any suggestion are welcomed so I can learn more.&lt;/p&gt;&#xA;&#xA;&lt;p&gt;AS there are very few changes most of the time I just want the changed values in function A to be sent further by the function B. Now in my codes every values are sent further on even when not changes at all. This is waste of resources and not good programming, I know.&lt;/p&gt;&#xA;&#xA;&lt;p&gt;Important!&#xA;1)The values of the first parameter of IOCP.sendVarData are static and can not be changed.&#xA;2) The PmdgGetVariable (&quot;MCP_annunFD&quot;, &amp;amp;result) in function B initiate everything.&#xA;What would be the best way to improve this this?&lt;/p&gt;&#xA;&#xA;&lt;p&gt;I have the function below that detects any changes from last time it was runned and store the changes.&lt;/p&gt;&#xA;&#xA;&lt;p&gt;// This function is called when NGX data changes&#xA;void ProcessNGXData (PMDG_NGX_Data *pS)&#xA;{&lt;/p&gt;&#xA;&#xA;&lt;pre&gt;&lt;code&gt;if (pS-&amp;gt;MCP_Course[0]   != NGX_MCP_Course[0]){NGX_MCP_Course[0] = pS-&amp;gt;MCP_Course[0];}&#xA;if (pS-&amp;gt;MCP_Course[1]   != NGX_MCP_Course[1]){NGX_MCP_Course[1] = pS-&amp;gt;MCP_Course[1];}&#xA;if (pS-&amp;gt;MCP_IASMach     != NGX_MCP_IASMach){NGX_MCP_IASMach     = pS-&amp;gt;MCP_IASMach;}&#xA;if (pS-&amp;gt;MCP_Heading     != NGX_MCP_Heading){NGX_MCP_Heading     = pS-&amp;gt;MCP_Heading;} &#xA;if (pS-&amp;gt;MCP_Altitude    != NGX_MCP_Altitude){NGX_MCP_Altitude   = pS-&amp;gt;MCP_Altitude;}&#xA;if (pS-&amp;gt;MCP_VertSpeed   != NGX_MCP_VertSpeed){NGX_MCP_VertSpeed = pS-&amp;gt;MCP_VertSpeed;}&#xA;&#xA;if (pS-&amp;gt;MCP_annunLVL_CHG != NGX_MCP_annunLVL_CHG){NGX_MCP_annunLVL_CHG = pS-&amp;gt;MCP_annunLVL_CHG;}&#xA;&#xA;&#xA;if (pS-&amp;gt;MCP_annunN1         != NGX_MCP_annunN1)     {NGX_MCP_annunN1 =      pS-&amp;gt;MCP_annunN1;}&#xA;if (pS-&amp;gt;MCP_annunSPEED      != NGX_MCP_annunSPEED)  {NGX_MCP_annunSPEED =   pS-&amp;gt;MCP_annunSPEED;}&#xA;if (pS-&amp;gt;MCP_annunVNAV       != NGX_MCP_annunVNAV)   {NGX_MCP_annunVNAV =    pS-&amp;gt;MCP_annunVNAV;}&#xA;if (pS-&amp;gt;MCP_annunLVL_CHG    != NGX_MCP_annunLVL_CHG){NGX_MCP_annunLVL_CHG = pS-&amp;gt;MCP_annunLVL_CHG;}&#xA;if (pS-&amp;gt;MCP_annunHDG_SEL    != NGX_MCP_annunHDG_SEL){NGX_MCP_annunHDG_SEL = pS-&amp;gt;MCP_annunHDG_SEL;}&#xA;if (pS-&amp;gt;MCP_annunLNAV       != NGX_MCP_annunLNAV)   {NGX_MCP_annunLNAV =    pS-&amp;gt;MCP_annunLNAV;}&#xA;if (pS-&amp;gt;MCP_annunVOR_LOC    != NGX_MCP_annunVOR_LOC){NGX_MCP_annunVOR_LOC = pS-&amp;gt;MCP_annunVOR_LOC ;}&#xA;if (pS-&amp;gt;MCP_annunAPP        != NGX_MCP_annunAPP )   {NGX_MCP_annunAPP  =    pS-&amp;gt;MCP_annunAPP ;}&#xA;if (pS-&amp;gt;MCP_annunALT_HOLD   != NGX_MCP_annunALT_HOLD){NGX_MCP_annunALT_HOLD = pS-&amp;gt;MCP_annunALT_HOLD ;}&#xA;if (pS-&amp;gt;MCP_annunVS         != NGX_MCP_annunVS )    {NGX_MCP_annunVS  =      pS-&amp;gt;MCP_annunVS ;}&#xA;if (pS-&amp;gt;MCP_annunCMD_A      != NGX_MCP_annunCMD_A ) {NGX_MCP_annunCMD_A  =  pS-&amp;gt;MCP_annunCMD_A ;}&#xA;if (pS-&amp;gt;MCP_annunCWS_A      != NGX_MCP_annunCWS_A ) {NGX_MCP_annunCWS_A  =  pS-&amp;gt;MCP_annunCWS_A ;}&#xA;if (pS-&amp;gt;MCP_annunCMD_B      != NGX_MCP_annunCMD_B ) {NGX_MCP_annunCMD_B  =  pS-&amp;gt;MCP_annunCMD_B ;}&#xA;if (pS-&amp;gt;MCP_annunCWS_B      != NGX_MCP_annunCWS_B)  {NGX_MCP_annunCWS_B  =  pS-&amp;gt;MCP_annunCWS_B ;}&#xA;}&#xA;&lt;/code&gt;&lt;/pre&gt;&#xA;&#xA;&lt;p&gt;In another thread I now have this function to send the &lt;/p&gt;&#xA;&#xA;&lt;pre&gt;&lt;code&gt;static UINT running_as_Thread(LPVOID lpvoid) {&#xA;            int  result;&#xA;            bool rep= true;&#xA;            while (rep){&#xA;            PmdgGetVariable (&quot;MCP_annunFD&quot;, &amp;amp;result);       &#xA;            IOCP.sendVarData ( 2534, NGX_MCP_Course [0]);&#xA;            IOCP.sendVarData ( 2524,  NGX_MCP_Altitude);&#xA;            IOCP.sendVarData ( 2542, NGX_MCP_Heading);&#xA;            IOCP.sendVarData ( 2559, NGX_MCP_IASMach);&#xA;            IOCP.sendVarData ( 1140, NGX_MCP_VertSpeed);&#xA;            IOCP.sendVarData ( 2535, NGX_MCP_Course [1]);   &#xA;            IOCP.sendVarData ( 286, NGX_MCP_annunLVL_CHG);  &#xA;            IOCP.sendVarData ( 1143, NGX_MCP_VertSpeedBlank);   &#xA;            IOCP.sendVarData ( 1115, NGX_MCP_IASBlank); &#xA;            IOCP.sendVarData ( 1117 , NGX_MCP_IASOverspeedFlash);       &#xA;            IOCP.sendVarData ( 1118, NGX_MCP_IASUnderspeedFlash);           &#xA;            IOCP.sendVarData ( 282, NGX_MCP_annunATArm);&#xA;            IOCP.sendVarData ( 283, NGX_MCP_annunN1);&#xA;            IOCP.sendVarData ( 284, NGX_MCP_annunSPEED);&#xA;            IOCP.sendVarData ( 285, NGX_MCP_annunVNAV);&#xA;            IOCP.sendVarData ( 286, NGX_MCP_annunLVL_CHG);&#xA;            IOCP.sendVarData ( 287, NGX_MCP_annunHDG_SEL);&#xA;            IOCP.sendVarData ( 288, NGX_MCP_annunLNAV);&#xA;            IOCP.sendVarData ( 289, NGX_MCP_annunVOR_LOC);&#xA;            IOCP.sendVarData ( 290, NGX_MCP_annunAPP);&#xA;            IOCP.sendVarData ( 291, NGX_MCP_annunALT_HOLD);&#xA;            IOCP.sendVarData ( 292, NGX_MCP_annunVS);&#xA;            IOCP.sendVarData ( 293, NGX_MCP_annunCMD_A);&#xA;            IOCP.sendVarData ( 294, NGX_MCP_annunCWS_A);&#xA;            IOCP.sendVarData ( 295, NGX_MCP_annunCMD_B);    &#xA;            IOCP.sendVarData ( 296, NGX_MCP_annunCWS_B);&#xA;Sleep (400);&#xA;}&#xA;    return THREAD_EXIT_OK;&#xA;}&#xA;&lt;/code&gt;&lt;/pre&gt;&#xA;</Body>
<Tags>c++</Tags>
</question>
<answer>
<Body>&lt;p&gt;A few things first:&lt;/p&gt;&#xA;&#xA;&lt;p&gt;Nobody wants to know you have both a &lt;code&gt;NGX_MCP_annunCMD_A&lt;/code&gt; and a &lt;code&gt;NGX_MCP_annunCMD_B&lt;/code&gt;. We are interested in a small sample of code that illustrates the problem, preferably with as little domain-specific information as possible. If it actually compiles, that's super.&lt;/p&gt;&#xA;&#xA;&lt;p&gt;Two things you didn't mention, but should have:&lt;/p&gt;&#xA;&#xA;&lt;ol&gt;&#xA;&lt;li&gt;&lt;p&gt;Are all the members of &lt;code&gt;PMDG_NGX_Data&lt;/code&gt; &lt;a href=&quot;http://en.wikipedia.org/wiki/Plain_old_data_structure&quot; rel=&quot;nofollow&quot;&gt;PODs&lt;/a&gt; (int, float, structures holding int, float...)?&lt;/p&gt;&lt;/li&gt;&#xA;&lt;li&gt;&lt;p&gt;Since you mention threads, are all the members of &lt;code&gt;PMDG_NGX_Data&lt;/code&gt; independent, or do you need a locking mechanism? &lt;/p&gt;&lt;/li&gt;&#xA;&lt;/ol&gt;&#xA;&#xA;&lt;p&gt;Regarding your first function, &lt;code&gt;ProcessNGXData&lt;/code&gt; :&lt;/p&gt;&#xA;&#xA;&lt;p&gt;If all the members of &lt;code&gt;PMDG_NGX_Data&lt;/code&gt; are PODs and it processes all the members of the struct then it is equivalent with the shorter and maybe faster:&lt;/p&gt;&#xA;&#xA;&lt;pre&gt;&lt;code&gt;PMDG_NGX_Data NGX_MCP_bakup;&#xA;void ProcessNGXData (PMDG_NGX_Data *pS) &#xA;{&#xA;    NGX_MCP_bakup = *pS;&#xA;}&#xA;&lt;/code&gt;&lt;/pre&gt;&#xA;&#xA;&lt;p&gt;As a solution to your original problem, you could try this:&lt;/p&gt;&#xA;&#xA;&lt;ul&gt;&#xA;&lt;li&gt;create a wrapper class over the basic &lt;code&gt;PMDG_NGX_Data&lt;/code&gt;, this will be responsible for tracking the changes.&lt;/li&gt;&#xA;&lt;li&gt;this wrapper exposes the fields of the underlying structure via getters and setters.&lt;/li&gt;&#xA;&lt;li&gt;the setters detect if the value being set is different from the current and, if it is, change the value and add it to a list of changes (a list of pairs of the ID  and the new value).&lt;/li&gt;&#xA;&lt;li&gt;the wrapper class also has a method which accepts a &lt;code&gt;IOCP&lt;/code&gt; object, calls &lt;code&gt;sendVarData&lt;/code&gt; for each ID and value in the list of changes and clears the change list.&lt;/li&gt;&#xA;&lt;/ul&gt;&#xA;&#xA;&lt;p&gt;Make sure you add the necessary locking and handle the case where the same parameter is changed multiple times between calls to the &quot;send changes function&quot;&lt;/p&gt;&#xA;&#xA;&lt;p&gt;As with all optimizations: &quot;Are you sure it is necessary?&quot; and &quot;Make sure to test and see it actually works better.&quot;&lt;/p&gt;&#xA;</Body>
</answer>
