<question>
<Title>Getting ‘m_Mutex’ declared as reference but not initialized error</Title>
<Body>&lt;p&gt;I am trying to implement Mutex lock on one of my static function of single ton class. But getting this error: &lt;/p&gt;&#xA;&#xA;&lt;pre&gt;&lt;code&gt;$error:‘m_Mutex’ declared as reference but not initialized&#xA;$warning:warning: unused variable ‘m_Mutex’&#xA;&lt;/code&gt;&lt;/pre&gt;&#xA;&#xA;&lt;p&gt;Here is my code snippet.&lt;/p&gt;&#xA;&#xA;&lt;p&gt;========Commondefines.h==========&lt;/p&gt;&#xA;&#xA;&lt;pre&gt;&lt;code&gt;/**&#xA;*@class LockBlock&#xA;*This class is used to provide Mutex Lock on thread.&#xA;*/&#xA;class LockBlock&#xA;{&#xA;    public:&#xA;        LockBlock(pthread_mutex_t *mutex)&#xA;        {&#xA;            lockMutex = mutex;&#xA;            pthread_mutex_lock(lockMutex);&#xA;        };&#xA;&#xA;&#xA;        ~LockBlock()&#xA;        {&#xA;            pthread_mutex_unlock(lockMutex);&#xA;            lockMutex = NULL;&#xA;        }&#xA;&#xA;&#xA;    private:&#xA;        pthread_mutex_t *lockMutex;&#xA;};&#xA;&lt;/code&gt;&lt;/pre&gt;&#xA;&#xA;&lt;p&gt;========MutexImplenation.h======&lt;/p&gt;&#xA;&#xA;&lt;pre&gt;&lt;code&gt;#include &quot;CommonDefines.h&quot;&#xA;&#xA;class MutexImplementation&#xA;{&#xA;&#xA;  private:&#xA;     static pthread_mutex_t m_Mutex ;&#xA;&#xA;  public:&#xA;     static void commonFunction();&#xA;&#xA;};&#xA;&lt;/code&gt;&lt;/pre&gt;&#xA;&#xA;&lt;p&gt;====MutexImplementation.cpp==========&lt;/p&gt;&#xA;&#xA;&lt;pre&gt;&lt;code&gt;// Initialize static member of class.&#xA;pthread_mutex_t MutexImplentation::m_Mutex = PTHREAD_MUTEX_INITIALIZER;&#xA;&#xA;&#xA;void commonFunction()&#xA;{&#xA;   LockBlock(&amp;amp;m_Mutex); // Here I am getting this error.&#xA;&#xA;&#xA;}&#xA;&lt;/code&gt;&lt;/pre&gt;&#xA;&#xA;&lt;p&gt;Any help would be highly appreciated.&#xA;Thanks,&#xA;Yuvi&lt;/p&gt;&#xA;</Body>
<Tags>c++,linux,pthreads,mutex</Tags>
</question>
<answer>
<Body>&lt;p&gt;This is really a variant of the &quot;most embarassing parse&quot; problem.&#xA;You've not defined a &lt;code&gt;m_Mutex&lt;/code&gt; anywhere except as a member of&#xA;&lt;code&gt;MutexImplementation&lt;/code&gt;, so outside of &lt;code&gt;MutexImplementation&lt;/code&gt;, its name is&#xA;&lt;code&gt;MutexImplementation::m_Mutex&lt;/code&gt; (and since it's private, you can't&#xA;legally access it).  When you write: &lt;/p&gt;&#xA;&#xA;&lt;pre&gt;&lt;code&gt;LockBlock (&amp;amp;m_Mutex);&#xA;&lt;/code&gt;&lt;/pre&gt;&#xA;&#xA;&lt;p&gt;, the compiler cannot find &lt;code&gt;m_Mutex&lt;/code&gt;, and so supposes that you are&#xA;defining a local variable.  The parentheses are legal, but have no&#xA;effect, and the declaration is the same as:&lt;/p&gt;&#xA;&#xA;&lt;pre&gt;&lt;code&gt;LockBlock&amp;amp; m_Mutex;&#xA;&lt;/code&gt;&lt;/pre&gt;&#xA;&#xA;&lt;p&gt;A reference to &lt;code&gt;LockBlock&lt;/code&gt;, and references can only be defined if they&#xA;are initialized.&lt;/p&gt;&#xA;&#xA;&lt;p&gt;If you want a local variable, you'll have to give it a name.  And if you&#xA;want it initialized to &lt;code&gt;m_Mutex&lt;/code&gt;, you'll have to make &lt;code&gt;m_Mutex&lt;/code&gt; public,&#xA;and specify the class name as well:&lt;/p&gt;&#xA;&#xA;&lt;pre&gt;&lt;code&gt;LockBlock&amp;amp; localRefToMutex( &amp;amp;MutexImplementation::m_Mutex );&#xA;&lt;/code&gt;&lt;/pre&gt;&#xA;&#xA;&lt;p&gt;for example.&lt;/p&gt;&#xA;</Body>
</answer>
