<question>
<Title>PHP executing script in subfolder</Title>
<Body>&lt;p&gt;I've run into a slight issue with the way my site works.&#xA;I have a python script which I want to run from the index.php page.&#xA;Now if this script is in the root directory, by using this command I can execute it easily:&lt;/p&gt;&#xA;&#xA;&lt;pre&gt;&lt;code&gt;&amp;lt;?php&#xA;exec(&quot;myscript.py&quot;);&#xA;?&amp;gt;&#xA;&lt;/code&gt;&lt;/pre&gt;&#xA;&#xA;&lt;p&gt;This actually runs the python script and does what is needed. However, I am planning to have a few more script and want to keep the root dir as clean as possible, hence I was wondering if it is possible to execute this script from a subdir within my root?&lt;/p&gt;&#xA;&#xA;&lt;p&gt;Current Setup:&lt;/p&gt;&#xA;&#xA;&lt;pre&gt;&lt;code&gt;Root -  C:\wamp\www\homepage\&#xA;Python Script Folder - ...\homepage\python\&#xA;&lt;/code&gt;&lt;/pre&gt;&#xA;&#xA;&lt;p&gt;When i put my scripts in the python folder, no matter what I use, the php does not execute it. &lt;/p&gt;&#xA;&#xA;&lt;p&gt;Tried:&lt;/p&gt;&#xA;&#xA;&lt;pre&gt;&lt;code&gt;&amp;lt;?php&#xA;exec(&quot;/python/myscript.py&quot;)&#xA;?&amp;gt;&#xA;&#xA;&amp;lt;?php&#xA;exec(&quot;//python//myscript.py&quot;)&#xA;?&amp;gt;&#xA;&#xA;&amp;lt;?php&#xA;exec(&quot;\python\myscript.py&quot;)&#xA;?&amp;gt;&#xA;&#xA;&amp;lt;?php&#xA;exec(&quot;\\python\\myscript.py&quot;)&#xA;?&amp;gt;&#xA;&#xA;&amp;lt;?php&#xA;exec(&quot;python/myscript.py&quot;)&#xA;?&amp;gt;&#xA;&#xA;&amp;lt;?php&#xA;exec(&quot;python\myscript.py&quot;)&#xA;?&amp;gt;&#xA;&#xA;&amp;lt;?php&#xA;exec(&quot;../python/myscript.py&quot;)&#xA;?&amp;gt;&#xA;&lt;/code&gt;&lt;/pre&gt;&#xA;&#xA;&lt;p&gt;All this and nothing launches the darn thing. What am I doing wrong :[&#xA;&lt;img src=&quot;https://i.stack.imgur.com/VqcHq.jpg&quot; alt=&quot;Dammit!&quot;&gt;&lt;/p&gt;&#xA;</Body>
<Tags>php,python,exec,subdirectory</Tags>
</question>
<answer>
<Body>&lt;p&gt;Did you try calling the python executable directly?  It worked for me.  I had a myscript.py like this:&lt;/p&gt;&#xA;&#xA;&lt;pre&gt;&lt;code&gt;print 'hello'&#xA;print 'world'&#xA;&lt;/code&gt;&lt;/pre&gt;&#xA;&#xA;&lt;p&gt;and then put it in a directory called temp/.&lt;/p&gt;&#xA;&#xA;&lt;p&gt;My php is in a file called temp.php as follows:&lt;/p&gt;&#xA;&#xA;&lt;pre&gt;&lt;code&gt;&amp;lt;?php&#xA;exec('python temp/myscript.py',$output);&#xA;print_r($output);&#xA;?&amp;gt;&#xA;&lt;/code&gt;&lt;/pre&gt;&#xA;&#xA;&lt;p&gt;Then I ran it and here's what happened:&lt;/p&gt;&#xA;&#xA;&lt;pre&gt;&lt;code&gt;$ php temp.php&#xA;Array&#xA;(&#xA;    [0] =&amp;gt; hello&#xA;    [1] =&amp;gt; world&#xA;)&#xA;&lt;/code&gt;&lt;/pre&gt;&#xA;</Body>
</answer>
