<question>
<Title>How to initialize static member array in class with template</Title>
<Body>&lt;blockquote&gt;&#xA;  &lt;p&gt;&lt;strong&gt;Possible Duplicate:&lt;/strong&gt;&lt;br&gt;&#xA;  &lt;a href=&quot;https://stackoverflow.com/questions/610245/where-and-why-do-i-have-to-put-the-template-and-typename-keywords&quot;&gt;Where and why do I have to put the &amp;ldquo;template&amp;rdquo; and &amp;ldquo;typename&amp;rdquo; keywords?&lt;/a&gt;  &lt;/p&gt;&#xA;&lt;/blockquote&gt;&#xA;&#xA;&#xA;&#xA;&lt;pre&gt;&lt;code&gt;#include &amp;lt;iostream&amp;gt;&#xA;using namespace std;&#xA;&#xA;template &amp;lt;class T&amp;gt;&#xA;class Test&#xA;{&#xA;    union obj&#xA;    {&#xA;        union obj* next;&#xA;        int num;&#xA;    };&#xA;&#xA;    static const int SZ=3;&#xA;    static obj* volatile list[SZ];&#xA;};&#xA;&#xA;template &amp;lt;class T&amp;gt;&#xA;Test&amp;lt;T&amp;gt;::obj* volatile&#xA;Test&amp;lt;T&amp;gt;::list[SZ]=&#xA;{&#xA;    0, 0, 0&#xA;};&#xA;&#xA;int main()&#xA;{&#xA;    return 0;&#xA;}&#xA;&lt;/code&gt;&lt;/pre&gt;&#xA;&#xA;&lt;p&gt;With g++, the error I get is:&lt;/p&gt;&#xA;&#xA;&lt;pre&gt;&#xA;18|error: expected constructor, destructor, or type conversion before '*' token&#xA;&lt;/pre&gt;&#xA;</Body>
<Tags>c++,templates,static-members</Tags>
</question>
<answer>
<Body>&lt;p&gt;Add the keyword typename before &lt;code&gt;Test&amp;lt;T&amp;gt;::obj*&lt;/code&gt; in the definition of the member.&lt;/p&gt;&#xA;</Body>
</answer>
