<question>
<Title>How to make the program relinquish control of the terminal?</Title>
<Body>&lt;p&gt;I'm writing a Python program for Linux and the program basically uses the terminal give feedback on it's initialization to the user and then it must relinquish control of the terminal and continue it's execution on the background. How can I achieve this?&lt;/p&gt;&#xA;&#xA;&lt;p&gt;Thank you&lt;/p&gt;&#xA;</Body>
<Tags>python,shell,unix,terminal</Tags>
</question>
<answer>
<Body>&lt;p&gt;Just wrap your program with &lt;a href=&quot;http://pypi.python.org/pypi/python-daemon&quot; rel=&quot;nofollow&quot;&gt;python-daemon&lt;/a&gt;.&lt;/p&gt;&#xA;</Body>
</answer>
<answer>
<Body>&lt;p&gt;You can use os.fork() to create a child process:&lt;/p&gt;&#xA;&#xA;&lt;pre&gt;&lt;code&gt;import os&#xA;import time&#xA;&#xA;msg =  raw_input(&quot;Enter message for child process&quot;)&#xA;&#xA;x = os.fork()&#xA;&#xA;if not x:&#xA;    for i in range(5):&#xA;        time.sleep(3)&#xA;        print msg&#xA;&lt;/code&gt;&lt;/pre&gt;&#xA;&#xA;&lt;p&gt;os.fork() returns 0 in the child process, and the child process ID in the paret process&#xA;Note that each process gets its own copy of local variables.&lt;/p&gt;&#xA;&#xA;&lt;p&gt;Hope this helps&lt;/p&gt;&#xA;</Body>
</answer>
<answer>
<Body>&lt;p&gt;Forking is probably the Right Thing To Do, here, and daemonising better, but a simple way to get mostly the same effect, without changing the script is (as the comment on the question suggests) to simply put the script in the background.&lt;/p&gt;&#xA;&#xA;&lt;p&gt;What &lt;code&gt;&amp;amp;&lt;/code&gt; won't do, however, is fully relinquish the connection to the terminal.  For that, use &lt;code&gt;nohup&lt;/code&gt;:&lt;/p&gt;&#xA;&#xA;&lt;pre&gt;&lt;code&gt;(nohup python foo.py &amp;gt;foo-output &amp;amp;)&#xA;&lt;/code&gt;&lt;/pre&gt;&#xA;&#xA;&lt;p&gt;is a simple way of daemonising a script.  The &lt;code&gt;nohup&lt;/code&gt; means that the process won't be killed when its controlling terminal goes, and putting the script into the background of a subshell &lt;code&gt;(...)&lt;/code&gt;, which then exits, means that it ends up as the child of the init process.  That's most of what 'daemonising' means, in effect.&lt;/p&gt;&#xA;&#xA;&lt;p&gt;This is a more general technique than the original question really calls for, but it's useful nonetheless. &lt;/p&gt;&#xA;</Body>
</answer>
