<question>
<Title>How to: add a class docstring with Eclipse/Pydev via keyboard shortcut?</Title>
<Body>&lt;p&gt;&lt;em&gt;What I want:&lt;/em&gt;&#xA;Press a keyboard shortcut that auto-creates the class docstring snippet:&lt;/p&gt;&#xA;&#xA;&lt;pre&gt;&lt;code&gt;class SomeClass:&#xA;    '''&#xA;    &amp;lt;cursor&amp;gt;&#xA;    '''&#xA;&lt;/code&gt;&lt;/pre&gt;&#xA;&#xA;&lt;p&gt;&lt;em&gt;What I tried:&lt;/em&gt;&#xA;When my cursor is on a function definition, I can press &lt;code&gt;cmd+1&lt;/code&gt;.&#xA;This displays a pop-up menu with &lt;code&gt;Make docstring&lt;/code&gt; as an option.&#xA;Choosing it creates a docstring snippet just like seen above.&#xA;This works perfectly for functions - not however for classes from what I tried.&lt;/p&gt;&#xA;&#xA;&lt;p&gt;Any hints/solutions are welcome. :)&lt;/p&gt;&#xA;&#xA;&lt;p&gt;| Mac OS X Version: 10.7.3&#xA;| Eclipse Version: Helios Service Release 2&#xA;| Pydev Plugin Version: 2.4.0.20120101&lt;/p&gt;&#xA;</Body>
<Tags>python,eclipse,macos,pydev</Tags>
</question>
<answer>
<Body>&lt;p&gt;Actually, it seems you found a bug (please report that at the PyDev sf tracker).&lt;/p&gt;&#xA;&#xA;&lt;p&gt;The problem is that if you have something as:&lt;/p&gt;&#xA;&#xA;&lt;pre&gt;&lt;code&gt;class MyClass:&#xA;  pass&#xA;&lt;/code&gt;&lt;/pre&gt;&#xA;&#xA;&lt;p&gt;it does NOT work, but if you have something as:&lt;/p&gt;&#xA;&#xA;&lt;pre&gt;&lt;code&gt;class MyClass(object):&#xA;  pass&#xA;&lt;/code&gt;&lt;/pre&gt;&#xA;&#xA;&lt;p&gt;it does work properly... so, the issue is that PyDev didn't consider that line to be a class line in that case.&lt;/p&gt;&#xA;&#xA;&lt;p&gt;Edit: This is fixed for PyDev 2.5.0 (which is already released).&lt;/p&gt;&#xA;</Body>
</answer>
