<question>
<Title>Type(3,) returns an integer instead of a tuple in python, why?</Title>
<Body>&lt;p&gt;&lt;code&gt;type(3,)&lt;/code&gt; returns the int type, while &lt;/p&gt;&#xA;&#xA;&lt;pre&gt;&lt;code&gt;t = 3,&#xA;type(t)&#xA;&lt;/code&gt;&lt;/pre&gt;&#xA;&#xA;&lt;p&gt;returns the tuple type.&#xA;Why?&lt;/p&gt;&#xA;</Body>
<Tags>python,types,tuples</Tags>
</question>
<answer>
<Body>&lt;p&gt;The builtin &lt;code&gt;type()&lt;/code&gt; is a function, so the comma is being parsed as an argument separator rather than a tuple constructor.&lt;/p&gt;&#xA;&#xA;&lt;pre&gt;&lt;code&gt;&amp;gt;&amp;gt;&amp;gt; type(3,)&#xA;&amp;lt;type 'int'&amp;gt;&#xA;&#xA;&amp;gt;&amp;gt;&amp;gt; type((3,))&#xA;&amp;lt;type 'tuple'&amp;gt;&#xA;&lt;/code&gt;&lt;/pre&gt;&#xA;</Body>
</answer>
<answer>
<Body>&lt;p&gt;Inside the parentheses that form the function call operator, the comma is &lt;em&gt;not&lt;/em&gt; for building tuples, but for separating arguments.  Thus, &lt;code&gt;type(3, )&lt;/code&gt; is equivalent to &lt;code&gt;type(3)&lt;/code&gt;.  An additional comma at the end of the argument list is allowed by the grammar.  You need an extra pair of parens to build a tuple:&lt;/p&gt;&#xA;&#xA;&lt;pre&gt;&lt;code&gt;&amp;gt;&amp;gt;&amp;gt; def f(x):&#xA;...     print x&#xA;... &#xA;&amp;gt;&amp;gt;&amp;gt; f(3)&#xA;3&#xA;&amp;gt;&amp;gt;&amp;gt; f(3,)&#xA;3&#xA;&amp;gt;&amp;gt;&amp;gt; f((3,))&#xA;(3,)&#xA;&lt;/code&gt;&lt;/pre&gt;&#xA;</Body>
</answer>
<answer>
<Body>&lt;p&gt;I suspect Python ignores a trailing comma in function arguments:&lt;/p&gt;&#xA;&#xA;&lt;pre&gt;&lt;code&gt;def f (a):&#xA;    print a&#xA;    print type(a)&#xA;&#xA;&amp;gt;&amp;gt;&amp;gt; f(3,)&#xA;3&#xA;&amp;lt;type 'int'&amp;gt;&#xA;&lt;/code&gt;&lt;/pre&gt;&#xA;&#xA;&lt;p&gt;Using comma-separated values without parentheses to create a tuple is a trick that doesn't work everywhere. List comprehensions is a good example:&lt;/p&gt;&#xA;&#xA;&lt;pre&gt;&lt;code&gt;&amp;gt;&amp;gt;&amp;gt; [a,a*2 for a in range(4)]&#xA;  File &quot;&amp;lt;stdin&amp;gt;&quot;, line 1&#xA;    [a,a*2 for a in range(4)]&#xA;             ^&#xA;&lt;/code&gt;&lt;/pre&gt;&#xA;&#xA;&lt;p&gt;You have to do this:&lt;/p&gt;&#xA;&#xA;&lt;pre&gt;&lt;code&gt;&amp;gt;&amp;gt;&amp;gt; [(a,a*2) for a in range(4)]&#xA;[(0, 0), (1, 2), (2, 4), (3, 6)]&#xA;&lt;/code&gt;&lt;/pre&gt;&#xA;&#xA;&lt;p&gt;List unpacking works fine, though, so it's a bit variable where unbounded, comma-separated values are allowed:&lt;/p&gt;&#xA;&#xA;&lt;pre&gt;&lt;code&gt;&amp;gt;&amp;gt;&amp;gt; [(a,b) for a, b in zip(range(4),range(4))]&#xA;[(0, 0), (1, 1), (2, 2), (3, 3)]&#xA;&lt;/code&gt;&lt;/pre&gt;&#xA;</Body>
</answer>
<answer>
<Body>&lt;p&gt;In &lt;code&gt;func(bunch_of_args)&lt;/code&gt; you are allowed to follow the last arg with a comma, just like in&lt;/p&gt;&#xA;&#xA;&lt;pre&gt;&lt;code&gt;alist = [1, 2, 3, ]&#xA;&lt;/code&gt;&lt;/pre&gt;&#xA;</Body>
</answer>
