<question>
<Title>Is it safe to assign a _bstr_t com property a LPCTSTR?</Title>
<Body>&lt;p&gt;I come across some code where a LPCTSTR is assigend to a _bstr_t. As a BSTR does provide length information according to MSDN and a common TCHAR pointer does not I am unsure if the following code is safe. I did not find a clue that there is an overloaded operator that makes this possible safely, however this seems to work without any obvious errors, but it might be undefined behaviour.&lt;/p&gt;&#xA;&#xA;&lt;p&gt;Example:&lt;/p&gt;&#xA;&#xA;&lt;pre&gt;&lt;code&gt;// pComObject-&amp;gt;Property is of type _bstr_t&#xA;pComObject-&amp;gt;Property = (LPCTSTR) string;&#xA;&lt;/code&gt;&lt;/pre&gt;&#xA;</Body>
<Tags>c++,string,com</Tags>
</question>
<answer>
<Body>&lt;p&gt;Yes, &lt;code&gt;_bstr_t&lt;/code&gt; has an &lt;a href=&quot;http://msdn.microsoft.com/en-us/library/7bh2f8sk.aspx&quot; rel=&quot;nofollow&quot;&gt;operator=&lt;/a&gt; which accepts a NULL-terminated string (both wide and multibyte), so this is safe&lt;/p&gt;&#xA;</Body>
</answer>
