<question>
<Title>Is it possible to make pointers to distinct template types convertible?</Title>
<Body>&lt;p&gt;I have a template class that will bundle some information with a type:&lt;/p&gt;&#xA;&#xA;&lt;pre&gt;&lt;code&gt;template &amp;lt;typename T&amp;gt;&#xA;class X&#xA;{&#xA;  int data[10]; // doesn't matter what's here really&#xA;  T t;&#xA;public:&#xA;  // also not terribly relevant&#xA;};&#xA;&lt;/code&gt;&lt;/pre&gt;&#xA;&#xA;&lt;p&gt;Then lets say we have a Base class and Derived class:&lt;/p&gt;&#xA;&#xA;&lt;pre&gt;&lt;code&gt;class Base {};&#xA;&#xA;class Derived : public Base {};&#xA;&lt;/code&gt;&lt;/pre&gt;&#xA;&#xA;&lt;p&gt;I'd like to be able to do something like this (but don't think I can):&lt;/p&gt;&#xA;&#xA;&lt;pre&gt;&lt;code&gt;void f(shared_ptr&amp;lt;X&amp;lt;Base&amp;gt; &amp;gt; b);&#xA;&#xA;shared_ptr&amp;lt;X&amp;lt;Derived&amp;gt; &amp;gt; d(new X&amp;lt;Derived&amp;gt;);&#xA;&#xA;f(d);&#xA;&lt;/code&gt;&lt;/pre&gt;&#xA;&#xA;&lt;p&gt;Is there a way that I can make pointers to &lt;code&gt;X&amp;lt;T&amp;gt;&lt;/code&gt; convertible to pointers of &lt;code&gt;X&amp;lt;Y&amp;gt;&lt;/code&gt; if T* is convertible to Y*?&lt;/p&gt;&#xA;</Body>
<Tags>c++</Tags>
</question>
<answer>
<Body>&lt;p&gt;&lt;strong&gt;EDIT&lt;/strong&gt;:&#xA;What you are trying to do is possible; you can use the convertibility test and the static assertion provided by the &lt;a href=&quot;http://www.boost.org/&quot; rel=&quot;nofollow noreferrer&quot;&gt;boost&lt;/a&gt; libraries to generate a compile-time error in case of type incompatibility.&lt;br&gt;&#xA;Here is an example: &lt;/p&gt;&#xA;&#xA;&lt;pre&gt;&lt;code&gt;#include &amp;lt;string&amp;gt;   &#xA;#include &amp;lt;iostream&amp;gt; &#xA;#include &amp;lt;boost/type_traits/is_convertible.hpp&amp;gt;&#xA;#include &amp;lt;boost/static_assert.hpp&amp;gt;&#xA;&#xA;template&amp;lt;typename MyType&amp;gt;&#xA;class MyTypeInfo{&#xA;public:&#xA;    MyType* myType;&#xA;&#xA;    MyTypeInfo(MyType* _myType){&#xA;        myType = _myType;&#xA;    }&#xA;&#xA;    template &amp;lt;typename DestinationType&amp;gt;&#xA;    operator MyTypeInfo&amp;lt;DestinationType&amp;gt;() {&#xA;        BOOST_STATIC_ASSERT((boost::is_convertible&amp;lt;MyType,DestinationType&amp;gt;::value));&#xA;        MyTypeInfo&amp;lt;DestinationType&amp;gt; ret((DestinationType*)myType);&#xA;        return ret;&#xA;    }&#xA;&#xA;};&#xA;&#xA;class Base{&#xA;public:&#xA;    virtual void do_something(){&#xA;        std::cout &amp;lt;&amp;lt; &quot;Base&quot; &amp;lt;&amp;lt; std::endl;&#xA;    }&#xA;};&#xA;class Derived : public Base{&#xA;public:&#xA;    virtual void do_something(){&#xA;        std::cout &amp;lt;&amp;lt; &quot;Derived&quot; &amp;lt;&amp;lt; std::endl;&#xA;    }&#xA;};&#xA;&#xA;class NonDerived{&#xA;};&#xA;&#xA;int _tmain(int argc, _TCHAR* argv[])&#xA;{&#xA;    // this one is ok&#xA;    MyTypeInfo&amp;lt;Derived&amp;gt; d(new Derived());&#xA;    MyTypeInfo&amp;lt;Base&amp;gt; b = (MyTypeInfo&amp;lt;Base&amp;gt;)d;&#xA;    b.myType-&amp;gt;do_something();&#xA;&#xA;    // this one fails to compile&#xA;    //MyTypeInfo&amp;lt;NonDerived&amp;gt; nd(new NonDerived());&#xA;    //MyTypeInfo&amp;lt;Base&amp;gt; b2 = (MyTypeInfo&amp;lt;Base&amp;gt;)nd;&#xA;    //b2.myType-&amp;gt;do_something();&#xA;&#xA;    return 0;&#xA;}&#xA;&lt;/code&gt;&lt;/pre&gt;&#xA;&#xA;&lt;p&gt;If you don't want or cannot use the boost libraries, you can refer to &lt;a href=&quot;http://erdani.org/&quot; rel=&quot;nofollow noreferrer&quot;&gt;Andrei Alexandrescu's wonderful book &quot;Modern C++ Design&quot;&lt;/a&gt; for a possible implementation of the convertibility test and the static assertion macro.&lt;/p&gt;&#xA;</Body>
</answer>
<answer>
<Body>&lt;p&gt;G'day,&lt;/p&gt;&#xA;&#xA;&lt;p&gt;Have you thought about why you want to do this?&lt;/p&gt;&#xA;&#xA;&lt;p&gt;Just coming back to the basics that inheritance is for specialising behaviour for different types of derived objects, e.g. the draw() function declared in a base class called Shape would produce different output for a derived class Square compared to a derived class Circle.&lt;/p&gt;&#xA;&#xA;&lt;p&gt;Templates should be used when you want the same sort of behaviour irrespective of the type, e.g. the pop function in a stack of integers behaves the same way as the pop function in a stack of floats behaves the same way as the pop function in a stack of objects of type Foo.&lt;/p&gt;&#xA;&#xA;&lt;p&gt;HTH&lt;/p&gt;&#xA;&#xA;&lt;p&gt;cheers,&lt;/p&gt;&#xA;</Body>
</answer>
<answer>
<Body>&lt;p&gt;Rephrasing the question to a more general: &lt;em&gt;is it possible to convert pointers from unrelated types if the unrelated types are themselves convertible?&lt;/em&gt;, the answer is not. And different template instantiations define different unrelated types.&lt;/p&gt;&#xA;&#xA;&lt;p&gt;You can implicitly convert (see note below) a pointer to a derived object to a pointer of the base object (some restrictions apply due to access or ambiguity) or you can make an explicit conversion from a base pointer to a derived pointer (again with some restrictions). You can also convert back and forth to void*, but converting to an unrelated type ends up with undefined behavior.&lt;/p&gt;&#xA;&#xA;&lt;p&gt;There are clear reasons for pointers not being convertible from unrelated types. The first of which is that converting one pointer type to another pointer type will not convert the pointed memory. That is, you can convert an int to a double, but converting a pointer to an int to a pointer to double would make the compiler believe that there are 8 bytes of memory at the pointed address while in fact only 4 bytes are present (assuming 32 or 64 bit architecture with 32 bit integers and 64 bit doubles). Dereferencing the pointer will surely end bad.&lt;/p&gt;&#xA;&#xA;&lt;p&gt;&lt;em&gt;Notes from the standard:&lt;/em&gt;&lt;/p&gt;&#xA;&#xA;&lt;p&gt;Section 4.10 of the standard deals with pointer conversions, first paragraph deals with &lt;em&gt;null-pointer&lt;/em&gt; conversions, second paragraph with &lt;em&gt;void&lt;/em&gt; pointer conversions. The third paragraph states that you can convert a pointer to type D to a pointer of type B as long as B is a base class of D. No other pointer conversion is defined there. In Section 5.4 where explicit conversions are specified, paragraph 7 deals with pointer conversions and only adds the possible explicit conversion from B* to D* in several situations as long as B is a base of B.&lt;/p&gt;&#xA;</Body>
</answer>
<answer>
<Body>&lt;p&gt;While rethinking on the question I just realized of another problem you have. Polymorphic behavior can only be achieved through pointers and/or references. Trying to do so with values produces what is called &lt;em&gt;slicing&lt;/em&gt;, where the original derived object is converted (copied) into a base object loosing all the extra information.&lt;/p&gt;&#xA;&#xA;&lt;p&gt;The common example of slicing is this one:&lt;/p&gt;&#xA;&#xA;&lt;pre&gt;&lt;code&gt;class Base &#xA;{&#xA;public:&#xA;   virtual void polymorphic() { &#xA;      std::cout &amp;lt;&amp;lt; &quot;Base&quot; &amp;lt;&amp;lt; std::endl;&#xA;   }&#xA;};&#xA;class Derived : public Base&#xA;{&#xA;public:&#xA;   virtual void polymorphic() {&#xA;      std::cout &amp;lt;&amp;lt; &quot;Derived&quot; &amp;lt;&amp;lt; std::endl;&#xA;   }&#xA;};&#xA;void f( Base b ) {&#xA;   b.polymorphic();&#xA;}&#xA;int main() {&#xA;   Derived d;&#xA;   f( d ); // prints Base&#xA;}&#xA;&lt;/code&gt;&lt;/pre&gt;&#xA;&#xA;&lt;p&gt;Now, the original question deals with conversion of pointer types and I answered &lt;a href=&quot;https://stackoverflow.com/questions/1007390/is-it-possible-to-make-pointers-to-distinct-template-types-convertible/1008183#1008183&quot;&gt;before&lt;/a&gt;. I believe that your code presents a variant of the &lt;em&gt;slicing&lt;/em&gt; problem. We can play a little with the &lt;em&gt;undefined behavior&lt;/em&gt; of forcing pointer conversions from unrelated types:&lt;/p&gt;&#xA;&#xA;&lt;pre&gt;&lt;code&gt;// same Base and Derived definitions as above&#xA;template &amp;lt;typename T&amp;gt;&#xA;struct Holder&#xA;{&#xA;   T data;&#xA;};&#xA;int main() {&#xA;   Holder&amp;lt;Derived&amp;gt; derived;&#xA;   Holder&amp;lt;Derived&amp;gt;* derived_ptr = &amp;amp;derived;&#xA;   Holder&amp;lt;Base&amp;gt;* base_ptr = reinterpret_cast&amp;lt;Holder&amp;lt;Base&amp;gt;* &amp;gt;( derived_ptr ); // undefined!!!&#xA;   std::cout &amp;lt;&amp;lt; &quot;derived_ptr=&quot; &amp;lt;&amp;lt; derived_ptr &amp;lt;&amp;lt; &quot;, base_ptr=&quot; &amp;lt;&amp;lt; base_ptr &amp;lt;&amp;lt; std::endl;&#xA;   base_ptr-&amp;gt;data.polymorphic(); // prints Base&#xA;}&#xA;&lt;/code&gt;&lt;/pre&gt;&#xA;&#xA;&lt;p&gt;First of all, this is undefined behavior according to the standard... but bear with me. We can try to work what a common compiler could implement. We have an object of type &lt;em&gt;Holder&lt;/em&gt;, and a pointer to it (&lt;em&gt;derived_ptr&lt;/em&gt;), now we reinterpret the pointer as a pointer to &lt;em&gt;Holder&lt;/em&gt;. At this point &lt;em&gt;base_ptr&lt;/em&gt; and &lt;em&gt;derived_ptr&lt;/em&gt; have the same value, they point to the same address (check the output).&lt;/p&gt;&#xA;&#xA;&lt;p&gt;In the last step we access the data field of the &lt;em&gt;Holder&lt;/em&gt; stored at &lt;em&gt;&amp;amp;derived&lt;/em&gt;, and we call the virtual function * polymorphic()* on it... but in &lt;em&gt;Holder&lt;/em&gt;, the &lt;em&gt;data&lt;/em&gt; field is not a reference or pointer, it is an element of type &lt;em&gt;Base&lt;/em&gt;, so the compiler can decide that it will call the &lt;em&gt;Base&lt;/em&gt; version of it, and it so does in g++ 4.0.&lt;/p&gt;&#xA;&#xA;&lt;p&gt;This is all &lt;em&gt;undefined behavior&lt;/em&gt;, so try it with your compiler of choice, it may end up with the same or different outcomes.&lt;/p&gt;&#xA;&#xA;&lt;p&gt;If you change the template definition to store a pointer, then you get the &lt;em&gt;expected&lt;/em&gt; polymorphic behavior. That is, expected in this case, knowing the memory footprint of the objects at hand. Not that you can &lt;em&gt;expect&lt;/em&gt; anything from the unexpected &lt;em&gt;undefined behavior&lt;/em&gt;.&lt;/p&gt;&#xA;</Body>
</answer>
<answer>
<Body>&lt;p&gt;I don't want to point out the obvious but is there any reason you can't make the function a template ?  I.e.&lt;/p&gt;&#xA;&#xA;&lt;pre&gt;&lt;code&gt;template &amp;lt;typename T&amp;gt;&#xA;void f(shared_ptr&amp;lt;T&amp;gt; b);&#xA;&#xA;shared_ptr&amp;lt;X&amp;lt;Derived&amp;gt; &amp;gt; d(new X&amp;lt;Derived&amp;gt;);&#xA;&#xA;f(d);&#xA;&lt;/code&gt;&lt;/pre&gt;&#xA;</Body>
</answer>
