<question>
<Title>&quot;Cannot open include file: 'ofstream'&quot; error in Visual Studio 2010 Express Edition?</Title>
<Body>&lt;p&gt;I'm fairly new to C++ and when I was trying to compile my project, Visual Studio 2010 Express encountered a fatal error saying &quot;Cannot open include file: 'ofstream': No such file or directory&quot; The source code for one of my implementation files (where I'm experiencing the error) is as follows:&lt;/p&gt;&#xA;&#xA;&lt;pre&gt;&lt;code&gt;#include &quot;Character.h&quot;&#xA;#include &amp;lt;iostream&amp;gt;&#xA;#include &amp;lt;ofstream&amp;gt;&#xA;&#xA;using namespace std;&#xA;&#xA;ofstream characterSave;&#xA;&#xA;// Sets the character's name to what the user inputted&#xA;void Character::setName(string name)&#xA;{&#xA;    // Set characterName to equal what user inputted&#xA;    characterName = name;&#xA;}&#xA;&#xA;// Output the character's name when called&#xA;string Character::getName()&#xA;{&#xA;    // Return characterName&#xA;    return characterName;&#xA;}&#xA;&#xA;// Save the user's data to save.dat&#xA;void Character::saveToFile()&#xA;{&#xA;    // Creates new save file&#xA;    characterSave.open(&quot;character.dat&quot;);&#xA;&#xA;    // Writes character's name to first line of save file&#xA;    characterSave &amp;lt;&amp;lt; characterName &amp;lt;&amp;lt; endl;&#xA;&#xA;    // Closes save file&#xA;    characterSave.close();&#xA;}&#xA;&lt;/code&gt;&lt;/pre&gt;&#xA;&#xA;&lt;p&gt;I've searched around online, and I cannot find anyone else with this problem. Could it be my local copy of Visual Studio Express? Any help would be much appreciated.&lt;/p&gt;&#xA;</Body>
<Tags>c++,visual-studio,visual-studio-2010,ofstream</Tags>
</question>
<answer>
<Body>&lt;p&gt;You need&lt;/p&gt;&#xA;&#xA;&lt;pre&gt;&lt;code&gt;#include &amp;lt;fstream&amp;gt;&#xA;&lt;/code&gt;&lt;/pre&gt;&#xA;&#xA;&lt;p&gt;That's where &lt;code&gt;ofstream&lt;/code&gt; is declared.&lt;/p&gt;&#xA;</Body>
</answer>
