<question>
<Title>Pytables 2.3.1 with Python 2.5 on Windows: Error - could not find a local hdf5 installation</Title>
<Body>&lt;p&gt;I'm trying to install PyTables 2.3.1 on Windows XP with Python 2.5. I'm getting the following error:&lt;/p&gt;&#xA;&#xA;&lt;pre&gt;&lt;code&gt;Could not find a local HDF5 installation.&#xA;You may need to explicitly state where your local HDF5 &#xA;headers and library can be found by setting the HDF5_DIR &#xA;environment variable or by using the --hdf5 command-line option.&#xA;&lt;/code&gt;&lt;/pre&gt;&#xA;&#xA;&lt;p&gt;I'm a bit confused by the installation of the HDF5 library. I downloaded the Windows binary called &lt;code&gt;HDF5188-win32-shared.zip&lt;/code&gt; from the &lt;a href=&quot;http://www.hdfgroup.org/HDF5/release/obtain5.html&quot; rel=&quot;nofollow&quot;&gt;HDF5 site&lt;/a&gt; and ran the .exe file in the zip archive. I now have what looks like an installation of the HDF5 library in this folder:&lt;/p&gt;&#xA;&#xA;&lt;pre&gt;&lt;code&gt;C:\Program Files\HDF Group\HDF5\1.8.8&#xA;&lt;/code&gt;&lt;/pre&gt;&#xA;&#xA;&lt;p&gt;I've tried creating an environment variable called HDF5_DIR pointing to this folder, but still no joy. I'm obviously not installing the right bit of the HDF5 library, but I don't know what I should be doing instead.&lt;/p&gt;&#xA;&#xA;&lt;p&gt;Does anyone have any suggestions, please?&lt;/p&gt;&#xA;&#xA;&lt;p&gt;Thanks!&lt;/p&gt;&#xA;</Body>
<Tags>python,pytables</Tags>
</question>
<answer>
<Body>&lt;p&gt;from the &lt;a href=&quot;http://pytables.github.com/usersguide/installation.html#binaryinstallationdescr&quot; rel=&quot;nofollow&quot;&gt;docs&lt;/a&gt; you can try:&#xA;Put the DLL libraries (hdf5dll.dll and, optionally, lzo1.dll and bzip2.dll) &lt;/p&gt;&#xA;&#xA;&lt;blockquote&gt;&#xA;  &lt;p&gt;in a directory listed in your PATH environment variable&lt;/p&gt;&#xA;&lt;/blockquote&gt;&#xA;&#xA;&lt;p&gt;. The setup.py installation program will print out a warning to that effect if the libraries can not be found.&lt;/p&gt;&#xA;&#xA;&lt;p&gt;locate &lt;/p&gt;&#xA;&#xA;&lt;blockquote&gt;&#xA;  &lt;p&gt;hdf5dll.dll&lt;/p&gt;&#xA;&lt;/blockquote&gt;&#xA;&#xA;&lt;p&gt;and make sure dir containig it is in the PATH var or you can try --hdf5=path/to/ command&lt;/p&gt;&#xA;</Body>
</answer>
