<question>
<Title>Boost library setup for Codeblocks</Title>
<Body>&lt;p&gt;How to use boost libraries with Codeblocks(Windows) ? What i need to do after downloading the library from boost site ? Any idea, suggestions, pointers ? &lt;/p&gt;&#xA;</Body>
<Tags>c++,ide,codeblocks</Tags>
</question>
<answer>
<Body>&lt;p&gt;For the header file only Boost classes (which is most of them), all you ned to do is to add the base of the Boost inclide directory to your project's include path. The directory will be called something like boost_1_37_0. You can then say things like:&lt;/p&gt;&#xA;&#xA;&lt;pre&gt;&lt;code&gt;#include &amp;lt;boost/shared_ptr.hpp&amp;gt;&#xA;&lt;/code&gt;&lt;/pre&gt;&#xA;&#xA;&lt;p&gt;For the Boost facilitioes that acually require compiled libraries, you might want to take a look at &lt;a href=&quot;http://nuwen.net/mingw.html&quot; rel=&quot;nofollow noreferrer&quot;&gt;http://nuwen.net/mingw.html&lt;/a&gt; which provides a complete MinGW environmemt including Boost and some other useful stuff. &lt;/p&gt;&#xA;</Body>
</answer>
<answer>
<Body>&lt;p&gt;Here are the &lt;a href=&quot;http://wiki.codeblocks.org/index.php?title=BoostWindowsQuickRef&quot; rel=&quot;noreferrer&quot;&gt;instructions&lt;/a&gt; for setting up Boost with Code::Blocks&lt;/p&gt;&#xA;</Body>
</answer>
