<question>
<Title>Eye-Tracking library in C#, C/C++ or Objective-C</Title>
<Body>&lt;p&gt;Anyone know of an eye-tracking library for C#, C/C++ or Objective-C? Open-source is preferable. Thanks.&lt;/p&gt;&#xA;</Body>
<Tags>c#,c++,c,open-source,eye-tracking</Tags>
</question>
<answer>
<Body>&lt;p&gt;&lt;a href=&quot;http://opencv.willowgarage.com/wiki/&quot; rel=&quot;noreferrer&quot;&gt;OpenCV&lt;/a&gt; could probably do it. It has the ability to perform face recognition, so eye tracking might be a subset of that.&lt;/p&gt;&#xA;</Body>
</answer>
<answer>
<Body>&lt;p&gt;&lt;a href=&quot;http://www.cogain.org/eyetrackers/low-cost-eye-trackers&quot; rel=&quot;nofollow noreferrer&quot;&gt;Here is a page full of eye-tracking resources&lt;/a&gt;, many of them open-source.&lt;/p&gt;&#xA;</Body>
</answer>
