<question>
<Title>Make changes persistent in Boto</Title>
<Body>&lt;p&gt;I have a SimpleDB instance that I update and read using boto for Python:&lt;/p&gt;&#xA;&#xA;&lt;pre&gt;&lt;code&gt;    sdb = boto.connect_sdb(access_key, secret_key)&#xA;    domain = sdb.get_domain('DomainName')&#xA;    itemName = 'UserID'&#xA;    itemAttr = {'key1': 'val1', 'key2': val2}&#xA;    userDom.put_attributes(itemName, itemAttr)&#xA;&lt;/code&gt;&lt;/pre&gt;&#xA;&#xA;&lt;p&gt;That works a expected. A new item with name 'UserID' and values val1 and val2 will be inserted in the domain. &lt;/p&gt;&#xA;&#xA;&lt;p&gt;Now, the problem that I am facing is that if I query that domain right after updating its attributes,&lt;/p&gt;&#xA;&#xA;&lt;pre&gt;&lt;code&gt;    query = 'select * from `DomainName` where key1=val1'&#xA;    check = domain.select(query)&#xA;    itemName = check.next()['key2']&#xA;&lt;/code&gt;&lt;/pre&gt;&#xA;&#xA;&lt;p&gt;I will get an error because the values in the row could not be found. However, if I add a time.sleep(1) between the write and the read everything works. &lt;/p&gt;&#xA;&#xA;&lt;p&gt;I suspect this problem is due to the fact that put_atributes signals the data base for writing, but does not wait until this change has been made persistent. I have also tried to write using creating an item and then saving that item (item.save()) without much success. Does anyone know how can I make sure that the values have been written in the SimpleDB instance before proceeding with the next operations?&lt;/p&gt;&#xA;&#xA;&lt;p&gt;Thanks.&lt;/p&gt;&#xA;</Body>
<Tags>python,amazon-simpledb,boto</Tags>
</question>
<answer>
<Body>&lt;p&gt;The issue here is that SimpleDB is, by default, eventually consistent.  So, when you write data and then immediately try to read it, you are not guaranteed to get the newest data although you are guaranteed that eventually the data will be consistent.  With SimpleDB, eventually usually means less than a second but there are no guarantees on how long that could take.&lt;/p&gt;&#xA;&#xA;&lt;p&gt;There is, however, a way to tell SimpleDB that you want a consistent view of the data and are willing to wait for it, if necessary.  You could do this by changing your query code slightly:&lt;/p&gt;&#xA;&#xA;&lt;pre&gt;&lt;code&gt;query = 'select * from `DomainName` where key1=val1'&#xA;check = domain.select(query, consistent_read=True)&#xA;itemName = check.next()['key2']&#xA;&lt;/code&gt;&lt;/pre&gt;&#xA;&#xA;&lt;p&gt;This should always return the latest values.&lt;/p&gt;&#xA;</Body>
</answer>
