<question>
<Title>C++ char array null terminator location</Title>
<Body>&lt;p&gt;I am a student learning C++, and I am trying to understand how null-terminated character arrays work. Suppose I define a char array like so:&lt;/p&gt;&#xA;&#xA;&lt;pre&gt;&lt;code&gt;char* str1 = &quot;hello world&quot;;&#xA;&lt;/code&gt;&lt;/pre&gt;&#xA;&#xA;&lt;p&gt;As expected, &lt;code&gt;strlen(str1)&lt;/code&gt; is equal to 11, and it is null-terminated.&lt;/p&gt;&#xA;&#xA;&lt;p&gt;Where does C++ put the null terminator, if all 11 elements of the above char array are filled with the characters &quot;hello world&quot;? Is it actually allocating an array of length 12 instead of 11, with the 12th character being &lt;code&gt;'\0'&lt;/code&gt;? &lt;a href=&quot;http://www.cplusplus.com/doc/tutorial/ntcs/&quot;&gt;CPlusPlus.com&lt;/a&gt; seems to suggest that one of the 11 would need to be &lt;code&gt;'\0'&lt;/code&gt;, unless it is indeed allocating 12.&lt;/p&gt;&#xA;&#xA;&lt;p&gt;Suppose I do the following:&lt;/p&gt;&#xA;&#xA;&lt;pre&gt;&lt;code&gt;// Create a new char array&#xA;char* str2 = (char*) malloc( strlen(str1) );&#xA;&#xA;// Copy the first one to the second one&#xA;strncpy( str2, str1, strlen(str1) );&#xA;&#xA;// Output the second one&#xA;cout &amp;lt;&amp;lt; &quot;Str2: &quot; &amp;lt;&amp;lt; str2 &amp;lt;&amp;lt; endl;&#xA;&lt;/code&gt;&lt;/pre&gt;&#xA;&#xA;&lt;p&gt;This outputs &lt;code&gt;Str2: hello worldatcomY╗°g♠↕&lt;/code&gt;, which I assume is C++ reading the memory at the location pointed to by the pointer &lt;code&gt;char* str2&lt;/code&gt; until it encounters what it interprets to be a null character.&lt;/p&gt;&#xA;&#xA;&lt;p&gt;However, if I then do this:&lt;/p&gt;&#xA;&#xA;&lt;pre&gt;&lt;code&gt;// Null-terminate the second one&#xA;str2[strlen(str1)] = '\0';&#xA;&#xA;// Output the second one again&#xA;cout &amp;lt;&amp;lt; &quot;Terminated Str2: &quot; &amp;lt;&amp;lt; str2 &amp;lt;&amp;lt; endl;&#xA;&lt;/code&gt;&lt;/pre&gt;&#xA;&#xA;&lt;p&gt;It outputs &lt;code&gt;Terminated Str2: hello world&lt;/code&gt; as expected.&lt;/p&gt;&#xA;&#xA;&lt;p&gt;But doesn't writing to &lt;code&gt;str2[11]&lt;/code&gt; imply that we are writing outside of the allocated memory space of &lt;code&gt;str2&lt;/code&gt;, since &lt;code&gt;str2[11]&lt;/code&gt; is the 12th byte, but we only allocated 11 bytes? &lt;/p&gt;&#xA;&#xA;&lt;p&gt;Running this code does not seem to cause any compiler warnings or run-time errors. Is this safe to do in practice? Would it be better to use &lt;code&gt;malloc( strlen(str1) + 1 )&lt;/code&gt; instead of &lt;code&gt;malloc( strlen(str1) )&lt;/code&gt;?&lt;/p&gt;&#xA;</Body>
<Tags>c++,arrays,char,null-terminated</Tags>
</question>
<answer>
<Body>&lt;blockquote&gt;&#xA;  &lt;p&gt;Is it actually allocating an array of length 12 instead of 11, with the 12th character being '\0'?&lt;/p&gt;&#xA;&lt;/blockquote&gt;&#xA;&#xA;&lt;p&gt;Yes.&lt;/p&gt;&#xA;&#xA;&lt;blockquote&gt;&#xA;  &lt;p&gt;But doesn't writing to &lt;code&gt;str2[11]&lt;/code&gt; imply that we are writing outside of the allocated memory space of &lt;code&gt;str2&lt;/code&gt;, since &lt;code&gt;str2[11]&lt;/code&gt; is the 12th byte, but we only allocated 11 bytes?&lt;/p&gt;&#xA;&lt;/blockquote&gt;&#xA;&#xA;&lt;p&gt;Yes.&lt;/p&gt;&#xA;&#xA;&lt;blockquote&gt;&#xA;  &lt;p&gt;Would it be better to use &lt;code&gt;malloc( strlen(str1) + 1 )&lt;/code&gt; instead of &lt;code&gt;malloc( strlen(str1) )&lt;/code&gt;?&lt;/p&gt;&#xA;&lt;/blockquote&gt;&#xA;&#xA;&lt;p&gt;Yes, because the second form is not long enough to copy the string into.&lt;/p&gt;&#xA;&#xA;&lt;blockquote&gt;&#xA;  &lt;p&gt;Running this code does not seem to cause any compiler warnings or run-time errors.&lt;/p&gt;&#xA;&lt;/blockquote&gt;&#xA;&#xA;&lt;p&gt;Detecting this in all but the simplest cases is a very difficult problem.  So the compiler authors simply don't bother.&lt;/p&gt;&#xA;&#xA;&lt;hr&gt;&#xA;&#xA;&lt;p&gt;This sort of complexity is exactly why you should be using &lt;code&gt;std::string&lt;/code&gt; rather than raw C-style strings if you are writing C++.  It's as simple as this:&lt;/p&gt;&#xA;&#xA;&lt;pre&gt;&lt;code&gt;std::string str1 = &quot;hello world&quot;;&#xA;std::string str2 = str1;&#xA;&lt;/code&gt;&lt;/pre&gt;&#xA;</Body>
</answer>
<answer>
<Body>&lt;p&gt;The literal &lt;code&gt;&quot;hello world&quot;&lt;/code&gt; is a &lt;code&gt;char&lt;/code&gt; array that looks like:&lt;/p&gt;&#xA;&#xA;&lt;pre&gt;&lt;code&gt;{ 'h', 'e', 'l', 'l', 'o', ' ', 'w', 'o', 'r', 'l', 'd', '\0' }&#xA;&lt;/code&gt;&lt;/pre&gt;&#xA;&#xA;&lt;p&gt;So, yes, the literal is 12 &lt;code&gt;char&lt;/code&gt;s in size.&lt;/p&gt;&#xA;&#xA;&lt;p&gt;Also, &lt;code&gt;malloc( strlen(str1) )&lt;/code&gt; is allocating memory for 1 less byte than is needed, since &lt;code&gt;strlen&lt;/code&gt; returns the length of the string, not including the NUL terminator. Writing to &lt;code&gt;str[strlen(str1)]&lt;/code&gt; is writing 1 byte past the amount of memory that you've allocated.&lt;/p&gt;&#xA;&#xA;&lt;p&gt;Your compiler won't tell you that, but if you run your program through &lt;em&gt;valgrind&lt;/em&gt; or a similar program available on your system it'll tell you if you're accessing memory you shouldn't be.&lt;/p&gt;&#xA;</Body>
</answer>
<answer>
<Body>&lt;p&gt;In the case of a string literal the compiler is actually reserving an extra &lt;code&gt;char&lt;/code&gt; element for the &lt;code&gt;\0&lt;/code&gt; element.  &lt;/p&gt;&#xA;&#xA;&lt;pre&gt;&lt;code&gt;// Create a new char array&#xA;char* str2 = (char*) malloc( strlen(str1) );&#xA;&lt;/code&gt;&lt;/pre&gt;&#xA;&#xA;&lt;p&gt;This is a common mistake new C programmers make.  When allocating the storage for a &lt;code&gt;char*&lt;/code&gt; you need to allocate the number of characters + 1 more to store the &lt;code&gt;\0&lt;/code&gt;.  Not allocating the extra storage here means this line is also illegal&lt;/p&gt;&#xA;&#xA;&lt;pre&gt;&lt;code&gt;// Null-terminate the second one&#xA;str2[strlen(str1)] = '\0';&#xA;&lt;/code&gt;&lt;/pre&gt;&#xA;&#xA;&lt;p&gt;Here you're actually writing past the end of the memory you allocated.  When allocating X elements the last legal byte you can access is the memory address offset by &lt;code&gt;X - 1&lt;/code&gt;.  Writing to the &lt;code&gt;X&lt;/code&gt; element causes undefined behavior.  It will often work but is a ticking time bomb.  &lt;/p&gt;&#xA;&#xA;&lt;p&gt;The proper way to write this is as follows&lt;/p&gt;&#xA;&#xA;&lt;pre&gt;&lt;code&gt;size_t size = strlen(str1) + sizeof(char);&#xA;char* str2 = (char*) malloc(size);&#xA;strncpy( str2, str1, size);&#xA;&#xA;// Output the second one&#xA;cout &amp;lt;&amp;lt; &quot;Str2: &quot; &amp;lt;&amp;lt; str2 &amp;lt;&amp;lt; endl;&#xA;&lt;/code&gt;&lt;/pre&gt;&#xA;&#xA;&lt;p&gt;In this example the &lt;code&gt;str2[size - 1] = '\0'&lt;/code&gt; isn't actually needed.  The &lt;code&gt;strncpy&lt;/code&gt; function will fill all extra spaces with the null terminator.  Here there are only &lt;code&gt;size - 1&lt;/code&gt; elements in &lt;code&gt;str1&lt;/code&gt; so the final element in the array is unneeded and will be filled with &lt;code&gt;\0&lt;/code&gt;&lt;/p&gt;&#xA;</Body>
</answer>
<answer>
<Body>&lt;p&gt;For a standard C string the length of the array that is storing the string is always one character longer then the length of the string in characters. So your &lt;code&gt;&quot;hello world&quot;&lt;/code&gt; string has a string length of 11 but requires a backing array with 12 entries.&lt;/p&gt;&#xA;&#xA;&lt;p&gt;The reason for this is simply the way those string are read. The functions handling those strings basically read the characters of the string one by one until they find the termination character &lt;code&gt;'\0'&lt;/code&gt; and stop at this point. If this character is missing those functions just keep reading the memory until they either hit a protected memory area that causes the host operating system to kill your application or until they find the termination character.&lt;/p&gt;&#xA;&#xA;&lt;p&gt;Also if you initialize a character array with the length 11 and write the string &lt;code&gt;&quot;hello world&quot;&lt;/code&gt; into it will yield massive problems. Because the array is expected to hold at least 12 characters. That means the byte that follows the array in the memory is overwritten. Resulting in unpredictable side effects.&lt;/p&gt;&#xA;&#xA;&lt;p&gt;Also while you are working with C++, you might want to look into &lt;code&gt;std:string&lt;/code&gt;. This class is accessible if you are using C++ and provides better handling of strings. It might be worth looking into that.&lt;/p&gt;&#xA;</Body>
</answer>
<answer>
<Body>&lt;p&gt;I think you are confused by the return value of &lt;code&gt;strlen&lt;/code&gt;. It returns the length of the string, and it should not be confused with the size of the array that holds the string. Consider this example :&lt;/p&gt;&#xA;&#xA;&lt;pre&gt;&lt;code&gt;char* str = &quot;Hello\0 world&quot;;&#xA;&lt;/code&gt;&lt;/pre&gt;&#xA;&#xA;&lt;p&gt;I added a null character in the middle of the string, which is perfectly valid. Here the array will have a length of 13 (12 characters + the final null character), but &lt;code&gt;strlen(str)&lt;/code&gt; will return 5, because there are 5 characters before the first null character. &lt;code&gt;strlen&lt;/code&gt; just counts the characters until a null character is found.&lt;/p&gt;&#xA;&#xA;&lt;p&gt;So if I use your code :&lt;/p&gt;&#xA;&#xA;&lt;pre&gt;&lt;code&gt;char* str1 = &quot;Hello\0 world&quot;;&#xA;char* str2 = (char*) malloc(strlen(str1)); // strlen(str1) will return 5&#xA;strncpy(str2, str1, strlen(str1));&#xA;cout &amp;lt;&amp;lt; &quot;Str2: &quot; &amp;lt;&amp;lt; str2 &amp;lt;&amp;lt; endl;&#xA;&lt;/code&gt;&lt;/pre&gt;&#xA;&#xA;&lt;p&gt;The str2 array will have a length of 5, and won't be terminated by a null character (because &lt;code&gt;strlen&lt;/code&gt; doesn't count it). Is this what you expected?&lt;/p&gt;&#xA;</Body>
</answer>
<answer>
<Body>&lt;p&gt;I think what you need to know is that char arrays starts from 0 and goes until array length-1 and on position array length has the terminator('\0').&lt;br&gt;&#xA;In your case:  &lt;/p&gt;&#xA;&#xA;&lt;pre&gt;&lt;code&gt;str1[0] == 'h';  &#xA;str1[10] == 'd';  &#xA;str1[11] == '\0';  &#xA;&lt;/code&gt;&lt;/pre&gt;&#xA;&#xA;&lt;p&gt;This is why is correct str2[strlen(str1)] = '\0';&lt;br&gt;&#xA;The problem with the output after the strncpy is because it copys 11 elements(0..10) so you need to put manually the terminator(str2[11] = '\0').&lt;/p&gt;&#xA;</Body>
</answer>
