<question>
<Title>Python: IMAP connect to gmail returns errors</Title>
<Body>&lt;p&gt;Suddenly, my code that connects to gmail and checks for unread e-mails stopped working:&lt;/p&gt;&#xA;&#xA;&lt;pre&gt;&lt;code&gt;Connecting to Inbox..&#xA;Error&#xA;Traceback (most recent call last):&#xA;  File &quot;./run&quot;, line 27, in &amp;lt;module&amp;gt;&#xA;    mail.login(&quot;xxx@dddd.com&quot;, &quot;xxxxx123&quot;)&#xA;  File &quot;/usr/lib/python2.6/imaplib.py&quot;, line 498, in login&#xA;    typ, dat = self._simple_command('LOGIN', user, self._quote(password))&#xA;  File &quot;/usr/lib/python2.6/imaplib.py&quot;, line 1060, in _simple_command&#xA;    return self._command_complete(name, self._command(name, *args))&#xA;  File &quot;/usr/lib/python2.6/imaplib.py&quot;, line 890, in _command_complete&#xA;    raise self.abort('command: %s =&amp;gt; %s' % (name, val))&#xA;imaplib.abort: command: LOGIN =&amp;gt; socket error: EOF&#xA;&lt;/code&gt;&lt;/pre&gt;&#xA;&#xA;&lt;p&gt;Here's the code:&lt;/p&gt;&#xA;&#xA;&lt;pre&gt;&lt;code&gt;#!/usr/bin/env python&#xA;&#xA;import imaplib, re&#xA;import os&#xA;import time&#xA;import socket&#xA;&#xA;imap_host = 'imap.gmail.com'&#xA;mail = imaplib.IMAP4_SSL(imap_host, 993)&#xA;mail.login(&quot;xxxx@xxxx.com&quot;, &quot;xxxx&quot;)&#xA;&#xA;while True:&#xA;    try:&#xA;        print 'Connecting to Inbox..'&#xA;        mail.select(&quot;inbox&quot;) # connect to inbox.&#xA;        result, data = mail.uid('search', None, 'UNSEEN')&#xA;        uid_list = data[0].split()&#xA;        print len(uid_list), 'Unseen emails.'&#xA;        if len(uid_list) &amp;gt; 20:&#xA;         os.system('heroku restart --app xxx-xx-203')&#xA;        time.sleep(30)&#xA;    except:&#xA;        print 'Error'&#xA;        time.sleep(120)&#xA;        imap_host = 'imap.gmail.com'&#xA;        mail = imaplib.IMAP4_SSL(imap_host, 993)&#xA;        mail.login(&quot;xxx@xxx.com&quot;, &quot;xxxx&quot;)&#xA;        pass&#xA;&lt;/code&gt;&lt;/pre&gt;&#xA;&#xA;&lt;p&gt;And I also get this error a lot:&lt;/p&gt;&#xA;&#xA;&lt;pre&gt;&lt;code&gt;Traceback (most recent call last):&#xA;  File &quot;./run&quot;, line 10, in &amp;lt;module&amp;gt;&#xA;    mail.login(&quot;xxx@xxx.com&quot;, &quot;xxx&quot;)&#xA;  File &quot;/usr/lib/python2.6/imaplib.py&quot;, line 498, in login&#xA;    typ, dat = self._simple_command('LOGIN', user, self._quote(password))&#xA;  File &quot;/usr/lib/python2.6/imaplib.py&quot;, line 1060, in _simple_command&#xA;    return self._command_complete(name, self._command(name, *args))&#xA;  File &quot;/usr/lib/python2.6/imaplib.py&quot;, line 893, in _command_complete&#xA;    self._check_bye()&#xA;  File &quot;/usr/lib/python2.6/imaplib.py&quot;, line 808, in _check_bye&#xA;    raise self.abort(bye[-1])&#xA;imaplib.abort: [UNAVAILABLE] Temporary System Error&#xA;&lt;/code&gt;&lt;/pre&gt;&#xA;</Body>
<Tags>python,gmail,imap</Tags>
</question>
<answer>
<Body>&lt;p&gt;Weird. I ran you exact code and connected to gmail just fine.  I'd suggest trying to connect from another system.&lt;/p&gt;&#xA;&#xA;&lt;p&gt;If you don't have access to any other systems I could give you an account for you try on mine if you'd like.&lt;/p&gt;&#xA;</Body>
</answer>
<answer>
<Body>&lt;p&gt;This is bound to happen eventually. The solution is to catch the abort exception and to re-initialize your imap connection.&lt;/p&gt;&#xA;</Body>
</answer>
