<question>
<Title>OpenMP to Distributed Memory Code</Title>
<Body>&lt;p&gt;I have a question related to parallel computing. I have a pretty big code written in C++ and which is parallelized using OpenMP on a shared memory basis. I wanted to ask is it possible to convert this shared memory code into a distributed memory code?&lt;/p&gt;&#xA;&#xA;&lt;p&gt;If possible what are the steps need to be performed?&#xA;  Thank you for your cooperation.&lt;/p&gt;&#xA;&#xA;&lt;p&gt;Thanks,&#xA;Rahul Singh  &lt;/p&gt;&#xA;</Body>
<Tags>c++,openmp,parallel-processing</Tags>
</question>
<answer>
<Body>&lt;p&gt;Most programs which can be parallelised to run on shared memory computers can also be parallelised to run on distributed memory computers.  So yes, the problem that your OpenMP program solves can probably be solved on a distributed memory computer.  However, converting your OpenMP program to a distributed memory program is a different matter.  You might be better advised to start with a serial implementation and to parallelise that than to try to adapt one mode of parallel thinking for another mode of parallel execution.&lt;/p&gt;&#xA;&#xA;&lt;p&gt;So, the first step you seek might be to unparallelise your program.  But, as the commentators have already indicated, it's very difficult to provide more useful advice than I already have (and I haven't provided any very useful advice at all) without knowing a lot more about your application.&lt;/p&gt;&#xA;</Body>
</answer>
<answer>
<Body>&lt;p&gt;Shared Memory and Distributed Memory are two distinct paradigms in parallel computing which often means different thinking strategies. Some parallel programming frameworks, like UPC or MPI, can be emulated to run on either shared or distributed machines although its better not to do so since , e.g. here, UPC is meant to be used on shared memory and MPI is meant to be used distributed memory machines. I'm not sure about OpenMP.&lt;/p&gt;&#xA;&#xA;&lt;p&gt;In either case, my advice is to fist think about how you could get parallelism in your code on a distributed architecture and then go with MPI. If you happen to be in the computational science business, there are already very well written packages, such as &lt;code&gt;PETSc&lt;/code&gt;, from Argonne National Lab, and &lt;code&gt;Trilinos&lt;/code&gt;, from Sandia National Lab, that may help you develop much faster.&lt;/p&gt;&#xA;</Body>
</answer>
