<question>
<Title>Reading this C++ Marshalled Data in C# over UDP connection</Title>
<Body>&lt;p&gt;This structured data is being sent over a UDP connection. I can can read the UDP packets but I am having trouble with parcing the data that comes from this C++ Struct.&lt;/p&gt;&#xA;&#xA;&lt;p&gt;here is the Struct:&lt;/p&gt;&#xA;&#xA;&lt;pre&gt;&lt;code&gt;struct scanner_status{&#xA;    // ---&#xA;    u_short UDP_STATUS;&#xA;    u_short TCP_COMMAND;&#xA;    u_short TCP_LOGGING;&#xA;    // scanner attributes&#xA;    EPlatformModelNumber ModelNo;&#xA;    string SerialNo;&#xA;    bool bHasCT;&#xA;    bool bHasPET;&#xA;    bool bHasSPECT;&#xA;    // physical&#xA;    EBedType_mMM _eCurrBedType;&#xA;    int_16 _CurrPallet;&#xA;    bool _bTunnelPresent;&#xA;    //&#xA;    scanner_status()&#xA;      : UDP_STATUS(u_short(~0))&#xA;      , TCP_COMMAND(u_short(~0))&#xA;      , TCP_LOGGING(u_short(~0))&#xA;      , ModelNo(eUnknownPlatformModelNumber)&#xA;      , bHasCT(false)&#xA;      , bHasPET(false)&#xA;      , bHasSPECT(false)&#xA;      , _eCurrBedType(emMM_BedType_Unknown)&#xA;      , _CurrPallet(-1)&#xA;      , _bTunnelPresent(false)&#xA;    { }&#xA;};&#xA;decl_marshalling(scanner_status);&#xA;&lt;/code&gt;&lt;/pre&gt;&#xA;&#xA;&lt;p&gt;i would like to get help in reading this in C# and I am not really familiar with C++ and with marshalling, ao any assistance is greatly appreciated.&lt;/p&gt;&#xA;</Body>
<Tags>c#,c++,marshalling</Tags>
</question>
<answer>
<Body>&lt;p&gt;You need to create a similar structure in c# with equivalent .net types. You also need to decorate your c# structure as follows. Makes sure that the order is the same as in the c++ structure as you need to make sure that the memory layout is the same.&lt;/p&gt;&#xA;&#xA;&lt;pre&gt;&lt;code&gt;[StructLayout(LayoutKind.Sequential)]&#xA;struct scanner_status{&#xA;// ---&#xA;[MarshalAs(UnmanagedType.U1)]&#xA;u_short UDP_STATUS;&#xA;[MarshalAs(UnmanagedType.U1)]&#xA;u_short TCP_COMMAND;&#xA;[MarshalAs(UnmanagedType.U1)]&#xA;u_short TCP_LOGGING;&#xA;&lt;/code&gt;&lt;/pre&gt;&#xA;&#xA;&lt;p&gt;Here is some help from Microsoft. &lt;a href=&quot;http://msdn.microsoft.com/en-us/library/aa446538.aspx&quot; rel=&quot;nofollow&quot;&gt;Link&lt;/a&gt;&lt;/p&gt;&#xA;&#xA;&lt;p&gt;Let me know if you have still trouble.&lt;/p&gt;&#xA;</Body>
</answer>
