<question>
<Title>Windows Service issue</Title>
<Body>&lt;p&gt;I am trying to get windows service working using c++. The service doesnt do anything special @ the moment. The code that the service runs is&lt;/p&gt;&#xA;&#xA;&lt;pre&gt;&lt;code&gt;int main(int argc, char** argv) {&#xA;&#xA;    if (argc != 1) return -1;&#xA;&#xA;    ofstream fTestFile;&#xA;    fTestFile.open(&quot;C:\\ABC\\ServiceTest.txt&quot;, ios::app);&#xA;&#xA;    fTestFile &amp;lt;&amp;lt; &quot;argc=&quot; &amp;lt;&amp;lt; argc &amp;lt;&amp;lt; endl;&#xA;    for (int i=0;i &amp;lt;argc;i++)&#xA;        fTestFile &amp;lt;&amp;lt; &quot;argv &quot; &amp;lt;&amp;lt; i &amp;lt;&amp;lt; &quot;=: &quot; &amp;lt;&amp;lt;argv[i] &amp;lt;&amp;lt; endl;&#xA;&#xA;    for (int i=0; i&amp;lt;100000; i++) {&#xA;        fTestFile &amp;lt;&amp;lt; i &amp;lt;&amp;lt; &quot;,&quot;;&#xA;        if (i % 50 == 0) fTestFile &amp;lt;&amp;lt; &quot;\n&quot;;&#xA;        Sleep(10);&#xA;    }&#xA;    fTestFile &amp;lt;&amp;lt; &quot;\n&quot;;&#xA;    return 0;&#xA;}&#xA;&lt;/code&gt;&lt;/pre&gt;&#xA;&#xA;&lt;p&gt;When I click &quot;Start&quot; via services.msc on this service, the service tries to start but fails with (1053 error Taking too long to respond). In the servicetest.txt file I see some data, like I see the debug statements and I see the numbers till 2663 or something.&lt;/p&gt;&#xA;&#xA;&lt;p&gt;Is there a step that I am missing, any help greatly appreciated.&lt;/p&gt;&#xA;&#xA;&lt;p&gt;Thank You&lt;/p&gt;&#xA;</Body>
<Tags>c++,windows,service</Tags>
</question>
<answer>
<Body>&lt;p&gt;Your service needs to communicate with the service manager (services.exe) to report and update it's current status.&lt;/p&gt;&#xA;&#xA;&lt;p&gt;Read here &lt;a href=&quot;http://msdn.microsoft.com/en-us/library/windows/desktop/ms687414%28v=vs.85%29.aspx&quot; rel=&quot;nofollow&quot;&gt;http://msdn.microsoft.com/en-us/library/windows/desktop/ms687414%28v=vs.85%29.aspx&lt;/a&gt;&lt;/p&gt;&#xA;</Body>
</answer>
