<question>
<Title>Does Python respect symlinks?</Title>
<Body>&lt;p&gt;I'm have difficulty finding any docs describing Python's expected symlink behavior.&lt;/p&gt;&#xA;&#xA;&lt;p&gt;I've tried testing it myself but I'm getting weird results - sometimes it appears to work for a while then stops working.&lt;/p&gt;&#xA;&#xA;&lt;p&gt;Anyway, I have a situation where MoinMoin keeps it's data files and plugin modules in the same directory but I need to keep the data files outside my git repository (I'm using Openshift PaaS) so it persists. So I want to create this symlink: &lt;/p&gt;&#xA;&#xA;&lt;p&gt;~/data/plugins/theme/ -&gt; ~/repo/plugins/theme/&lt;/p&gt;&#xA;&#xA;&lt;p&gt;Should I expect this to work?&lt;/p&gt;&#xA;</Body>
<Tags>python,symlink,moinmoin,openshift</Tags>
</question>
<answer>
<Body>&lt;p&gt;Should work just fine - symlinks are handled on the OS level, meaning as long as python isn't trying to determine if something is a symlink or not, calling an &lt;code&gt;open&lt;/code&gt; on it should just open the file it's pointing to.&lt;/p&gt;&#xA;&#xA;&lt;p&gt;Is there anything in particular that isn't working? What are you seeing when it stops working?&lt;/p&gt;&#xA;</Body>
</answer>
