<question>
<Title>Realtime options (Websockets, flash, polling) for Django?</Title>
<Body>&lt;p&gt;What are some realtime &quot;push&quot; options for django that can install as a python package? I want to avoid having to do things like installing independent web-servers for realtime.  &lt;/p&gt;&#xA;&#xA;&lt;p&gt;Essentially I am looking for something like pusher.com (cloud system) or &lt;a href=&quot;https://github.com/stephenmcd/django-socketio&quot; rel=&quot;nofollow noreferrer&quot;&gt;this socket.io build&lt;/a&gt; for django (which has a build status:failing) for chat and other various push operations.&lt;/p&gt;&#xA;&#xA;&lt;p&gt;Ape was suggested &lt;a href=&quot;https://stackoverflow.com/questions/7465110/realtime-solution-for-django&quot;&gt;here&lt;/a&gt;, but it seems it requires you to setup Ape as a server. If its not too much to ask for, are there any solutions that build right into django?&lt;/p&gt;&#xA;</Body>
<Tags>python,django,websocket,real-time</Tags>
</question>
<answer>
<Body>&lt;p&gt;Django is built to serve web pages and there is nothing out of the box to support websockets in django.  The quickest/easiest option is pusher.com (I use it an really like it).  You can start with something like pusher.com and if you write a quick wrapper around it, you can replace it with your own server using socket.io or any other web socket server by just changing the wrapper / interface to connect to the new server. Just make sure you write it with being able to switch out the backend at any time.&lt;/p&gt;&#xA;&#xA;&lt;p&gt;If you really want to start run your own socket server there are projects out there that will make it easy to use sockets in django: &lt;/p&gt;&#xA;&#xA;&lt;ul&gt;&#xA;&lt;li&gt;&lt;a href=&quot;http://pypi.python.org/pypi/django-websocket&quot; rel=&quot;nofollow&quot;&gt;django-websocket&lt;/a&gt;&lt;/li&gt;&#xA;&lt;li&gt;&lt;a href=&quot;https://github.com/stephenmcd/django-socketio&quot; rel=&quot;nofollow&quot;&gt;django-socketio&lt;/a&gt;&lt;/li&gt;&#xA;&lt;/ul&gt;&#xA;</Body>
</answer>
<answer>
<Body>&lt;p&gt;You can actually serve up Django from &lt;a href=&quot;https://github.com/mrjoes/tornadio2&quot; rel=&quot;nofollow&quot;&gt;Tornadio2&lt;/a&gt;, a working implementation of socketio in Tornado. If you want to build any degree of sophistication into your realtime app you will likely need a redis pubsub backend that maps sessions to channels and handles multicasting. For this you might like to take a look at &lt;a href=&quot;https://github.com/evilkost/brukva&quot; rel=&quot;nofollow&quot;&gt;Brukva&lt;/a&gt;. Also read up Yuval Adam's &lt;a href=&quot;http://blog.y3xz.com/post/24691592929/a-modern-python-stack-for-a-real-time-web-application&quot; rel=&quot;nofollow&quot;&gt;blog post&lt;/a&gt; on this subject. Finally, Tony Abou Assaleh's &lt;a href=&quot;https://github.com/tgcondor/django-tornadio2&quot; rel=&quot;nofollow&quot;&gt;sample package&lt;/a&gt; and &lt;a href=&quot;http://tony.abou-assaleh.net/web-development/html5-web-sockets-in-django&quot; rel=&quot;nofollow&quot;&gt;post&lt;/a&gt; will provide a useful base reference when setting up tornadio2 for django.&lt;/p&gt;&#xA;</Body>
</answer>
<answer>
<Body>&lt;p&gt;Since the time the answer was written (2012); a lot has changed.&lt;/p&gt;&#xA;&#xA;&lt;p&gt;The preferred method now to do realtime updates of the system is using websockets; which is being formalized and proposed as a standard &lt;a href=&quot;http://tools.ietf.org/html/rfc6455&quot; rel=&quot;nofollow&quot;&gt;RFC 6455&lt;/a&gt;. &lt;a href=&quot;https://developer.mozilla.org/en/docs/WebSockets&quot; rel=&quot;nofollow&quot;&gt;This page on MDN&lt;/a&gt; has a great overview of the technology.&lt;/p&gt;&#xA;&#xA;&lt;p&gt;The other emerging technology is &lt;a href=&quot;https://developer.mozilla.org/en-US/docs/Server-sent_events&quot; rel=&quot;nofollow&quot;&gt;Server Sent Events&lt;/a&gt; which is a &lt;a href=&quot;http://dev.w3.org/html5/eventsource/&quot; rel=&quot;nofollow&quot;&gt;W3C draft proposal&lt;/a&gt;.&lt;/p&gt;&#xA;&#xA;&lt;p&gt;Projects such as &lt;a href=&quot;http://swampdragon.net/&quot; rel=&quot;nofollow&quot;&gt;swampdragon&lt;/a&gt; and &lt;a href=&quot;http://django-socketio.readthedocs.org/en/latest/&quot; rel=&quot;nofollow&quot;&gt;django-socketio&lt;/a&gt; make integrating realtime functionality easier in your project.&lt;/p&gt;&#xA;&#xA;&lt;hr&gt;&#xA;&#xA;&lt;p&gt;There are two main components to any realtime system:&lt;/p&gt;&#xA;&#xA;&lt;ol&gt;&#xA;&lt;li&gt;A connection that remains open from the browser to a server.&lt;/li&gt;&#xA;&lt;li&gt;A server that listens on this connection and then responds.&lt;/li&gt;&#xA;&lt;li&gt;A system / standard to store and be notified of messages.&lt;/li&gt;&#xA;&lt;/ol&gt;&#xA;&#xA;&lt;p&gt;Okay so maybe three components.&lt;/p&gt;&#xA;&#xA;&lt;p&gt;Since django doesn't work in realtime any solution that offers realtime push/updates will require another server/service to accept messages and then notify listeners of pending messages.&lt;/p&gt;&#xA;&#xA;&lt;p&gt;Django would be the application that pushes messages (writes them) to this server on a channel (a queue/bucket). Listeners then subscribe to a channel to be notified of messages. Since the connection remains open; messages are retrieved in &quot;realtime&quot;.&lt;/p&gt;&#xA;&#xA;&lt;p&gt;Django really has a minimal role in all of this. There are various implementations that provide the three components necessary for realtime notifications to work.&lt;/p&gt;&#xA;&#xA;&lt;p&gt;I really like &lt;a href=&quot;https://github.com/maccman/juggernaut&quot; rel=&quot;nofollow&quot;&gt;juggernaut&lt;/a&gt; because it is super simple to set up, and uses node.js that doesn't require a lot in terms of server-side components. The other reason I prefer it is because it supports Adobe Flash Socket in addion to WebSocket (and others, see the link).&lt;/p&gt;&#xA;&#xA;&lt;p&gt;The api to access it also very simple - in fact, if you are already using redis (which you really should since its &lt;a href=&quot;http://unfoldthat.com/2011/09/14/try-redis-instead.html&quot; rel=&quot;nofollow&quot;&gt;so easy to use&lt;/a&gt;), you don't need another API as you can drop messages to redis and juggernaut will read them, or you can use its Python API. A simple example from this &lt;a href=&quot;http://flask.pocoo.org/snippets/80/&quot; rel=&quot;nofollow&quot;&gt;flask snippet&lt;/a&gt;:&lt;/p&gt;&#xA;&#xA;&lt;p&gt;Send (write) a message to a channel:&lt;/p&gt;&#xA;&#xA;&lt;pre&gt;&lt;code&gt;&amp;gt;&amp;gt;&amp;gt; from juggernaut import Juggernaut&#xA;&amp;gt;&amp;gt;&amp;gt; jug = Juggernaut()&#xA;&amp;gt;&amp;gt;&amp;gt; jug.publish('channel', 'The message')&#xA;&lt;/code&gt;&lt;/pre&gt;&#xA;&#xA;&lt;p&gt;Listen to it:&lt;/p&gt;&#xA;&#xA;&lt;pre&gt;&lt;code&gt;&amp;lt;script type=text/javascript&#xA;  src=http://localhost:8080/application.js&amp;gt;&amp;lt;/script&amp;gt;&#xA;&amp;lt;script type=text/javascript&amp;gt;&#xA;  var jug = new Juggernaut();&#xA;  jug.subscribe('channel', function(data) {&#xA;    alert('Got message: ' + data);&#xA;  });&#xA;&amp;lt;/script&amp;gt;&#xA;&lt;/code&gt;&lt;/pre&gt;&#xA;</Body>
</answer>
