<question>
<Title>Ambiguous Overloaded Functions - How and Why?</Title>
<Body>&lt;p&gt;I'm having serious trouble figuring out what is making certain function calls ambiguous and others are fine. I have the following overloaded function calls within my BitPacker object:&lt;/p&gt;&#xA;&#xA;&lt;pre&gt;&lt;code&gt;static __declspec(dllexport) void PackBits(void *dstBuffer, unsigned long long data, unsigned int &amp;amp;offsetBits, const unsigned int numBits);&#xA;static __declspec(dllexport) void PackBits(void *dstBuffer, bool data, unsigned int &amp;amp;offsetBits, const unsigned int numBits);&#xA;static __declspec(dllexport) void PackBits(void *dstBuffer, float data, unsigned int &amp;amp;offsetBits, const unsigned int numBits);&#xA;static __declspec(dllexport) void PackBits(void *dstBuffer, double data, unsigned int &amp;amp;offsetBits, const unsigned int numBits);&#xA;&lt;/code&gt;&lt;/pre&gt;&#xA;&#xA;&lt;p&gt;I am trying to make the following call from within another object that is including &quot;BitPacker.h&quot;:&lt;/p&gt;&#xA;&#xA;&lt;pre&gt;&lt;code&gt;void Date::ReflectToBitBuffer(void)&#xA;{&#xA;    unsigned int offsetBits = 0;&#xA;    BitPacker::PackBits(m_packedBuffer, m_year, offsetBits, YR_BITS);&#xA;    BitPacker::PackBits(m_packedBuffer, m_month, offsetBits, MO_BITS);&#xA;    BitPacker::PackBits(m_packedBuffer, m_day, offsetBits, DY_BITS);&#xA;}&#xA;&lt;/code&gt;&lt;/pre&gt;&#xA;&#xA;&lt;p&gt;&quot;m_year&quot;, m_month&quot;, and &quot;m_day&quot; are int member variables. However I am getting the following errors when attempting to compile:&lt;/p&gt;&#xA;&#xA;&lt;pre&gt;&lt;code&gt;error C2668: 'BitPacker::PackBits' : ambiguous call to overloaded function&#xA;could be 'void BitPacker::PackBits(void *,double,unsigned int &amp;amp;,const unsigned int)'&#xA;or 'void BitPacker::PackBits(void *,float,unsigned int &amp;amp;,const unsigned int)'&#xA;or 'void BitPacker::PackBits(void *,bool,unsigned int &amp;amp;,const unsigned int)'&#xA;or 'void BitPacker::PackBits(void *,unsigned __int64,unsigned int &amp;amp;,const unsigned int)'&#xA;while trying to match the argument list '(char *, int, unsigned int, )'&#xA;&lt;/code&gt;&lt;/pre&gt;&#xA;&#xA;&lt;p&gt;So I wrote a test solution with the following main.cpp to test out overloads and what I have below compiles fine:&lt;/p&gt;&#xA;&#xA;&lt;pre&gt;&lt;code&gt;void OverloadTest(float f);&#xA;void OverloadTest(int n, int &amp;amp;numbits);&#xA;void OverloadTest(double d);&#xA;void OverloadTest(char c, int &amp;amp;numbits);&#xA;void OverloadTest(long long l, int &amp;amp;numbits);&#xA;void OverloadTest(long long *l);&#xA;void OverloadTest(bool b);&#xA;&#xA;int main(int argc, int *argv)&#xA;{&#xA;    int myInt = 77;&#xA;    bool myBool = true;&#xA;    float myFloat = 3.14159f;&#xA;    double myDouble = 1.57;&#xA;    long long myLongLong = 12345;&#xA;    long long *ptrLongLong = NULL;&#xA;    char myChar = 'q';&#xA;    int myNumBits = 10;&#xA;&#xA;    OverloadTest(myInt, myNumBits);&#xA;    OverloadTest(myFloat);&#xA;    OverloadTest(myDouble);&#xA;    OverloadTest(myLongLong, myNumBits);&#xA;    OverloadTest(ptrLongLong);&#xA;    OverloadTest(myChar, myNumBits);&#xA;    OverloadTest(myBool);&#xA;&#xA;    return 0;&#xA;}&#xA;&#xA;void OverloadTest(float _f) { int x = 0; }&#xA;void OverloadTest(int _n, int &amp;amp;_numbits) { int x = 0; }&#xA;void OverloadTest(double _d) { int x = 0; }&#xA;void OverloadTest(char _c, int &amp;amp;_numbits) { int x = 0; }&#xA;void OverloadTest(long long _l, int &amp;amp;_numbits) { int x = 0; }&#xA;void OverloadTest(long long *_l) { int x = 0; }&#xA;void OverloadTest(bool b) { int x = 0; }&#xA;&lt;/code&gt;&lt;/pre&gt;&#xA;&#xA;&lt;p&gt;I even tried to simplify:&lt;/p&gt;&#xA;&#xA;&lt;pre&gt;&lt;code&gt;void Date::ReflectToBitBuffer(void)&#xA;{&#xA;    unsigned int offsetBits = 0;&#xA;    unsigned int testVar2 = 12;&#xA;    unsigned int testVar1 = 1977;&#xA;&#xA;    BitPacker::PackBits(m_packedBuffer, testVar1, offsetBits, testVar2);&#xA;}&#xA;&lt;/code&gt;&lt;/pre&gt;&#xA;&#xA;&lt;p&gt;And I still get the ambiguity. If I use a float however I don't. At the moment I am utterly confused why my test scenario does not produce this error. Would anyone be able to shed some light on what the problem is because the function prototype signatures in the first code example look to me to be different enough to allow it to compile.&lt;/p&gt;&#xA;</Body>
<Tags>c++,overloading,ambiguity</Tags>
</question>
<answer>
<Body>&lt;p&gt;It looks like that &quot;int&quot; can be casted into all 4 types of your overloaded function and none of them exactly matches your call. Maybe that's the problem.&#xA;Try making your call exactly match the function definiton or making an int version for your call?&lt;/p&gt;&#xA;</Body>
</answer>
