<question>
<Title>Python -subtraction of value within a list</Title>
<Body>&lt;p&gt;I'm new to Python and I'm having difficulties with lists. I wish to subtract 1 from all the values within the list except for values 10.5. The code below gives an error that the x3 list assignment index is out of range. The code so far:&lt;/p&gt;&#xA;&#xA;&lt;pre&gt;&lt;code&gt;x2=[10.5, -6.36, 11.56, 19.06, -4.37, 26.56, 9.38, -33.12, -8.44, 0.31, -13.44, - 6.25, -13.44, -0.94, -0.94, 19.06, 0.31, -5.94, -13.75, -23.44, -51.68, 10.5]&#xA;x3=[]&#xA;i=0&#xA;while (i&amp;lt;22):&#xA; if x2[i]==10.5:&#xA;    x3[i]=x2[i]&#xA;else:&#xA;    x3[i]=x2[i]-1&#xA;break&#xA;#The result I want to achieve is:&#xA;#x3=[10.5, -7.36, 10.56, 18.06, -5.37, 25.56, 8.38, -34.12, -9.44, -1.31, -14.44, -7.25, -14.44, -1.94, -1.94, 18.06, -1.31, -6.94, -14.75, -24.44, -52.68, 10.5]&#xA;&lt;/code&gt;&lt;/pre&gt;&#xA;</Body>
<Tags>python,list,nested-lists</Tags>
</question>
<answer>
<Body>&lt;pre&gt;&lt;code&gt;x2=[10.5, -6.36, 11.56, 19.06, -4.37, 26.56, 9.38, -33.12, -8.44, 0.31, -13.44, - 6.25, -13.44, -0.94, -0.94, 19.06, 0.31, -5.94, -13.75, -23.44, -51.68, 10.5]&#xA;x3=[]&#xA;for value in x2:&#xA;    if value != 10.5:&#xA;        value -= 1&#xA;    x3.append(value)&#xA;&lt;/code&gt;&lt;/pre&gt;&#xA;</Body>
</answer>
<answer>
<Body>&lt;p&gt;Try the following:&lt;/p&gt;&#xA;&#xA;&lt;pre&gt;&lt;code&gt;x3 = [((x - 1) if x != 10.5 else x) for x in x2]&#xA;&lt;/code&gt;&lt;/pre&gt;&#xA;</Body>
</answer>
<answer>
<Body>&lt;p&gt;Python's built-in function map is pretty much exactly for the situation you have in hand, using that and an anonymous function solving the problem becomes a one-liner:&lt;/p&gt;&#xA;&#xA;&lt;pre&gt;&lt;code&gt;map(lambda x: x if x == 10.5 else x - 1, x2)&#xA;&lt;/code&gt;&lt;/pre&gt;&#xA;&#xA;&lt;p&gt;Or if you are not comfortable in using lambda functions, you can define the function separately:&lt;/p&gt;&#xA;&#xA;&lt;pre&gt;&lt;code&gt;def func(x):&#xA;    if x == 10.5:&#xA;        return x&#xA;    else:&#xA;        return x - 1&#xA;&#xA;map (func, x2)&#xA;&lt;/code&gt;&lt;/pre&gt;&#xA;</Body>
</answer>
<answer>
<Body>&lt;pre&gt;&lt;code&gt;x2 = [10.5, -6.36, 11.56, 19.06, -4.37, 26.56, 9.38, -33.12, -8.44, 0.31, -13.44, - 6.25, -13.44, -0.94, -0.94, 19.06, 0.31, -5.94, -13.75, -23.44, -51.68, 10.5]&#xA;x3 = map(lambda x: x if x == 10.5 else x - 1, x2)&#xA;&lt;/code&gt;&lt;/pre&gt;&#xA;&#xA;&lt;p&gt;Python being elegant.&lt;/p&gt;&#xA;</Body>
</answer>
<answer>
<Body>&lt;p&gt;Map is the best option, but if you want to be different use reduce :D&lt;/p&gt;&#xA;&#xA;&lt;pre&gt;&lt;code&gt;&amp;gt;&amp;gt;&amp;gt; x2 = [10.5, -6.36, 11.56, 19.06, -4.37, 26.56, 9.38, -33.12, -8.44, 0.31, -13.44, - 6.25, -13.44, -0.94, -0.94, 19.06, 0.31, -5.94, -13.75, -23.44, -51.68, 10.5]&#xA;&amp;gt;&amp;gt;&amp;gt; reduce(lambda x,y: x+[y if y==10.5 else y-1], x2, [])  &#xA;[10.5, -7.36, 10.56, 18.06, -5.37, 25.56, 8.38, -34.12, -9.44, -0.69, -14.44, -7.25, -14.44, -1.94, -1.94, 18.06, -0.69, -6.94, -14.75, -24.44, -52.68, 10.5]&#xA;&lt;/code&gt;&lt;/pre&gt;&#xA;</Body>
</answer>
