<question>
<Title>Sort a gtk.TreeColumn by date value</Title>
<Body>&lt;p&gt;I have a &lt;code&gt;gtk.ListStore&lt;/code&gt; attached to a &lt;code&gt;gtk.Treeview&lt;/code&gt;&lt;/p&gt;&#xA;&#xA;&lt;p&gt;The first column of this &lt;code&gt;gtk.ListStore&lt;/code&gt; is of &lt;code&gt;str&lt;/code&gt; type and contains a date value (dd/mm HH:MM:SS)&lt;/p&gt;&#xA;&#xA;&lt;p&gt;I want to sort the first &lt;code&gt;gtk.TreeviewColumn&lt;/code&gt; by date so, I have wrote :&lt;/p&gt;&#xA;&#xA;&lt;pre&gt;&lt;code&gt;listStore = gtk.ListStore(str, str, str, str, str, str, str, str)&#xA;treeview = gtk.TreeView()&#xA;treeview.set_model(listStore)&#xA;&#xA;cell = gtk.CellRendererText()&#xA;column = gtk.TreeViewColumn('Date', cell, text=0)&#xA;column.set_sort_column_id(0)&#xA;treeview.append_column(column)&#xA;&lt;/code&gt;&lt;/pre&gt;&#xA;&#xA;&lt;p&gt;But the sorting doesn't works fine : It sort by day, not by date.&lt;/p&gt;&#xA;&#xA;&lt;p&gt;How can I do to make the sorting by date ?&lt;/p&gt;&#xA;&#xA;&lt;p&gt;Thanks&lt;/p&gt;&#xA;&#xA;&lt;p&gt;EDIT :&lt;/p&gt;&#xA;&#xA;&lt;p&gt;To make the sorting easier, the month value is stored as number (From 01 to 12).&lt;/p&gt;&#xA;</Body>
<Tags>python,sorting,gtk,pygtk,gtktreeview</Tags>
</question>
<answer>
<Body>&lt;p&gt;I have found a solution by using the &lt;code&gt;Gtk.TreeSortable.set_sort_func()&lt;/code&gt; :&lt;/p&gt;&#xA;&#xA;&lt;pre&gt;&lt;code&gt;listStore = gtk.ListStore(str, str, str, str, str, str, str, str)&#xA;listStore.set_sort_func(0, date_compare, None)&#xA;treeview = gtk.TreeView()&#xA;treeview.set_model(listStore)&#xA;&#xA;cell = gtk.CellRendererText()&#xA;column = gtk.TreeViewColumn('Date', cell, text=0)&#xA;column.set_sort_column_id(0)&#xA;treeview.append_column(column)&#xA;...&#xA;&lt;/code&gt;&lt;/pre&gt;&#xA;&#xA;&lt;p&gt;And I have wrote my &lt;code&gt;date_compare&lt;/code&gt; function :&lt;/p&gt;&#xA;&#xA;&lt;p&gt;(Maybe it have a most elegant manner to wrote this &lt;code&gt;date_compare&lt;/code&gt; function : I would be happy to hear yours :-))&lt;/p&gt;&#xA;&#xA;&lt;pre&gt;&lt;code&gt;def date_compare(model, row1, row2, user_data):&#xA;    # Returns : &#xA;    # - a negative integer if iter1 sorts before iter2,&#xA;    # - zero if they are equal,&#xA;    # - a positive integer if iter2 sorts before iter1.&#xA;&#xA;    sort_column, _ = model.get_sort_column_id()&#xA;    date1 = model.get_value(row1, sort_column)&#xA;    date2 = model.get_value(row2, sort_column)&#xA;&#xA;    # We split the date string to an array : &#xA;    #  0  |   1   |   2  |    3    |    4&#xA;    # day | month | hour | minutes | seconds&#xA;    values1 = re.split(&quot;[ /:]&quot;, date1)&#xA;    values2 = re.split(&quot;[ /:]&quot;, date2)&#xA;&#xA;    if values1[1] &amp;lt; values2[1] :&#xA;        return -1&#xA;    elif values1[1] == values2[1] : # same month =&amp;gt; we compare by day&#xA;        if values1[0] &amp;lt; values2[0] :&#xA;            return -1&#xA;        elif values1[0] == values2[0] : # same month and day =&amp;gt; we compare by hour&#xA;            if values1[2] &amp;lt; values2[2] :&#xA;                return -1&#xA;            elif values1[2] == values2[2] : # same month, day and hour =&amp;gt; we compare by minute&#xA;                if values1[3] &amp;lt; values2[3] :&#xA;                    return -1&#xA;                elif values1[3] == values2[3] : # same month, day, hour and minute =&amp;gt; we compare by second&#xA;                    if values1[4] &amp;lt; values2[4] :&#xA;                        return -1&#xA;                    elif values1[4] == values2[4] : # same month, day, hour, minute and second =&amp;gt; it's same date !&#xA;                        return 0&#xA;                    else :&#xA;                        return 1&#xA;                else :&#xA;                    return 1&#xA;            else :&#xA;                return 1&#xA;        else :&#xA;            return 1&#xA;    else :&#xA;        return 1&#xA;&lt;/code&gt;&lt;/pre&gt;&#xA;</Body>
</answer>
