<question>
<Title>List of verticies from OpenGL program to something importable</Title>
<Body>&lt;p&gt;I'm working on making a new visualization of the type of binary stars I study, and I'm starting from an existing code that renders a nice view of them given some sensible physical parameters.&lt;/p&gt;&#xA;&#xA;&lt;p&gt;I would like a bit more freedom on the animation side of things, however, and my first thought was to output the models made by the program in a format that could be read in by something else (Blender?)  I've read up on the (Wavefront?) .OBJ format, and while it seems straightforward, I can't seem to get it right; importing fails silently, and I suspect it's because I'm not understanding how the objects are actually stored.&lt;/p&gt;&#xA;&#xA;&lt;p&gt;The program I'm starting from is a C++ project called &lt;a href=&quot;http://www.phys.lsu.edu/~rih/binsim/&quot; rel=&quot;nofollow&quot;&gt;BinSim&lt;/a&gt;, and it already has a flag to output vertices to a log file for all the objects created.  It seems pretty simple, just a list of indices, x, y, z, and R, G, B (sometimes A) values.  An example output format I've been working with can be found &lt;a href=&quot;http://pastebin.com/RPhcxfEF&quot; rel=&quot;nofollow&quot;&gt;here&lt;/a&gt;; Each object is divided up into a latitude/longitude grid of points, and this is a small snippet (full file is upwards of 180 MB for all the objects created).  &lt;/p&gt;&#xA;&#xA;&lt;p&gt;I've been able to see that the objects are defined as triangle strips, but I'm confused enough by all of this that I can't see the clear path towards making this list of vertices into an .OBJ (or whatever) format.  Sorry if this really belongs in another area (GameDev?), and thanks!&lt;/p&gt;&#xA;</Body>
<Tags>c++,opengl,blender</Tags>
</question>
<answer>
<Body>&lt;p&gt;OpenGL is not a scene management system. It's a drawing API and starting off OpenGL data structures for model storage is tedious. As already said, OpenGL &lt;em&gt;draws&lt;/em&gt; things. There are several drawing primitives, the triangle strip being one of them. You start with two vertices (forming a line) and each next incoming vertex extends the line of the last two specified vertices to a triangle. The Wavefront OBJ format doesn't know triangle strips, you'd have to break them down into individual triangles, emulating the way OpenGL does it.&lt;/p&gt;&#xA;&#xA;&lt;p&gt;Also don't forget that Blender is easily extensible using Python scripting and you can just write a import script for whatever data you already have without going through the hassle of using some ill suited format.&lt;/p&gt;&#xA;</Body>
</answer>
