<question>
<Title>Good book on drawing algorithms, preferably in C or C++</Title>
<Body>&lt;p&gt;I need a recommendation for a good learning resource on drawing algorithms. I've found plenty of books on algorithms but it is mostly vector and matrix linear algebra, which does not cover the topics I am interest in:&lt;/p&gt;&#xA;&#xA;&lt;pre&gt;&lt;code&gt;efficient drawing of primitives and curves&#xA;efficient filling of primitives and paths&#xA;multi-sampling or similar techniques for smooth painting&#xA;sub-pixel painting&#xA;linear, radial, conical and other types of gradients&#xA;etc...&#xA;&lt;/code&gt;&lt;/pre&gt;&#xA;&#xA;&lt;p&gt;I am not interested in a book on some API that has those implemented like Cairo, GDI, Qt or similar, but the implementation details themselves. I am not particular interested in big and complex math formulas, I prefer a more visual, intuitive approach with example code, pseudo code also works fine.&lt;/p&gt;&#xA;&#xA;&lt;p&gt;Also, before anyone rushing to close the question - I did bother to search for something like that. Thanks in advance!&lt;/p&gt;&#xA;</Body>
<Tags>c++,c,algorithm,drawing,paint</Tags>
</question>
<answer>
<Body>&lt;p&gt;I can usually find what I need in this book&lt;/p&gt;&#xA;&#xA;&lt;p&gt;&quot;Computer Graphics: Principles and Practice in C&quot; by James D. Foley, Andries van Dam, Steven K. Feiner, John F. Hughes&lt;/p&gt;&#xA;</Body>
</answer>
<answer>
<Body>&lt;p&gt;I can recommend two books:&lt;/p&gt;&#xA;&#xA;&lt;ul&gt;&#xA;&lt;li&gt;Tricks of the Windows Game Programming Gurus - more on 2D graphics&lt;/li&gt;&#xA;&lt;li&gt;Tricks of the 3D Game Programming Gurus-Advanced 3D Graphics and Rasterization - more on 3D&lt;/li&gt;&#xA;&lt;/ul&gt;&#xA;&#xA;&lt;p&gt;and of course &quot;Computer Graphics: Principles and Practice in C&quot;... as mentioned in previous answers&lt;/p&gt;&#xA;</Body>
</answer>
