<question>
<Title>Crawling all wikipedia pages for phrases in python</Title>
<Body>&lt;p&gt;I need to design a program that finds certain four or five word phrases across the entire wikipedia collection of articles (yes, I know it's lot of pages, and I don't need answers calling me an idiot for doing this).&lt;/p&gt;&#xA;&#xA;&lt;p&gt;I haven't programmed much stuff like this before, so there are two issues that I would greatly appreciate some help with:&lt;/p&gt;&#xA;&#xA;&lt;ul&gt;&#xA;&lt;li&gt;&lt;p&gt;First, how I would be able to get the program to crawl through all of the pages (i.e NOT hardcoding each one of the millions of pages. I have downloaded all the articles onto my hard drive, but I'm not sure how I can tell the program to iterate through each one in the folder) &#xA;&lt;strong&gt;EDIT&lt;/strong&gt; - I have all the wikipedia articles on my hard drive&lt;/p&gt;&lt;/li&gt;&#xA;&lt;li&gt;&lt;p&gt;The snapshots of the pages have pictures and tables in them. How would I extract solely the main text of the article?&lt;/p&gt;&lt;/li&gt;&#xA;&lt;/ul&gt;&#xA;&#xA;&lt;p&gt;Your help on either of the issues is greatly appreciated!&lt;/p&gt;&#xA;</Body>
<Tags>python,nlp,wikipedia</Tags>
</question>
<answer>
<Body>&lt;p&gt;Instead of crawling page manually, which is slower and can be blocked, you should download the &lt;a href=&quot;http://en.wikipedia.org/wiki/Wikipedia:Database_download#English-language_Wikipedia&quot; rel=&quot;noreferrer&quot;&gt;official datadump&lt;/a&gt;. These don't contain images so the second problem is also solved. &lt;/p&gt;&#xA;&#xA;&lt;p&gt;EDIT: I see that you have all the article on you computer, so this answer might not help much.&lt;/p&gt;&#xA;</Body>
</answer>
<answer>
<Body>&lt;p&gt;bullet point 1:  Python has a module just for the task of recursively iterating every file or directory at path, &lt;a href=&quot;http://docs.python.org/library/os.html#os.walk&quot; rel=&quot;nofollow&quot;&gt;&lt;code&gt;os.walk&lt;/code&gt;&lt;/a&gt;.&lt;/p&gt;&#xA;&#xA;&lt;p&gt;point 2: what you seem to be asking here is how to distinguish files that are images from files that are text.  the &lt;a href=&quot;http://pypi.python.org/pypi/python-magic/&quot; rel=&quot;nofollow&quot;&gt;&lt;code&gt;magic&lt;/code&gt;&lt;/a&gt; module, available at the cheese shop, provides python bindings for the standard unix utility of the same name (usually invoked as &lt;code&gt;file(1)&lt;/code&gt;)&lt;/p&gt;&#xA;</Body>
</answer>
<answer>
<Body>&lt;p&gt;You asked: &lt;/p&gt;&#xA;&#xA;&lt;blockquote&gt;&#xA;  &lt;p&gt;I have downloaded all the articles onto my hard drive, but I'm not&#xA;  sure how I can tell the program to iterate through each one in the&#xA;  folder&lt;/p&gt;&#xA;&lt;/blockquote&gt;&#xA;&#xA;&lt;p&gt;Assuming all the files are in a directory tree structure, you could use &lt;code&gt;os.walk&lt;/code&gt; (&lt;a href=&quot;http://docs.python.org/library/os.html#os.walk&quot; rel=&quot;nofollow&quot;&gt;link&lt;/a&gt; to Python documentation and example) to visit every file and then search each file for the phrase(s) using something like:&lt;/p&gt;&#xA;&#xA;&lt;pre&gt;&lt;code&gt;for line in open(&quot;filename&quot;):&#xA;    if &quot;search_string&quot; in line:&#xA;        print line&#xA;&lt;/code&gt;&lt;/pre&gt;&#xA;&#xA;&lt;p&gt;Of course, this solution won't be featured on the cover of &quot;Python Perf&quot; magazine, but I'm new to Python so I'll pull the n00b card. There is likely a better way to grep within a file using Python's pre-baked modules.&lt;/p&gt;&#xA;</Body>
</answer>
<answer>
<Body>&lt;blockquote&gt;&#xA;  &lt;p&gt;The snapshots of the pages have pictures and tables in them. How would&#xA;  I extract solely the main text of the article?&lt;/p&gt;&#xA;&lt;/blockquote&gt;&#xA;&#xA;&lt;p&gt;If you are okay with finding the phrases within the tables, you could try using &lt;a href=&quot;http://docs.python.org/howto/regex.html%20%2aPython%20HOWTO%20-%20Regular%20Expressions%2a&quot; rel=&quot;nofollow&quot;&gt;regular expressions&lt;/a&gt; directly, but the better choice would be to use a parser and remove all the markup. You could use &lt;a href=&quot;http://www.crummy.com/software/BeautifulSoup/&quot; rel=&quot;nofollow&quot;&gt;Beautiful Soup&lt;/a&gt; to do this (you will need lxml too):&lt;/p&gt;&#xA;&#xA;&lt;pre&gt;&lt;code&gt;from bs4 import BeautifulSoup&#xA;# produces an iterable generator that returns the text of each tag in turn&#xA;gen = BeautifulSoup(markup_from_file, 'xml').stripped_strings&#xA;list_of_strings = [x for x in gen] # list comprehension generates list&#xA;' '.join(list_of_strings)&#xA;&lt;/code&gt;&lt;/pre&gt;&#xA;&#xA;&lt;p&gt;BeautifulSoup produces unicode text, so if you need to change the encoding, you can just do:&lt;/p&gt;&#xA;&#xA;&lt;pre&gt;&lt;code&gt;list_of_strings = map(lambda x: x.encode('utf-8'),list_of_strings)&#xA;&lt;/code&gt;&lt;/pre&gt;&#xA;&#xA;&lt;p&gt;Plus, Beautiful Soup can help you to better navigate and select from each document. If you know the encoding of the data dump, that will definitely help it go faster. The author also says that it runs faster on Python 3.&lt;/p&gt;&#xA;</Body>
</answer>
