<question>
<Title>Unable to generate call to cell phone using asterisk</Title>
<Body>&lt;p&gt;I'm currently working on a project 'email to voice call'. Using python i'v extracted the email &amp;amp; converted it into speech and saved in a WAV file. Now using asterisk (I'v installed Asterisk 10.2.1 on my ubuntu 10.10 os) i want to generate call to the cell phone (say 919833000000 india's no.) of the user through my system. &lt;/p&gt;&#xA;&#xA;&lt;p&gt;I have written a python code to connect to asterisk manager interface. Also i have configured the sip.conf and extensions.conf files as well as manager.conf. I have registered with voip provider &lt;strong&gt;voiceall.com&lt;/strong&gt; and have a username password of it. &lt;/p&gt;&#xA;&#xA;&lt;p&gt;Now when i'm executing the python code, the code is getting executed without any error but nothing is happening. No call is getting generated. Can anyone help me out with this. &#xA;The python code is as below:&lt;/p&gt;&#xA;&#xA;&lt;pre&gt;&lt;code&gt;import sys, os, socket, random&#xA;# Asterisk Manager connection details&#xA;HOST = '127.0.0.1'&#xA;PORT = 5038&#xA;# Asterisk Manager username and password&#xA;USER = 'MYUSERNAME'&#xA;SECRET = 'MYPASSWORD'&#xA;# Set the name of the SIP trunk to use for outbound calls&#xA;TRUNK = 'voiceall'&#xA;&#xA;&#xA;&#xA;OUTBOUND = '919833000000'&#xA;&#xA;# Send the call details to the Asteirsk Manager Interface&#xA;s = socket.socket(socket.AF_INET, socket.SOCK_STREAM)&#xA;s.connect((HOST, PORT))&#xA;sleep(3)&#xA;s.send('Action: login\r\n')&#xA;s.send('Username: ' + USER + '\r\n')&#xA;s.send('Secret: ' + SECRET + '\r\n\r\n')&#xA;sleep(3)&#xA;s.send('Action: status\r\n')&#xA;data = s.recv(1024)&#xA;print data + '\n'&#xA;s.send('Events: off\r\n\r\n')&#xA;sleep(3)&#xA;s.send('Action: originate\r\n')&#xA;s.send('Channel: Sip/' + TRUNK + '/' + OUTBOUND + '\r\n')&#xA;s.send('WaitTime: 30\r\n')&#xA;s.send('CallerId: VOICEALL_USERNAME\r\n')&#xA;s.send('Application: playback\r\n')&#xA;s.send('Data: /home/Documents/newdemo1' + '\r\n')  #newdemo1 is the wave file&#xA;s.send('Context: testing\r\n')&#xA;s.send('Async: true\r\n')&#xA;s.send('Priority: 1\r\n\r\n')&#xA;sleep(10)&#xA;s.send('Action: Logoff\r\n\r\n')&#xA;s.close()&#xA;&lt;/code&gt;&lt;/pre&gt;&#xA;&#xA;&lt;p&gt;My sip.conf file is as below:&lt;/p&gt;&#xA;&#xA;&lt;pre&gt;&lt;code&gt;[general]                &#xA;register =&amp;gt; VOICEALL_USERNAME:VOICEALL_PASSWORD@sip.voiceall.net:5038&#xA;&#xA;[voiceall]&#xA;canreinvite=no&#xA;context=mycontext&#xA;host=sip.voiceall.net&#xA;secret=VOICEALL_PASSWORD ;your password&#xA;type=peer&#xA;username=VOICEALL_USERNAME ;your account&#xA;disallow=all&#xA;allow=ulaw&#xA;&#xA;fromuser=VOICEALL_USERNAME ;your account&#xA;trustrpid=yes&#xA;sendrpid=yes&#xA;insecure=invite&#xA;nat=yes&#xA;&lt;/code&gt;&lt;/pre&gt;&#xA;&#xA;&lt;p&gt;The extensions.conf file is as below:&lt;/p&gt;&#xA;&#xA;&lt;pre&gt;&lt;code&gt;[mycontext]&#xA;&#xA;include =&amp;gt; voiceall-outbound&#xA;&#xA;[voiceall-outbound]&#xA;exten =&amp;gt; _1NXXNXXXXXX,1,Dial(SIP/${EXTEN}@voiceall)&#xA;exten =&amp;gt; _1NXXNXXXXXX,n,Playback(/home/Documents/demonew1)&#xA;exten =&amp;gt; _1NXXNXXXXXX,n,Hangup()&#xA;exten =&amp;gt; _NXXNXXXXXX,1,Dial(SIP/1${EXTEN}@voiceall)&#xA;exten =&amp;gt; _NXXNXXXXXX,n,Playback(/home/Documents/demonew1)&#xA;exten =&amp;gt; _NXXNXXXXXX,n,Hangup()&#xA;exten =&amp;gt; _011.,1,Dial(SIP/${EXTEN}@voiceall)&#xA;exten =&amp;gt; _011.,n,Playback(/home/Documents/demonew1)&#xA;exten =&amp;gt; _011.,n,Hangup()&#xA;&lt;/code&gt;&lt;/pre&gt;&#xA;&#xA;&lt;p&gt;Please help me out, as i am new to asterisk.&#xA;Any help will be appreciated. Thanks in advance.&lt;/p&gt;&#xA;</Body>
<Tags>python,voip,asterisk</Tags>
</question>
<answer>
<Body>&lt;p&gt;A few things to note before I comment on your originate command:&lt;/p&gt;&#xA;&#xA;&lt;ol&gt;&#xA;&lt;li&gt;&lt;p&gt;A python wrapper library for AMI over TCP already exists: &lt;a href=&quot;http://www.vrplumber.com/programming/starpy/&quot; rel=&quot;nofollow&quot;&gt;starpy&lt;/a&gt;.  You may want to check that out, as it will reduce the amount of re-inventing the wheel you'll need to do in order to get yourself up and running.&lt;/p&gt;&lt;/li&gt;&#xA;&lt;li&gt;&lt;p&gt;In general, you probably shouldn't use separate TCP sends for each parameter in an AMI action.  Instead, you should send each message separately.  In general, starpy handles this quite well by treating each AMI action as a dictionary of key/value pairs, which obviously maps quite well to AMI's syntax.  If you decide not to use starpy, you may still want to see how they map generic dictionaries to AMI actions.&lt;/p&gt;&lt;/li&gt;&#xA;&lt;li&gt;&lt;p&gt;Do you have the appropriate classes of authentication for your user in manager.conf?  In order to originate a call, your user will need the originate class on the write authorization&lt;/p&gt;&lt;/li&gt;&#xA;&lt;/ol&gt;&#xA;&#xA;&lt;p&gt;In your origination, you're attempting to dial SIP/voiceall/919833000000.  That implies that Asterisk will create a SIP channel and start its pbx_thread at context voiceall-outbound (because its the default context for the peer you specified), at the extension matching what you specified.&lt;/p&gt;&#xA;&#xA;&lt;p&gt;First, your extension that you're attempting to place is 919833000000.  You don't have an extension that matches this - the closest you have is _NXXNXXXXXX.  This specifies that its a pattern match, that the first character must be a number [2-9], the next two characters are numbers [0-9], the fourth character is a number [2-9], and the next six characters are numbers [0-9], for a total of 10 characters.  The extension you're specifying is 12 characters.  I would expect the originate to fail.&lt;/p&gt;&#xA;&#xA;&lt;p&gt;Let's assume that the originate did succeed, and you had a pattern match extension with the same applications as _NXXNXXXXXX.  A channel that you're originating is going to be tied to something else - either another context,extension,priority in the dialplan, or an application.  In your case, you've specified both: an application to connect to (Playback), with data you're passing to it, as well as a context and a priority (but no extension).  That's not valid.  From Asterisk's 'manager show command originate':&lt;/p&gt;&#xA;&#xA;&lt;p&gt;Exten&#xA;    Extension to use (requires 'Context' and 'Priority')&#xA;Context&#xA;    Context to use (requires 'Exten' and 'Priority')&#xA;Priority&#xA;    Priority to use (requires 'Exten' and 'Context')&lt;/p&gt;&#xA;&#xA;&lt;p&gt;In general, you don't combine Application/Data with Context,Exten,Priority.  The Application/Data option exists when you want to only do very simple actions with what you dial - in your example, playing back a message fits the bill, but in general, I prefer to connect it to something else in the dialplan so I have more control.  I'll assume you want to use Context,Exten,Priority - in which case, you could do something like the following:&lt;/p&gt;&#xA;&#xA;&lt;pre&gt;&lt;code&gt;[testing]&#xA;exten =&amp;gt; internal_playback,1,NoOp()&#xA;same =&amp;gt; n,Playback(/home/Documents/demonew1)&#xA;same =&amp;gt; n,Hangup()&#xA;&#xA;[voiceall-outbound]&#xA;exten =&amp;gt; _9XXXXX000000,1,NoOp()&#xA;same =&amp;gt; n,Dial(SIP/${EXTEN}@voiceall)&#xA;same =&amp;gt; n,Hangup()&#xA;&lt;/code&gt;&lt;/pre&gt;&#xA;&#xA;&lt;p&gt;Your originate would then look something like this:&lt;/p&gt;&#xA;&#xA;&lt;pre&gt;&lt;code&gt;Action: Originate&#xA;Channel: local/internal_playback@testing&#xA;Context: voiceall-outbound&#xA;Exten: 919833000000&#xA;Priority: 1&#xA;&lt;/code&gt;&lt;/pre&gt;&#xA;&#xA;&lt;p&gt;You'll note that we're no longer using a SIP channel to call into the dialplan.  You could still use a SIP channel in your originate - its really just a personal preference here.&#xA;The Dial application will already create a SIP channel for us and bridge it to whatever we originate, so we just use a local channel.  For our local channel, we connect one end to our internal playback extension that we use to play sound out to the dialed party, and the other end to our outbound extension.&lt;/p&gt;&#xA;</Body>
</answer>
