<question>
<Title>refreshing just a div on http post</Title>
<Body>&lt;p&gt;In this code;&lt;/p&gt;&#xA;&#xA;&lt;pre&gt;&lt;code&gt;def post(self):&#xA;    chtml = displayhtml(public_key, error = None)&#xA;    template_values = {'captchahtml': chtml}&#xA;    path = os.path.join(os.path.dirname(__file__), 'main.html')&#xA;    self.response.out.write(template.render(path, template_values))&#xA;&lt;/code&gt;&lt;/pre&gt;&#xA;&#xA;&lt;p&gt;when the http post request is made, i can refresh the entire page with the given template elements.&lt;/p&gt;&#xA;&#xA;&lt;p&gt;my question is if its possible to refresh just a div or iframe instead of the entire page?&lt;/p&gt;&#xA;</Body>
<Tags>python,google-app-engine,post</Tags>
</question>
<answer>
<Body>&lt;p&gt;Yes, it is possible to refresh part of a page during a request.&lt;/p&gt;&#xA;&#xA;&lt;p&gt;But it requires some application or UI logic on the browser side, to facilitate that. &lt;/p&gt;&#xA;&#xA;&lt;p&gt;One way is to use a dedicated iframe. Think of the iframe as just a browser-window-within-a-browser-window.  You can insert any content you like into an iframe, and you can refresh the iframe independently of the content surrounding it in the page.  The iframe approach is often used   in the case where the content for the surrounding page and the content for the iframe itself, are sourced from different places. For example a facebook &quot;like widget&quot; uses content from facebook. For a long time Facebook made available a way for people to embed in their pages, an iframe containing just the like widget.  In this way facebook was able to maintain control over its imagery, branding, look and feel, and so on, regardless of what kind of page the widget was embedded into. &lt;/p&gt;&#xA;&#xA;&lt;p&gt;When the content for the frame and the content for the surrounding bit are from the same source -like your appengine instance, then you don't need an iframe.  You can use a simple div, and update it asynchronously. &lt;/p&gt;&#xA;&#xA;&lt;p&gt;This approach is sometimes referred to as AJAX - referring to Asynchronous Javascript and XML. The basic idea implies an async request (out of the normal page refresh cycle) made from the browser to the server, to get content; the browser logic implemented in javascript can then update the UI in any way it chooses. &lt;/p&gt;&#xA;&#xA;&lt;p&gt;Contrary to the name, It is not imperative to send out XML as a response from such an async request. In fact a more common approach is to use JSON as the data format. But certainly, when using this design pattern, your Python code on the server would generally not return formatted html.  It would return data in some  reasonable format (XML, JSON, other), and then Javascript logic running in the browser would render that data as HTML, in the appropriate place.&lt;/p&gt;&#xA;&#xA;&lt;p&gt;In the &quot;standard&quot; web browser model, there is one HTTP request sent per page request (although additional requests may be sent for .css files, images and so on), and each additional request implies a full page refresh.  In the AJAX model, the browser requests the web page initially, as before, but can send out additional HTTP requests asynchronously, without refreshing the page fully.  &lt;/p&gt;&#xA;</Body>
</answer>
