<question>
<Title>Connect to web-service</Title>
<Body>&lt;p&gt;I have some PHP code, similar to that shown below, which makes a connection and gets a response (from a web-service). &lt;/p&gt;&#xA;&#xA;&lt;p&gt;How would I do something similar in Python?  &lt;/p&gt;&#xA;&#xA;&lt;pre&gt;&lt;code&gt;$cObj = curl_init();.&#xA;curl_setopt($cObj, CURLOPT_URL,$this-&amp;gt;urlws.'/trlink/link1/trlink');&#xA;curl_setopt($cObj, CURLOPT_RETURNTRANSFER, 1);&#xA;curl_setopt($cObj, CURLOPT_TIMEOUT, 20);&#xA;curl_setopt($cObj, CURLOPT_HTTPHEADER, array());&#xA;&#xA;curl_setopt($cObj, CURLOPT_POST, 1);&#xA;curl_setopt($cObj, CURLOPT_POSTFIELDS,&quot;XMLString=&quot;.$xml);&#xA;&#xA;$this-&amp;gt;xml_response = curl_exec($cObj);.&#xA;&lt;/code&gt;&lt;/pre&gt;&#xA;</Body>
<Tags>python</Tags>
</question>
<answer>
<Body>&lt;p&gt;You can try SUDS &lt;a href=&quot;https://fedorahosted.org/suds/&quot; rel=&quot;nofollow&quot;&gt;https://fedorahosted.org/suds/&lt;/a&gt;&lt;/p&gt;&#xA;</Body>
</answer>
