<question>
<Title>Just trying to call a function of a library</Title>
<Body>&lt;p&gt;I have a code like this below in &lt;code&gt;/root_project/main.cpp&lt;/code&gt;:&lt;/p&gt;&#xA;&#xA;&lt;pre&gt;&lt;code&gt;#include &quot;theoraplayer/TheoraVideoClip.h&quot;&#xA;&#xA;unsigned int tex_id;&#xA;TheoraVideoManager* mgr;&#xA;TheoraVideoClip* clip;&#xA;std::string window_name=&quot;glut_player&quot;;&#xA;bool started=1;&#xA;int window_w=800,window_h=600;&#xA;&#xA;void draw()&#xA;{&#xA;    glBindTexture(GL_TEXTURE_2D,tex_id);&#xA;&#xA;    TheoraVideoFrame* f=clip-&amp;gt;getNextFrame();   //this gives an error!!!&#xA;    if (f)&#xA;    {&#xA;&lt;/code&gt;&lt;/pre&gt;&#xA;&#xA;&lt;p&gt;and the &lt;code&gt;TheoraVideoClip.h&lt;/code&gt; file is in &lt;code&gt;/root_project/include/theoraplayer/&lt;/code&gt;.&lt;/p&gt;&#xA;&#xA;&lt;p&gt;Inside of &lt;code&gt;TheoraVideoClip.h&lt;/code&gt; there is this:&lt;/p&gt;&#xA;&#xA;&lt;pre&gt;&lt;code&gt;TheoraVideoFrame* getNextFrame();&#xA;&lt;/code&gt;&lt;/pre&gt;&#xA;&#xA;&lt;p&gt;And when I try to compile using &lt;code&gt;g++ -o app main.cpp -lGL -lglut -lGLU&lt;/code&gt;&#xA; I'm gettin this error:&lt;/p&gt;&#xA;&#xA;&lt;blockquote&gt;&#xA;  &lt;p&gt;main.cpp:(.text+0xac2): undefined reference to&#xA;  `TheoraVideoClip::getNextFrame()'&lt;/p&gt;&#xA;&lt;/blockquote&gt;&#xA;&#xA;&lt;p&gt;Anyone knows Why?&lt;/p&gt;&#xA;&#xA;&lt;p&gt;Ubuntu 11.10&lt;/p&gt;&#xA;</Body>
<Tags>c++,ogg-theora</Tags>
</question>
<answer>
<Body>&lt;p&gt;You also need to link to &lt;code&gt;libtheoraplayer&lt;/code&gt;.&lt;/p&gt;&#xA;</Body>
</answer>
