<question>
<Title>Open cmd in full screen</Title>
<Body>&lt;p&gt;I was wondering if it is possible to have a python exe made with cx_Freeze open in cmd full screen by default?&lt;/p&gt;&#xA;&#xA;&lt;p&gt;Thanks for any help.&lt;/p&gt;&#xA;</Body>
<Tags>python,python-3.x,cmd,cx-freeze</Tags>
</question>
<answer>
<Body>&lt;p&gt;If you are prepared to call some Windows API functions then you can make your console go full screen as follows:&lt;/p&gt;&#xA;&#xA;&lt;ol&gt;&#xA;&lt;li&gt;Call &lt;a href=&quot;http://msdn.microsoft.com/en-us/library/windows/desktop/ms683231.aspx&quot; rel=&quot;nofollow&quot;&gt;&lt;code&gt;GetStdHandle&lt;/code&gt;&lt;/a&gt; passing &lt;code&gt;STD_OUTPUT_HANDLE&lt;/code&gt; to get a handle the console handle.&lt;/li&gt;&#xA;&lt;li&gt;Call &lt;a href=&quot;http://msdn.microsoft.com/en-us/library/windows/desktop/ms686028.aspx&quot; rel=&quot;nofollow&quot;&gt;&lt;code&gt;SetConsoleDisplayMode&lt;/code&gt;&lt;/a&gt; passing that console handle and &lt;code&gt;CONSOLE_FULLSCREEN_MODE&lt;/code&gt;.&lt;/li&gt;&#xA;&lt;/ol&gt;&#xA;&#xA;&lt;p&gt;At this point your console window will be displaying full screen.&lt;/p&gt;&#xA;&#xA;&lt;p&gt;I don't know if those functions are readily available in one of the win32 Python modules but they are pretty trivial to invoke using ctypes.&lt;/p&gt;&#xA;</Body>
</answer>
<answer>
<Body>&lt;p&gt;There is no integrated cx_Freeze command to do this, however if you run on Windows, the Ctypes provides a way to do this using the WinAPI.&lt;/p&gt;&#xA;&#xA;&lt;p&gt;&lt;strong&gt;Example Code:&lt;/strong&gt;&lt;/p&gt;&#xA;&#xA;&lt;pre&gt;&lt;code&gt;import ctypes&#xA;&#xA;kernel32 = ctypes.WinDLL('kernel32')&#xA;user32 = ctypes.WinDLL('user32')&#xA;&#xA;SW_MAXIMIZE = 3&#xA;&#xA;hWnd = kernel32.GetConsoleWindow()&#xA;user32.ShowWindow(hWnd, SW_MAXIMIZE)&#xA;&lt;/code&gt;&lt;/pre&gt;&#xA;&#xA;&lt;p&gt;&lt;strong&gt;Explanation:&lt;/strong&gt;&lt;/p&gt;&#xA;&#xA;&lt;p&gt;&lt;code&gt;GetConsoleWindow()&lt;/code&gt;:&lt;/p&gt;&#xA;&#xA;&lt;p&gt;See &lt;a href=&quot;https://docs.microsoft.com/en-us/windows/console/getconsolewindow&quot; rel=&quot;nofollow noreferrer&quot;&gt;Documentation&lt;/a&gt;&lt;/p&gt;&#xA;&#xA;&lt;blockquote&gt;&#xA;  &lt;p&gt;Retrieves the window handle used by the console associated with the calling process.&lt;/p&gt;&#xA;&lt;/blockquote&gt;&#xA;&#xA;&lt;p&gt;Basically it gets the handle to the terminal so that &lt;code&gt;ShowWindow()&lt;/code&gt; knows what to modify.&lt;/p&gt;&#xA;&#xA;&lt;hr&gt;&#xA;&#xA;&lt;p&gt;&lt;code&gt;ShowWindow(hWnd, SW_MAXIMIZE)&lt;/code&gt;&lt;/p&gt;&#xA;&#xA;&lt;p&gt;See &lt;a href=&quot;https://msdn.microsoft.com/en-us/library/windows/desktop/ms633548(v=vs.85).aspx&quot; rel=&quot;nofollow noreferrer&quot;&gt;Documentation&lt;/a&gt;&lt;/p&gt;&#xA;&#xA;&lt;blockquote&gt;&#xA;  &lt;p&gt;Sets the specified window's show state.&lt;/p&gt;&#xA;&lt;/blockquote&gt;&#xA;&#xA;&lt;p&gt;I.e. it tells the window what it should look like.&lt;/p&gt;&#xA;&#xA;&lt;p&gt;We pass our terminal handle (stored in &lt;code&gt;hWnd&lt;/code&gt;) to this function and call &lt;code&gt;3&lt;/code&gt; to maximise.&lt;/p&gt;&#xA;&#xA;&lt;p&gt;See the &lt;a href=&quot;https://msdn.microsoft.com/en-us/library/windows/desktop/ms633548(v=vs.85).aspx&quot; rel=&quot;nofollow noreferrer&quot;&gt;&lt;code&gt;nCmdShow&lt;/code&gt; section for all options&lt;/a&gt;&lt;/p&gt;&#xA;</Body>
</answer>
