<question>
<Title>How can i refer to fields of an inherited class using GNU C++?</Title>
<Body>&lt;p&gt;I'm a novice at compiling with g++. But it's ok with the following code if i use visual studio.&lt;/p&gt;&#xA;&#xA;&lt;pre&gt;&lt;code&gt;template &amp;lt;typename ValueType&amp;gt;&#xA;class ExprBase {&#xA;private:&#xA;    ExprBase () {}&#xA;protected:&#xA;    ValueType value;&#xA;&#xA;public:&#xA;    explicit ExprBase (const ValueType&amp;amp; v) : value(v) {}&#xA;&#xA;    virtual Value&amp;lt;ValueType&amp;gt; operator () (const map&amp;lt;const char*, ValueType&amp;gt;&amp;amp; values) const {&#xA;        return Value&amp;lt;ValueType&amp;gt;(ValueType(), &quot;&quot;);&#xA;    }&#xA;};&#xA;&#xA;template &amp;lt;typename ValueType&amp;gt;&#xA;class Const : public ExprBase&amp;lt;ValueType&amp;gt; {&#xA;public:&#xA;    Const (const ValueType&amp;amp; v) : ExprBase&amp;lt;ValueType&amp;gt;(v) {} &#xA;&#xA;    virtual Value&amp;lt;ValueType&amp;gt; operator () (const map&amp;lt;const char*, ValueType&amp;gt;&amp;amp; values) const {&#xA;        return Value&amp;lt;ValueType&amp;gt;(value, &quot;&quot;);&#xA;    } &#xA;};&#xA;&lt;/code&gt;&lt;/pre&gt;&#xA;&#xA;&lt;p&gt;The error is: &quot;'value' undeclared&quot;. What do i've to correct to be able to compile with g++? thanks for help&lt;/p&gt;&#xA;</Body>
<Tags>c++,templates</Tags>
</question>
<answer>
<Body>&lt;p&gt;You need to use&lt;/p&gt;&#xA;&#xA;&lt;pre&gt;&lt;code&gt;this-&amp;gt;value&#xA;&lt;/code&gt;&lt;/pre&gt;&#xA;&#xA;&lt;p&gt;or&lt;/p&gt;&#xA;&#xA;&lt;pre&gt;&lt;code&gt;ExprBase&amp;lt;ValueType&amp;gt;::value&#xA;&lt;/code&gt;&lt;/pre&gt;&#xA;&#xA;&lt;p&gt;because the base is a dependent type in this instance (whereas value is a non-dependent name). Visual Studio is &quot;helping&quot; you by compiling code that's non-standard (this is actually very unhelpful, because things then break when you compile the same code with g++).&lt;/p&gt;&#xA;&#xA;&lt;p&gt;For more information, see p.136-8 of C++ Templates: The Complete Guide by Vandevoorde and Josuttis.&lt;/p&gt;&#xA;</Body>
</answer>
