<question>
<Title>Ajax avatar preview with jQuery In django</Title>
<Body>&lt;p&gt;I've been trying to follow a tutorial. But it doesn't want to work for me. I'm trying to get a simple (or so I thought) avatar preview shown. The problem is that it won't load, or accept the avatar. If I could get another set of eyes on this, and maybe tell me what I'm doing wrong; I'd be very appreciative. &lt;/p&gt;&#xA;&#xA;&lt;p&gt;&lt;strong&gt;The template:&lt;/strong&gt; (The form is a large overall user information form)&lt;/p&gt;&#xA;&#xA;&lt;pre&gt;&lt;code&gt;&amp;lt;form class=&quot;inline&quot; enctype=&quot;multipart/form-data&quot; method=&quot;POST&quot; action=&quot;/profile/edit/{{ role }}/&quot; id=&quot;avatarLoadForm&quot;&amp;gt;&#xA;     &amp;lt;input type=&quot;hidden&quot; name=&quot;next&quot; value=&quot;/account/settings/&quot;&amp;gt;&#xA;     {% csrf_token %}&#xA;     {% if user_info_form.errors %}{{ user_info_form.errors }}{% endif %}&#xA;     &amp;lt;div&amp;gt;&#xA;          &amp;lt;label class=&quot;form-label&quot; for=&quot;id_avatar&quot;&amp;gt;Your Picture&amp;lt;/label&amp;gt;&#xA;          &amp;lt;div id=&quot;preview&quot; class=&quot;inline-block img-frame thick&quot;&amp;gt;   &#xA;               &amp;lt;img src=&quot;{% if profile.avatar %}{% thumbnail profile.avatar 120x120 crop %}{% else %}{{ DEFAULT_AVATAR }}{% endif %}&quot; id=&quot;thumb&quot; alt=&quot;&quot; alt=&quot;sample-pic&quot; /&amp;gt;&#xA;          &amp;lt;/div&amp;gt;&#xA;          {{ user_info_form.avatar }}&#xA;     &amp;lt;/div&amp;gt;&#xA;     &amp;lt;div id=&quot;edit-name&quot;&amp;gt;&#xA;          &amp;lt;label class=&quot;form-label&quot; for=&quot;id_first_name&quot;&amp;gt;Name&amp;lt;/label&amp;gt;&#xA;          {{ user_info_form.first_name }}&#xA;          {{ user_info_form.last_name }}&#xA; ... And so on (other info not relevant)...&#xA;&lt;/code&gt;&lt;/pre&gt;&#xA;&#xA;&lt;p&gt;&lt;strong&gt;The js:&lt;/strong&gt;&lt;/p&gt;&#xA;&#xA;&lt;pre&gt;&lt;code&gt;(function() {&#xA;        var thumb = $('img#thumb');    &#xA;        new AjaxUpload('imageUpload', {&#xA;            action: $('#avatarLoadForm').attr('action'),&#xA;            name: 'avatar',&#xA;&#xA;            onSubmit: function(file, extension) {&#xA;                $(&quot;#preview&quot;).html('&amp;lt;img id=&quot;loader&quot; src=&quot;{{ STATIC_URL }}images/ajax-loader.gif&quot; alt=&quot;Uploading....&quot;/&amp;gt;');            &#xA;            },&#xA;            onComplete: function(file, response) {&#xA;                thumb.load(function(){&#xA;                    $(&quot;#preview&quot;).html('');&#xA;                    thumb.unbind();&#xA;                });&#xA;                thumb.attr('src', response);&#xA;            }&#xA;        });&#xA;&lt;/code&gt;&lt;/pre&gt;&#xA;&#xA;&lt;p&gt;&lt;strong&gt;Views.py&lt;/strong&gt;&lt;/p&gt;&#xA;&#xA;&lt;pre&gt;&lt;code&gt;@login_required        &#xA;def edit_profile(request, profile_type):&#xA;    if profile_type == 'investor':&#xA;        profile = InvestorProfile.objects.get(user=request.user)&#xA;    elif profile_type == 'manager':&#xA;        profile = ManagerProfile.objects.get(user=request.user)&#xA;    context = base_context(request)&#xA;    if request.method == 'POST':&#xA;        notify = &quot;You have successfully updated your profile.&quot;&#xA;        user_info_form = UserInfoForm(request.POST, request.FILES)&#xA;        if user_info_form.is_valid():&#xA;            user_info_form.save(request.user, profile_type)&#xA;            response = simplejson.dumps({&quot;status&quot;: &quot;Upload Success&quot;})&#xA;        return HttpResponse (response, mimetype='application/json')&#xA;    else:&#xA;        initial = {}&#xA;        initial['first_name'] = request.user.first_name&#xA;        initial['last_name'] = request.user.last_name&#xA;        initial['email'] = request.user.email&#xA;        initial['about'] = profile.about&#xA;        initial['country'] = profile.country&#xA;        initial['about'] = profile.about&#xA;        user_info_form = UserInfoForm(initial=initial)&#xA;    context['user_info_form'] = user_info_form&#xA;    context['profile_type'] = profile_type&#xA;    context['profile'] = profile&#xA;    return render_to_response('settings/base.html', context, context_instance=RequestContext(request))&#xA;&lt;/code&gt;&lt;/pre&gt;&#xA;&#xA;&lt;p&gt;&lt;em&gt;&lt;strong&gt;Edit:&lt;/em&gt; Forms.py:&lt;/strong&gt; &lt;/p&gt;&#xA;&#xA;&lt;pre&gt;&lt;code&gt;class UserInfoForm(forms.Form):&#xA;    first_name = forms.CharField(widget=forms.TextInput(attrs={'class':'input-text'}), max_length=30)&#xA;    last_name = forms.CharField(widget=forms.TextInput(attrs={'class':'input-text'}), max_length=30)&#xA;    email = forms.EmailField(widget=forms.TextInput(attrs={'class':'input-text'}))&#xA;    about = forms.CharField(widget=forms.Textarea(attrs={'class':'input-text'}), required=False)&#xA;    country = forms.CharField(max_length=50, widget=forms.Select(choices=countries.COUNTRIES))&#xA;    avatar = forms.ImageField(required=False)&#xA;    #avatar = forms.ImageField(widget=forms.ClearableFileInput(attrs={'id':'imageUpload'}),required=False)&#xA;    investor_type = forms.CharField(max_length=4, widget=forms.Select(choices=choices), required=False)&#xA;&lt;/code&gt;&lt;/pre&gt;&#xA;</Body>
<Tags>python,html,ajax,django</Tags>
</question>
<answer>
<Body>&lt;p&gt;For future reference you should define Avatar as a model with its own fields regardless if it will be a thumbnail. But have you tried &lt;/p&gt;&#xA;&#xA;&lt;pre&gt;&lt;code&gt; &amp;lt;img src=&quot;{% if profile.user %}{% thumbnail avatar 120x120 crop %}{% else %}{{ DEFAULT_AVATAR }}{% endif %}&quot; id=&quot;thumb&quot; alt=&quot;&quot; alt=&quot;sample-pic&quot; /&amp;gt;&#xA;&lt;/code&gt;&lt;/pre&gt;&#xA;</Body>
</answer>
