<question>
<Title>How to document class attributes with NaturalDocs</Title>
<Body>&lt;p&gt;Via&lt;/p&gt;&#xA;&#xA;&lt;pre&gt;&lt;code&gt;&quot;&quot;&quot;&#xA;  Function: myfunc&#xA;  Parameters:&#xA;    a - First parameter&#xA;    b - First parameter&#xA;&quot;&quot;&quot;&#xA;&lt;/code&gt;&lt;/pre&gt;&#xA;&#xA;&lt;p&gt;I can document a function and it gets listed in the class summary.&#xA;How can I do something similar with attributes?&#xA;Since I don't declare them in python I was hoping something like&lt;/p&gt;&#xA;&#xA;&lt;pre&gt;&lt;code&gt;&quot;&quot;&quot; ----------------------------------------------------------------------------&#xA;  Attributes:&#xA;  first - First attribute of the class&#xA;  second - Second one&#xA;&quot;&quot;&quot;&#xA;&lt;/code&gt;&lt;/pre&gt;&#xA;&#xA;&lt;p&gt;That is not working at all...&lt;/p&gt;&#xA;</Body>
<Tags>python,documentation-generation</Tags>
</question>
<answer>
<Body>&lt;p&gt;Check the &lt;strong&gt;&lt;em&gt;docstrings&lt;/em&gt;&lt;/strong&gt; described here: &lt;a href=&quot;http://epydoc.sourceforge.net/manual-docstring.html&quot; rel=&quot;nofollow&quot;&gt;http://epydoc.sourceforge.net/manual-docstring.html&lt;/a&gt;&lt;/p&gt;&#xA;&#xA;&lt;p&gt;&lt;em&gt;Variables may also be documented using comment docstrings. If a variable assignment is immediately preceeded by a comment whose lines begin with the special marker '#:', or is followed on the same line by such a comment, then it is treated as a docstring for that variable:&lt;/em&gt;&lt;/p&gt;&#xA;&#xA;&lt;pre&gt;&lt;code&gt;#: docstring for x&#xA;x = 22&#xA;x = 22 #: docstring for x&#xA;&lt;/code&gt;&lt;/pre&gt;&#xA;</Body>
</answer>
<answer>
<Body>&lt;p&gt;If you don't declare class attributes explictly - I assume you just assign them values in the constructor - you can put their comments together with the class comment:&lt;/p&gt;&#xA;&#xA;&lt;pre&gt;&lt;code&gt;&quot;&quot;&quot;&#xA;  Class: MyClass&#xA;  Describe the class here.&#xA;&#xA;  Attributes:&#xA;    attr1 - First attribute of the class&#xA;    attr2 - Second one&#xA;&quot;&quot;&quot;&#xA;class MyClass:&#xA;&#xA;    def __init__(self, arg1):&#xA;        self.attr1 = arg1&#xA;        self.attr2 = &quot;attr2&quot;&#xA;&lt;/code&gt;&lt;/pre&gt;&#xA;&#xA;&lt;p&gt;You can do the same for methods too. It is the simplest way but you won't get the class members listed separately in the index, which is a huge drawback. If you provide a prefix for every class member references in the documentation will work:&lt;/p&gt;&#xA;&#xA;&lt;pre&gt;&lt;code&gt;&quot;&quot;&quot;&#xA;  Class: MyClass&#xA;  Describe the class here.&#xA;&#xA;  Attribute: attr1&#xA;  First attribute of the class&#xA;&#xA;  Attribute: attr2&#xA;  Second one&#xA;&quot;&quot;&quot;&#xA;class MyClass:&#xA;&#xA;    # Constructor: __init__&#xA;    # Describe the constructor.&#xA;    #&#xA;    # Parameters:&#xA;    #   arg1 - The first argument.&#xA;    def __init__(self, arg1):&#xA;        self.attr1 = arg1&#xA;        self.attr2 = &quot;attr2&quot;&#xA;&#xA;    # Method: method1&#xA;    # Describe the method here.&#xA;    def method1(self):&#xA;        print(&quot;method1&quot;)&#xA;&lt;/code&gt;&lt;/pre&gt;&#xA;&#xA;&lt;p&gt;Prefixing the comment is not a problem for methods where the comment is usually put just before the implementation anyway. If you don't declare your attributes explicitly to make natural place for their comment, it will clutter the class comment a little. You could also split the comment to more parts. Notice that you can mix line and block comments.&lt;/p&gt;&#xA;&#xA;&lt;p&gt;Two remarks: If you want to use block comments delimited by &lt;code&gt;&quot;&quot;&quot;&lt;/code&gt; and not just the line comments prefixed by &lt;code&gt;#&lt;/code&gt; you have to add the following lines to &lt;code&gt;Languages.txt&lt;/code&gt; in the NaturalDocs project directory:&lt;/p&gt;&#xA;&#xA;&lt;pre&gt;&lt;code&gt;Alter Language: Python&#xA;&#xA;   Block Comment: &quot;&quot;&quot; &quot;&quot;&quot;&#xA;&lt;/code&gt;&lt;/pre&gt;&#xA;&#xA;&lt;p&gt;Apparently you like the keyword &lt;code&gt;Attribute&lt;/code&gt; instead of &lt;code&gt;Property&lt;/code&gt; which is recognized by NaturalDocs by default. Add the following to &lt;code&gt;Topics.txt&lt;/code&gt; in the NaturalDocs project directory to have it recognized too:&lt;/p&gt;&#xA;&#xA;&lt;pre&gt;&lt;code&gt;Alter Topic Type: Property&#xA;&#xA;   Add Keywords:&#xA;      attribute, attributes&#xA;&lt;/code&gt;&lt;/pre&gt;&#xA;&#xA;&lt;p&gt;--- Ferda&lt;/p&gt;&#xA;</Body>
</answer>
