<question>
<Title>error C2679 template class</Title>
<Body>&lt;p&gt;The error occurs in the default constructor&lt;/p&gt;&#xA;&#xA;&lt;p&gt;&lt;strong&gt;Error:&lt;/strong&gt;&#xA;error C2679: binary '=' : no operator found which takes a right-hand operand of type 'int' (or there is no acceptable conversion)&lt;/p&gt;&#xA;&#xA;&lt;p&gt;The Code:&lt;/p&gt;&#xA;&#xA;&lt;pre&gt;&lt;code&gt;#ifndef _SLOT_H&#xA;#define _SLOT_H&#xA;#include &amp;lt;string&amp;gt;&#xA;using namespace std;&#xA;template &amp;lt;class T&amp;gt;&#xA;class slot&#xA;{&#xA;private:&#xA;    string key;&#xA;    T data;&#xA;public:&#xA;    slot();&#xA;    slot(string str);&#xA;    slot(string str, T tempdata);&#xA;    slot(const slot &amp;amp;source);&#xA;    string getkey();&#xA;    T getdata();&#xA;    void setkey(string str);&#xA;    void setdata(T tempdata);&#xA;};&#xA;&#xA;template&amp;lt;class T&amp;gt;&#xA;slot&amp;lt;T&amp;gt;::slot()&#xA;{&#xA;    key = &quot;&quot;;&#xA;    data = NULL;&#xA;}&#xA;&lt;/code&gt;&lt;/pre&gt;&#xA;</Body>
<Tags>c++</Tags>
</question>
<answer>
<Body>&lt;p&gt;The problem is probably that you are instantiating the template with a type &lt;code&gt;T&lt;/code&gt; that doesn't allow an &lt;code&gt;int&lt;/code&gt; to be assigned to it.&lt;/p&gt;&#xA;</Body>
</answer>
<answer>
<Body>&lt;p&gt;I think I know the solution to this issue. Go ahead and put the main in a header file. Should take care of all pointer issues that you are experiencing&lt;/p&gt;&#xA;&#xA;&lt;p&gt;For example&lt;/p&gt;&#xA;&#xA;&lt;p&gt;take all of the code within main and put it in a file title &quot;Main.h&quot; link this to the other files via the linux comment mount /dev/bin/boot. This will cause the files to be linked at boot up. If you have any other questions lemme know. Also, after you ave linked up the files you may have to reboot for it to work&lt;/p&gt;&#xA;&#xA;&lt;p&gt;Happy Programming!&lt;/p&gt;&#xA;</Body>
</answer>
