<question>
<Title>How to convert u_char* to char[] in C</Title>
<Body>&lt;p&gt;I am working with snmp and the requests-&gt;requestvb-&gt;val.string function returns me a u_char* and I am trying to store that into a char[255]. &lt;/p&gt;&#xA;&#xA;&lt;pre&gt;&lt;code&gt;u_char newValue = *(requests-&amp;gt;requestvb-&amp;gt;val.string)&#xA;char myArray[255];&#xA;&lt;/code&gt;&lt;/pre&gt;&#xA;&#xA;&lt;p&gt;I have tried a few approaches to copy the contents of newValue into myArray but everything seems to segfault. What am I doing wrong?&lt;/p&gt;&#xA;&#xA;&lt;p&gt;I have tried&#xA;&lt;code&gt;memcpy(myArray, newValue);&lt;/code&gt;&lt;/p&gt;&#xA;&#xA;&lt;p&gt;Another attempt &lt;code&gt;strncopy(myArray, newValue, sizeof(myArray));&lt;/code&gt;&lt;/p&gt;&#xA;&#xA;&lt;p&gt;What am I doing wrong?&lt;/p&gt;&#xA;</Body>
<Tags>c++,c,arrays,char,memcpy</Tags>
</question>
<answer>
<Body>&lt;p&gt;Your &lt;code&gt;newValue&lt;/code&gt; is of type &lt;code&gt;char&lt;/code&gt;, and for all intents and purposes, your &lt;code&gt;myArray&lt;/code&gt; is of type &lt;code&gt;char*&lt;/code&gt;. &lt;/p&gt;&#xA;&#xA;&lt;p&gt;First off, I'm going to assume that you're using &lt;code&gt;memcpy&lt;/code&gt; correctly, and that you're passing in 3 parameters instead of 2, where the 3rd parameter is the same as the one you use in &lt;code&gt;strncpy&lt;/code&gt;. &lt;/p&gt;&#xA;&#xA;&lt;p&gt;When you try using &lt;code&gt;strncpy&lt;/code&gt; or &lt;code&gt;memcpy&lt;/code&gt;, you're going beyond the one character &quot;limit&quot; in &lt;code&gt;newValue&lt;/code&gt; when attempting to copy everything to &lt;code&gt;myArray&lt;/code&gt;. &lt;/p&gt;&#xA;&#xA;&lt;p&gt;The fix should be quite simple:&lt;/p&gt;&#xA;&#xA;&lt;pre&gt;&lt;code&gt;u_char* newValue = requests-&amp;gt;requestvb-&amp;gt;val.string;&#xA;&lt;/code&gt;&lt;/pre&gt;&#xA;&#xA;&lt;p&gt;Once you've done that, this should work. Of course, that's assuming that the size of &lt;code&gt;myArray&lt;/code&gt; is in fact greater than or equal to 255 :)&lt;/p&gt;&#xA;&#xA;&lt;p&gt;As a side note (and this should go without saying), please make sure that your &lt;code&gt;myArray&lt;/code&gt; has a null terminating character at the end if you ever plan on printing it. Not having one after performing copy operations, and then trying to print is a very common mistake and can also lead to seg faults.&lt;/p&gt;&#xA;</Body>
</answer>
