<question>
<Title>Render Buffer on Screen in Windows</Title>
<Body>&lt;p&gt;I'm searching for a way rendering a char buffer onto the content-area of a window. This is just pseudo but intended to demonstrate what I actually want to do:&lt;/p&gt;&#xA;&#xA;&lt;pre&gt;&lt;code&gt;char buffer[300][200][3];    // 300px x 200px x RGB bytes&#xA;// ... render stuff into buffer&#xA;FancyWindowsFunctionToRenderBufferOnWindow(my_hwnd, buffer, 300, 200, offset_x, offset_y);&#xA;&lt;/code&gt;&lt;/pre&gt;&#xA;&#xA;&lt;p&gt;Is there a way to do something similar?&lt;/p&gt;&#xA;</Body>
<Tags>c++,c,windows,buffer,render</Tags>
</question>
<answer>
<Body>&lt;p&gt;It sounds like you have an image (raster) stored as an array of chars (which is an odd choice, since you'd usually want an array of unsigned chars for raw bitmap images).&lt;/p&gt;&#xA;&#xA;&lt;p&gt;If you meet certain alignment constraints, you can display your bitmap pretty directly with &lt;a href=&quot;http://msdn.microsoft.com/en-us/library/dd162973(v=vs.85).aspx&quot; rel=&quot;noreferrer&quot;&gt;SetDIBits&lt;/a&gt;.  You fill out a BITMAPINFO structure that describes the pixel format and image dimensions, and then you pass that along with your data to SetDIBits.  It'll paint them to a DC.  It can be a little tricky to get all the parameters right.&lt;/p&gt;&#xA;&#xA;&lt;p&gt;The alignment requirement is that each scanline must begin on a 4-byte boundary.  If you don't meet that requirement, you'll get garbage similar to having the wrong stride.  You can make a copy of the data with the correct alignment if necessary.&lt;/p&gt;&#xA;</Body>
</answer>
<answer>
<Body>&lt;p&gt;I think you need to create a device independent bitmap (DIB). If you already have an array of pixels that is ready to be put on an application window, you may need to copy the whole array to the buffer allocated by the CreateDIBSection API and call BitBlt to transfer the DIB to the window. This is the only way I know to show a mere array of pixels as a visible picture on the computer screen on Win32 platform and it is highly complicated and difficult to understand.&lt;/p&gt;&#xA;&#xA;&lt;p&gt;Here are the steps I used to take to test things similar to what you want to do:&lt;/p&gt;&#xA;&#xA;&lt;p&gt;Creating DIB:&lt;/p&gt;&#xA;&#xA;&lt;pre&gt;&lt;code&gt;BITMAPINFO bmi;&#xA;memset(&amp;amp;bmi, 0, sizeof(bmi));&#xA;bmi.bmiHeader.biSize = sizeof(BITMAPINFOHEADER);&#xA;bmi.bmiHeader.biWidth = /* Width of your image buffer */&#xA;bmi.bmiHeader.biHeight = - /* Height of your image buffer */&#xA;bmi.bmiHeader.biPlanes = 1;&#xA;bmi.bmiHeader.biBitCount = 32;&#xA;bmi.bmiHeader.biCompression = BI_RGB;&#xA;&#xA;HDC hDesktopDC = GetDC(GetDesktopWindow());&#xA;HBITMAP hDib = CreateDIBSection(hDesktopDC, &amp;amp;bmi, DIB_RGB_COLORS, (void **)&amp;amp;buffer, 0, 0);&#xA;if (buffer == NULL) { /* ERROR */ }&#xA;HDC hDibDC = CreateCompatibleDC(hDesktopDC);&#xA;HGDIOBJ hOldObj = SelectObject(hDibDC, hDib);&#xA;&#xA;/* Copy your array of pixels to buffer allocated above. */&#xA;&#xA;ReleaseDC(GetDesktopWindow(), hDesktopDC);&#xA;&lt;/code&gt;&lt;/pre&gt;&#xA;&#xA;&lt;p&gt;Implementing WM_PAINT event handler (the hWnd variable holds the window handle below):&lt;/p&gt;&#xA;&#xA;&lt;pre&gt;&lt;code&gt;case WM_PAINT:&#xA;    PAINTSTRUCT paint;&#xA;    HDC hWndDc = BeginPaint(hWnd, &amp;amp;paint);&#xA;    BitBlt(hWndDC, 0, 0, /* Width of DIB */, /* Height of DIB */,&#xA;           /* HDC of DIB (hDibDC in the above) */, 0, 0, SRCCOPY);&#xA;    EndPaint(hWnd, &amp;amp;paint);&#xA;    break;&#xA;&lt;/code&gt;&lt;/pre&gt;&#xA;&#xA;&lt;p&gt;I don't really expect the above code snippets would directly help you. If you are determined to use GDI functions like ones in the above snippets, I recommend you to read very carefully their API documents on MSDN. Because it is very tricky to properly release or delete DCs or GDI objects acquired during using the APIs.&lt;/p&gt;&#xA;</Body>
</answer>
