<question>
<Title>Coding collaboratively for the web</Title>
<Body>&lt;p&gt;In the past I've done the coding-part of my web-projects mostly by myself. Now, as we are a team working on some project, be it python or php or ..., is there some simple versioning system to use?&lt;/p&gt;&#xA;&#xA;&lt;p&gt;My hoster doesn't seem to support any kind of this sort. On the other hand, I feel it is too early to start renting a whole server in this phase of the project just to be able to install a versioning system.&lt;/p&gt;&#xA;&#xA;&lt;p&gt;Any simple ideas how to solve this problem?&lt;/p&gt;&#xA;</Body>
<Tags>php,python,web-services,versioning</Tags>
</question>
<answer>
<Body>&lt;p&gt;Try &lt;a href=&quot;https://www.mercurial-scm.org&quot; rel=&quot;nofollow noreferrer&quot;&gt;Mercurial&lt;/a&gt;. If your hosting has ssh and python support, you can run Mercurial on it.&lt;/p&gt;&#xA;&#xA;&lt;p&gt;&lt;strong&gt;UPDATE&lt;/strong&gt;: By the way, you don't need a hosting to run Mercurial - it's distributed and works without any servers. If you still want to have a repository on your hosting server - you can have it if your hoster supports ssh and python &lt;/p&gt;&#xA;&#xA;&lt;p&gt;&lt;strong&gt;UPDATE&lt;/strong&gt;: &lt;a href=&quot;http://bitbucket.org&quot; rel=&quot;nofollow noreferrer&quot;&gt;http://bitbucket.org&lt;/a&gt; - fantastic mercurial hosting, allows 1 private repository and unlimited public repositories for free&lt;/p&gt;&#xA;</Body>
</answer>
<answer>
<Body>&lt;p&gt;See:&lt;/p&gt;&#xA;&#xA;&lt;ul&gt;&#xA;&lt;li&gt;&lt;a href=&quot;https://stackoverflow.com/questions/59791/free-online-private-svn-repositories&quot;&gt;https://stackoverflow.com/questions/59791/free-online-private-svn-repositories&lt;/a&gt;&lt;/li&gt;&#xA;&lt;li&gt;&lt;a href=&quot;https://stackoverflow.com/questions/146505/can-someone-recommend-a-reliable-cvs-or-svn-hosting-service&quot;&gt;https://stackoverflow.com/questions/146505/can-someone-recommend-a-reliable-cvs-or-svn-hosting-service&lt;/a&gt;&lt;/li&gt;&#xA;&lt;li&gt;&lt;a href=&quot;https://stackoverflow.com/questions/111292/free-version-control-services&quot;&gt;https://stackoverflow.com/questions/111292/free-version-control-services&lt;/a&gt;&lt;/li&gt;&#xA;&lt;/ul&gt;&#xA;</Body>
</answer>
<answer>
<Body>&lt;p&gt;&lt;a href=&quot;http://github.com&quot; rel=&quot;nofollow noreferrer&quot;&gt;http://github.com&lt;/a&gt;&#xA;Anonymous Sourcecode Hosting, Repository...&lt;/p&gt;&#xA;</Body>
</answer>
<answer>
<Body>&lt;p&gt;Github and the others are free for open source projects only.&#xA;However, Xp-dev is free as in free beer even to commercial ones. &lt;a href=&quot;http://www.xp-dev.com/&quot; rel=&quot;nofollow noreferrer&quot;&gt;http://www.xp-dev.com/&lt;/a&gt;&lt;/p&gt;&#xA;</Body>
</answer>
