<question>
<Title>Eclipse c++ Type could not be resolved error even though build is successful</Title>
<Body>&lt;p&gt;I have mixed C++ / Java project in Eclipse. I've setup a build.mk file and Eclipse builds project successfully when all files in editor are closed. When I open a .h or a .cpp file Eclipse finds a lot of undefined symbols in them. I have references to 3rd party API and all the problems seem to be related to symbols from that API. Strangely, some types are considered defined in Eclipse, and some are considered undefined even though in some cases they are defined in the same .h file.&lt;/p&gt;&#xA;&#xA;&lt;p&gt;My colleague is not experiencing any of these problems, but we are clueless where to start solving this problem. We already made sure that our Eclipse include directories are the same. Is there some way to compare eclipse project settings?&lt;/p&gt;&#xA;&#xA;&lt;p&gt;Update: .cproject files and .project files and files in .settings directory know differ only by some paths. Did not help to solve my problem though.&lt;/p&gt;&#xA;</Body>
<Tags>c++,eclipse</Tags>
</question>
<answer>
<Body>&lt;p&gt;Turns out I needed to change Code Analysis settings that are on Launching tab, and I simply did not see that tab.&lt;/p&gt;&#xA;&#xA;&lt;p&gt;&lt;img src=&quot;https://i.stack.imgur.com/rHoaI.png&quot; alt=&quot;enter image description here&quot;&gt;&lt;/p&gt;&#xA;</Body>
</answer>
<answer>
<Body>&lt;p&gt;I had the same problem. It could be resolved by flushing the Eclipse indexer.&lt;/p&gt;&#xA;&#xA;&lt;p&gt;I used the projects context menu and selected &lt;code&gt;Index-&amp;gt;Rebuild&lt;/code&gt; and &lt;code&gt;Index-&amp;gt;Freshen All Files&lt;/code&gt;. The last removed the error messages.&lt;/p&gt;&#xA;</Body>
</answer>
<answer>
<Body>&lt;p&gt;You can compile and run the source code also by Right Click On Project&gt;Run C/C++ Code Analysis. This will solve your problem.&lt;img src=&quot;https://i.stack.imgur.com/HOE02.png&quot; alt=&quot;enter image description here&quot;&gt;&lt;/p&gt;&#xA;</Body>
</answer>
<answer>
<Body>&lt;p&gt;I had the same problem. It take place when in included file I'd used&lt;/p&gt;&#xA;&#xA;&lt;blockquote&gt;&#xA;  &lt;p&gt;namespace std&lt;/p&gt;&#xA;&lt;/blockquote&gt;&#xA;&#xA;&lt;p&gt;without using it in main file or vice versa. Do check using &lt;strong&gt;&lt;em&gt;namespace&lt;/em&gt;&lt;/strong&gt; equally.&lt;/p&gt;&#xA;</Body>
</answer>
