<question>
<Title>Why are there extra blank lines in my python program output?</Title>
<Body>&lt;p&gt;I'm not particularly experienced with python, so may be doing something silly below. I have the following program:&lt;/p&gt;&#xA;&#xA;&lt;pre&gt;&lt;code&gt;import os&#xA;import re&#xA;import linecache&#xA;&#xA;LINENUMBER = 2&#xA;&#xA;angles_file = open(&quot;d:/UserData/Robin Wilson/AlteredData/ncaveo/16-June/scan1_high/000/angles.txt&quot;)&#xA;&#xA;lines = angles_file.readlines()&#xA;&#xA;for line in lines:&#xA;    splitted_line = line.split(&quot;;&quot;)&#xA;    DN = float(linecache.getline(splitted_line[0], LINENUMBER))&#xA;    Zenith = splitted_line[2]&#xA;    output_file = open(&quot;d:/UserData/Robin Wilson/AlteredData/ncaveo/16-June/scan1_high/000/DNandZenith.txt&quot;, &quot;a&quot;)&#xA;    output_file.write(&quot;0\t&quot; + str(DN) + &quot;\t&quot; + Zenith + &quot;\n&quot;)&#xA;    #print &amp;gt;&amp;gt; output_file, str(DN) + &quot;\t&quot; + Zenith&#xA;    #print DN, Zenith&#xA;&#xA;output_file.close()&#xA;&lt;/code&gt;&lt;/pre&gt;&#xA;&#xA;&lt;p&gt;When I look at the output to the file I get the following:&lt;/p&gt;&#xA;&#xA;&lt;pre&gt;&lt;code&gt;0   105.5     0.0&#xA;&#xA;0   104.125  18.0&#xA;&#xA;0   104.0    36.0&#xA;&#xA;0   104.625  54.0&#xA;&#xA;0   104.25   72.0&#xA;&#xA;0   104.0    90.0&#xA;&#xA;0   104.75  108.0&#xA;&#xA;0   104.125 126.0&#xA;&#xA;0   104.875 144.0&#xA;&#xA;0   104.375 162.0&#xA;&#xA;0   104.125 180.0&#xA;&lt;/code&gt;&lt;/pre&gt;&#xA;&#xA;&lt;p&gt;Which is the right numbers, it just has blank lines between each line. I've tried and tried to remove them, but I can't seem to. What am I doing wrong?&lt;/p&gt;&#xA;&#xA;&lt;p&gt;Robin&lt;/p&gt;&#xA;</Body>
<Tags>python</Tags>
</question>
<answer>
<Body>&lt;p&gt;Change this:&lt;/p&gt;&#xA;&#xA;&lt;pre&gt;&lt;code&gt;output_file.write(&quot;0\t&quot; + str(DN) + &quot;\t&quot; + Zenith + &quot;\n&quot;)&#xA;&lt;/code&gt;&lt;/pre&gt;&#xA;&#xA;&lt;p&gt;to this:&lt;/p&gt;&#xA;&#xA;&lt;pre&gt;&lt;code&gt;output_file.write(&quot;0\t&quot; + str(DN) + &quot;\t&quot; + Zenith)&#xA;&lt;/code&gt;&lt;/pre&gt;&#xA;&#xA;&lt;p&gt;The &lt;code&gt;Zenith&lt;/code&gt; string already contains the trailing &lt;code&gt;\n&lt;/code&gt; from the original file when you read it in.&lt;/p&gt;&#xA;</Body>
</answer>
<answer>
<Body>&lt;p&gt;Alternative solution (handy if you are processing lines from file) is to strip the whitespace: &lt;/p&gt;&#xA;&#xA;&lt;pre&gt;&lt;code&gt;Zenith = Zenith.strip();&#xA;&lt;/code&gt;&lt;/pre&gt;&#xA;</Body>
</answer>
<answer>
<Body>&lt;p&gt;For a GENERAL solution, remove the trailing newline from your INPUT:&lt;/p&gt;&#xA;&#xA;&lt;pre&gt;&lt;code&gt;splitted_line = line.rstrip(&quot;\n&quot;).split(&quot;;&quot;)&#xA;&lt;/code&gt;&lt;/pre&gt;&#xA;&#xA;&lt;p&gt;Removing the extraneous newline from your output &quot;works&quot; in this case but it's a kludge.&lt;/p&gt;&#xA;&#xA;&lt;p&gt;ALSO: (1) it's not a good idea to open your output file in the middle of a loop; do it once, otherwise you are just wasting resources. With a long enough loop, you will run out of file handles and crash (2) It's not a good idea to hard-wire file names like that, especially hidden in the middle of your script; try to make your scripts reusable.&lt;/p&gt;&#xA;</Body>
</answer>
<answer>
<Body>&lt;p&gt;If you want to make sure there's no whitespace on any of your tokens (not just the first and last), try this:&lt;/p&gt;&#xA;&#xA;&lt;pre&gt;&lt;code&gt;splitted_line = map (str.strip, line.split (';'))&#xA;&lt;/code&gt;&lt;/pre&gt;&#xA;</Body>
</answer>
<answer>
<Body>&lt;p&gt;&lt;strong&gt;EDIT:&lt;/strong&gt; See comments for details, but there's definitely a better way. &lt;code&gt;[:-1]&lt;/code&gt; isn't the best choice, no matter how cool it looks. Use &lt;code&gt;line.rstrip('\n')&lt;/code&gt; instead.&lt;/p&gt;&#xA;&#xA;&lt;p&gt;The problem is that, unlike &lt;code&gt;file_text.split('\n')&lt;/code&gt;, &lt;code&gt;file.readlines()&lt;/code&gt; does not remove the &lt;code&gt;\n&lt;/code&gt; from the end of each line of input. My default pattern for parsing lines of text goes like this:&lt;/p&gt;&#xA;&#xA;&lt;pre&gt;&lt;code&gt;with open(filename) as f:&#xA;    for line in f.readlines():&#xA;        parse_line(line[:-1]) # funny face trims the '\n'&#xA;&lt;/code&gt;&lt;/pre&gt;&#xA;</Body>
</answer>
