<question>
<Title>python pdf line by line</Title>
<Body>&lt;p&gt;How can I get the content of pdf file line by line in python? I have searched in stackoverflow but could not find any good answer. Notes: pyPdf gives assertion erro, if possible something with slate and pdfminer.&lt;/p&gt;&#xA;</Body>
<Tags>python,pdf</Tags>
</question>
<answer>
<Body>&lt;p&gt;from the command line:&lt;code&gt;python /path/to/pdf2txt.py -o text.txt /path/to/yourpdf.pdf&lt;/code&gt;&lt;/p&gt;&#xA;&#xA;&lt;p&gt;You can then just take the text file it makes and use &lt;code&gt;for line in file:&lt;/code&gt;&lt;/p&gt;&#xA;&#xA;&lt;p&gt;If you want to be efficient you would have to change pdf2txt.py, and have &lt;code&gt;outfp&lt;/code&gt; be a python iostring, which would avoid the making a file and then reading from it. &lt;/p&gt;&#xA;</Body>
</answer>
