<question>
<Title>mrdivide function in MATLAB: what is it doing, and how can I do it in Python?</Title>
<Body>&lt;p&gt;I have this line of MATLAB code:&lt;/p&gt;&#xA;&#xA;&lt;pre&gt;&lt;code&gt;a/b&#xA;&lt;/code&gt;&lt;/pre&gt;&#xA;&#xA;&lt;p&gt;I am using these inputs:&lt;/p&gt;&#xA;&#xA;&lt;pre&gt;&lt;code&gt;a = [1,2,3,4,5,6,7,8,9,1,2,3,4,5,6,7,8,9]   &#xA;b = ones(25, 18)&#xA;&lt;/code&gt;&lt;/pre&gt;&#xA;&#xA;&lt;p&gt;This is the result (a 1x25 matrix):&lt;/p&gt;&#xA;&#xA;&lt;pre&gt;&lt;code&gt;[5,0,0,0,0,0,0,0,0,0,0,0,0,0,0,0,0,0,0,0,0,0,0,0,0]&#xA;&lt;/code&gt;&lt;/pre&gt;&#xA;&#xA;&lt;p&gt;What is MATLAB doing? I am trying to duplicate this behavior in Python, and the &lt;code&gt;mrdivide&lt;/code&gt; documentation in MATLAB was unhelpful. Where does the 5 come from, and why are the rest of the values 0?&lt;/p&gt;&#xA;&#xA;&lt;p&gt;I have tried this with other inputs and receive similar results, usually just a different first element and zeros filling the remainder of the matrix. In Python when I use &lt;code&gt;linalg.lstsq(b.T,a.T)&lt;/code&gt;, all of the values in the first matrix returned (i.e. not the singular one) are 0.2. I have already tried right division in Python and it gives something completely off with the wrong dimensions.&lt;/p&gt;&#xA;&#xA;&lt;p&gt;I understand what a least square approximation is, I just need to know what &lt;code&gt;mrdivide&lt;/code&gt; is doing.&lt;/p&gt;&#xA;&#xA;&lt;h3&gt;Related:&lt;/h3&gt;&#xA;&#xA;&lt;ul&gt;&#xA;&lt;li&gt;&lt;a href=&quot;https://stackoverflow.com/questions/1001634/array-division-translating-from-matlab-to-python&quot;&gt;Array division- translating from MATLAB to Python&lt;/a&gt;&lt;/li&gt;&#xA;&lt;/ul&gt;&#xA;</Body>
<Tags>python,matlab,numpy,linear-algebra</Tags>
</question>
<answer>
<Body>&lt;p&gt;a/b finds the least square solution to the system of linear equations bx = a&lt;/p&gt;&#xA;&#xA;&lt;p&gt;if b is invertible, this is a*inv(b), but if it isn't, the it is the x which minimises norm(bx-a)&lt;/p&gt;&#xA;&#xA;&lt;p&gt;You can read more about least squares on &lt;a href=&quot;http://en.wikipedia.org/wiki/Least_squares&quot; rel=&quot;nofollow noreferrer&quot;&gt;wikipedia&lt;/a&gt;.&lt;/p&gt;&#xA;&#xA;&lt;p&gt;according to &lt;a href=&quot;http://www.mathworks.co.uk/access/helpdesk/help/techdoc/index.html?/access/helpdesk/help/techdoc/ref/mldivide.html&quot; rel=&quot;nofollow noreferrer&quot;&gt;matlab documentation&lt;/a&gt;, mrdivide will return at most k non-zero values, where k is the computed rank of b. my guess is that matlab in your case solves the least squares problem given by replacing b by b(:1) (which has the same rank). In this case the moore-penrose inverse &lt;code&gt;b2 = b(1,:); inv(b2*b2')*b2*a'&lt;/code&gt; is defined and gives the same answer&lt;/p&gt;&#xA;</Body>
</answer>
<answer>
<Body>&lt;p&gt;Per &lt;a href=&quot;http://mathesaurus.sourceforge.net/matlab-numpy.html&quot; rel=&quot;nofollow noreferrer&quot;&gt;this handy &quot;cheat sheet&quot;&lt;/a&gt; of numpy for matlab users, &lt;code&gt;linalg.lstsq(b,a)&lt;/code&gt; -- &lt;code&gt;linalg&lt;/code&gt; is &lt;a href=&quot;http://www.scipy.org/doc/numpy_api_docs/numpy.linalg.linalg.html&quot; rel=&quot;nofollow noreferrer&quot;&gt;numpy.linalg.linalg&lt;/a&gt;, a light-weight version of the full &lt;code&gt;scipy.linalg&lt;/code&gt;.&lt;/p&gt;&#xA;</Body>
</answer>
<answer>
<Body>&lt;p&gt;&lt;a href=&quot;http://www.mathworks.com/help/matlab/ref/mrdivide.html&quot; rel=&quot;noreferrer&quot;&gt;MRDIVIDE&lt;/a&gt; or the &lt;code&gt;/&lt;/code&gt; operator actually solves the &lt;code&gt;xb = a&lt;/code&gt; linear system, as opposed to &lt;a href=&quot;http://www.mathworks.com/help/matlab/ref/mldivide.html&quot; rel=&quot;noreferrer&quot;&gt;MLDIVIDE&lt;/a&gt; or the &lt;code&gt;\&lt;/code&gt; operator which will solve the system &lt;code&gt;bx = a&lt;/code&gt;. &lt;/p&gt;&#xA;&#xA;&lt;p&gt;To solve a system &lt;code&gt;xb = a&lt;/code&gt; with a non-symmetric, non-invertible matrix &lt;code&gt;b&lt;/code&gt;, you can either rely on &lt;code&gt;mridivide()&lt;/code&gt;, which is done via factorization of &lt;code&gt;b&lt;/code&gt; with Gauss elimination, or &lt;code&gt;pinv()&lt;/code&gt;, which is done via Singular Value Decomposition, and zero-ing of the singular values below a (default) tolerance level.   &lt;/p&gt;&#xA;&#xA;&lt;p&gt;Here is the difference (for the case of &lt;code&gt;mldivide&lt;/code&gt;): &lt;a href=&quot;https://www.mathworks.com/support/solutions/en/data/1-3TPS3Y/index.html?product=ML&amp;amp;solution=1-3TPS3Y&quot; rel=&quot;noreferrer&quot;&gt;What is the difference between PINV and MLDIVIDE when I solve A*x=b?&lt;/a&gt;  &lt;/p&gt;&#xA;&#xA;&lt;blockquote&gt;&#xA;  &lt;p&gt;When the system is overdetermined, both algorithms provide the&#xA;  same answer. When the system is underdetermined, PINV will return the&#xA;  solution x, that has the minimum norm (min NORM(x)). MLDIVIDE will&#xA;  pick the solution with least number of non-zero elements.&lt;/p&gt;&#xA;&lt;/blockquote&gt;&#xA;&#xA;&lt;p&gt;In your example: &lt;/p&gt;&#xA;&#xA;&lt;pre&gt;&lt;code&gt;% solve xb = a&#xA;a = [1,2,3,4,5,6,7,8,9,1,2,3,4,5,6,7,8,9];&#xA;b = ones(25, 18);&#xA;&lt;/code&gt;&lt;/pre&gt;&#xA;&#xA;&lt;p&gt;the system is underdetermined, and the two different solutions will be: &lt;/p&gt;&#xA;&#xA;&lt;pre&gt;&lt;code&gt;x1 = a/b; % MRDIVIDE: sparsest solution (min L0 norm) &#xA;x2 = a*pinv(b); % PINV: minimum norm solution (min L2)&#xA;&#xA;&amp;gt;&amp;gt; x1 = a/b&#xA;Warning: Rank deficient, rank = 1,  tol = 2.3551e-014.&#xA;ans =&#xA;&#xA;    5.0000 0 0 ... 0 &#xA;&#xA;&amp;gt;&amp;gt; x2 = a*pinv(b)&#xA;ans =&#xA;&#xA;    0.2 0.2 0.2 ... 0.2 &#xA;&lt;/code&gt;&lt;/pre&gt;&#xA;&#xA;&lt;p&gt;In both cases the approximation error of &lt;code&gt;xb-a&lt;/code&gt; is non-negligible (non-exact solution) and the same, i.e. &lt;code&gt;norm(x1*b-a)&lt;/code&gt; and &lt;code&gt;norm(x2*b-a)&lt;/code&gt; will return the same result.&lt;/p&gt;&#xA;&#xA;&lt;p&gt;&lt;strong&gt;What is MATLAB doing?&lt;/strong&gt; &lt;/p&gt;&#xA;&#xA;&lt;p&gt;A great break-down of the algorithms (and checks on properties) invoked by the '\' operator, depending upon the structure of matrix &lt;code&gt;b&lt;/code&gt; is given in this post in  &lt;a href=&quot;https://scicomp.stackexchange.com/a/1004/4014&quot;&gt;scicomp.stackexchange.com&lt;/a&gt;. I am assuming similar options apply for the &lt;code&gt;/&lt;/code&gt; operator.&lt;/p&gt;&#xA;&#xA;&lt;p&gt;For your example, MATLAB is most probably doing a Gaussian elimination, giving the sparsest solution amongst a infinitude (that's where the 5 comes from). &lt;/p&gt;&#xA;&#xA;&lt;p&gt;&lt;strong&gt;What is Python doing?&lt;/strong&gt; &lt;/p&gt;&#xA;&#xA;&lt;p&gt;Python, in &lt;code&gt;linalg.lstsq&lt;/code&gt; uses pseudo-inverse/SVD, as demonstrated above (that's why you get a vector of 0.2's). In effect, the following will both give you the same result as MATLAB's &lt;code&gt;pinv()&lt;/code&gt;:   &lt;/p&gt;&#xA;&#xA;&lt;pre&gt;&lt;code&gt;from numpy import *&#xA;&#xA;a = array([1,2,3,4,5,6,7,8,9,1,2,3,4,5,6,7,8,9])&#xA;b = ones((25, 18))&#xA;&#xA;# xb = a: solve b.T x.T = a.T instead &#xA;x2 = linalg.lstsq(b.T, a.T)[0]&#xA;x2 = dot(a, linalg.pinv(b)) &#xA;&lt;/code&gt;&lt;/pre&gt;&#xA;</Body>
</answer>
