<question>
<Title>How to generate a dict of column values from an SQLAlchemy ORM class?</Title>
<Body>&lt;p&gt;I have a need to serialize certain columns of several ORM based classes. I want to default to the columns specified in the creation of the ORM class.&lt;/p&gt;&#xA;&#xA;&lt;pre&gt;&lt;code&gt;class AXSection(Base):&#xA;    __tablename__ = 'axsection'&#xA;    __table_args__ = {'mysql_engine':'ISAM', 'mysql_charset':'utf8'}&#xA;    id = Column(BigInteger, primary_key=True)&#xA;    enabled = Column(String(1), nullable=False, default='T')&#xA;    pages = relationship('AXPage', backref='axsection')a&#xA;    name = Column(String(255), nullable=False)&#xA;&lt;/code&gt;&lt;/pre&gt;&#xA;&#xA;&lt;p&gt;How do I write a method to return the names of the columns?&lt;/p&gt;&#xA;</Body>
<Tags>python,orm,sqlalchemy,python-2.7</Tags>
</question>
<answer>
<Body>&lt;p&gt;The &lt;strong&gt;table&lt;/strong&gt; attribute contains the list of column names.  To print the column name associated with your example AXSection type, use:&lt;/p&gt;&#xA;&#xA;&lt;pre&gt;&lt;code&gt;print AXSection.__table__.columns&#xA;&lt;/code&gt;&lt;/pre&gt;&#xA;&#xA;&lt;p&gt;Results in:&lt;/p&gt;&#xA;&#xA;&lt;pre&gt;&lt;code&gt;['axsection.id', 'axsection.enabled', 'axsection.name']&#xA;&lt;/code&gt;&lt;/pre&gt;&#xA;</Body>
</answer>
