<question>
<Title>Django test fails when creating test database</Title>
<Body>&lt;p&gt;It fails with a number of related_name-related issues. Of course when running the actual dev server (with &lt;code&gt;./manage.py runserver&lt;/code&gt;) this doesn't happen, I'm guessing maybe the models are being generated twice? I'm running psycopg2 2.4.1, and here's my test output:&lt;/p&gt;&#xA;&#xA;&lt;pre&gt;&lt;code&gt;(venv)lacrymology@Roller:boilerplate$ ./manage.py test&#xA;Creating test database for alias 'default'...&#xA;Error: One or more models did not validate:&#xA;l10n.address: Accessor for field 'user_shipping' clashes with related field 'User.shipping_address'. Add a related_name argument to the definition for 'user_shipping'.&#xA;l10n.address: Reverse query name for field 'user_shipping' clashes with related field 'User.shipping_address'. Add a related_name argument to the definition for 'user_shipping'.&#xA;l10n.address: Accessor for field 'user_billing' clashes with related field 'User.billing_address'. Add a related_name argument to the definition for 'user_billing'.&#xA;l10n.address: Reverse query name for field 'user_billing' clashes with related field 'User.billing_address'. Add a related_name argument to the definition for 'user_billing'.&#xA;custom_registration.profile: Accessor for field 'user' clashes with related field 'User.profile'. Add a related_name argument to the definition for 'user'.&#xA;custom_registration.profile: Reverse query name for field 'user' clashes with related field 'User.profile'. Add a related_name argument to the definition for 'user'.&#xA;addressmodel.address: Accessor for field 'user_shipping' clashes with related field 'User.shipping_address'. Add a related_name argument to the definition for 'user_shipping'.&#xA;addressmodel.address: Reverse query name for field 'user_shipping' clashes with related field 'User.shipping_address'. Add a related_name argument to the definition for 'user_shipping'.&#xA;addressmodel.address: Accessor for field 'user_billing' clashes with related field 'User.billing_address'. Add a related_name argument to the definition for 'user_billing'.&#xA;addressmodel.address: Reverse query name for field 'user_billing' clashes with related field 'User.billing_address'. Add a related_name argument to the definition for 'user_billing'.&#xA;profiles.profile: Accessor for field 'user' clashes with related field 'User.profile'. Add a related_name argument to the definition for 'user'.&#xA;profiles.profile: Reverse query name for field 'user' clashes with related field 'User.profile'. Add a related_name argument to the definition for 'user'.&#xA;&lt;/code&gt;&lt;/pre&gt;&#xA;</Body>
<Tags>python,django,postgresql,django-testing</Tags>
</question>
<answer>
<Body>&lt;p&gt;It is highly possible that your test.py imports an app which is not inside INSTALLED_APP but has some model fields pointing to the collided model. Try to grep &lt;strong&gt;user_shipping&lt;/strong&gt; inside apps which are imported in test.py but not inside INSTALLED_APPS, and replace it.&lt;/p&gt;&#xA;&#xA;&lt;p&gt;&lt;code&gt;./manage.py validate&lt;/code&gt;, which will be called internally by &lt;code&gt;./manage.py runserver&lt;/code&gt;, only checks models loaded from apps inside INSTALLED_APP and thus there was no error when you ran devserver. However, imports inside test.py will cause extra models of non-installed apps, if there is any, to be loaded and then collision will happen.&lt;/p&gt;&#xA;</Body>
</answer>
<answer>
<Body>&lt;p&gt;This was an issue with django-shop tests, as described in this comment: &lt;a href=&quot;https://stackoverflow.com/questions/10058277/django-test-fails-when-creating-test-database#comment12902711_10062087&quot;&gt;Django test fails when creating test database&lt;/a&gt;&lt;/p&gt;&#xA;&#xA;&lt;p&gt;I could find no way around it without changing the app's code, so I ended up just testing my own apps (running &lt;code&gt;./manage.py test myapp&lt;/code&gt; instead of &lt;code&gt;./manage.py test&lt;/code&gt;&lt;/p&gt;&#xA;</Body>
</answer>
