<question>
<Title>Python assert statement and code reusability</Title>
<Body>&lt;p&gt;The best practice seems to be to use &lt;code&gt;assert&lt;/code&gt; for a condition that should never happen if the code is correct, and an exception for a condition that is a bit unusual but can happen (e.g., when memory runs out, or user input is invalid, or external connections are broken). I understand the rationale behind this practice as follows:&lt;/p&gt;&#xA;&#xA;&lt;ol&gt;&#xA;&lt;li&gt;&lt;p&gt;&lt;code&gt;assert&lt;/code&gt; will be disabled with -O interpreter flag. Conditions that may arise from external factors must not be allowed to be silently ignored, so assert there is inappropriate. OTOH,  conditions that may only arise if my code is incorrect are hopefully eliminated through testing and debugging, so &lt;code&gt;assert&lt;/code&gt; is fine.&lt;/p&gt;&lt;/li&gt;&#xA;&lt;li&gt;&lt;p&gt;&lt;code&gt;assert&lt;/code&gt; discourages the caller from handling the exception, since &lt;code&gt;AssertionError&lt;/code&gt; is usually interpreted as &quot;don't catch me, this is a catastrophic failure&quot;. Furthermore, it is too generic to catch. This is perfect when a bug is found; the typical handling for that would be to stop the execution and debug the code. It is not good if it's a common condition due to external reasons.&lt;/p&gt;&lt;/li&gt;&#xA;&lt;/ol&gt;&#xA;&#xA;&lt;p&gt;Suppose I write some code where I ensure that a certain function argument is always positive. If I find it to be negative, clearly I made a mistake in the code. Hence, I am going to &lt;code&gt;assert&lt;/code&gt; that the argument is positive.&lt;/p&gt;&#xA;&#xA;&lt;p&gt;Later, someone finds this function useful in another application. They import it, and send all sorts of data to it. Now from the perspective of my function, receiving a negative value is actually quite likely; it is simply an invalid user input. Arguably, the &lt;code&gt;assert&lt;/code&gt; is no longer appropriate, and should be replaced with an exception.&lt;/p&gt;&#xA;&#xA;&lt;p&gt;Since almost any code could potentially be reused one day, often without my knowledge, this argument seems to say &quot;never use &lt;code&gt;assert&lt;/code&gt;; only use exceptions&quot;. Obviously, this is not an accepted practice.  What am I missing?&lt;/p&gt;&#xA;&#xA;&lt;p&gt;EDIT:&lt;/p&gt;&#xA;&#xA;&lt;p&gt;To be more specific, let's say the function cannot handle a negative argument at all. So once the argument is negative, the function will do one of the following:&lt;/p&gt;&#xA;&#xA;&lt;ul&gt;&#xA;&lt;li&gt;raise an exception&lt;/li&gt;&#xA;&lt;li&gt;fail an assert&lt;/li&gt;&#xA;&lt;li&gt;continue execution, likely producing incorrect output&lt;/li&gt;&#xA;&lt;/ul&gt;&#xA;&#xA;&lt;p&gt;I can see how it would be nice if negative arguments were caught by the caller. But if the calls to the function are interspersed in dozens of places around the code, it's arguably detrimental to the code clarity due to the numerous repetitions of the same check. (Not to mention, it could be forgotten by accident.)&lt;/p&gt;&#xA;</Body>
<Tags>python,exception,python-3.x,assert,software-design</Tags>
</question>
<answer>
<Body>&lt;p&gt;If the function you are writing/reusing is valid with positive or negative numbers, it is not the method that should contain the assert. The function calling the re-used function should have the assert because it is the function providing the invalid values to the function.&lt;/p&gt;&#xA;&#xA;&lt;pre&gt;&lt;code&gt;function x() {&#xA;   var i;&#xA;   // logic to set i. use assertion to test the logic.&#xA;   assert(i &amp;gt; 0);&#xA;   reusedFunc(i);&#xA;}&#xA;&lt;/code&gt;&lt;/pre&gt;&#xA;&#xA;&lt;p&gt;if reusedFunc(i) is not valid with negative numbers, it should throw an exception if passed a negative value.&lt;/p&gt;&#xA;</Body>
</answer>
<answer>
<Body>&lt;p&gt;&lt;code&gt;assert&lt;/code&gt; statements are for things that you use while developing and debugging the code, not to guarantee critical API constraints.&lt;/p&gt;&#xA;&#xA;&lt;p&gt;For your positive number example, test the value and raise &lt;code&gt;ValueError&lt;/code&gt; with a useful error message if using a negative value within your code would have bad consequences.&lt;/p&gt;&#xA;&#xA;&lt;p&gt;&lt;strong&gt;I&lt;/strong&gt; tell people never to use assert statements.  They are easy to write but yet they are so often inappropriate.&lt;/p&gt;&#xA;&#xA;&lt;p&gt;&lt;code&gt;assert&lt;/code&gt; statements also fall over when people write long ones and decide to use parentheses to make the statement and message span multiple lines... This generates a &lt;code&gt;SyntaxWarning&lt;/code&gt; in modern Python about the tuple that the author inadvertently created by using (condition, message) on a non-function statement but it hasn't always done so.&lt;/p&gt;&#xA;&#xA;&lt;p&gt;Another rule of thumb: If you ever see a unittest verifying that an &lt;code&gt;AssertionError&lt;/code&gt; was raised, the code should not be using an assert.&lt;/p&gt;&#xA;&#xA;&lt;p&gt;If you don't use &lt;code&gt;assert&lt;/code&gt; statements none of these things will ever bite you.&lt;/p&gt;&#xA;</Body>
</answer>
