<question>
<Title>CX0030: Error: Expression cannot be evaluated</Title>
<Body>&lt;p&gt;&lt;strong&gt;I cannot modify the member values of a class object because of the above error:&lt;/strong&gt;&lt;/p&gt;&#xA;&#xA;&lt;p&gt;When I call my initialize function to initialize my &quot;garo&quot; object, I receive the following run-time error, &lt;/p&gt;&#xA;&#xA;&lt;p&gt;&quot;Unhandled exception at 0x01323976 in Heretic.exe: 0xC0000005: Access violation reading location 0x00000008.&quot;&lt;/p&gt;&#xA;&#xA;&lt;p&gt;NOTE: The class Garo is a child of Object.&lt;/p&gt;&#xA;&#xA;&lt;p&gt;&lt;strong&gt;THE CODE&lt;/strong&gt;&lt;/p&gt;&#xA;&#xA;&lt;p&gt;&lt;strong&gt;Garo.h&lt;/strong&gt;&lt;/p&gt;&#xA;&#xA;&lt;pre&gt;&lt;code&gt;#pragma once&#xA;#include &quot;Object.h&quot;&#xA;&#xA;class Garo : public Object&#xA;{&#xA;private:&#xA;    int animationRow;&#xA;&#xA;public:&#xA;    Garo();&#xA;    void Destroy();&#xA;&#xA;    void Init(ALLEGRO_BITMAP *image = NULL);&#xA;    void Update();&#xA;    void Render();&#xA;&#xA;    void MoveLeft();&#xA;    void MoveRight();&#xA;    void Idle();&#xA;    void SetAnimationRow(int row);&#xA;};&#xA;&lt;/code&gt;&lt;/pre&gt;&#xA;&#xA;&lt;p&gt;&lt;strong&gt;Garo.cpp&lt;/strong&gt;&lt;/p&gt;&#xA;&#xA;&lt;pre&gt;&lt;code&gt;#include &quot;Garo.h&quot;&#xA;&#xA;Garo::Garo()&#xA;{&#xA;    Object::Init(20, 200, 3, 0, 0, 0, 16, 24);&#xA;}&#xA;&#xA;void Garo::Init(ALLEGRO_BITMAP *image)&#xA;{&#xA;    Object::Init(20, 200, 3, 0, 0, 0, 16, 24);&#xA;&#xA;    SetID(PLAYER);&#xA;    SetAlive(true);&#xA;&#xA;    maxFrame = 3;&#xA;    curFrame = 0;&#xA;    frameWidth = 32;&#xA;    frameHeight = 48;&#xA;    animationColumns = 4;&#xA;    animationDirection = 1;&#xA;&#xA;    animationRow = 0;&#xA;&#xA;    if(image != NULL)&#xA;        Garo::image = image;&#xA;}&#xA;&lt;/code&gt;&lt;/pre&gt;&#xA;&#xA;&lt;p&gt;... the rest has been abbreviated&lt;/p&gt;&#xA;&#xA;&lt;p&gt;&lt;strong&gt;Object.h&lt;/strong&gt;&lt;/p&gt;&#xA;&#xA;&lt;pre&gt;&lt;code&gt;#pragma once&#xA;&#xA;#include &amp;lt;iostream&amp;gt;&#xA;#include &amp;lt;allegro5/allegro5.h&amp;gt;&#xA;#include &amp;lt;allegro5/allegro_primitives.h&amp;gt;&#xA;#include &quot;Globals.h&quot;&#xA;&#xA;class Object&#xA;{&#xA;private:&#xA;    int ID;&#xA;    bool alive;&#xA;    bool collidable;&#xA;&#xA;protected:&#xA;    float x;&#xA;    float y;&#xA;&#xA;    float velX;&#xA;    float velY;&#xA;&#xA;    int dirX;&#xA;    int dirY;&#xA;&#xA;    int boundX;&#xA;    int boundY;&#xA;&#xA;    int maxFrame;&#xA;    int curFrame;&#xA;    int frameCount;&#xA;    int frameDelay;&#xA;    int frameWidth;&#xA;    int frameHeight;&#xA;    int animationColumns;&#xA;    int animationDirection;&#xA;&#xA;    ALLEGRO_BITMAP *image;&#xA;&#xA;public:&#xA;    Object();&#xA;    void virtual Destroy();&#xA;&#xA;    void Init(float x, float y, float velX, float velY, int dirX, int dirY, int boundX,               int boundY);&#xA;    void virtual Update();&#xA;    void virtual Render();&#xA;&#xA;    float GetX() {return x;}&#xA;    float GetY() {return y;}&#xA;&#xA;    void SetX(float x) {Object::x = x;}&#xA;    void SetY(float y) {Object::y = y;}&#xA;&#xA;    int GetBoundX() {return boundX;}&#xA;    int GetBoundY() {return boundY;}&#xA;&#xA;    int GetID() {return ID;}&#xA;    void SetID(int ID) {Object::ID = ID;}&#xA;&#xA;    bool GetAlive() {return alive;}&#xA;    void SetAlive(bool alive) {Object::alive = alive;}&#xA;&#xA;    bool GetCollidable() {return collidable;}&#xA;    void SetCollidable(bool collidable) {Object::collidable = collidable;}&#xA;&#xA;    bool CheckCollisions(Object *otherObject);&#xA;    void virtual Collided(int objectID);&#xA;    bool Collidable();&#xA;};&#xA;&lt;/code&gt;&lt;/pre&gt;&#xA;&#xA;&lt;p&gt;&lt;strong&gt;Object.cpp&lt;/strong&gt;&lt;/p&gt;&#xA;&#xA;&lt;pre&gt;&lt;code&gt;#include &quot;Object.h&quot;&#xA;&#xA;Object::Object()&#xA;{&#xA;    x = 0;&#xA;    y = 0;&#xA;&#xA;    velX = 0;&#xA;    velY = 0;&#xA;&#xA;    dirX = 0;&#xA;    dirY = 0;&#xA;&#xA;    boundX = 0;&#xA;    boundY = 0;&#xA;&#xA;    maxFrame = 0;&#xA;    curFrame = 0;&#xA;    frameCount = 0;&#xA;    frameDelay = 0;&#xA;    frameWidth = 0;&#xA;    frameHeight = 0;&#xA;    animationColumns = 0;&#xA;    animationDirection = 0;&#xA;&#xA;    image = NULL;&#xA;&#xA;    alive = true;&#xA;    collidable = true;&#xA;}&#xA;&#xA;void Object::Init(float x, float y, float velX, float velY, int dirX, int dirY, int boundX, int boundY)&#xA;{&#xA;    std::cout &amp;lt;&amp;lt; &quot;HERE?&quot; &amp;lt;&amp;lt; std::endl;&#xA;    Object::x = x;&#xA;    Object::y = y;&#xA;&#xA;    Object::velX = velX;&#xA;    Object::velY = velY;&#xA;&#xA;    Object::dirX = dirX;&#xA;    Object::dirY = dirY;&#xA;&#xA;    Object::boundX = boundX;&#xA;    Object::boundY = boundY;&#xA;}&#xA;&lt;/code&gt;&lt;/pre&gt;&#xA;&#xA;&lt;p&gt;&lt;strong&gt;The Calling Code&lt;/strong&gt;&lt;/p&gt;&#xA;&#xA;&lt;pre&gt;&lt;code&gt;Garo *garo;&#xA;// ...&#xA;garo-&amp;gt;Init(garo_img);&#xA;&lt;/code&gt;&lt;/pre&gt;&#xA;&#xA;&lt;p&gt;This is where I receive the run-time error. I'm using Allegro libraries, so feel free to ask about any weird types you may see. I am stilling learning C++, so please help me to understand in rudimentary terms.&lt;/p&gt;&#xA;</Body>
<Tags>c++,pointers</Tags>
</question>
<answer>
<Body>&lt;p&gt;You need to instantiate an object instance to operate on. For example:&lt;/p&gt;&#xA;&#xA;&lt;pre&gt;&lt;code&gt;garo = new Garo();&#xA;&lt;/code&gt;&lt;/pre&gt;&#xA;&#xA;&lt;p&gt;By missing this out you are trying to invoke methods on an uninitialized variable. You should probably consider using some form of smart pointer to ensure that the object is destroyed.&lt;/p&gt;&#xA;</Body>
</answer>
