<question>
<Title>Signal Handlers vs Virtual Functions &amp; Inheritance (Event Handling)</Title>
<Body>&lt;p&gt;I have a basic Window class that I need to have events such as MouseDown, MouseUp, WindowResized etc. I have two possible routes: Signal handlers (e.g. Boost.Signal) or virtual functions where the user of the class creates a class derived from Window and overrides the OnMouseUp, OnMouseDown and OnWindowResized functions. What are the advantages and  disadvantages of each or is it a matter of style?&lt;/p&gt;&#xA;&#xA;&lt;p&gt;I am writing this in C++ but I guess the concept is more important.&lt;/p&gt;&#xA;&#xA;&lt;p&gt;Thanks in advance, ell.&lt;/p&gt;&#xA;</Body>
<Tags>c++,event-handling,virtual,signals-slots</Tags>
</question>
<answer>
<Body>&lt;p&gt;This is a study related to the performance of various approaches (plain c, virtual, boost::signal, etc.). &lt;a href=&quot;http://www.kbasm.com/cpp-callback-benchmark.html&quot; rel=&quot;nofollow&quot;&gt;Study&lt;/a&gt; &lt;/p&gt;&#xA;&#xA;&lt;p&gt;According to this there are some serious problems with the boost.signal. To be frank with you I haven't used much that library though I thought it is a very interesting question as I was toying with the same idea. As it stands I would go with the virtual implementation.&lt;/p&gt;&#xA;&#xA;&lt;p&gt;Regards. :)&lt;/p&gt;&#xA;</Body>
</answer>
