<question>
<Title>How does copy constructor work?</Title>
<Body>&lt;p&gt;How does a copy constructor work in c++&lt;/p&gt;&#xA;&#xA;&lt;p&gt;Error   1   error C2064: term does not evaluate to a function taking 1 arguments    c:\users\thuan\dropbox\homework\css 342\lab2\lab2\lab2\lab2.cpp 26&lt;/p&gt;&#xA;&#xA;&lt;pre&gt;&lt;code&gt;#include &quot;intset.h&quot;&#xA;&#xA;int main() {&#xA;IntSet object1;&#xA;IntSet object2(9);  &#xA;&#xA;object1(object2); //error here&#xA;&#xA;   return 0;&#xA;}&#xA;//constructor&#xA;IntSet::IntSet(int a, int b, int c, int d, int e)&#xA;{&#xA;numOfArray++;&#xA;int tempArray[] = {a, b, c, d, e};&#xA;size = determineHighest(tempArray) + 1; &#xA;&#xA;arrayPtr = new bool[size]();&#xA;&#xA;for (int i = 0; i &amp;lt; MAXINITIALSIZE; i++)&#xA;{&#xA;    if (tempArray[i] == -1)&#xA;        continue;&#xA;    arrayPtr[tempArray[i]]= true;&#xA;}   &#xA;}&#xA;//copy constructor&#xA;IntSet::IntSet(const IntSet &amp;amp;intsetObject)&#xA;{&#xA;numOfArray++;&#xA;size = intsetObject.size;&#xA;&#xA;arrayPtr = new bool[size];&#xA;&#xA;for (int i = 0; i &amp;lt; size; i++)&#xA;{&#xA;    if (intsetObject.arrayPtr[i])&#xA;        arrayPtr[i] = intsetObject.arrayPtr[i];&#xA;}&#xA;}&#xA;&lt;/code&gt;&lt;/pre&gt;&#xA;</Body>
<Tags>c++,constructor,copy</Tags>
</question>
<answer>
<Body>&lt;p&gt;You are defining the object as a variable and then you are using it like a function. You are trying to construct the object when it's already constructed&lt;/p&gt;&#xA;&#xA;&lt;p&gt;Try&lt;/p&gt;&#xA;&#xA;&lt;pre&gt;&lt;code&gt;IntSet object2(9);&#xA;IntSet object1(object2);&#xA;&lt;/code&gt;&lt;/pre&gt;&#xA;</Body>
</answer>
<answer>
<Body>&lt;p&gt;You've already constructed &lt;code&gt;object1&lt;/code&gt; with the default constructor when you do&lt;/p&gt;&#xA;&#xA;&lt;pre&gt;&lt;code&gt;IntSet object1;&#xA;&lt;/code&gt;&lt;/pre&gt;&#xA;&#xA;&lt;p&gt;To copy consrtuct you need to change this to&lt;/p&gt;&#xA;&#xA;&lt;pre&gt;&lt;code&gt;IntSet object1( object2 );&#xA;&lt;/code&gt;&lt;/pre&gt;&#xA;&#xA;&lt;p&gt;at some point &lt;em&gt;after&lt;/em&gt; defining &lt;code&gt;object2&lt;/code&gt; (you will probably want to swap the names of your two variables).&lt;/p&gt;&#xA;</Body>
</answer>
<answer>
<Body>&lt;p&gt;as the argument of copy constructor is a constant object and in code while calling it you are passing non constant object which is not permissible .&lt;/p&gt;&#xA;</Body>
</answer>
<answer>
<Body>&lt;p&gt;After you declare &lt;/p&gt;&#xA;&#xA;&lt;pre&gt;&lt;code&gt;InSet object1;&#xA;&lt;/code&gt;&lt;/pre&gt;&#xA;&#xA;&lt;p&gt;the object named &lt;code&gt;object1&lt;/code&gt; exists (created via the default constructor).  Copy constructor (just like a regular constructor) creates a new object.  Since the object already exists, the expression &lt;code&gt;object1(object2);&lt;/code&gt; cannot be a copy-constructor call.  For that, you need to declare your variables like this:&lt;/p&gt;&#xA;&#xA;&lt;pre&gt;&lt;code&gt;InSet object2(9);&#xA;InSet object1(object2);&#xA;&lt;/code&gt;&lt;/pre&gt;&#xA;&#xA;&lt;p&gt;If you wanted to copy &lt;code&gt;object2&lt;/code&gt; to the already existing &lt;code&gt;object1&lt;/code&gt;, you will need an &lt;em&gt;assignment operator&lt;/em&gt; (&lt;code&gt;InSet&amp;amp; InSet::operator=(const InSet&amp;amp; other);&lt;/code&gt;)&lt;/p&gt;&#xA;&#xA;&lt;p&gt;&lt;em&gt;Note:&lt;/em&gt; The compiler error is telling you that the expression &lt;code&gt;(object1(object2);&lt;/code&gt; is a function call expression: you will need to define the &lt;em&gt;function call operator&lt;/em&gt; (&lt;code&gt;void InSet::operator()(const InSet&amp;amp; obj)&lt;/code&gt;) to make it compile (the return type could be anything else, not just &lt;code&gt;void&lt;/code&gt;, depending on your need.)  If you define the function call operator, you turn your object into what is called a &lt;em&gt;functor&lt;/em&gt;&lt;/p&gt;&#xA;&#xA;&lt;p&gt;The compiler error (&lt;em&gt;term does not evaluate to a function taking 1 arguments&lt;/em&gt;) is correct, but misleading wrt. to your problem (but there is no way for the compiler to know you wanted to use the copy constructor, instead of a function call)&lt;/p&gt;&#xA;&#xA;&lt;p&gt;&lt;em&gt;Note:&lt;/em&gt; On many compilers the expression&lt;/p&gt;&#xA;&#xA;&lt;pre&gt;&lt;code&gt;InSet object2(9);&#xA;InSet object1 = object2;&#xA;&lt;/code&gt;&lt;/pre&gt;&#xA;&#xA;&lt;p&gt;also results in a call to the copy constructor (instead of default-constructing the object and then calling assignment operator on it), if available -- this is a possible compiler optimization. &lt;/p&gt;&#xA;&#xA;&lt;p&gt;Note: The declarations &lt;code&gt;InSet object1;&lt;/code&gt; and &lt;code&gt;InSet object2(9);&lt;/code&gt; are invalid if the only (regular) constructor you have is the one you listed, unless you have default values for the (regular) constructor's parameters in the class definition (where the constructor is declared), which you did not include.&lt;/p&gt;&#xA;</Body>
</answer>
<answer>
<Body>&lt;p&gt;it might help you to understand copy constructor &lt;/p&gt;&#xA;&#xA;&lt;p&gt;A copy constructor is used to declare and intilized an object from another obkect. whenever we have statement like &lt;code&gt;demo d2-d1&lt;/code&gt; (assume demo is class name and d1 is an already declared object of demo class),they make call to copy constructor  defined in the class &lt;/p&gt;&#xA;&#xA;&lt;p&gt;for a class demo copy constructor is written as &lt;/p&gt;&#xA;&#xA;&lt;pre&gt;&lt;code&gt;demo(demo &amp;amp; d)&#xA; {&#xA;  //copy constructor code;&#xA; }&#xA;&lt;/code&gt;&lt;/pre&gt;&#xA;&#xA;&lt;p&gt;example:&lt;/p&gt;&#xA;&#xA;&lt;pre&gt;&lt;code&gt;#include&amp;lt;iostream.h&amp;gt;&#xA;class demo&#xA;{&#xA; int data;&#xA;public:&#xA;   demo(int x)&#xA;    {&#xA;      data=x;&#xA;    }&#xA;&#xA;    demo(demo &amp;amp; d)&#xA;     {&#xA;       data=d.data;&#xA;        cout&amp;lt;&amp;lt;&quot;copy constructor is called&quot;;&#xA;      }&#xA;    void show()&#xA;      {&#xA;        cout&amp;lt;&amp;lt;&quot;data =&quot;&amp;lt;&amp;lt;data&amp;lt;&amp;lt;endl;&#xA;       }&#xA;};&#xA;&#xA;void main()&#xA;{ &#xA; demo d1(200);&#xA; demo d2=d1;   //copy constructor is called and object passed as a reference not value &#xA; d2.show;&#xA;}&#xA;&lt;/code&gt;&lt;/pre&gt;&#xA;</Body>
</answer>
