<question>
<Title>python named arguments auto-naming</Title>
<Body>&lt;p&gt;So if I have a function which takes loads of named arguments:&lt;/p&gt;&#xA;&#xA;&lt;pre&gt;&lt;code&gt;def foo(a = 1, b = 2, c = 3, d = 4, e = 5) # etc...&#xA;    pass&#xA;&lt;/code&gt;&lt;/pre&gt;&#xA;&#xA;&lt;p&gt;and I'm calling it with all the arguments having exactly the same names as in the definition:&lt;/p&gt;&#xA;&#xA;&lt;pre&gt;&lt;code&gt;a = 0&#xA;b = 0&#xA;c = 0&#xA;d = 0&#xA;e = 0&#xA;&lt;/code&gt;&lt;/pre&gt;&#xA;&#xA;&lt;p&gt;is there a way to avoid doing this?&lt;/p&gt;&#xA;&#xA;&lt;pre&gt;&lt;code&gt;foo(e = e, b = b, d = d, a = a, c = c)&#xA;&lt;/code&gt;&lt;/pre&gt;&#xA;&#xA;&lt;p&gt;and just do this:&lt;/p&gt;&#xA;&#xA;&lt;pre&gt;&lt;code&gt;foo(e, b, d, a, c)&#xA;&lt;/code&gt;&lt;/pre&gt;&#xA;&#xA;&lt;p&gt;?&lt;/p&gt;&#xA;&#xA;&lt;p&gt;I guess I can do this:&lt;/p&gt;&#xA;&#xA;&lt;pre&gt;&lt;code&gt;foo(a, b, c, d, e)&#xA;&lt;/code&gt;&lt;/pre&gt;&#xA;&#xA;&lt;p&gt;but what if the arguments have complicated names and I can't remember the order of them by heart?&lt;/p&gt;&#xA;</Body>
<Tags>python,argument-passing</Tags>
</question>
<answer>
<Body>&lt;p&gt;Well, you &lt;em&gt;could&lt;/em&gt; do something like:&lt;/p&gt;&#xA;&#xA;&lt;pre&gt;&lt;code&gt;def foo(a, b, c, d):&#xA;    print a, b, c, d&#xA;&#xA;&#xA;d = 4&#xA;b = 2&#xA;c = 3&#xA;a = 1&#xA;&#xA;import inspect&#xA;foo(*[locals().get(arg, None) for arg in inspect.getargspec(foo).args])&#xA;&lt;/code&gt;&lt;/pre&gt;&#xA;&#xA;&lt;p&gt;but I'm not sure I can recommend this... In practice I'd use a dictionary of arguments:&lt;/p&gt;&#xA;&#xA;&lt;pre&gt;&lt;code&gt;foo_params = {&#xA;    'd' : 4,&#xA;    'b' : 2,&#xA;    'c' : 3,&#xA;    'a' : 1&#xA;}&#xA;&#xA;foo(**foo_params)&#xA;&lt;/code&gt;&lt;/pre&gt;&#xA;&#xA;&lt;p&gt;of write a wrapper for &lt;code&gt;foo&lt;/code&gt; which uses less arguments.&lt;/p&gt;&#xA;</Body>
</answer>
<answer>
<Body>&lt;p&gt;You can do the following:&lt;/p&gt;&#xA;&#xA;&lt;pre&gt;&lt;code&gt;def func(a=1, b=2, c=3, **kw):&#xA;    print a,b,c&#xA;&#xA;a = 11&#xA;b = 22&#xA;c = 33&#xA;&#xA;func(**locals())&#xA;&lt;/code&gt;&lt;/pre&gt;&#xA;</Body>
</answer>
<answer>
<Body>&lt;p&gt;Python's argument passing mechanisms are &lt;em&gt;extremely&lt;/em&gt; flexible.  If they're not flexible enough, this seems like a design smell to me ...&lt;/p&gt;&#xA;&#xA;&lt;ul&gt;&#xA;&lt;li&gt;&lt;p&gt;possible smell: &lt;strong&gt;too many arguments to a function&lt;/strong&gt;.  Solutions:  split into multiple functions, pass some args together in a dictionary or object.&lt;/p&gt;&lt;/li&gt;&#xA;&lt;li&gt;&lt;p&gt;possible smell: &lt;strong&gt;bad variable names&lt;/strong&gt;.  Solution:  give variables more descriptive names.&lt;/p&gt;&lt;/li&gt;&#xA;&lt;/ul&gt;&#xA;&#xA;&lt;p&gt;Or just bite the bullet, figure out the correct order, and keep it simple.&lt;/p&gt;&#xA;</Body>
</answer>
<answer>
<Body>&lt;p&gt;If changing the function is not an option for you but you have the liberty to change the methodology in which you are assigning value to the parameters passed, here is a example code that might be helpful to you. This used orderdict to preserv the &lt;/p&gt;&#xA;&#xA;&lt;p&gt;Given&lt;/p&gt;&#xA;&#xA;&lt;pre&gt;&lt;code&gt;&amp;gt;&amp;gt;&amp;gt; def foo(a = 1, b = 2, c = 3, d = 4, e = 5):&#xA;    print &quot;a={0},b={1},c={2},d={3},e={4}&quot;.format(a,b,c,d,e)&#xA;&lt;/code&gt;&lt;/pre&gt;&#xA;&#xA;&lt;p&gt;the you can do&lt;/p&gt;&#xA;&#xA;&lt;pre&gt;&lt;code&gt;&amp;gt;&amp;gt;&amp;gt; var=dict()&#xA;&amp;gt;&amp;gt;&amp;gt; var['c']=12&#xA;&amp;gt;&amp;gt;&amp;gt; var['a']=10&#xA;&amp;gt;&amp;gt;&amp;gt; var['b']=11&#xA;&amp;gt;&amp;gt;&amp;gt; var['e']=14&#xA;&amp;gt;&amp;gt;&amp;gt; foo(**var)&#xA;a=10,b=11,c=12,d=4,e=14&#xA;&lt;/code&gt;&lt;/pre&gt;&#xA;&#xA;&lt;p&gt;Note, this answer is similar to what was proposed by @thg435 but you are&lt;/p&gt;&#xA;&#xA;&lt;ol&gt;&#xA;&lt;li&gt;Not using inspect to hack the arguments a function expects.&lt;/li&gt;&#xA;&lt;li&gt;Not looking through the local/global dictionary.&lt;/li&gt;&#xA;&lt;li&gt;Supports missing arguments which defaults to what is the default argument.&lt;/li&gt;&#xA;&lt;li&gt;And off-course you do not have to remember the order.&lt;/li&gt;&#xA;&lt;li&gt;And you don;t even have to pass the variables as parameters. Just pass the dictionary.&lt;/li&gt;&#xA;&lt;/ol&gt;&#xA;</Body>
</answer>
<answer>
<Body>&lt;p&gt;Calling a 5-argument function with a completely different set of arguments each time is pretty rare. If, in practice, you're using the same a, c, and e args most of the time and calling with different b and d args (for example), you can create a class to help you with this:&lt;/p&gt;&#xA;&#xA;&lt;pre&gt;&lt;code&gt;class FooWrapper(object):&#xA;    def __init__( self, commonA, commonC, commonE ):&#xA;        self.a = commonA&#xA;        self.c = commonC&#xA;        self.e = commonE&#xA;&#xA;    def invokeFoo( self, _b, _d ):&#xA;        foo( a=self.a, b = _b, c = self.c, d = _d, e = self.e )&#xA;&#xA;w = FooWrapper( 1, 2, 3 )&#xA;w.invokeFoo( 4, 5 )          # calls foo( 1, 4, 2, 5, 3 )&#xA;w.invokeFoo( 6, 7 )          # calls foo( 1, 6, 2, 7, 3 )&#xA;&lt;/code&gt;&lt;/pre&gt;&#xA;</Body>
</answer>
