<question>
<Title>My memory leak in C++ program</Title>
<Body>&lt;p&gt;I'm faced a new problem something with memory allocation and leak here  is my error log: &lt;/p&gt;&#xA;&#xA;&lt;pre&gt;&lt;code&gt;Dr. Memory version 1.4.6 build 2 built on Mar  7 2012 10:14:04&#xA;Application cmdline: &quot;&quot;D:\c++\Begin\Lab3-5_OOP\Debug\Lab3-5_OOP.exe&quot;&quot;&#xA;Recorded 62 suppression(s) from default C:\Program Files (x86)\Dr. Memory/bin/suppress-default.txt&#xA;&#xA;Error #1: UNINITIALIZED READ: reading register eax&#xA;# 0 _fu89___ZSt4cout               [D:\c++\Begin\Lab3-5_OOP\Debug/../Controller.cpp:156]&#xA;# 1 main                           [D:\c++\Begin\Lab3-5_OOP\Debug/../M.cpp:25]&#xA;Note: @0:00:00.924 in thread 4584&#xA;Note: instruction: test   %eax %eax&#xA;&#xA;Error #2: LEAK 12 direct bytes 0x00531420-0x0053142c + 1024 indirect bytes&#xA;# 0 libstdc++-6.dll!Znwj           &#xA;# 1 constr()               [D:\c++\Begin\Lab3-5_OOP\Debug/../ListStruc.cpp:24]&#xA;# 2 main                   [D:\c++\Begin\Lab3-5_OOP\Debug/../M.cpp:18]&#xA;&#xA;Error #3: LEAK 12 direct bytes 0x009bec48-0x009bec54 + 1024 indirect bytes&#xA;# 0 libstdc++-6.dll!Znwj  +0x23     (0x6fcbb523 &amp;lt;libstdc++-6.dll+0x7b523&amp;gt;)&#xA;# 1 constr()               [D:\c++\Begin\Lab3-5_OOP\Debug/../ListStruc.cpp:24]&#xA;# 2 main                   [D:\c++\Begin\Lab3-5_OOP\Debug/../M.cpp:20]&#xA;&#xA;DUPLICATE ERROR COUNTS:&#xA;&#xA;SUPPRESSIONS USED:&#xA;&#xA;ERRORS FOUND:&#xA;      0 unique,     0 total unaddressable access(es)&#xA;      1 unique,     1 total uninitialized access(es)&#xA;      0 unique,     0 total invalid heap argument(s)&#xA;      0 unique,     0 total warning(s)&#xA;      2 unique,     2 total,   2072 byte(s) of leak(s)&#xA;      0 unique,     0 total,      0 byte(s) of possible leak(s)&#xA;ERRORS IGNORED:&#xA;     78 still-reachable allocation(s)&#xA;         (re-run with &quot;-show_reachable&quot; for details)&#xA;Details: C:\Users\Warzaru\AppData\Roaming/Dr. Memory/DrMemory-Lab3-5_OOP.exe.10024.000/results.txt&#xA;&lt;/code&gt;&lt;/pre&gt;&#xA;&#xA;&lt;p&gt;Struct:&lt;/p&gt;&#xA;&#xA;&lt;pre&gt;&lt;code&gt;const int days=31;&#xA;const int exp=6;&#xA;&#xA;struct Arr{&#xA;    int days;&#xA;    int exp;&#xA;    int **M;&#xA;};&#xA;typedef Arr* Array;&#xA;&lt;/code&gt;&lt;/pre&gt;&#xA;&#xA;&lt;p&gt;Constructor:&lt;/p&gt;&#xA;&#xA;&lt;pre&gt;&lt;code&gt;void constr(Array &amp;amp;loc){&#xA;    //Construct of 31*6 Matrix, were 31 nr. of days and 6 specific types:&#xA;    //0-HouseKeeping, 1-Food, 2-Transport, 3-Clothing, 4-TelNet, 5-others&#xA;    loc=new Arr;&#xA;    loc-&amp;gt;days = days;&#xA;    loc-&amp;gt;exp = exp;&#xA;    loc-&amp;gt;M = new int*[loc-&amp;gt;days];&#xA;    for(int i=0; i&amp;lt;loc-&amp;gt;days;i++ ){&#xA;       loc-&amp;gt;M[i] = new int[loc-&amp;gt;exp];&#xA;       for (int j = 0; j &amp;lt; loc-&amp;gt;exp; j++){&#xA;           loc-&amp;gt;M[i][j] = 0;&#xA;       }&#xA;    }&#xA;}&#xA;&lt;/code&gt;&lt;/pre&gt;&#xA;&#xA;&lt;p&gt;The program  errors me only for some  function of ti for example function: &lt;/p&gt;&#xA;&#xA;&lt;pre&gt;&lt;code&gt;void maxDay(Array &amp;amp;M){&#xA;    //Output the day with highest value&#xA;    cout&amp;lt;&amp;lt;&quot;test&quot;;&#xA;    int hD = 0;&#xA;    int s1 = 0;&#xA;    int s2 = 0;&#xA;    cout&amp;lt;&amp;lt;&quot;test&quot;;&#xA;    for(int i = 0; i&amp;lt;30;i++){&#xA;        s1=0;&#xA;        for (int j=0; i&amp;lt;5; j++){&#xA;            s1 = s1 + M-&amp;gt;M[i][j];&#xA;            if(s2 &amp;lt;= s1){&#xA;                s2 = s1;&#xA;                hD = i;&#xA;                cout&amp;lt;&amp;lt;&quot;test&quot;;&#xA;            }&#xA;        }&#xA;    }&#xA;&#xA;}&#xA;&lt;/code&gt;&lt;/pre&gt;&#xA;&#xA;&lt;p&gt;So short, I have a structure &lt;code&gt;Arr&lt;/code&gt; ( Matrix of 31*6) were I store ints (different types of expenses) but when I use some of my functions I get Segmentation fault. I have no experience with this kind of errors, so any advices are useful.&lt;/p&gt;&#xA;&#xA;&lt;p&gt;EDIT:&lt;/p&gt;&#xA;&#xA;&lt;pre&gt;&lt;code&gt;void destruc(Array &amp;amp;loc){&#xA;    for(int i=0; i&amp;lt;loc-&amp;gt;days;i++ ){&#xA;       delete[] loc-&amp;gt;M[i];&#xA;       for (int j = 0; j &amp;lt; loc-&amp;gt;exp; j++){&#xA;           delete[] loc-&amp;gt;M[i][j];&#xA;   }&#xA;}&#xA;}&#xA;&lt;/code&gt;&lt;/pre&gt;&#xA;</Body>
<Tags>c++,memory-leaks,new-operator,delete-operator</Tags>
</question>
<answer>
<Body>&lt;p&gt;Follow the rule &quot;Deallocate every block of memory that you have allocated dynamically&quot; &lt;/p&gt;&#xA;&#xA;&lt;p&gt;Deallocate using &lt;code&gt;delete&lt;/code&gt; the memory you have allocated using &lt;code&gt;new&lt;/code&gt;&lt;/p&gt;&#xA;&#xA;&lt;p&gt;This may throw some light for you &lt;a href=&quot;http://www.cplusplus.com/doc/tutorial/dynamic/&quot; rel=&quot;nofollow&quot;&gt;http://www.cplusplus.com/doc/tutorial/dynamic/&lt;/a&gt;&lt;/p&gt;&#xA;&#xA;&lt;p&gt;If you allocated an array using &lt;code&gt;new[]&lt;/code&gt; then delete it using &lt;code&gt;delete[]&lt;/code&gt;&lt;/p&gt;&#xA;&#xA;&lt;p&gt;In this case i would suggest you to write a constructor and destructor for the &lt;code&gt;struct Arr&lt;/code&gt; instead of writing normal functions.&lt;/p&gt;&#xA;</Body>
</answer>
<answer>
<Body>&lt;pre&gt;&lt;code&gt;// I hope you intended to write j&amp;lt;5&#xA;for (int j=0; i&amp;lt;5; j++){  //infinite Loop... as j is still 0&#xA;&lt;/code&gt;&lt;/pre&gt;&#xA;&#xA;&lt;p&gt;So what happens with the statement &lt;code&gt;i&amp;lt;5&lt;/code&gt; in your program is, your inner for loop becomes an indefinite loop and tries to access unallocated memory.&lt;/p&gt;&#xA;</Body>
</answer>
<answer>
<Body>&lt;pre&gt;&lt;code&gt;1    void destruc(Array &amp;amp;loc) {&#xA;2        for(int i=0; i&amp;lt;loc-&amp;gt;days;i++ ) {&#xA;3            delete[] loc-&amp;gt;M[i];&#xA;4            for (int j = 0; j &amp;lt; loc-&amp;gt;exp; j++) {&#xA;5                delete[] loc-&amp;gt;M[i][j];&#xA;6            }&#xA;7        }&#xA;8    }&#xA;&lt;/code&gt;&lt;/pre&gt;&#xA;&#xA;&lt;p&gt;i see you're delete[]'ing loc-&gt;M[i] (line 3) and yet you still references it's contents at line 5. &lt;/p&gt;&#xA;&#xA;&lt;p&gt;I suggest this is a bug as you've handed the memory back to the heap and any other part of your application can now re-use it. So by the time your application gets to line 5 it may not have the contents you expect.&lt;/p&gt;&#xA;&#xA;&lt;p&gt;I'd suggest rewriting it as...&lt;/p&gt;&#xA;&#xA;&lt;pre&gt;&lt;code&gt;1    void destruc(Array &amp;amp;loc) {&#xA;2        for(int i=0; i&amp;lt;loc-&amp;gt;days;i++ ) {&#xA;3            for (int j = 0; j &amp;lt; loc-&amp;gt;exp; j++) {&#xA;4                delete[] loc-&amp;gt;M[i][j];&#xA;5            }&#xA;6            delete[] loc-&amp;gt;M[i];&#xA;7        }&#xA;8    }&#xA;&lt;/code&gt;&lt;/pre&gt;&#xA;</Body>
</answer>
<answer>
<Body>&lt;p&gt;The destructor in seems to be strange&lt;/p&gt;&#xA;&#xA;&lt;pre&gt;&lt;code&gt;void destruc(Array &amp;amp;loc){&#xA;    for(int i=0; i&amp;lt;loc-&amp;gt;days;i++ ){&#xA;       delete[] loc-&amp;gt;M[i]; &amp;lt;-------------- deleting array of pointers to array&#xA;       for (int j = 0; j &amp;lt; loc-&amp;gt;exp; j++){&#xA;           delete[] loc-&amp;gt;M[i][j]; &amp;lt;------- deleting pointer to array that&#xA;                                           is already deallocated&#xA;   }&#xA;}&#xA;&lt;/code&gt;&lt;/pre&gt;&#xA;&#xA;&lt;p&gt;Destructor should look the following way (in accordance to constructor):&lt;/p&gt;&#xA;&#xA;&lt;pre&gt;&lt;code&gt;void destruc(Array &amp;amp;loc){&#xA;    for(int i=0; i&amp;lt;loc-&amp;gt;days;i++ ){&#xA;       delete[] loc-&amp;gt;M[i];&#xA;    }&#xA;    delete[] M;&#xA;}&#xA;&lt;/code&gt;&lt;/pre&gt;&#xA;</Body>
</answer>
