<question>
<Title>Lexicographical Sorting of Word List</Title>
<Body>&lt;p&gt;I need to merge and sort lists of 100,000+ words lexicographically. I currently do it with a slightly modified bubble sort, but at O(n^2) it takes quite a while. Are there any faster algorithms for sorting lists of words? I'm using Python, but if there is a language that can handle this better I'm open to suggestions.&lt;/p&gt;&#xA;</Body>
<Tags>python,algorithm,sorting</Tags>
</question>
<answer>
<Body>&lt;p&gt;Use the built-in &lt;code&gt;sort()&lt;/code&gt; list method:&lt;/p&gt;&#xA;&#xA;&lt;pre&gt;&lt;code&gt;&amp;gt;&amp;gt;&amp;gt; words = [ 'baloney', 'aardvark' ]&#xA;&amp;gt;&amp;gt;&amp;gt; words.sort()&#xA;&amp;gt;&amp;gt;&amp;gt; print words&#xA;['aardvark', 'baloney']&#xA;&lt;/code&gt;&lt;/pre&gt;&#xA;&#xA;&lt;p&gt;It uses a &lt;code&gt;O(n lg(n))&lt;/code&gt; sort&lt;sup&gt;1&lt;/sup&gt;, the &lt;a href=&quot;http://en.wikipedia.org/wiki/Timsort&quot; rel=&quot;noreferrer&quot;&gt;Timsort&lt;/a&gt; (which is a modified merge-sort, I believe. It's highly tuned for speed.).&lt;/p&gt;&#xA;&#xA;&lt;hr&gt;&#xA;&#xA;&lt;p&gt;&lt;sup&gt;1&lt;/sup&gt; As pointed out in the comments, this refers to the number of element comparisons, not the number of low-level operations. Since the elements in this case are strings, and comparing two strings takes &lt;code&gt;min{|S1|, |S2|}&lt;/code&gt; character comparisons, the total complexity is &lt;code&gt;O(n lg(n) * |S|)&lt;/code&gt; where &lt;code&gt;|S|&lt;/code&gt; is the length of the longest string being sorted. This is true of all comparison sorts, however -- the true number of operations varies depending on the cost of the element-comparison function for the type of elements being sorted. Since all comparison sorts use the same comparison function, you can just ignore this subtlety when comparing the algorithmic complexity of these sorts amongst each other.&lt;/p&gt;&#xA;</Body>
</answer>
<answer>
<Body>&lt;p&gt;Any &lt;code&gt;O(nlogn)&lt;/code&gt; &lt;a href=&quot;http://en.wikipedia.org/wiki/Sorting_algorithm#Comparison_of_algorithms&quot; rel=&quot;nofollow&quot;&gt;sorting algorithm&lt;/a&gt; will probably do it better then bubble sort, but they will be &lt;code&gt;O(nlogn * |S|)&lt;/code&gt;&lt;/p&gt;&#xA;&#xA;&lt;p&gt;However, sorting strings can be done in &lt;code&gt;O(n*|S|)&lt;/code&gt; where &lt;code&gt;|S|&lt;/code&gt; is the length of the average string, using a &lt;a href=&quot;http://en.wikipedia.org/wiki/Trie&quot; rel=&quot;nofollow&quot;&gt;trie&lt;/a&gt;, and a simple &lt;a href=&quot;http://en.wikipedia.org/wiki/Depth-first_search&quot; rel=&quot;nofollow&quot;&gt;DFS&lt;/a&gt;.&lt;/p&gt;&#xA;&#xA;&lt;p&gt;high-level pseudo code:&lt;/p&gt;&#xA;&#xA;&lt;pre&gt;&lt;code&gt;1. create a trie from your collection.&#xA;2. do a DFS on the trie generated, and add each string &#xA;   to the list when you reach terminal node.&#xA;&lt;/code&gt;&lt;/pre&gt;&#xA;</Body>
</answer>
