<question>
<Title>How would I clear a linked list?</Title>
<Body>&lt;p&gt;I have been trying to write a shortest path algorithm, dijkstras algorithm, finding the shortest path for the first two vertices works just fine. I run into the problem while trying to clear a linked list and a priority queue.&lt;/p&gt;&#xA;&#xA;&lt;pre&gt;&lt;code&gt;class llNode {&#xA;public:&#xA;    int id;&#xA;    int source;&#xA;    int weight;&#xA;    llNode* next;&#xA;    llNode(int key, int distance, int from) {&#xA;        id=key;&#xA;        weight=distance;&#xA;        source=from;&#xA;        next = NULL;&#xA;    }&#xA;};&#xA;&#xA;&#xA;class lList {&#xA;private:&#xA;    llNode* root;&#xA;    llNode* end;&#xA;&#xA;    void clearAll(llNode* toClear);&#xA;&#xA;&#xA;public:&#xA;    lList() {&#xA;        root = NULL;&#xA;    }&#xA;&#xA;    void add(llNode* toAdd) {&#xA;        if ( root == NULL) {&#xA;            root = toAdd;&#xA;            end = toAdd;&#xA;            return;&#xA;        }&#xA;&#xA;        end-&amp;gt;next = toAdd;&#xA;        end=end-&amp;gt;next;&#xA;    }&#xA;&#xA;    bool isFound(int key) {&#xA;        for(llNode* ii= root; ii != NULL ; ii=ii-&amp;gt;next) {&#xA;            if ( ii-&amp;gt;id == key) {&#xA;                return true;&#xA;            }&#xA;        }&#xA;&#xA;        return false;&#xA;    }&#xA;&#xA;    void clearAll();&#xA;&#xA;};&#xA;&#xA;void lList::clearAll() {&#xA;clearAll(root);&#xA;}&#xA;&#xA;void lList::clearAll(llNode* toClear) {&#xA;if(toClear == NULL) {&#xA;    return;&#xA;}&#xA;&#xA;clearAll(toClear-&amp;gt;next);&#xA;&#xA;toClear=NULL;&#xA;&#xA;}&#xA;&lt;/code&gt;&lt;/pre&gt;&#xA;&#xA;&lt;p&gt;Along with these clear methods I tried to simply set root to NULL and I also tried traversing through the list and using the delete on each element. I am having to luck with any of these methods. Root keeps getting set to an invalid location and I get access violation errors.&lt;/p&gt;&#xA;&#xA;&lt;p&gt;Is there something simple that I am just not seeing? How would I go about deleting every element from a linked list?&lt;/p&gt;&#xA;</Body>
<Tags>c++,pointers,linked-list,clear,shortest-path</Tags>
</question>
<answer>
<Body>&lt;p&gt;You need to go over each element and delete it&#xA;Pseudo Code&lt;/p&gt;&#xA;&#xA;&lt;pre&gt;&lt;code&gt;Set pointer to root&#xA;While(pointer !=null)&#xA;{&#xA;  temp=pointer-&amp;gt;next;&#xA;  delete[] pointer;&#xA;  pointer = temp;&#xA;}&#xA;&lt;/code&gt;&lt;/pre&gt;&#xA;</Body>
</answer>
<answer>
<Body>&lt;p&gt;Setting &lt;code&gt;root&lt;/code&gt; to &lt;code&gt;NULL&lt;/code&gt; will delete the whole list.&lt;/p&gt;&#xA;&#xA;&lt;pre&gt;&lt;code&gt;void lList::clearAll() {&#xA;     root = NULL;&#xA;}&#xA;&lt;/code&gt;&lt;/pre&gt;&#xA;&#xA;&lt;p&gt;You said you tried this.  How is your access violation happening in this scenario?&lt;/p&gt;&#xA;&#xA;&lt;p&gt;Beware: my code probably contains a memory leak!  You will probably want to walk through the list and deallocate each item, unless their memory is recovered using some other mechanism.&lt;/p&gt;&#xA;</Body>
</answer>
