<question>
<Title>expected identifier before string constant</Title>
<Body>&lt;p&gt;Having a program like this:&lt;/p&gt;&#xA;&#xA;&lt;pre&gt;&lt;code&gt;#include &amp;lt;iostream&amp;gt;&#xA;#include &amp;lt;string&amp;gt;&#xA;using namespace std;&#xA;class test&#xA;{&#xA;public:&#xA;    test(std::string s):str(s){};&#xA;private:&#xA;    std::string str;&#xA;};&#xA;&#xA;class test1&#xA;{&#xA;public:&#xA;    test tst_(&quot;Hi&quot;);&#xA;};&#xA;&#xA;int main()&#xA;{&#xA;    return 1;&#xA;}&#xA;&lt;/code&gt;&lt;/pre&gt;&#xA;&#xA;&lt;p&gt;…why am I getting the following when I execute &lt;/p&gt;&#xA;&#xA;&lt;blockquote&gt;&#xA;  &lt;p&gt;g++ main.cpp&lt;/p&gt;&#xA;&lt;/blockquote&gt;&#xA;&#xA;&lt;pre&gt;&lt;code&gt;main.cpp:16:12: error: expected identifier before string constant&#xA;main.cpp:16:12: error: expected ‘,’ or ‘...’ before string constant&#xA;&lt;/code&gt;&lt;/pre&gt;&#xA;</Body>
<Tags>c++,linux,constructor</Tags>
</question>
<answer>
<Body>&lt;p&gt;You can not initialize tst_ where you declare it. This can only be done for static const primitive types. Instead you will need to have constructor for test1.&lt;/p&gt;&#xA;&#xA;&lt;p&gt;EDIT: here is a working example in &lt;a href=&quot;http://ideone.com/y4h52&quot;&gt;ideone.com&lt;/a&gt;. Note a few changes I did - first it is better to have the constructor of test take a const reference to string to avoid copying. Second - if the program succeeds you should return 0 not 1(with return 1 you get runtime error in &lt;a href=&quot;http://ideone.com/h8n2V&quot;&gt;ideone&lt;/a&gt;)&lt;/p&gt;&#xA;</Body>
</answer>
