<question>
<Title>How to use QtMultimedia to play a wav file?</Title>
<Body>&lt;p&gt;My current code is:&lt;/p&gt;&#xA;&#xA;&lt;pre&gt;&lt;code&gt;void Sound::run() {&#xA;    QFile audio_file(mResourcePath);&#xA;    if(audio_file.open(QIODevice::ReadOnly)) {&#xA;        audio_file.seek(44); // skip wav header&#xA;        QByteArray audio_data = audio_file.readAll();&#xA;        audio_file.close();&#xA;&#xA;        QBuffer* audio_buffer = new QBuffer(&amp;amp;audio_data);&#xA;        qDebug() &amp;lt;&amp;lt; audio_buffer-&amp;gt;size();&#xA;&#xA;        QAudioFormat format;&#xA;&#xA;        format.setSampleSize(16);&#xA;        format.setSampleRate(44100);&#xA;        format.setChannelCount(2);&#xA;        format.setCodec(&quot;audio/pcm&quot;);&#xA;        format.setByteOrder(QAudioFormat::LittleEndian);&#xA;        format.setSampleType(QAudioFormat::UnSignedInt);&#xA;&#xA;        QAudioDeviceInfo info(QAudioDeviceInfo::defaultOutputDevice());&#xA;        if (!info.isFormatSupported(format)) {&#xA;            qWarning()&amp;lt;&amp;lt;&quot;raw audio format not supported by backend, cannot play audio.&quot;;&#xA;            return;&#xA;        }&#xA;        qDebug() &amp;lt;&amp;lt; info.deviceName();&#xA;&#xA;        QAudioOutput* output = new QAudioOutput(info, format);&#xA;        output-&amp;gt;start(audio_buffer);&#xA;    }&#xA;}&#xA;&lt;/code&gt;&lt;/pre&gt;&#xA;&#xA;&lt;p&gt;This whole thing is started as a QRunnable in a QThreadPool and that part works fine. Problem is I never get any audio. My sound device is operational, the buffer is filled. I don't know what's wrong. I use app.exec(). Help appreciated.&lt;/p&gt;&#xA;</Body>
<Tags>c++,qt,audio</Tags>
</question>
<answer>
<Body>&lt;ol&gt;&#xA;&lt;li&gt;&lt;p&gt;The device (&lt;code&gt;QBuffer&lt;/code&gt;) has to be open:&lt;/p&gt;&#xA;&#xA;&lt;pre&gt;&lt;code&gt;QBuffer audio_buffer(&amp;amp;audio_data);        &#xA;audio_buffer.open(QIODevice::ReadOnly);&#xA;&lt;/code&gt;&lt;/pre&gt;&lt;/li&gt;&#xA;&lt;li&gt;&lt;p&gt;&lt;code&gt;QAudioOutput&lt;/code&gt; needs an event loop to play anything, and that loop has to be running in the thread it belongs to. Which is the thread it was created in when you don't explicitly move it to another thread:&lt;/p&gt;&#xA;&#xA;&lt;pre&gt;&lt;code&gt;// Create the device and start playing...&#xA;QAudioOutput output(info, format);&#xA;output.start(&amp;amp;audio_buffer);     &#xA;&#xA;// ...then wait for the sound to finish &#xA;QEventLoop loop;&#xA;QObject::connect(&amp;amp;output, SIGNAL(stateChanged(QAudio::State)), &amp;amp;loop, SLOT(quit()));&#xA;do {&#xA;    loop.exec();            &#xA;} while(output.state() == QAudio::ActiveState);        &#xA;&lt;/code&gt;&lt;/pre&gt;&lt;/li&gt;&#xA;&lt;li&gt;&lt;p&gt;Everything you allocate should be deallocated when the sound has finished playing, or you would have a memory leak, and the event loop will now run inside the function, so you can allocate everything locally.&lt;/p&gt;&lt;/li&gt;&#xA;&lt;/ol&gt;&#xA;</Body>
</answer>
