<question>
<Title>How to quicky create array from  big file?</Title>
<Body>&lt;p&gt;I have example:&lt;/p&gt;&#xA;&#xA;&lt;pre&gt;&lt;code&gt;    for line in IN.readlines():&#xA;        line = line.rstrip('\n')&#xA;        mas = line.split('\t')&#xA;        row = ( int(mas[0]), int(mas[1]), mas[2], mas[3], mas[4] )&#xA;        self.inetnums.append(row)&#xA;    IN.close()&#xA;&lt;/code&gt;&lt;/pre&gt;&#xA;&#xA;&lt;p&gt;If ffilesize == 120mb, script time = 10 sec. Can I decrease this time ?&lt;/p&gt;&#xA;</Body>
<Tags>python</Tags>
</question>
<answer>
<Body>&lt;p&gt;Remove the &lt;code&gt;readlines()&lt;/code&gt;&lt;/p&gt;&#xA;&#xA;&lt;p&gt;Just do&lt;/p&gt;&#xA;&#xA;&lt;pre&gt;&lt;code&gt;for line in IN:&#xA;&lt;/code&gt;&lt;/pre&gt;&#xA;&#xA;&lt;p&gt;Using &lt;code&gt;readlines&lt;/code&gt; you are creating a list of all lines from the file and then accessing each one, which you don't need to do. Without it the for loop simply uses the generator which returns a line each time from the file.&lt;/p&gt;&#xA;</Body>
</answer>
<answer>
<Body>&lt;p&gt;You may gain some speed if you use a List Comprehension&lt;/p&gt;&#xA;&#xA;&lt;pre&gt;&lt;code&gt;inetnums=[(int(x) for x in line.rstrip('\n').split('\t')) for line in fin]&#xA;&lt;/code&gt;&lt;/pre&gt;&#xA;&#xA;&lt;p&gt;Here is the profile information with two different versions&lt;/p&gt;&#xA;&#xA;&lt;pre&gt;&lt;code&gt;&amp;gt;&amp;gt;&amp;gt; def foo2():&#xA;    fin.seek(0)&#xA;    inetnums=[]&#xA;    for line in fin:&#xA;        line = line.rstrip('\n')&#xA;        mas = line.split('\t')&#xA;        row = ( int(mas[0]), int(mas[1]), mas[2], mas[3])&#xA;        inetnums.append(row)&#xA;&#xA;&#xA;&amp;gt;&amp;gt;&amp;gt; def foo1():&#xA;    fin.seek(0)&#xA;    inetnums=[[int(x) for x in line.rstrip('\n').split('\t')] for line in fin]&#xA;&#xA;&amp;gt;&amp;gt;&amp;gt; cProfile.run(&quot;foo1()&quot;)&#xA;         444 function calls in 0.004 CPU seconds&#xA;&#xA;   Ordered by: standard name&#xA;&#xA;   ncalls  tottime  percall  cumtime  percall filename:lineno(function)&#xA;        1    0.003    0.003    0.004    0.004 &amp;lt;pyshell#362&amp;gt;:1(foo1)&#xA;        1    0.000    0.000    0.004    0.004 &amp;lt;string&amp;gt;:1(&amp;lt;module&amp;gt;)&#xA;        1    0.000    0.000    0.000    0.000 {method 'disable' of '_lsprof.Profiler' objects}&#xA;      220    0.000    0.000    0.000    0.000 {method 'rstrip' of 'str' objects}&#xA;        1    0.000    0.000    0.000    0.000 {method 'seek' of 'file' objects}&#xA;      220    0.000    0.000    0.000    0.000 {method 'split' of 'str' objects}&#xA;&#xA;&#xA;&amp;gt;&amp;gt;&amp;gt; cProfile.run(&quot;foo2()&quot;)&#xA;         664 function calls in 0.006 CPU seconds&#xA;&#xA;   Ordered by: standard name&#xA;&#xA;   ncalls  tottime  percall  cumtime  percall filename:lineno(function)&#xA;        1    0.005    0.005    0.006    0.006 &amp;lt;pyshell#360&amp;gt;:1(foo2)&#xA;        1    0.000    0.000    0.006    0.006 &amp;lt;string&amp;gt;:1(&amp;lt;module&amp;gt;)&#xA;      220    0.000    0.000    0.000    0.000 {method 'append' of 'list' objects}&#xA;        1    0.000    0.000    0.000    0.000 {method 'disable' of '_lsprof.Profiler' objects}&#xA;      220    0.001    0.000    0.001    0.000 {method 'rstrip' of 'str' objects}&#xA;        1    0.000    0.000    0.000    0.000 {method 'seek' of 'file' objects}&#xA;      220    0.001    0.000    0.001    0.000 {method 'split' of 'str' objects}&#xA;&#xA;&#xA;&amp;gt;&amp;gt;&amp;gt; &#xA;&lt;/code&gt;&lt;/pre&gt;&#xA;</Body>
</answer>
