<question>
<Title>Using python to Extract data from lines in file</Title>
<Body>&lt;p&gt;I have a file with many lines of data much data like:&lt;/p&gt;&#xA;&#xA;&lt;blockquote&gt;&#xA;  &lt;p&gt;chr1:4797973-4836816   57.7862&lt;/p&gt;&#xA;&lt;/blockquote&gt;&#xA;&#xA;&lt;p&gt;I want to create a new file with lines that look like:&lt;/p&gt;&#xA;&#xA;&lt;blockquote&gt;&#xA;  &lt;p&gt;chr1    4797973    4836816    57.7862&lt;/p&gt;&#xA;&lt;/blockquote&gt;&#xA;&#xA;&lt;p&gt;chr# varies from line to line. # = 1-19, X, Y&#xA;Sorry if this is so basic... &#xA;J&lt;/p&gt;&#xA;</Body>
<Tags>python</Tags>
</question>
<answer>
<Body>&lt;p&gt;Yes its too basic. You should have tried to refer the documentation and come up with a solution. Here is one that would serve your purpose&lt;/p&gt;&#xA;&#xA;&lt;pre&gt;&lt;code&gt;&amp;gt;&amp;gt;&amp;gt; with open(&quot;in1.txt&quot;) as fin, open(&quot;out1.txt&quot;,&quot;w&quot;) as fout:&#xA;    for line in fin:&#xA;        fout.write(line.replace(&quot;:&quot;,&quot; &quot;).replace(&quot;-&quot;,&quot; &quot;))&#xA;&lt;/code&gt;&lt;/pre&gt;&#xA;&#xA;&lt;p&gt;Things you need to understand:&lt;/p&gt;&#xA;&#xA;&lt;ol&gt;&#xA;&lt;li&gt;Python &lt;a href=&quot;http://docs.python.org/release/2.5.2/ref/with.html&quot; rel=&quot;nofollow&quot;&gt;with&lt;/a&gt; statement.&lt;/li&gt;&#xA;&lt;li&gt;&lt;a href=&quot;http://docs.python.org/library/functions.html#open&quot; rel=&quot;nofollow&quot;&gt;open&lt;/a&gt; statement to open a file&lt;/li&gt;&#xA;&lt;li&gt;How to  read and write a file&lt;/li&gt;&#xA;&lt;li&gt;Using &lt;a href=&quot;http://docs.python.org/release/2.5.2/lib/string-methods.html&quot; rel=&quot;nofollow&quot;&gt;string.replace&lt;/a&gt;&lt;/li&gt;&#xA;&lt;/ol&gt;&#xA;&#xA;&lt;p&gt;Please note you can also use translate instead of replace, but that would eat up two characters from your string.&lt;/p&gt;&#xA;</Body>
</answer>
