<question>
<Title>C++ AVL Tree Implementation</Title>
<Body>&lt;p&gt;I'm trying to implement AVL. Here's my insert, balance_tree, check_bf (balance factor), and single left rotate functions in order:&lt;/p&gt;&#xA;&#xA;&lt;pre&gt;&lt;code&gt;BinaryNode *BinarySearchTree::insert(int x,BinaryNode *t, int dpt) throw(DuplicateItem)&#xA;{&#xA;    if (t == NULL) t = new BinaryNode(x,NULL,NULL,dpt+1);&#xA;    else if (x &amp;lt; t-&amp;gt;element) t-&amp;gt;left = insert(x, t-&amp;gt;left, dpt+1);&#xA;    else if (x &amp;gt; t-&amp;gt;element) t-&amp;gt;right = insert(x, t-&amp;gt;right, dpt+1);&#xA;    else&#xA;        throw DuplicateItem();&#xA;    balance_tree(t);&#xA;    return t;&#xA;}&#xA;BinaryNode* BinarySearchTree::balance_tree(BinaryNode *t)&#xA;{&#xA;    double debug = check_BF(t);&#xA;    while(check_BF(t)&amp;gt;1 || check_BF(t)&amp;lt;-1)&#xA;    {&#xA;        if(check_BF(t)&amp;gt;1)&#xA;        {&#xA;            if(check_BF(t-&amp;gt;right)&amp;lt;-1) return doubleLeft(t);&#xA;            else return singleLeft(t);&#xA;        }&#xA;        else if(check_BF(t)&amp;lt;-1)&#xA;        {&#xA;            if(check_BF(t-&amp;gt;left)&amp;gt;1) return doubleRight(t);&#xA;            else return singleRight(t);&#xA;        }&#xA;    }&#xA;}&#xA;double BinarySearchTree::check_BF(BinaryNode *t)&#xA;{&#xA;    double l, r;&#xA;    if(t-&amp;gt;left!=NULL) l = t-&amp;gt;height(t-&amp;gt;left)+1;&#xA;    else l=0;&#xA;&#xA;    if(t-&amp;gt;right!=NULL) r = t-&amp;gt;height(t-&amp;gt;right)+1;&#xA;    else r=0;&#xA;&#xA;    return r-l;&#xA;}&#xA;BinaryNode* BinarySearchTree::singleLeft(BinaryNode *t)&#xA;{&#xA;    BinaryNode* Y = t;&#xA;    if(Y!=NULL)&#xA;    {&#xA;        t = t-&amp;gt;right;&#xA;        Y-&amp;gt;right = t-&amp;gt;left;&#xA;        t-&amp;gt;left=Y;&#xA;    }&#xA;    return t;&#xA;}&#xA;&lt;/code&gt;&lt;/pre&gt;&#xA;&#xA;&lt;p&gt;I tried it out with a small tree that requires a single left rotation:&lt;/p&gt;&#xA;&#xA;&lt;pre&gt;&lt;code&gt;1 &amp;lt;----t&#xA; \&#xA;  2&#xA;   \&#xA;    3&#xA;&lt;/code&gt;&lt;/pre&gt;&#xA;&#xA;&lt;p&gt;At the end of the single left rotation function, t points to 2 with 1 as the left node and 3 as the right node, so the function works. The tree looks like this:&lt;/p&gt;&#xA;&#xA;&lt;pre&gt;&lt;code&gt;  2&amp;lt;----t&#xA; / \&#xA;1   3&#xA;&lt;/code&gt;&lt;/pre&gt;&#xA;&#xA;&lt;p&gt;However, when it exits the function, t points to 1 with no left or right node. I don't understand what happens between that return t and the right bracket } that ends the function that changes t. Can anyone help?&lt;/p&gt;&#xA;</Body>
<Tags>c++,pointers,binary-search-tree,treenode,avl-tree</Tags>
</question>
<answer>
<Body>&lt;p&gt;What is missing here is the line in which you call the function in your testing.  I think I hear you saying that t is unchanged, but the node to which t points is changed.  That the node to which t points (the 1) is changed is the expected behaviour.  That t is unchanged is not what you're expecting.  Your routine returns a value.  Are you assigning that value to t, or just expecting t to be altered by the routine?&lt;/p&gt;&#xA;</Body>
</answer>
