<question>
<Title>ANSI Escape Sequences Fail in Cygwin</Title>
<Body>&lt;p&gt;I am trying to create a 'drop down menu' for a CLI program using ANSI escape sequences in Python 2.7.2.  I use ANSI escape sequences to change the 'options' to red and display them below the input line, then afterwards clear them.&lt;/p&gt;&#xA;&#xA;&lt;p&gt;I am able to run the code on a system running Ubuntu 10.04LTS which runs Python 2.6.5, but am not able to get the program to run on a Windows XP machine running Cygwin minTTY 1.0.3.  Is there an issue with sys.stdout.flush() in Windows or Cygwin?  Is it a Python 2.6 to 2.7 issue?  Don't really know where to start the debug.&lt;/p&gt;&#xA;&#xA;&lt;pre&gt;&lt;code&gt;#!C:\Python27\python.exe&#xA;#!/usr/bin/python&#xA;&#xA;import sys&#xA;&#xA;table = {1:'foo', 2:'bar', 3:'foo'}&#xA;print '\n'&#xA;for item in table.keys() :&#xA;    sys.stdout.write('\033[1;31m    %s) %s\033[0m\n' % (item,table[item]))&#xA;    sys.stdout.flush()&#xA;sys.stdout.write('%s' %((item+1)*'\033M'))&#xA;sys.stdout.flush()&#xA;answer = raw_input(&quot;Select foobar: &quot;)&#xA;sys.stdout.write('\033[J')&#xA;sys.stdout.flush()&#xA;print 'You have selected %s' % (table[answer])&#xA;&lt;/code&gt;&lt;/pre&gt;&#xA;&#xA;&lt;p&gt;The problem is that the raw input text does not print out until after you make your selection in minTTY (again, code works fine on Ubuntu), which kind of defeats the purpose of prompt text.  Thanks in advance - Paul&lt;/p&gt;&#xA;</Body>
<Tags>python,escaping,cygwin,ansi-escape,tui</Tags>
</question>
<answer>
<Body>&lt;p&gt;You are not able to do this because Windows console does not support ANSI at all. &lt;/p&gt;&#xA;&#xA;&lt;p&gt;Back in MSDOS days there was an &lt;code&gt;ANSI.SYS&lt;/code&gt; driver that you could load in order to enable them but not anymore.&lt;/p&gt;&#xA;&#xA;&lt;p&gt;My impression is that you will need to investigate the use of something like &lt;a href=&quot;https://pypi.python.org/pypi/UniCurses&quot; rel=&quot;nofollow noreferrer&quot;&gt;https://pypi.python.org/pypi/UniCurses&lt;/a&gt; if you want to build a TUI interface (text-user-interface)&lt;/p&gt;&#xA;&#xA;&lt;p&gt;References:&lt;/p&gt;&#xA;&#xA;&lt;ul&gt;&#xA;&lt;li&gt;&lt;a href=&quot;https://stackoverflow.com/questions/16755142/how-to-make-win32-console-recognize-ansi-vt100-escape-sequences&quot;&gt;How to make win32 console recognize ANSI/VT100 escape sequences?&lt;/a&gt;&lt;/li&gt;&#xA;&lt;/ul&gt;&#xA;</Body>
</answer>
