<question>
<Title>Automatically Insert file-modification-time after @date command</Title>
<Body>&lt;p&gt;I'm documenting python code with doxygen&#xA;and I would like to use the @date command&#xA;to show the file-modifiation-date/time.&#xA;How can I do this?&lt;/p&gt;&#xA;</Body>
<Tags>python,doxygen</Tags>
</question>
<answer>
<Body>&lt;p&gt;You could use an input filter that adds the file modification date to the @date command. The following perl file would do the trick:&lt;/p&gt;&#xA;&#xA;&lt;pre&gt;&lt;code&gt;use File::stat;&#xA;$fn = $ARGV[0];&#xA;$time = localtime stat($fn)-&amp;gt;mtime;&#xA;open F,&quot;&amp;lt;$fn&quot;;&#xA;while (&amp;lt;F&amp;gt;)&#xA;{&#xA;  s/\@date/\@date $time/;&#xA;  print $_;&#xA;}&#xA;close F;&#xA;&lt;/code&gt;&lt;/pre&gt;&#xA;&#xA;&lt;p&gt;If you save this as &lt;code&gt;filemod.pl&lt;/code&gt; you can make doxygen use the filter for each input file by setting the following in the configuration file:&lt;/p&gt;&#xA;&#xA;&lt;pre&gt;&lt;code&gt;INPUT_FILTER = &quot;perl filemod.pl&quot;&#xA;&lt;/code&gt;&lt;/pre&gt;&#xA;</Body>
</answer>
