<question>
<Title>Django {% url %} reverse not working</Title>
<Body>&lt;p&gt;I have a view in a Django 1.4 project:&lt;/p&gt;&#xA;&#xA;&lt;pre&gt;&lt;code&gt;def index(request):&#xA;    print reverse('menus_index')&#xA;    latest_menu_list = Menu.objects.all().order_by('name')&#xA;    return render_to_response('menus/index.html', {'latest_menu_list': latest_menu_list})&#xA;&lt;/code&gt;&lt;/pre&gt;&#xA;&#xA;&lt;p&gt;This works as expected and prints out the reversed URL which is /menus/.&lt;/p&gt;&#xA;&#xA;&lt;p&gt;Inside of the index.html template (which is called by this view) I have:&lt;/p&gt;&#xA;&#xA;&lt;pre&gt;&lt;code&gt;{% url menus_index %}&#xA;&lt;/code&gt;&lt;/pre&gt;&#xA;&#xA;&lt;p&gt;Which causes a NoReverseMatch at /menus/ error.  Reverse for '' with arguments '()' and keyword arguments '{}' not found.&lt;/p&gt;&#xA;&#xA;&lt;p&gt;My application's urls.py is:&lt;/p&gt;&#xA;&#xA;&lt;pre&gt;&lt;code&gt;urlpatterns = patterns('menus.views',&#xA;url(r'^$','index', name='menus_index'),&#xA;url(r'^(?P&amp;lt;menu_id&amp;gt;\d+)/$','detail', name='menus_detail'),&#xA;)&#xA;&lt;/code&gt;&lt;/pre&gt;&#xA;&#xA;&lt;p&gt;Which is included in my project's urls.py file.&lt;/p&gt;&#xA;&#xA;&lt;p&gt;What am I doing wrong?&lt;/p&gt;&#xA;&#xA;&lt;p&gt;Update:&lt;/p&gt;&#xA;&#xA;&lt;p&gt;Here is the full index.html template code:&lt;/p&gt;&#xA;&#xA;&lt;pre&gt;&lt;code&gt;{% extends &quot;base.html&quot; %}&#xA;{% load url from future %}&#xA;&#xA;{% block title %}&#xA;Menu Index&#xA;{% endblock %}&#xA;&#xA;{% block content %}&#xA;{% if latest_menu_list %}&#xA;&amp;lt;ul&amp;gt;&#xA;    {% for menu in latest_menu_list %}&#xA;    &amp;lt;li&amp;gt;&amp;lt;a href=&quot;{% url menus_index %}/{{ menu.id }}/&quot;&amp;gt;{{ menu.name }}&amp;lt;/a&amp;gt;&amp;lt;/li&amp;gt;&#xA;    {% endfor %}&#xA;&amp;lt;/ul&amp;gt;&#xA;{% else %}&#xA;   &amp;lt;p&amp;gt;No menus are available.&amp;lt;/p&amp;gt;&#xA;{% endif %}&#xA;{% endblock %}&#xA;&lt;/code&gt;&lt;/pre&gt;&#xA;</Body>
<Tags>python,django,django-templates,django-views</Tags>
</question>
<answer>
<Body>&lt;p&gt;Maybe this not menus_index? Paste full template code this.&lt;/p&gt;&#xA;</Body>
</answer>
<answer>
<Body>&lt;p&gt;Answer: use {% url 'menus_index' %}.  That {% load url from future %} makes the quotes a requirement per &lt;a href=&quot;https://docs.djangoproject.com/en/1.4/ref/templates/builtins/#url&quot; rel=&quot;noreferrer&quot;&gt;https://docs.djangoproject.com/en/1.4/ref/templates/builtins/#url&lt;/a&gt;&lt;/p&gt;&#xA;</Body>
</answer>
<answer>
<Body>&lt;p&gt;You should use add variable for reverse, somethink like this: &lt;code&gt;{% url &quot;menus_index&quot; menu.slug %}&lt;/code&gt;&lt;/p&gt;&#xA;</Body>
</answer>
