<question>
<Title>DJANGO: blank select option missing in form</Title>
<Body>&lt;p&gt;I have the following:&lt;/p&gt;&#xA;&#xA;&lt;p&gt;MODEL.PY&lt;/p&gt;&#xA;&#xA;&lt;pre&gt;&lt;code&gt;LIST = (('Manager', 'Manager'),('Non-Manager', 'Non-Manager'),)&#xA;&#xA;class Employee(models.Model):&#xA;    fname = models.CharField(max_length=15, blank=False, null=False)&#xA;    manager = models.CharField(max_length=15, choices=LIST, blank=True, null=True)&#xA;    comment = models.TextField(blank=True, null=True)&#xA;    def __unicode__(self):&#xA;        return self.fname&#xA;&#xA;class EmployeeForm(forms.ModelForm):&#xA;    fname = forms.CharField(required=True, label='First Name')&#xA;    manager = forms.CharField(required=False, widget=Select(choices=LIST), label='Their Position?')&#xA;    comment = forms.CharField(required=False, widget=forms.Textarea(attrs={'cols': 50, 'rows': 10}), label='Comments')&#xA;    class Meta:&#xA;        model = Employee&#xA;&lt;/code&gt;&lt;/pre&gt;&#xA;&#xA;&lt;p&gt;If I remove manager from the EmployeeForm, I get a &quot;------&quot; as an option in the forms drop down menu, but if I keep manager in the EmployeeForm (and I need to in order to override the fields label), it removes the &quot;------&quot;. How do I allow the EmployeeForm to keep the &quot;------&quot; option?&lt;/p&gt;&#xA;</Body>
<Tags>python,django,django-forms,widget,modelform</Tags>
</question>
<answer>
<Body>&lt;p&gt;What about something like:&lt;/p&gt;&#xA;&#xA;&lt;pre&gt;&lt;code&gt;manager = forms.CharField(required=False, widget=Select(choices=(('', '----------'),) + LIST), label='Their Position?')&#xA;&lt;/code&gt;&lt;/pre&gt;&#xA;</Body>
</answer>
<answer>
<Body>&lt;p&gt;You need to use a &lt;a href=&quot;https://docs.djangoproject.com/en/dev/ref/forms/fields/#choicefield&quot; rel=&quot;nofollow&quot;&gt;&lt;code&gt;ChoiceField&lt;/code&gt;&lt;/a&gt;.&lt;/p&gt;&#xA;</Body>
</answer>
