<question>
<Title>Access to office 2003 files</Title>
<Body>&lt;p&gt;I want to access to office 2003 files (.doc, .xls and .ppt) in order to extract text and some metadata (number of words, number of sheets, pictures, template, etc.). I'm able to do it with Open XML SDK for office 2007 documents. However, this extracton will take place on a server, which can't have apps like Microsoft Office installed (that's the reason why I can't use Office's Interop).&#xA;I have tried NPOI, however actually it only supports .xls files. The other libraries that I found are not open-source, I can't use it on my work... I downloaded NPOI Scratchpad but the code is very &quot;raw&quot;, I can't use it on my work.&#xA;Do you have any other idea to get the text and metadata from office 2003 documents? I'm not a very experienced programmer, and I'm using C# (However, if there is any solution to this problem in C++ I could consider to use it). Thanks.&lt;/p&gt;&#xA;</Body>
<Tags>c#,c++,.net,extraction,office-2003</Tags>
</question>
<answer>
<Body>&lt;p&gt;There are many libraries like:&lt;/p&gt;&#xA;&#xA;&lt;ul&gt;&#xA;&lt;li&gt;ClosedXML (Office 2007)&lt;/li&gt;&#xA;&lt;li&gt;EPPlus (Office 2007)&lt;/li&gt;&#xA;&lt;li&gt;Aspose cells(Office 97-2010, I use this one)&lt;/li&gt;&#xA;&lt;/ul&gt;&#xA;&#xA;&lt;p&gt;I don't know any free libraries supporting office 2003 format.&lt;/p&gt;&#xA;&#xA;&lt;p&gt;good luck&lt;/p&gt;&#xA;</Body>
</answer>
