<question>
<Title>Authenticate with sudo on a crontab job</Title>
<Body>&lt;p&gt;I have a call to a python script that is &lt;code&gt;sudo -u user_name python python_scipt.py&lt;/code&gt; and I need to schedule it to run every 30 minutes with crontab. The problem is how can I authenticate it with sudo on crontab?&lt;/p&gt;&#xA;</Body>
<Tags>python,crontab</Tags>
</question>
<answer>
<Body>&lt;p&gt;Everything solved with the &lt;code&gt;sudo crontab -u username -e&lt;/code&gt;&lt;/p&gt;&#xA;&#xA;&lt;p&gt;credits to 9000&lt;/p&gt;&#xA;</Body>
</answer>
