<question>
<Title>Retaining order while using Python's set difference</Title>
<Body>&lt;p&gt;I'm doing a set difference operation in Python:&lt;/p&gt;&#xA;&#xA;&lt;pre&gt;&lt;code&gt;x = [1, 5, 3, 4]&#xA;y = [3]&#xA;&#xA;result = list(set(x) - set(y))&#xA;print(result)&#xA;&lt;/code&gt;&lt;/pre&gt;&#xA;&#xA;&lt;p&gt;I'm getting:&lt;/p&gt;&#xA;&#xA;&lt;pre&gt;&lt;code&gt;[1, 4, 5]&#xA;&lt;/code&gt;&lt;/pre&gt;&#xA;&#xA;&lt;p&gt;As you can see, the order of the list elements has changed. How can I retain the list &lt;code&gt;x&lt;/code&gt; in original format?&lt;/p&gt;&#xA;</Body>
<Tags>python,set</Tags>
</question>
<answer>
<Body>&lt;p&gt;You could just do this&lt;/p&gt;&#xA;&#xA;&lt;pre&gt;&lt;code&gt;diff = set(x) - set(y)&#xA;[item for item in x if item in diff]&#xA;&lt;/code&gt;&lt;/pre&gt;&#xA;&#xA;&lt;p&gt;or&lt;/p&gt;&#xA;&#xA;&lt;pre&gt;&lt;code&gt;filter(diff.__contains__, x)&#xA;&lt;/code&gt;&lt;/pre&gt;&#xA;</Body>
</answer>
<answer>
<Body>&lt;p&gt;Sets are unordered, so you will need to put the results back in the correct order after doing your set difference. Fortunately you already have the elements in the order you want, so this is easy.&lt;/p&gt;&#xA;&#xA;&lt;pre&gt;&lt;code&gt;diff = set(x) - set(y)&#xA;result = [o for o in x if o in diff]&#xA;&lt;/code&gt;&lt;/pre&gt;&#xA;&#xA;&lt;p&gt;But this can be streamlined; you can do the difference as part of the list comprehension (though it is arguably slightly less clear that that's what you're doing).&lt;/p&gt;&#xA;&#xA;&lt;pre&gt;&lt;code&gt;sety = set(y)&#xA;result = [o for o in x if o not in sety]&#xA;&lt;/code&gt;&lt;/pre&gt;&#xA;&#xA;&lt;p&gt;You could even do it without creating the &lt;code&gt;set&lt;/code&gt; from &lt;code&gt;y&lt;/code&gt;, but the &lt;code&gt;set&lt;/code&gt; will provide fast membership tests, which will save you significant time if either list is large.&lt;/p&gt;&#xA;</Body>
</answer>
<answer>
<Body>&lt;p&gt;It looks like you need an ordered set instead of a regular set.&lt;/p&gt;&#xA;&#xA;&lt;pre&gt;&lt;code&gt;&amp;gt;&amp;gt;&amp;gt; x = [1, 5, 3, 4]&#xA;&amp;gt;&amp;gt;&amp;gt; y = [3]&#xA;&amp;gt;&amp;gt;&amp;gt; print(list(OrderedSet(x) - OrderedSet(y)))&#xA;[1, 5, 4]&#xA;&lt;/code&gt;&lt;/pre&gt;&#xA;&#xA;&lt;p&gt;Python doesn't come with an ordered set, but it is easy to make one:&lt;/p&gt;&#xA;&#xA;&lt;pre&gt;&lt;code&gt;import collections&#xA;&#xA;class OrderedSet(collections.Set):&#xA;    def __init__(self, iterable=()):&#xA;        self.d = collections.OrderedDict.fromkeys(iterable)&#xA;&#xA;    def __len__(self):&#xA;        return len(self.d)&#xA;&#xA;    def __contains__(self, element):&#xA;        return element in self.d&#xA;&#xA;    def __iter__(self):&#xA;        return iter(self.d)&#xA;&lt;/code&gt;&lt;/pre&gt;&#xA;&#xA;&lt;p&gt;Hope this helps :-)&lt;/p&gt;&#xA;</Body>
</answer>
