<question>
<Title>matplotlib: Creating two (stacked) subplots with SHARED X axis but SEPARATE Y axis values</Title>
<Body>&lt;p&gt;I am using matplotlib 1.2.x and Python 2.6.5 on Ubuntu 10.0.4. I am trying to create a SINGLE plot that consists of a top plot and a bottom plot. &lt;/p&gt;&#xA;&#xA;&lt;p&gt;The X axis is the date of the time series. The top plot contains a candlestick plot of the data, and the bottom plot should consist of a bar type plot - with its own Y axis (also on the left - same as the top plot). These two plots should NOT OVERLAP.&lt;/p&gt;&#xA;&#xA;&lt;p&gt;Here is a snippet of what I have done so far. &lt;/p&gt;&#xA;&#xA;&lt;pre&gt;&lt;code&gt;datafile = r'/var/tmp/trz12.csv'&#xA;r = mlab.csv2rec(datafile, delimiter=',', names=('dt', 'op', 'hi', 'lo', 'cl', 'vol', 'oi'))&#xA;&#xA;mask = (r[&quot;dt&quot;] &amp;gt;= datetime.date(startdate)) &amp;amp; (r[&quot;dt&quot;] &amp;lt;= datetime.date(enddate))&#xA;selected = r[mask]&#xA;plotdata = zip(date2num(selected['dt']), selected['op'], selected['cl'], selected['hi'], selected['lo'], selected['vol'], selected['oi'])&#xA;&#xA;# Setup charting &#xA;mondays = WeekdayLocator(MONDAY)        # major ticks on the mondays&#xA;alldays    = DayLocator()               # minor ticks on the days&#xA;weekFormatter = DateFormatter('%b %d')  # Eg, Jan 12&#xA;dayFormatter = DateFormatter('%d')      # Eg, 12&#xA;monthFormatter = DateFormatter('%b %y')&#xA;&#xA;# every Nth month&#xA;months = MonthLocator(range(1,13), bymonthday=1, interval=1)&#xA;&#xA;fig = pylab.figure()&#xA;fig.subplots_adjust(bottom=0.1)&#xA;ax = fig.add_subplot(111)&#xA;ax.xaxis.set_major_locator(months)#mondays&#xA;ax.xaxis.set_major_formatter(monthFormatter) #weekFormatter&#xA;ax.format_xdata = mdates.DateFormatter('%Y-%m-%d')&#xA;ax.format_ydata = price&#xA;ax.grid(True)&#xA;&#xA;candlestick(ax, plotdata, width=0.5, colorup='g', colordown='r', alpha=0.85)&#xA;&#xA;ax.xaxis_date()&#xA;ax.autoscale_view()&#xA;pylab.setp( pylab.gca().get_xticklabels(), rotation=45, horizontalalignment='right')&#xA;&#xA;# Add volume data &#xA;# Note: the code below OVERWRITES the bottom part of the first plot&#xA;# it should be plotted UNDERNEATH the first plot - but somehow, that's not happening&#xA;fig.subplots_adjust(hspace=0.15)&#xA;ay = fig.add_subplot(212)&#xA;volumes = [ x[-2] for x in plotdata]&#xA;ay.bar(range(len(plotdata)), volumes, 0.05)&#xA;&#xA;pylab.show()&#xA;&lt;/code&gt;&lt;/pre&gt;&#xA;&#xA;&lt;p&gt;I have managed to display the two plots using the code above, however, there are two problems with the bottom plot:&lt;/p&gt;&#xA;&#xA;&lt;ol&gt;&#xA;&lt;li&gt;&lt;p&gt;It COMPLETELY OVERWRITES the bottom part of the first (top) plot - almost as though the second plot was drawing on the same 'canvas' as the first plot - I can't see where/why that is happening.&lt;/p&gt;&lt;/li&gt;&#xA;&lt;li&gt;&lt;p&gt;It OVERWRITES the existing X axis with its own indice, the X axis values (dates) should be SHARED between the two plots.&lt;/p&gt;&lt;/li&gt;&#xA;&lt;/ol&gt;&#xA;&#xA;&lt;p&gt;What am I doing wrong in my code?. Can someone spot what is causing the 2nd (bottom) plot to overwrite the first (top) plot - and how can I fix this?&lt;/p&gt;&#xA;&#xA;&lt;p&gt;Here is a screenshot of the plot created by the code above:&lt;/p&gt;&#xA;&#xA;&lt;p&gt;&lt;img src=&quot;https://i.stack.imgur.com/KIvXL.png&quot; alt=&quot;faulty plot&quot;&gt;&lt;/p&gt;&#xA;&#xA;&lt;p&gt;&lt;strong&gt;[[Edit]]&lt;/strong&gt;&lt;/p&gt;&#xA;&#xA;&lt;p&gt;After modifying the code as suggested by hwlau, this is the new plot. It is better than the first in that the two plots are separate, however the following issues remain:&lt;/p&gt;&#xA;&#xA;&lt;ol&gt;&#xA;&lt;li&gt;&lt;p&gt;The X axis should be SHARED by the two plots (i.e. the X axis should be shown only for the 2nd [bottom] plot)&lt;/p&gt;&lt;/li&gt;&#xA;&lt;li&gt;&lt;p&gt;The Y values for the 2nd plot seem to be formmated incorrectly&lt;/p&gt;&lt;/li&gt;&#xA;&lt;/ol&gt;&#xA;&#xA;&lt;p&gt;&lt;img src=&quot;https://i.stack.imgur.com/OVx89.png&quot; alt=&quot;partly correct plot&quot;&gt;&lt;/p&gt;&#xA;&#xA;&lt;p&gt;I think these issues should be quite easy to resolve however, my matplotlib fu is not great at the moment, as I have only recently started programming with matplotlib. any help will be much appreciated.&lt;/p&gt;&#xA;</Body>
<Tags>python,matplotlib</Tags>
</question>
<answer>
<Body>&lt;p&gt;You should change this line:&lt;/p&gt;&#xA;&#xA;&lt;pre&gt;&lt;code&gt;ax = fig.add_subplot(111)&#xA;&lt;/code&gt;&lt;/pre&gt;&#xA;&#xA;&lt;p&gt;to&lt;/p&gt;&#xA;&#xA;&lt;pre&gt;&lt;code&gt;ax = fig.add_subplot(211)&#xA;&lt;/code&gt;&lt;/pre&gt;&#xA;&#xA;&lt;p&gt;The original command means that there is one row and one column so it occupies the whole graph. So your second graph fig.add_subplot(212) cover the lower part of the first graph.&lt;/p&gt;&#xA;&#xA;&lt;p&gt;&lt;strong&gt;Edit&lt;/strong&gt;&lt;/p&gt;&#xA;&#xA;&lt;p&gt;If you dont want the gap between two plots, use subplots_adjust() to change the size of the subplots margin. &lt;/p&gt;&#xA;</Body>
</answer>
<answer>
<Body>&lt;p&gt;There seem to be a couple of problems with your code:&lt;/p&gt;&#xA;&#xA;&lt;ol&gt;&#xA;&lt;li&gt;&lt;p&gt;If you were using &lt;code&gt;figure.add_subplots&lt;/code&gt; with the full &#xA;signature of &lt;code&gt;subplot(nrows, ncols, plotNum)&lt;/code&gt; it may have&#xA;been more apparent that your first plot asking for 1 row&#xA;and 1 column and the second plot was asking for 2 rows and&#xA;1 column. Hence your first plot is filling the whole figure. &#xA;Rather than &lt;code&gt;fig.add_subplot(111)&lt;/code&gt; followed by  &lt;code&gt;fig.add_subplot(212)&lt;/code&gt; &#xA;use &lt;code&gt;fig.add_subplot(211)&lt;/code&gt; followed by &lt;code&gt;fig.add_subplot(212)&lt;/code&gt;.&lt;/p&gt;&lt;/li&gt;&#xA;&lt;li&gt;&lt;p&gt;Sharing an axis should be done in the &lt;code&gt;add_subplot&lt;/code&gt; command using &lt;code&gt;sharex=first_axis_instance&lt;/code&gt;&lt;/p&gt;&lt;/li&gt;&#xA;&lt;/ol&gt;&#xA;&#xA;&lt;p&gt;I have put together an example which you should be able to run:&lt;/p&gt;&#xA;&#xA;&lt;pre&gt;&lt;code&gt;import matplotlib.pyplot as plt&#xA;import matplotlib.ticker as mticker&#xA;import matplotlib.dates as mdates&#xA;&#xA;&#xA;import datetime as dt&#xA;&#xA;&#xA;n_pts = 10&#xA;dates = [dt.datetime.now() + dt.timedelta(days=i) for i in range(n_pts)]&#xA;&#xA;ax1 = plt.subplot(2, 1, 1)&#xA;ax1.plot(dates, range(10))&#xA;&#xA;ax2 = plt.subplot(2, 1, 2, sharex=ax1)&#xA;ax2.bar(dates, range(10, 20))&#xA;&#xA;# Now format the x axis. This *MUST* be done after all sharex commands are run.&#xA;&#xA;# put no more than 10 ticks on the date axis.  &#xA;ax1.xaxis.set_major_locator(mticker.MaxNLocator(10))&#xA;# format the date in our own way.&#xA;ax1.xaxis.set_major_formatter(mdates.DateFormatter('%Y-%m-%d'))&#xA;&#xA;# rotate the labels on both date axes&#xA;for label in ax1.xaxis.get_ticklabels():&#xA;    label.set_rotation(30)&#xA;for label in ax2.xaxis.get_ticklabels():&#xA;    label.set_rotation(30)&#xA;&#xA;# tweak the subplot spacing to fit the rotated labels correctly&#xA;plt.subplots_adjust(hspace=0.35, bottom=0.125)&#xA;&#xA;plt.show()&#xA;&lt;/code&gt;&lt;/pre&gt;&#xA;&#xA;&lt;p&gt;Hope that helps.&lt;/p&gt;&#xA;</Body>
</answer>
<answer>
<Body>&lt;p&gt;The example from @Pelson, simplified. &lt;/p&gt;&#xA;&#xA;&lt;pre&gt;&lt;code&gt;import matplotlib.pyplot as plt&#xA;import datetime as dt&#xA;&#xA;#Two subplots that share one x axis&#xA;fig,ax=plt.subplots(2,sharex=True)&#xA;&#xA;#plot data&#xA;n_pts = 10&#xA;dates = [dt.datetime.now() + dt.timedelta(days=i) for i in range(n_pts)]&#xA;ax[0].bar(dates, range(10, 20))&#xA;ax[1].plot(dates, range(10))&#xA;&#xA;#rotate and format the dates on the x axis&#xA;fig.autofmt_xdate()&#xA;&lt;/code&gt;&lt;/pre&gt;&#xA;&#xA;&lt;p&gt;The subplots sharing an x-axis are created in one line, which is convenient when you want more than two subplots: &lt;/p&gt;&#xA;&#xA;&lt;pre&gt;&lt;code&gt;fig, ax = plt.subplots(number_of_subplots, sharex=True)&#xA;&lt;/code&gt;&lt;/pre&gt;&#xA;&#xA;&lt;p&gt;To format the date correctly on the x axis, we can simply use &lt;code&gt;fig.autofmt_xdate()&lt;/code&gt;&lt;/p&gt;&#xA;&#xA;&lt;p&gt;&lt;a href=&quot;https://i.stack.imgur.com/MUqY2.png&quot; rel=&quot;nofollow noreferrer&quot;&gt;&lt;img src=&quot;https://i.stack.imgur.com/MUqY2.png&quot; alt=&quot;shared x xaxis&quot;&gt;&lt;/a&gt;&lt;/p&gt;&#xA;&#xA;&lt;p&gt;For additional informations, see &lt;a href=&quot;http://matplotlib.org/examples/pylab_examples/shared_axis_demo.html&quot; rel=&quot;nofollow noreferrer&quot;&gt;shared axis demo&lt;/a&gt; and &lt;a href=&quot;http://matplotlib.org/examples/pylab_examples/date_demo_convert.html&quot; rel=&quot;nofollow noreferrer&quot;&gt;date demo&lt;/a&gt; from the  pylab examples.&#xA;This example ran on Python3, matplotlib 1.5.1&lt;/p&gt;&#xA;</Body>
</answer>
