<question>
<Title>Python: Calculate factorial of a non-integral number</Title>
<Body>&lt;p&gt;I'm wondering if there's a speedy, Pythonic way to calculate factorials of non-integral numbers (e.g., 3.4)? Of course, the bult-in &lt;code&gt;factorial()&lt;/code&gt; function in the &lt;code&gt;Math&lt;/code&gt; module is available, but it only works for integrals (I don't care about negative numbers here).&lt;/p&gt;&#xA;</Body>
<Tags>python,floating-point,factorial</Tags>
</question>
<answer>
<Body>&lt;p&gt;You'd want to use &lt;a href=&quot;http://docs.python.org/dev/library/math.html#math.gamma&quot; rel=&quot;noreferrer&quot;&gt;&lt;code&gt;math.gamma(x)&lt;/code&gt;.&lt;/a&gt;&lt;/p&gt;&#xA;&#xA;&lt;p&gt;The &lt;a href=&quot;http://en.wikipedia.org/wiki/Gamma_function&quot; rel=&quot;noreferrer&quot;&gt;gamma function&lt;/a&gt; is an extension of the factorial function to real numbers.&lt;/p&gt;&#xA;&#xA;&lt;p&gt;Note that the function is shifted by 1 when compared to the factorial function. So &lt;code&gt;math.factorial(n)&lt;/code&gt; is &lt;code&gt;math.gamma(n + 1)&lt;/code&gt;.&lt;/p&gt;&#xA;</Body>
</answer>
<answer>
<Body>&lt;p&gt;In Python 2.7 or 3.2, you can use &lt;code&gt;math.gamma(x + 1)&lt;/code&gt;.  In older versions, you'd need some external library like SciPy.&lt;/p&gt;&#xA;</Body>
</answer>
