<question>
<Title>Why doesn't this singleton pattern work?</Title>
<Body>&lt;p&gt;I have two singletons, the first one's header looks like this (I've omitted everything that is not related to the Singleton pattern):&lt;/p&gt;&#xA;&#xA;&lt;pre&gt;&lt;code&gt;#ifndef TEXTUREMANAGER_DEFINED_H&#xA;#define TEXTUREMANAGER_DEFINED_H&#xA;class FontManager;&#xA;class TextureManager&#xA;{&#xA;private:&#xA;    static TextureManager *instance;&#xA;    TextureManager();&#xA;public:&#xA;    FontManager *fontManager;&#xA;    static TextureManager* Instance();&#xA;};&#xA;&#xA;#endif&#xA;&lt;/code&gt;&lt;/pre&gt;&#xA;&#xA;&lt;p&gt;And in the implementation, this is the Instance() method (and the initialization of the instance static member):&lt;/p&gt;&#xA;&#xA;&lt;pre&gt;&lt;code&gt;#include &quot;FontManager.h&quot;&#xA;TextureManager * TextureManager::instance = 0;&#xA;TextureManager* TextureManager::Instance ()&#xA;{&#xA;    if (instance==0)&#xA;        instance=new TextureManager;&#xA;    return instance;&#xA;}&#xA;&lt;/code&gt;&lt;/pre&gt;&#xA;&#xA;&lt;p&gt;And this is the constructor:&lt;/p&gt;&#xA;&#xA;&lt;pre&gt;&lt;code&gt;TextureManager::TextureManager()&#xA;{&#xA;    fontManager=FontManager::Instance();&#xA;}&#xA;&lt;/code&gt;&lt;/pre&gt;&#xA;&#xA;&lt;p&gt;The second singleton's (FontManager's) design is exactly the same, but instead of a FontManager pointer has a TextureManager pointer, and in it's constructor it initializes that pointer with TextureManager::Instance().&#xA;This should work like this: TextureManager is instanciated first (When the program starts), and in its constructor instanciates for the first time the FontManager singleton calling FontManager::Instance(). FontManager, in it's constructor, assigns its pointer to a TextureManager with TextureManager::Instance() and this method returns the TextureManager instance that already exists. Right?&lt;/p&gt;&#xA;&#xA;&lt;p&gt;But instead of that the program enters an infinite loop because (I don't know why) the Instance() methods always create a new instance. I'ts like the &lt;code&gt;if (instance==0)&lt;/code&gt; always evaluated to true.&lt;/p&gt;&#xA;</Body>
<Tags>c++,singleton</Tags>
</question>
<answer>
<Body>&lt;p&gt;Because you've written an infinite loop where the constructor of &lt;code&gt;TextureManager&lt;/code&gt; calls the constructor of &lt;code&gt;FontManager&lt;/code&gt; which then calls the constructor of &lt;code&gt;TextureManager&lt;/code&gt; .... and so on.&lt;/p&gt;&#xA;&#xA;&lt;p&gt;Because the constructor has to complete before the static variables are assigned you'll end up in this loop.&lt;/p&gt;&#xA;</Body>
</answer>
<answer>
<Body>&lt;p&gt;For singletons, you don't expose the constructor as the public interface. Instead, you have a separate, static instance-retrieval member function and a private constructor:&lt;/p&gt;&#xA;&#xA;&lt;pre&gt;&lt;code&gt;class Foo&#xA;{&#xA;    Foo() { /* ... */ }&#xA;public:&#xA;    static Foo &amp;amp; get()&#xA;    {&#xA;        static Foo instance;   // uses private constructor&#xA;        return instance;&#xA;    }&#xA;};&#xA;&lt;/code&gt;&lt;/pre&gt;&#xA;&#xA;&lt;p&gt;Alternatively to the static member you can also do your pointer trick, but then you should have a &lt;code&gt;static std::unique_ptr&amp;lt;Foo&amp;gt;&lt;/code&gt; to ensure proper destruction at the program end.&lt;/p&gt;&#xA;</Body>
</answer>
