<question>
<Title>Getting First digit in double and storing it in an int C++</Title>
<Body>&lt;p&gt;Hello im coding in C++ and i need some help with converting a double to an int.&#xA;what a need is a way to get the first number from a double ie (3.5945) &quot;3&quot;.&#xA;and put that number into an int.&lt;/p&gt;&#xA;&#xA;&lt;p&gt;I'm using static_cast now and its returning a 0.&lt;/p&gt;&#xA;&#xA;&lt;pre&gt;&lt;code&gt;double X = 3.1234;&#xA;double Y = 4.3455;&#xA;&#xA;int myIntX =  static_cast &amp;lt;int&amp;gt;(X);&#xA;int myIntY =  static_cast &amp;lt;int&amp;gt;(Y);&#xA;&#xA;cout &amp;lt;&amp;lt; myIntX &amp;lt;&amp;lt; endl;&#xA;cout &amp;lt;&amp;lt; myIntY &amp;lt;&amp;lt; endl;&#xA;&lt;/code&gt;&lt;/pre&gt;&#xA;&#xA;&lt;p&gt;output....&lt;/p&gt;&#xA;&#xA;&lt;p&gt;0&#xA;0&lt;/p&gt;&#xA;</Body>
<Tags>c++,int,double,static-cast</Tags>
</question>
<answer>
<Body>&lt;p&gt;Try this:&lt;/p&gt;&#xA;&#xA;&lt;pre&gt;&lt;code&gt;double x=3.1234;&#xA;int myintx=(int)x;&#xA;&#xA;while(myintx%10!=0)&#xA;myintx/=10;&#xA;&#xA;cout&amp;lt;&amp;lt;myintx;&#xA;&lt;/code&gt;&lt;/pre&gt;&#xA;&#xA;&lt;p&gt;This will give you the first digit your double as an int.&lt;/p&gt;&#xA;</Body>
</answer>
