<question>
<Title>Qt CPU usage while using OpenGL</Title>
<Body>&lt;p&gt;I verified this with two applications using OpenGL using a GQLWidget. If screenupdates are very frequent, so say 30 fps, and/or resolution is high, CPU usage of one of the cores skyrockets. I'm looking for a solution on how to fix this and/or verify if it happens on Windows as well.&lt;/p&gt;&#xA;</Body>
<Tags>c++,qt,opengl,cpu-usage</Tags>
</question>
<answer>
<Body>&lt;p&gt;In my experience QGLWidget itself is a very efficient thin wrapper around GL and your windowing system; if you have high CPU usage using it, well chances are that you'd have high CPU usage using any other way of implementing an OpenGL app too.&lt;/p&gt;&#xA;&#xA;&lt;p&gt;If you have high CPU usage using OpenGL, chances are either:&lt;/p&gt;&#xA;&#xA;&lt;ul&gt;&#xA;&lt;li&gt;You're falling back on a software OpenGL implementation (ie Mesa);&#xA;e.g Debian will do this if you don't install any graphics device&#xA;drivers.&lt;/li&gt;&#xA;&lt;li&gt;You're using old school immediate mode OpenGL: glBegin,...vertices...,glEnd.  Get into VBOs instead.&lt;/li&gt;&#xA;&lt;/ul&gt;&#xA;&#xA;&lt;p&gt;The fact you mention display resolution as a factor rather suggests the former problem.&lt;/p&gt;&#xA;</Body>
</answer>
<answer>
<Body>&lt;p&gt;You need to get any profiler, profile your code and see where bottleneck is. Since your program eats CPU resources (and not GPU), this should be fairly easy. &#xA;As far as I know, &quot;AQTime 7 Standard&quot;(windows) is currently available for free. Or you could use gprof - depending on your toolkit/platform.&lt;/p&gt;&#xA;&#xA;&lt;p&gt;One very possible scenario (aside from software OpenGL fallback) is that you use dynamic memory allocation too frequently or running debug build. Immediate mode could be a problem if you have 100000+ polygons per frame. &lt;/p&gt;&#xA;</Body>
</answer>
<answer>
<Body>&lt;p&gt;I have seen a few GL implementations that were terrible at minimising host CPU usage.  There appear to be plenty of situations where the CPU will busy-wait while the GPU draws.  Often simply turning on vertical sync in the card settings will cause your app to draw less often and still take up just as much CPU.&#xA;Unfortunately there is little you can do about this yourself, save for limiting how often your app draws.&lt;/p&gt;&#xA;</Body>
</answer>
