<question>
<Title>preserving order of function implementation</Title>
<Body>&lt;p&gt;So I have a numeric value and on those two functions can be applied.&lt;/p&gt;&#xA;&#xA;&lt;p&gt;Lets say I have a number 8.&lt;/p&gt;&#xA;&#xA;&lt;p&gt;I want to take its square and then its log or first the log and then its square.&lt;/p&gt;&#xA;&#xA;&lt;p&gt;So my function looks something like this&lt;/p&gt;&#xA;&#xA;&lt;pre&gt;&lt;code&gt;def transform(value, transformation_list):&#xA;  # value is int, transformation_list = [&quot;log&quot;,square&quot;] or [&quot;square&quot;,&quot;log&quot;]&#xA; # square function and log function&#xA; return transformed value&#xA;&lt;/code&gt;&lt;/pre&gt;&#xA;&#xA;&lt;p&gt;Now if the first argument of the transformation list is &quot;square&quot; and the second is &quot;log&quot;,&#xA;then it should first execute square and then log&lt;/p&gt;&#xA;&#xA;&lt;p&gt;But if the first function in that list is &quot;log&quot; and second &quot; square&quot; then it should implement first log and then square.&lt;/p&gt;&#xA;&#xA;&lt;p&gt;I dont want if : else kinda thing as it will get ugly as i add more transformations&#xA;How should I design this.&lt;/p&gt;&#xA;</Body>
<Tags>python,function,functional-programming,composition</Tags>
</question>
<answer>
<Body>&lt;p&gt;Something like the following should work:&lt;/p&gt;&#xA;&#xA;&lt;pre&gt;&lt;code&gt;import math&#xA;&#xA;func_dict = {'square': lambda x: x**2,&#xA;             'cube': lambda x: x**3,&#xA;             'log': math.log}&#xA;&#xA;def transform(value, transformation_list):&#xA;    for func_name in transformation_list:&#xA;        value = func_dict[func_name](value)&#xA;    return value&#xA;&lt;/code&gt;&lt;/pre&gt;&#xA;&#xA;&lt;p&gt;For example:&lt;/p&gt;&#xA;&#xA;&lt;pre&gt;&lt;code&gt;&amp;gt;&amp;gt;&amp;gt; transform(math.e, ['cube', 'log', 'square'])&#xA;9.0&#xA;&lt;/code&gt;&lt;/pre&gt;&#xA;</Body>
</answer>
<answer>
<Body>&lt;p&gt;Using this &lt;a href=&quot;http://code.activestate.com/recipes/52902-function-composition/&quot; rel=&quot;nofollow&quot;&gt;recipe&lt;/a&gt; for function composition (or alternatively, using the &lt;a href=&quot;http://oakwinter.com/code/functional/&quot; rel=&quot;nofollow&quot;&gt;functional&lt;/a&gt; module), you can compose an arbitrary list of functions - no need to pass the names as strings, simply pass the functions:&lt;/p&gt;&#xA;&#xA;&lt;pre&gt;&lt;code&gt;class compose:&#xA;    def __init__(self, f, g, *args, **kwargs):&#xA;        self.f = f&#xA;        self.g = g&#xA;        self.pending = args[:]&#xA;        self.kwargs = kwargs.copy()&#xA;    def __call__(self, *args, **kwargs):&#xA;        return self.f(self.g(*args, **kwargs), *self.pending, **self.kwargs)&#xA;&#xA;def transform(value, transformation_list, inverted=False):&#xA;    lst = transformation_list if inverted else reversed(transformation_list)&#xA;    return reduce(compose, lst)(value)&#xA;&lt;/code&gt;&lt;/pre&gt;&#xA;&#xA;&lt;p&gt;Now you can call &lt;code&gt;transform&lt;/code&gt; like this:&lt;/p&gt;&#xA;&#xA;&lt;pre&gt;&lt;code&gt;from math import *&#xA;value = 2&#xA;transformation_list = [sin, sqrt, log]&#xA;transform(value, transformation_list)&#xA;&amp;gt; -0.047541518047580299&#xA;&lt;/code&gt;&lt;/pre&gt;&#xA;&#xA;&lt;p&gt;And the above will be equivalent to &lt;code&gt;log(sqrt(sin(2)))&lt;/code&gt;. If you need to invert the order of function application, for example &lt;code&gt;sin(sqrt(log(2)))&lt;/code&gt;, then do this:&lt;/p&gt;&#xA;&#xA;&lt;pre&gt;&lt;code&gt;transform(value, transformation_list, inverted=True)&#xA;&amp;gt; 0.73965300649866683&#xA;&lt;/code&gt;&lt;/pre&gt;&#xA;&#xA;&lt;p&gt;Also, you can define functions in-line. For instance, F.J's example would look like this using my implementation:&lt;/p&gt;&#xA;&#xA;&lt;pre&gt;&lt;code&gt;transform(e, [lambda x:x**3, log, lambda x:x**2])&#xA;&amp;gt; 9.0&#xA;&lt;/code&gt;&lt;/pre&gt;&#xA;</Body>
</answer>
