<question>
<Title>Python determinant calculation(without the use of external libraries)</Title>
<Body>&lt;p&gt;I'm making a small matrix operations library as a programming challenge to myself(and for the purpose of learning to code with Python), and I've come upon the task of calculating the determinant of 2x2, 3x3 and 4x4 matrices.&lt;/p&gt;&#xA;&#xA;&lt;p&gt;As far as my understanding of linear algebra goes, I need to implement the Rule of Sarrus in order to do the first 2, but I don't know how to tackle this Pythonically or for matrices of  larger size. Any hints, tips or guides would be much appreciated.&lt;/p&gt;&#xA;</Body>
<Tags>python,matrix,linear-algebra</Tags>
</question>
<answer>
<Body>&lt;p&gt;The rule of Sarrus is only a mnemonic for solving 3x3 determinants, and won't be as helpful moving beyond that size.&lt;/p&gt;&#xA;&#xA;&lt;p&gt;You should investigate the Leibniz formula for calculating the determinant of an arbitrarily large square matrix. The nice thing about this formula is that the determinant of an &lt;code&gt;n*n&lt;/code&gt; matrix is that it can be determined in terms of a combination of the determinants of some of its &lt;code&gt;(n-1)*(n-1)&lt;/code&gt; sub-matrices, which lends itself nicely to a recursive function solution.&lt;/p&gt;&#xA;&#xA;&lt;p&gt;If you can understand the algorithm behind the Leibniz formula, and you have worked with recursive functions before, it will be straightforward to translate this in to code (Python, or otherwise), and then you can find the determinant of 4x4 matrices and beyond!&lt;/p&gt;&#xA;</Body>
</answer>
<answer>
<Body>&lt;p&gt;If M is matrix of floats,&#xA;here is an ugly version of condensation method (chio?),&#xA;i think it works...&lt;br&gt;&#xA;i am using python 2.7.2&lt;/p&gt;&#xA;&#xA;&lt;pre&gt;&lt;code&gt;from itertools import product, islice&#xA;&#xA;def det(M,prod=1):&#xA;    dim = len(M)&#xA;    if dim == 1:&#xA;        return prod * M.pop().pop()&#xA;    it = product(xrange(1,dim),repeat=2)&#xA;    prod *= M[0][0]&#xA;    return det([[M[x][y]-M[x][0]*(M[0][y]/M[0][0]) for x,y in islice(it,dim-1)] for i in xrange(dim-1)],prod)&#xA;&lt;/code&gt;&lt;/pre&gt;&#xA;</Body>
</answer>
