<question>
<Title>bip geom graph attempt in python</Title>
<Body>&lt;p&gt;I am 2 days old with python and coding in general, I have been working on making a random geometric graph that is 2mode. To do this I have been looking at the code in networkx &lt;a href=&quot;https://networkx.lanl.gov/trac/browser/networkx/networkx/generators/geometric.py&quot; rel=&quot;nofollow&quot;&gt;here&lt;/a&gt;&lt;/p&gt;&#xA;&#xA;&lt;p&gt;I started using the following logic&lt;/p&gt;&#xA;&#xA;&lt;pre&gt;&lt;code&gt;import networkx as nx&#xA;def my_bipartite_geom_graph(a, b, radius, dim):&#xA;&#xA;G=nx.Graph()&#xA;A=nx.Graph()&#xA;A.name=&quot;a node set&quot;&#xA;A.add_nodes_from(range(a)) &#xA;for n in A:&#xA;    A.node[n]['pos']=[random.random() for i in range(0,dim)]&#xA;&#xA;B=nx.Graph()&#xA;B.name=&quot;b node set&quot;&#xA;B.add_nodes_from(range(b)) &#xA;for n in B:&#xA;    B.node[n]['pos']=[random.random() for i in range(0,dim)]&#xA;&#xA;G=nx.disjoint_union(A,B)&#xA;&#xA;nodesa = A.nodes(data=True)&#xA;nodesb = B.nodes(data=True)&#xA;while nodesa:&#xA;    u,du = nodesa.pop()&#xA;    pu = du['pos']&#xA;    for v,dv in nodesb:&#xA;        pv = dv['pos']&#xA;        d = sum(((a-b)**2 for a,b in zip(pu,pv)))&#xA;        if d &amp;lt;= radius**2:&#xA;            G.add_edge(u,v)&#xA;return G&#xA;&lt;/code&gt;&lt;/pre&gt;&#xA;&#xA;&lt;p&gt;This returns a graph but clearly not what i was hoping for.  Any pointers on how better to approach this problem would be greatly appreciated.&lt;/p&gt;&#xA;&#xA;&lt;p&gt;Best Wishes&lt;/p&gt;&#xA;</Body>
<Tags>python,networkx</Tags>
</question>
<answer>
<Body>&lt;p&gt;The problem is &lt;code&gt;nx.disjoint_union&lt;/code&gt; renumbers your nodes so that they are distinct. That means &lt;code&gt;B[n] != G[n]&lt;/code&gt;. So the node labels in &lt;code&gt;B&lt;/code&gt; contains nodes from &lt;code&gt;A&lt;/code&gt; in the &lt;code&gt;G&lt;/code&gt; graph.&lt;/p&gt;&#xA;&#xA;&lt;p&gt;Here is one way to solve it:&lt;/p&gt;&#xA;&#xA;&lt;pre&gt;&lt;code&gt;import networkx as nx&#xA;def my_bipartite_geom_graph(a, b, radius, dim):&#xA;&#xA;    G=nx.Graph()&#xA;    G.add_nodes_from(range(a+b))&#xA;    for n in range(a):&#xA;        G.node[n]['pos']=[random.random() for i in range(0,dim)]&#xA;        G.node[n]['type'] = 'A'&#xA;&#xA;    for n in range(a, a+b):&#xA;        G.node[n]['pos']=[random.random() for i in range(0,dim)]&#xA;        G.node[n]['type'] = 'B'&#xA;&#xA;    nodesa = [(node, data) for node, data in G.nodes(data=True) if data['type'] == 'A']&#xA;    nodesb = [(node, data) for node, data in G.nodes(data=True) if data['type'] == 'B']&#xA;&#xA;    while nodesa:&#xA;        u,du = nodesa.pop()&#xA;        pu = du['pos']&#xA;        for v,dv in nodesb:&#xA;            pv = dv['pos']&#xA;            d = sum(((a-b)**2 for a,b in zip(pu,pv)))&#xA;            if d &amp;lt;= radius**2:&#xA;                G.add_edge(u,v)&#xA;    return G&#xA;&lt;/code&gt;&lt;/pre&gt;&#xA;</Body>
</answer>
