<question>
<Title>Cannot get python on mac osx to reference my scripts folder</Title>
<Body>&lt;p&gt;Am pretty new to python although have programmed a lot before.  I'm using mac osx snow leopard  and python 2.6.1.&lt;/p&gt;&#xA;&#xA;&lt;p&gt;I've followed this post about setting your PYTHONPATH to a custom scripts directory but can't get python to recognise it.&#xA;&lt;a href=&quot;https://stackoverflow.com/questions/4718071/how-can-i-run-my-python-script-from-the-terminal-in-mac-os-x-without-having-to-t&quot;&gt;How can I run my python script from the terminal in Mac OS X without having to type the full path?&lt;/a&gt;&lt;/p&gt;&#xA;&#xA;&lt;p&gt;So i've got a simple helloworld script in /Users/richn/Documents/scripts/ called hello.py &lt;/p&gt;&#xA;&#xA;&lt;p&gt;Inside is this&lt;/p&gt;&#xA;&#xA;&lt;p&gt;#!/usr/bin/env python&lt;/p&gt;&#xA;&#xA;&lt;p&gt;print &quot;Hello World!&quot;&lt;/p&gt;&#xA;&#xA;&lt;p&gt;I've created a .profile file in my home directory with this in it&lt;/p&gt;&#xA;&#xA;&lt;p&gt;export PYTHONPATH=/Users/richn/Documents/scripts&lt;/p&gt;&#xA;&#xA;&lt;p&gt;I've also changed permissions of the file to make it executable with chmod a+x hello.py&lt;/p&gt;&#xA;&#xA;&lt;p&gt;Running ./hello.py in the terminal from that scripts folder works fine however whenever i run it outside of that folder i get this error&lt;/p&gt;&#xA;&#xA;&lt;p&gt;-bash: ./hello.py: No such file or directory&lt;/p&gt;&#xA;&#xA;&lt;p&gt;How can i get my scripts to run outside of that folder?  Anyone got any ideas?  &lt;/p&gt;&#xA;&#xA;&lt;p&gt;Thanks very much&lt;/p&gt;&#xA;</Body>
<Tags>python</Tags>
</question>
<answer>
<Body>&lt;p&gt;What you'll want to do is to edit your PATH variable which is a list of directories your command shell checks when you run a command that does not begin with / or ./ rather than PYTHONPATH:&lt;/p&gt;&#xA;&#xA;&lt;pre&gt;&lt;code&gt;export PATH=&quot;$PATH:/Users/richn/Documents/scripts&quot;&#xA;&lt;/code&gt;&lt;/pre&gt;&#xA;&#xA;&lt;p&gt;After you have exported your PATH variable you should be able to confirm that it has exported correctly:&lt;/p&gt;&#xA;&#xA;&lt;pre&gt;&lt;code&gt;echo $PATH&#xA;&lt;/code&gt;&lt;/pre&gt;&#xA;&#xA;&lt;p&gt;and afterwards you should be able to run &quot;hello.py&quot; successfully.&lt;/p&gt;&#xA;</Body>
</answer>
