<question>
<Title>Installing numpy Lion with Python 2.7?</Title>
<Body>&lt;p&gt;I am working on a OS X 10.7 with Python 2.7 from python.org and XCode 4.2. &lt;/p&gt;&#xA;&#xA;&lt;ol&gt;&#xA;&lt;li&gt;Following these &lt;a href=&quot;http://www.scipy.org/Installing_SciPy/Mac_OS_X#head-9ec15aabd402675e5139a8c9c727e6a23513d56a&quot;&gt;instructions&lt;/a&gt;, I tried changing the &lt;code&gt;CC&lt;/code&gt;, &lt;code&gt;CXX&lt;/code&gt;,&#xA;and &lt;code&gt;FFLAGS&lt;/code&gt; variables and install with &lt;code&gt;sudo pip install numpy&lt;/code&gt;.&#xA;However, the installation still looks for &lt;code&gt;gcc-4.2&lt;/code&gt;.  &lt;/li&gt;&#xA;&lt;li&gt;I tried&#xA;installing &lt;code&gt;gcc-4.2&lt;/code&gt; through MacPorts but get that &lt;code&gt;Error: gcc42&#xA;does not build on Snow Leopard or later.&lt;/code&gt;&lt;/li&gt;&#xA;&lt;li&gt;&lt;p&gt;When I install numpy from the precompiled binary on sourceforge, I get the following error:&lt;/p&gt;&#xA;&#xA;&lt;blockquote&gt;&#xA;  &lt;blockquote&gt;&#xA;    &lt;blockquote&gt;&#xA;      &lt;p&gt;import numpy&lt;/p&gt;&#xA;    &lt;/blockquote&gt;&#xA;  &lt;/blockquote&gt;&#xA;&lt;/blockquote&gt;&#xA;&#xA;&lt;p&gt;Traceback (most recent call last):&lt;/p&gt;&#xA;&#xA;&lt;p&gt;File &quot;&quot;, line 1, in &lt;/p&gt;&#xA;&#xA;&lt;p&gt;File &quot;/Library/Frameworks/Python.framework/Versions/2.7/lib/python2.7/site-packages/numpy/&lt;strong&gt;init&lt;/strong&gt;.py&quot;, line 137, in &lt;/p&gt;&#xA;&#xA;&lt;pre&gt;&lt;code&gt;import add_newdocs&#xA;&lt;/code&gt;&lt;/pre&gt;&#xA;&#xA;&lt;p&gt;File &quot;/Library/Frameworks/Python.framework/Versions/2.7/lib/python2.7/site-packages/numpy/add_newdocs.py&quot;, line 9, in &lt;/p&gt;&#xA;&#xA;&lt;pre&gt;&lt;code&gt;from numpy.lib import add_newdoc&#xA;&lt;/code&gt;&lt;/pre&gt;&#xA;&#xA;&lt;p&gt;File &quot;/Library/Frameworks/Python.framework/Versions/2.7/lib/python2.7/site-packages/numpy/lib/&lt;strong&gt;init&lt;/strong&gt;.py&quot;, line 4, in &lt;/p&gt;&#xA;&#xA;&lt;pre&gt;&lt;code&gt;from type_check import *&#xA;&lt;/code&gt;&lt;/pre&gt;&#xA;&#xA;&lt;p&gt;File &quot;/Library/Frameworks/Python.framework/Versions/2.7/lib/python2.7/site-packages/numpy/lib/type_check.py&quot;, line 8, in &lt;/p&gt;&#xA;&#xA;&lt;pre&gt;&lt;code&gt;import numpy.core.numeric as _nx&#xA;&lt;/code&gt;&lt;/pre&gt;&#xA;&#xA;&lt;p&gt;File &quot;/Library/Frameworks/Python.framework/Versions/2.7/lib/python2.7/site-packages/numpy/core/&lt;strong&gt;init&lt;/strong&gt;.py&quot;, line 5, in &lt;/p&gt;&#xA;&#xA;&lt;pre&gt;&lt;code&gt;import multiarray&#xA;&lt;/code&gt;&lt;/pre&gt;&#xA;&#xA;&lt;p&gt;ImportError: dlopen(/Library/Frameworks/Python.framework/Versions/2.7/lib/python2.7/site-packages/numpy/core/multiarray.so, 2): no suitable image found.  Did find: /Library/Frameworks/Python.framework/Versions/2.7/lib/python2.7/site-packages/numpy/core/multiarray.so: no matching architecture in universal wrapper&lt;/p&gt;&lt;/li&gt;&#xA;&lt;/ol&gt;&#xA;&#xA;&lt;p&gt;Any help?&lt;/p&gt;&#xA;</Body>
<Tags>python,numpy,osx-lion</Tags>
</question>
<answer>
<Body>&lt;p&gt;If I recall correctly the precompiled binary on source forge is 32-bit.  It took me ages to get Numpy, Scipy, and Matplotlib set up on my macbook, it's definitely much harder than it should be.&lt;/p&gt;&#xA;&#xA;&lt;p&gt;I believe that your best option is &lt;a href=&quot;http://fonnesbeck.github.com/ScipySuperpack/&quot; rel=&quot;noreferrer&quot;&gt;the Scipy superpack&lt;/a&gt;.  Before using the superpack you need to update to Xcode 4.3.2&lt;/p&gt;&#xA;&#xA;&lt;p&gt;So I just installed python 2.7.2 from python.org, grabbed the superpack, and now have numpy working on my machine.  After installing python 2.7.2, I did &lt;code&gt;sudo pip uninstall numpy&lt;/code&gt;, which didn't remove enough.  So I cd'd into &lt;code&gt;/Library/Frameworks/Python.framework/Versions/2.7/lib/python2.7/site-packages/&lt;/code&gt; and moved both the numpy directory and the numpy egg to &quot;old&quot; versions of themselves.  Then I ran &lt;code&gt;sh install_superpack.sh&lt;/code&gt; and answered &lt;em&gt;no&lt;/em&gt; to the &quot;are you installing from a repository cloned to this machine(pretty important lol, hit yes without thinking the first time).&lt;/p&gt;&#xA;&#xA;&lt;p&gt;However, now I'm able to do this:&lt;/p&gt;&#xA;&#xA;&lt;pre&gt;&lt;code&gt;$ python&#xA;Python 2.7.2 (v2.7.2:8527427914a2, Jun 11 2011, 15:22:34) &#xA;[GCC 4.2.1 (Apple Inc. build 5666) (dot 3)] on darwin&#xA;Type &quot;help&quot;, &quot;copyright&quot;, &quot;credits&quot; or &quot;license&quot; for more information.&#xA;&amp;gt;&amp;gt;&amp;gt; import numpy&#xA;&amp;gt;&amp;gt;&amp;gt; import scipy&#xA;&amp;gt;&amp;gt;&amp;gt; import matplotlib&#xA;&lt;/code&gt;&lt;/pre&gt;&#xA;&#xA;&lt;p&gt;With no problems :)&lt;/p&gt;&#xA;</Body>
</answer>
<answer>
<Body>&lt;p&gt;SuperPack worked for me (thanks, @Nolen) on OS X 10.8 (Mountain Lion) w/ XCode 4.5.1 installed.&lt;/p&gt;&#xA;&#xA;&lt;p&gt;Numpy worked for me using &lt;code&gt;pip install numpy&lt;/code&gt; after step #1 below. But scipy would &lt;em&gt;not&lt;/em&gt; install using pip. SuperPack fixed this.&lt;/p&gt;&#xA;&#xA;&lt;p&gt;The only thing I did differently was to use HomeBrew to install Python as step #1, rather than download it manually.&lt;/p&gt;&#xA;&#xA;&lt;ol&gt;&#xA;&lt;li&gt;&lt;p&gt;Install Python (separate from version that comes with OS X 10.8)&lt;/p&gt;&#xA;&#xA;&lt;ul&gt;&#xA;&lt;li&gt;&lt;code&gt;brew install python --framework --universal&lt;/code&gt;&lt;/li&gt;&#xA;&lt;li&gt;&lt;code&gt;pushd /System/Library/Frameworks/Python.framework/Versions&lt;/code&gt;&lt;/li&gt;&#xA;&lt;li&gt;&lt;code&gt;sudo rm Current&lt;/code&gt;&lt;/li&gt;&#xA;&lt;li&gt;&lt;code&gt;sudo ln -s /usr/local/Cellar/python/2.7.3/Frameworks/Python.framework/Versions/Current&lt;/code&gt;&lt;/li&gt;&#xA;&lt;li&gt;&lt;code&gt;popd&lt;/code&gt;&lt;/li&gt;&#xA;&lt;/ul&gt;&lt;/li&gt;&#xA;&lt;li&gt;&lt;p&gt;Install SuperPack:&lt;/p&gt;&#xA;&#xA;&lt;ul&gt;&#xA;&lt;li&gt;&lt;code&gt;curl -o install_superpack.sh https://raw.github.com/fonnesbeck/ScipySuperpack/master/install_superpack.sh&lt;/code&gt;&lt;/li&gt;&#xA;&lt;li&gt;&lt;code&gt;sh install_superpack.sh&lt;/code&gt;&lt;/li&gt;&#xA;&lt;li&gt;(type your admin password several times during the installation...)&lt;/li&gt;&#xA;&lt;/ul&gt;&lt;/li&gt;&#xA;&lt;/ol&gt;&#xA;</Body>
</answer>
