<question>
<Title>Passing Commands To Python From PHP</Title>
<Body>&lt;p&gt;I have a python script on a vps that I run a simple command though.&lt;/p&gt;&#xA;&#xA;&lt;pre&gt;&lt;code&gt;./script.py [ipaddress] [portnumber]&#xA;&lt;/code&gt;&lt;/pre&gt;&#xA;&#xA;&lt;p&gt;example&lt;/p&gt;&#xA;&#xA;&lt;pre&gt;&lt;code&gt;./script.py 127.0.0.1 8080&#xA;&lt;/code&gt;&lt;/pre&gt;&#xA;&#xA;&lt;hr&gt;&#xA;&#xA;&lt;p&gt;What I'd like to do is put a simple php script on my apache server (same vps) with a form on the page to enter the ip address and port number into it.. Along with a go button.&lt;/p&gt;&#xA;&#xA;&lt;p&gt;After running the script I'd like it to display the scripts output below.&#xA;IF possible (as im really just not sure) I'd like to be able to have several people use it at once... example.. 10 users all passing data to the same script at the same time.&lt;/p&gt;&#xA;&#xA;&lt;p&gt;My server is running CentOS&lt;/p&gt;&#xA;</Body>
<Tags>php,python,apache</Tags>
</question>
<answer>
<Body>&lt;p&gt;popen() is what you want&lt;/p&gt;&#xA;&#xA;&lt;p&gt;&lt;a href=&quot;http://www.php.net/manual/en/function.popen.php&quot; rel=&quot;nofollow&quot;&gt;http://www.php.net/manual/en/function.popen.php&lt;/a&gt;&lt;/p&gt;&#xA;&#xA;&lt;p&gt;This allows you to run an arbitrary command and get the stdout result.&lt;/p&gt;&#xA;</Body>
</answer>
