<question>
<Title>How to keep a Python script output window open?</Title>
<Body>&lt;p&gt;I have just started with Python. When I execute a python script file on Windows, the output window appears but instantaneously goes away. I need it to stay there so I can analyze my output. How can I keep it open?&lt;/p&gt;&#xA;</Body>
<Tags>python,windows</Tags>
</question>
<answer>
<Body>&lt;p&gt;Start the script from already open cmd window or&#xA;at the end of script add something like this, in Python 2:&lt;/p&gt;&#xA;&#xA;&lt;pre&gt;&lt;code&gt; raw_input(&quot;Press enter to exit ;)&quot;)&#xA;&lt;/code&gt;&lt;/pre&gt;&#xA;&#xA;&lt;p&gt;Or, in Python 3:&lt;/p&gt;&#xA;&#xA;&lt;pre&gt;&lt;code&gt;input(&quot;Press enter to exit ;)&quot;)&#xA;&lt;/code&gt;&lt;/pre&gt;&#xA;</Body>
</answer>
<answer>
<Body>&lt;p&gt;You have a few options:&lt;/p&gt;&#xA;&#xA;&lt;ol&gt;&#xA;&lt;li&gt;&lt;p&gt;Run the program from an already-open terminal. Open a command prompt and type:&lt;/p&gt;&#xA;&#xA;&lt;pre&gt;&lt;code&gt;python myscript.py&#xA;&lt;/code&gt;&lt;/pre&gt;&#xA;&#xA;&lt;p&gt;For that to work you need the python executable in your path. Just check on &lt;a href=&quot;https://superuser.com/questions/284342/what-are-path-and-other-environment-variables-and-how-can-i-set-or-use-them&quot;&gt;how to edit environment variables&lt;/a&gt; on Windows, and add &lt;code&gt;C:\PYTHON26&lt;/code&gt; (or whatever directory you installed python to).&lt;/p&gt;&#xA;&#xA;&lt;p&gt;When the program ends, it'll drop you back to the &lt;strong&gt;cmd&lt;/strong&gt; prompt instead of closing the window.&lt;/p&gt;&lt;/li&gt;&#xA;&lt;li&gt;&lt;p&gt;Add code to wait at the end of your script. For Python2, adding ...&lt;/p&gt;&#xA;&#xA;&lt;pre&gt;&lt;code&gt;raw_input()&#xA;&lt;/code&gt;&lt;/pre&gt;&#xA;&#xA;&lt;p&gt;... at the end of the script makes it wait for the &lt;kbd&gt;Enter&lt;/kbd&gt; key. That method is annoying because you have to modify the script, and have to remember removing it when you're done. Specially annoying when testing other people's scripts.  For Python3, use &lt;code&gt;input()&lt;/code&gt;.&lt;/p&gt;&lt;/li&gt;&#xA;&lt;li&gt;&lt;p&gt;Use an editor that pauses for you. Some editors prepared for python will automatically pause for you after execution. Other editors allow you to configure the command line it uses to run your program. I find it particularly useful to configure it as &quot;&lt;code&gt;python -i myscript.py&lt;/code&gt;&quot; when running. That drops you to a python shell after the end of the program, with the program environment loaded, so you may further play with the variables and call functions and methods.&lt;/p&gt;&lt;/li&gt;&#xA;&lt;/ol&gt;&#xA;</Body>
</answer>
<answer>
<Body>&lt;p&gt;&lt;code&gt;cmd /k&lt;/code&gt; is the typical way to open any console application (not only Python) with a console window that will remain after the application closes. The easiest way I can think to do that, is to press Win+R, type &lt;code&gt;cmd /k&lt;/code&gt; and then drag&amp;amp;drop the script you want to the Run dialog.&lt;/p&gt;&#xA;</Body>
</answer>
<answer>
<Body>&lt;p&gt;I had a similar problem. With Notepad++ I used to use the command : &lt;code&gt;C:\Python27\python.exe &quot;$(FULL_CURRENT_PATH)&quot;&lt;/code&gt; which closed the cmd window immediately after the code terminated.&lt;br&gt;&#xA;Now I am using &lt;code&gt;cmd /k c:\Python27\python.exe &quot;$(FULL_CURRENT_PATH)&quot;&lt;/code&gt; which keeps the cmd window open.&lt;/p&gt;&#xA;</Body>
</answer>
<answer>
<Body>&lt;p&gt;you can combine the answers before: (for Notepad++ User)&lt;/p&gt;&#xA;&#xA;&lt;p&gt;press F5 to run current script and type in command: &lt;/p&gt;&#xA;&#xA;&lt;pre&gt;&lt;code&gt;cmd /k python -i &quot;$(FULL_CURRENT_PATH)&quot;&#xA;&lt;/code&gt;&lt;/pre&gt;&#xA;&#xA;&lt;p&gt;in this way you stay in interactive mode after executing your Notepad++ python script and you are able to play around with your variables and so on :)&lt;/p&gt;&#xA;</Body>
</answer>
<answer>
<Body>&lt;ol&gt;&#xA;&lt;li&gt;Go &lt;a href=&quot;http://notepad-plus-plus.org/&quot; rel=&quot;nofollow&quot;&gt;here&lt;/a&gt; and download and install Notepad++  &lt;/li&gt;&#xA;&lt;li&gt;Go &lt;a href=&quot;http://python.org/download&quot; rel=&quot;nofollow&quot;&gt;here&lt;/a&gt; and download and install Python 2.7 not 3.  &lt;/li&gt;&#xA;&lt;li&gt;Start, Run Powershell.  Enter the following.  &lt;code&gt;[Environment]::SetEnvironmentVariable(&quot;Path&quot;, &quot;$env:Path;C:\Python27&quot;, &quot;User&quot;)&lt;/code&gt;&lt;/li&gt;&#xA;&lt;li&gt;Close Powershell and reopen it.&lt;/li&gt;&#xA;&lt;li&gt;Make a directory for your programs.  mkdir scripts&lt;/li&gt;&#xA;&lt;li&gt;Open that directory cd scripts&lt;/li&gt;&#xA;&lt;li&gt;In Notepad++, in a new file type: &lt;code&gt;print &quot;hello world&quot;&lt;/code&gt;&lt;/li&gt;&#xA;&lt;li&gt;Save the file as hello.py&lt;/li&gt;&#xA;&lt;li&gt;Go back to powershell and make sure you are in the right directory by typing dir.  You should see your file hello.py there.&lt;/li&gt;&#xA;&lt;li&gt;At the Powershell prompt type: &lt;code&gt;python hello.py&lt;/code&gt;&lt;/li&gt;&#xA;&lt;/ol&gt;&#xA;</Body>
</answer>
<answer>
<Body>&lt;p&gt;To just keep the window open I agree with Anurag and this is what I did to keep my windows open for short little calculation type programs.&lt;/p&gt;&#xA;&#xA;&lt;p&gt;&lt;em&gt;This would just show a cursor with no text:&lt;/em&gt;&lt;/p&gt;&#xA;&#xA;&lt;pre&gt;&lt;code&gt;raw_input() &#xA;&lt;/code&gt;&lt;/pre&gt;&#xA;&#xA;&lt;p&gt;&lt;em&gt;This next example would give you a clear message that the program is done and not waiting on another input prompt within the program:&lt;/em&gt;&lt;/p&gt;&#xA;&#xA;&lt;pre&gt;&lt;code&gt;print('You have reached the end and the &quot;raw_input()&quot; function is keeping the window open') &#xA;raw_input()&#xA;&lt;/code&gt;&lt;/pre&gt;&#xA;&#xA;&lt;blockquote&gt;&#xA;  &lt;p&gt;Note!&lt;br&gt;&#xA;  (1) In python 3, there is no &lt;strong&gt;raw_input()&lt;/strong&gt;, just&#xA;  &lt;strong&gt;input()&lt;/strong&gt;.&lt;br&gt;&#xA;  (2) Use single quotes to indicate a string; otherwise if you type doubles around anything, such as&#xA;  &quot;raw_input()&quot;, it will think it is a function, variable, etc, and not text.&lt;/p&gt;&#xA;&lt;/blockquote&gt;&#xA;&#xA;&lt;p&gt;&lt;em&gt;In this next example, I use double quotes and it &lt;strong&gt;won't&lt;/strong&gt; work because it thinks there is a break in the quotes between &quot;the&quot; and &quot;function&quot; even though when you read it, your own mind can make perfect sense of it:&lt;/em&gt;&lt;/p&gt;&#xA;&#xA;&lt;pre&gt;&lt;code&gt;print(&quot;You have reached the end and the &quot;input()&quot; function is keeping the window open&quot;)&#xA;input()&#xA;&lt;/code&gt;&lt;/pre&gt;&#xA;&#xA;&lt;p&gt;Hopefully this helps others who might be starting out and still haven't figured out how the computer thinks yet. It can take a while. :o)&lt;/p&gt;&#xA;</Body>
</answer>
<answer>
<Body>&lt;p&gt;To keep your window open in case of exception (yet, while printing the exception)&lt;/p&gt;&#xA;&#xA;&lt;h1&gt;Python 2&lt;/h1&gt;&#xA;&#xA;&lt;pre&gt;&lt;code&gt;if __name__ == '__main__':&#xA;    try:&#xA;        ## your code, typically one function call&#xA;    except Exception:&#xA;        import sys&#xA;        print sys.exc_info()[0]&#xA;        import traceback&#xA;        print traceback.format_exc()&#xA;        print &quot;Press Enter to continue ...&quot; &#xA;        raw_input() &#xA;&lt;/code&gt;&lt;/pre&gt;&#xA;&#xA;&lt;p&gt;To keep the window open in any case:&lt;/p&gt;&#xA;&#xA;&lt;pre&gt;&lt;code&gt;if __name__ == '__main__':&#xA;    try:&#xA;        ## your code, typically one function call&#xA;    except Exception:&#xA;        import sys&#xA;        print sys.exc_info()[0]&#xA;        import traceback&#xA;        print traceback.format_exc()&#xA;    finally:&#xA;        print &quot;Press Enter to continue ...&quot; &#xA;        raw_input()&#xA;&lt;/code&gt;&lt;/pre&gt;&#xA;&#xA;&lt;h1&gt;Python 3&lt;/h1&gt;&#xA;&#xA;&lt;p&gt;For Python3 you'll have to &lt;a href=&quot;https://stackoverflow.com/a/30991566/2436175&quot;&gt;use &lt;code&gt;input()&lt;/code&gt; in place of &lt;code&gt;raw_input()&lt;/code&gt;&lt;/a&gt;, and of course adapt the &lt;code&gt;print&lt;/code&gt; statements.&lt;/p&gt;&#xA;&#xA;&lt;pre&gt;&lt;code&gt;if __name__ == '__main__':&#xA;    try:&#xA;        ## your code, typically one function call&#xA;    except BaseException:&#xA;        import sys&#xA;        print(sys.exc_info()[0])&#xA;        import traceback&#xA;        print(traceback.format_exc())&#xA;        print(&quot;Press Enter to continue ...&quot;)&#xA;        input() &#xA;&lt;/code&gt;&lt;/pre&gt;&#xA;&#xA;&lt;p&gt;To keep the window open in any case:&lt;/p&gt;&#xA;&#xA;&lt;pre&gt;&lt;code&gt;if __name__ == '__main__':&#xA;    try:&#xA;        ## your code, typically one function call&#xA;except BaseException:&#xA;    import sys&#xA;    print(sys.exc_info()[0])&#xA;    import traceback&#xA;    print(traceback.format_exc())&#xA;finally:&#xA;    print(&quot;Press Enter to continue ...&quot;)&#xA;    input()&#xA;&lt;/code&gt;&lt;/pre&gt;&#xA;</Body>
</answer>
<answer>
<Body>&lt;p&gt;Create a Windows batch file with these 2 lines:&lt;/p&gt;&#xA;&#xA;&lt;pre&gt;&lt;code&gt;python your-program.py&#xA;&#xA;pause&#xA;&lt;/code&gt;&lt;/pre&gt;&#xA;</Body>
</answer>
<answer>
<Body>&lt;p&gt;Apart from &lt;code&gt;input&lt;/code&gt; and &lt;code&gt;raw_input&lt;/code&gt;, you could also use an infinite &lt;code&gt;while&lt;/code&gt; loop, like this:&#xA;&lt;code&gt;while True: pass&lt;/code&gt; (Python 2.5+/3) or &lt;code&gt;while 1: pass&lt;/code&gt; (all versions of Python 2/3). This might use computing power, though.&lt;/p&gt;&#xA;&#xA;&lt;p&gt;You could also run the program from the command line. Type &lt;code&gt;python&lt;/code&gt; into the command line (Mac OS X Terminal) and it should say &lt;code&gt;Python 3.?.?&lt;/code&gt; (Your Python version) It it does not show your Python version, or says &lt;code&gt;python: command not found&lt;/code&gt;, look into changing PATH values (enviromentl values, listed above)/type &lt;code&gt;C:\(Python folder\python.exe&lt;/code&gt;. If that is successful, type &lt;code&gt;python&lt;/code&gt; or &lt;code&gt;C:\(Python installation)\python.exe&lt;/code&gt; and the &lt;em&gt;full directory&lt;/em&gt; of your program.&lt;/p&gt;&#xA;</Body>
</answer>
<answer>
<Body>&lt;p&gt;In python 2 you can do it with: raw_input()&lt;/p&gt;&#xA;&#xA;&lt;pre&gt;&lt;code&gt;&amp;gt;&amp;gt;print(&quot;Hello World!&quot;)    &#xA;&amp;gt;&amp;gt;raw_input('Waiting a key...')&#xA;&lt;/code&gt;&lt;/pre&gt;&#xA;&#xA;&lt;p&gt;In python 3 you can do it with: input()  &lt;/p&gt;&#xA;&#xA;&lt;pre&gt;&lt;code&gt;&amp;gt;&amp;gt;print(&quot;Hello world!&quot;)    &#xA;&amp;gt;&amp;gt;input('Waiting a key...')&#xA;&lt;/code&gt;&lt;/pre&gt;&#xA;&#xA;&lt;p&gt;Also, you can do it with the time.sleep(time)&lt;/p&gt;&#xA;&#xA;&lt;pre&gt;&lt;code&gt;&amp;gt;&amp;gt;import time&#xA;&amp;gt;&amp;gt;print(&quot;The program will close in 5 seconds&quot;)&#xA;&amp;gt;&amp;gt;time.sleep(5)&#xA;&lt;/code&gt;&lt;/pre&gt;&#xA;</Body>
</answer>
<answer>
<Body>&lt;p&gt;Using &lt;a href=&quot;https://docs.python.org/3/library/atexit.html&quot; rel=&quot;noreferrer&quot;&gt;&lt;code&gt;atexit&lt;/code&gt;&lt;/a&gt;, you can pause the program right when it exits. If an error/exception is the reason for the exit, it will pause after printing the stacktrace.&lt;/p&gt;&#xA;&#xA;&lt;pre&gt;&lt;code&gt;import atexit&#xA;&#xA;# Python 2 should use `raw_input` instead of `input`&#xA;atexit.register(input, 'Press Enter to continue...')&#xA;&lt;/code&gt;&lt;/pre&gt;&#xA;&#xA;&lt;p&gt;In my program, I put the call to &lt;code&gt;atexit.register&lt;/code&gt; in the &lt;code&gt;except&lt;/code&gt; clause, so that it will only pause if something went wrong.&lt;/p&gt;&#xA;&#xA;&lt;pre&gt;&lt;code&gt;if __name__ == &quot;__main__&quot;:&#xA;    try:&#xA;        something_that_may_fail()&#xA;&#xA;    except:&#xA;        # Register the pause.&#xA;        import atexit&#xA;        atexit.register(input, 'Press Enter to continue...')&#xA;&#xA;        raise # Reraise the exception.&#xA;&lt;/code&gt;&lt;/pre&gt;&#xA;</Body>
</answer>
<answer>
<Body>&lt;p&gt;On windows 10 insert at beggining this:&lt;/p&gt;&#xA;&#xA;&lt;pre&gt;&lt;code&gt;#!/usr/bin/env python&#xA;# -*- coding: utf-8 -*-&#xA;&lt;/code&gt;&lt;/pre&gt;&#xA;&#xA;&lt;p&gt;Strange, but it work for me!(Together with  input() at the end, of course)&lt;/p&gt;&#xA;</Body>
</answer>
<answer>
<Body>&lt;p&gt;If you want to run your script from a desktop shortcut, right click your python file and select &lt;code&gt;Send to|Desktop (create shortcut)&lt;/code&gt;. Then right click the shortcut and select Properties. On the Shortcut tab select the Target: text box and add &lt;code&gt;cmd /k&lt;/code&gt;  in front of the path and click OK. The shortcut should now run your script without closing and you don't need the &lt;code&gt;input('Hit enter to close')&lt;/code&gt;&lt;/p&gt;&#xA;&#xA;&lt;p&gt;Note, if you have more than one version of python on your machine, add the name of the required python executable between cmd /k and the scipt path like this:&lt;/p&gt;&#xA;&#xA;&lt;pre&gt;&lt;code&gt;cmd /k python3 &quot;C:\Users\&amp;lt;yourname&amp;gt;\Documents\your_scipt.py&quot;&#xA;&lt;/code&gt;&lt;/pre&gt;&#xA;</Body>
</answer>
<answer>
<Body>&lt;p&gt;On Python 3&lt;/p&gt;&#xA;&#xA;&lt;pre&gt;&lt;code&gt;input('Press Enter to Exit...')&#xA;&lt;/code&gt;&lt;/pre&gt;&#xA;&#xA;&lt;p&gt;Will do the trick. &lt;/p&gt;&#xA;</Body>
</answer>
<answer>
<Body>&lt;p&gt;A very belated answer, but I created a Windows Batch file called &lt;code&gt;pythonbat.bat&lt;/code&gt; containing the following:&lt;/p&gt;&#xA;&#xA;&lt;pre&gt;&lt;code&gt;python.exe %1&#xA;@echo off&#xA;echo.&#xA;pause&#xA;&lt;/code&gt;&lt;/pre&gt;&#xA;&#xA;&lt;p&gt;and then specified &lt;code&gt;pythonbat.bat&lt;/code&gt; as the default handler for &lt;code&gt;.py&lt;/code&gt; files.&lt;/p&gt;&#xA;&#xA;&lt;p&gt;Now, when I double-click a &lt;code&gt;.py&lt;/code&gt; file in File Explorer, it opens a new console window, runs the Python script and then pauses (remains open), until I press any key...&lt;/p&gt;&#xA;&#xA;&lt;p&gt;No changes required to any Python scripts.&lt;/p&gt;&#xA;&#xA;&lt;p&gt;I can still open a console window and specify &lt;code&gt;python myscript.py&lt;/code&gt; if I want to...&lt;/p&gt;&#xA;&#xA;&lt;p&gt;(I just noticed @maurizio already posted this exact answer)&lt;/p&gt;&#xA;</Body>
</answer>
<answer>
<Body>&lt;p&gt;A simple hack to keep the window open:&lt;/p&gt;&#xA;&#xA;&lt;pre&gt;&lt;code&gt;counter = 0&#xA;&#xA;While (True):&#xA;&#xA;    If (counter == 0):&#xA;&#xA;        # Code goes here&#xA;&#xA;    counter += 1&#xA;&lt;/code&gt;&lt;/pre&gt;&#xA;&#xA;&lt;p&gt;The counter is so the code won’t repeat itself.&lt;/p&gt;&#xA;</Body>
</answer>
<answer>
<Body>&lt;p&gt;You can open PowerShell and type &quot;python&quot;.&#xA;After Python has been imported, you can copy paste the source code from your favourite text-editor to run the code.&lt;/p&gt;&#xA;&#xA;&lt;p&gt;The window won't close.&lt;/p&gt;&#xA;</Body>
</answer>
