<question>
<Title>C++ vector and segmentation faults</Title>
<Body>&lt;p&gt;I am working on a simple mathematical parser. Something that just reads &lt;code&gt;number = 1 + 2;&lt;/code&gt;&lt;/p&gt;&#xA;&#xA;&lt;p&gt;I have a vector containing these tokens. They store a type and string value of the character. I am trying to step through the vector to build an AST of these tokens, and I keep getting segmentation faults, even when I am under the impression my code should prevent this from happening.&lt;/p&gt;&#xA;&#xA;&lt;p&gt;Here is the bit of code that builds the AST:&lt;/p&gt;&#xA;&#xA;&lt;pre&gt;&lt;code&gt;struct ASTGen&#xA;{&#xA;    const vector&amp;lt;Token&amp;gt;            &amp;amp;Tokens;&#xA;    unsigned int                   size,&#xA;                                   pointer;&#xA;&#xA;    ASTGen(const vector&amp;lt;Token&amp;gt; &amp;amp;t) : Tokens(t), pointer(0) &#xA;    {&#xA;        size = Tokens.size() - 1;&#xA;    }&#xA;&#xA;    unsigned int next()&#xA;    {&#xA;        return pointer + 1;&#xA;    }&#xA;&#xA;    Node* Statement()&#xA;    {&#xA;        if(next() &amp;lt;= size)&#xA;        {&#xA;            switch(Tokens[next()].type)&#xA;            {&#xA;                case EQUALS&#xA;                :&#xA;                    Node* n = Assignment_Expr();&#xA;                    return n;&#xA;            }&#xA;        }&#xA;&#xA;        advance();&#xA;    }&#xA;&#xA;    void advance()&#xA;    {&#xA;        if(next() &amp;lt;= size) ++pointer;&#xA;    }&#xA;&#xA;    Node* Assignment_Expr()&#xA;    {&#xA;        Node* lnode = new Node(Tokens[pointer], NULL, NULL);&#xA;        advance();&#xA;        Node* n = new Node(Tokens[pointer], lnode, Expression());&#xA;        return n;&#xA;    }&#xA;&#xA;    Node* Expression()&#xA;    {&#xA;        if(next() &amp;lt;= size)&#xA;        {                        &#xA;            advance();&#xA;            if(Tokens[next()].type == SEMICOLON)&#xA;            {&#xA;                Node* n = new Node(Tokens[pointer], NULL, NULL);&#xA;                return n;&#xA;            }&#xA;&#xA;            if(Tokens[next()].type == PLUS)&#xA;            {&#xA;                Node* lnode = new Node(Tokens[pointer], NULL, NULL);&#xA;                advance();&#xA;                Node* n = new Node(Tokens[pointer], lnode, Expression());&#xA;                return n;&#xA;            }&#xA;        }&#xA;    }&#xA;};&#xA;&lt;/code&gt;&lt;/pre&gt;&#xA;&#xA;&lt;p&gt;&lt;code&gt;...&lt;/code&gt;&lt;/p&gt;&#xA;&#xA;&lt;pre&gt;&lt;code&gt;ASTGen AST(Tokens);&#xA;Node* Tree = AST.Statement();&#xA;cout &amp;lt;&amp;lt; Tree-&amp;gt;Right-&amp;gt;Data.svalue &amp;lt;&amp;lt; endl;&#xA;&lt;/code&gt;&lt;/pre&gt;&#xA;&#xA;&lt;p&gt;I can access &lt;code&gt;Tree-&amp;gt;Data.svalue&lt;/code&gt; and get the &lt;code&gt;=&lt;/code&gt; Node's token info, so I know that node is getting spawned, and I can also get &lt;code&gt;Tree-&amp;gt;Left-&amp;gt;Data.svalue&lt;/code&gt; and get the variable to the left of the &lt;code&gt;=&lt;/code&gt;&lt;/p&gt;&#xA;&#xA;&lt;p&gt;I have re-written it many times trying out different methods for stepping through the vector, but I always get a segmentation fault when I try to access the &lt;code&gt;=&lt;/code&gt; right node (which should be the &lt;code&gt;+&lt;/code&gt; node)&lt;/p&gt;&#xA;&#xA;&lt;p&gt;Any help would be greatly appreciated.&lt;/p&gt;&#xA;</Body>
<Tags>c++,vector,segmentation-fault,binary-tree,abstract-syntax-tree</Tags>
</question>
<answer>
<Body>&lt;p&gt;There's plenty more code that we haven't seen, so I can't tell you precisely what's going on, but I see a few things that are reasons for concern. One is that the Statement() method doesn't always return a value. If the first &lt;code&gt;if&lt;/code&gt; test doesn't pass, then we call &lt;code&gt;advance()&lt;/code&gt; and fall off the bottom of the routine without an explicit return. The caller will try to get the return value of the function but it'll get garbage. This could lead to all sorts of problems, including things like double &lt;code&gt;free()&lt;/code&gt; calls, etc, which can easily cause segfaults.&lt;/p&gt;&#xA;&#xA;&lt;p&gt;&lt;code&gt;Expression()&lt;/code&gt; has the same problem.&lt;/p&gt;&#xA;</Body>
</answer>
