<question>
<Title>Microseconds timer with Carbon framework</Title>
<Body>&lt;p&gt;Is there an equivalent to: Microseconds() we can find in the Carbon framework?&lt;/p&gt;&#xA;&#xA;&lt;pre&gt;&#xA; **  Microseconds()&#xA; *  &#xA; *  Summary:&#xA; *    Determines the number of microseconds that have elapsed since&#xA; *    system startup time.&#xA; *  &#xA; *  Discussion:&#xA; *    Return a value representing the number of microseconds since some&#xA; *    point in time, usually since the system was booted.  One&#xA; *    microsecond is 1 * 10^-6 seconds, and so there are one million (&#xA; *    1,000,000 ) microseconds per second.  For reference, in one&#xA; *    microsecond light can travel about 850 feet in a vacuum.&#xA; *    &#xA; *    Microseconds() doesn't necessarily advance while the computer is&#xA; *    asleep, so it should not be used for long duration timings.&#xA; *  &#xA; *  Parameters:&#xA; *    &#xA; *    microTickCount:&#xA; *      The number of microseconds elapsed since system startup.&#xA; *  &#xA; *  Availability:&#xA; *    Mac OS X:         in version 10.0 and later in CoreServices.framework&#xA; *    CarbonLib:        in CarbonLib 1.0 and later&#xA; *    Non-Carbon CFM:   in InterfaceLib 7.1 and later*&#xA;&lt;/pre&gt;&#xA;</Body>
<Tags>c++,macos,frameworks,timer,macos-carbon</Tags>
</question>
<answer>
<Body>&lt;p&gt;&lt;code&gt;Microseconds&lt;/code&gt; is a Core Service, and it is &lt;em&gt;always&lt;/em&gt; accessible from Carbon. (Carbon sits on top of Core Services). &lt;/p&gt;&#xA;&#xA;&lt;p&gt;It originates from classic Mac OS as well.&lt;/p&gt;&#xA;</Body>
</answer>
