<question>
<Title>Is it possible to forbid deriving from a class at compile time?</Title>
<Body>&lt;p&gt;I have a value class according to the description in &quot;C++ Coding Standards&quot;, Item 32. In short, that means it provides value semantics and does not have any virtual methods.&lt;/p&gt;&#xA;&#xA;&lt;p&gt;I don't want a class to derive from this class. Beside others, one reason is that it has a public nonvirtual destructor. But a base class should have a destructor that is public and virtual or protected and nonvirtual.&lt;/p&gt;&#xA;&#xA;&lt;p&gt;I don't know a possibility to write the value class, such that it is not possible to derive from it. I want to forbid it at compile time. Is there perhaps any known idiom to do that? If not, perhaps there are some new possibilities in the upcoming C++0x? Or are there good reasons that there is no such possibility?&lt;/p&gt;&#xA;</Body>
<Tags>c++</Tags>
</question>
<answer>
<Body>&lt;p&gt;If you are willing to only allow the class to be created by a factory method you can have a private constructor.&lt;/p&gt;&#xA;&#xA;&lt;pre&gt;&lt;code&gt;class underivable {&#xA;    underivable() { }&#xA;    underivable(const underivable&amp;amp;); // not implemented&#xA;    underivable&amp;amp; operator=(const underivable&amp;amp;); // not implemented&#xA;public:&#xA;    static underivable create() { return underivable(); }&#xA;};&#xA;&lt;/code&gt;&lt;/pre&gt;&#xA;</Body>
</answer>
<answer>
<Body>&lt;p&gt;Bjarne Stroustrup has written about this &lt;a href=&quot;http://www.research.att.com/~bs/bs_faq2.html#no-derivation&quot; rel=&quot;noreferrer&quot;&gt;here&lt;/a&gt;.&lt;/p&gt;&#xA;&#xA;&lt;hr&gt;&#xA;&#xA;&lt;p&gt;The relevant bit from the link: &lt;/p&gt;&#xA;&#xA;&lt;p&gt;&lt;strong&gt;Can I stop people deriving from my class?&lt;/strong&gt;&lt;/p&gt;&#xA;&#xA;&lt;p&gt;Yes, but why do you want to? There are two common answers:&lt;/p&gt;&#xA;&#xA;&lt;ul&gt;&#xA;&lt;li&gt;for efficiency: to avoid my function&#xA;calls being virtual.&lt;/li&gt;&#xA;&lt;li&gt;for safety: to ensure that my class is not used as a&#xA;base class (for example, to be sure&#xA;that I can copy objects without fear&#xA;of slicing)&lt;/li&gt;&#xA;&lt;/ul&gt;&#xA;&#xA;&lt;p&gt;In my experience, the efficiency reason is usually misplaced fear. In C++, virtual function calls are so fast that their real-world use for a class designed with virtual functions does not to produce measurable run-time overheads compared to alternative solutions using ordinary function calls. Note that the virtual function call mechanism is typically used only when calling through a pointer or a reference. When calling a function directly for a named object, the virtual function class overhead is easily optimized away.&lt;/p&gt;&#xA;&#xA;&lt;p&gt;If there is a genuine need for &quot;capping&quot; a class hierarchy to avoid virtual function calls, one might ask why those functions are virtual in the first place. I have seen examples where performance-critical functions had been made virtual for no good reason, just because &quot;that's the way we usually do it&quot;.&lt;/p&gt;&#xA;&#xA;&lt;p&gt;The other variant of this problem, how to prevent derivation for logical reasons, has a solution. Unfortunately, that solution is not pretty. It relies on the fact that the most derived class in a hierarchy must construct a virtual base. For example:&lt;/p&gt;&#xA;&#xA;&lt;pre&gt;&lt;code&gt;class Usable;&#xA;&#xA;class Usable_lock {&#xA;    friend class Usable;&#xA;private:&#xA;    Usable_lock() {}&#xA;    Usable_lock(const Usable_lock&amp;amp;) {}&#xA;};&#xA;&#xA;class Usable : public virtual Usable_lock {&#xA;    // ...&#xA;public:&#xA;    Usable();&#xA;    Usable(char*);&#xA;    // ...&#xA;};&#xA;&#xA;Usable a;&#xA;&#xA;class DD : public Usable { };&#xA;&#xA;DD dd;  // error: DD::DD() cannot access&#xA;        // Usable_lock::Usable_lock(): private  member&#xA;&lt;/code&gt;&lt;/pre&gt;&#xA;&#xA;&lt;p&gt;(from &lt;a href=&quot;http://www.research.att.com/~bs/dne.html&quot; rel=&quot;noreferrer&quot;&gt;D&amp;amp;E&lt;/a&gt; sec 11.4.3). &lt;/p&gt;&#xA;</Body>
</answer>
<answer>
<Body>&lt;p&gt;Well, i had a similar problem. This is posted &lt;a href=&quot;https://stackoverflow.com/questions/805413/restrict-inheritance-to-desired-number-of-classes-at-compile-time&quot;&gt;here&lt;/a&gt; on SO. The problem was other way around; i.e. only allow those classes to be derived that you permit. Check if it solves your problem.&lt;/p&gt;&#xA;&#xA;&lt;p&gt;This is done at &lt;strong&gt;compile-time&lt;/strong&gt;.&lt;/p&gt;&#xA;</Body>
</answer>
<answer>
<Body>&lt;p&gt;Take a good look &lt;a href=&quot;http://www.parashift.com/c++-faq-lite/strange-inheritance.html#faq-23.11&quot; rel=&quot;nofollow noreferrer&quot;&gt;here&lt;/a&gt;.&lt;br&gt;&#xA;It's really cool but it's a hack.&lt;br&gt;&#xA;Wonder for yourself why stdlib doesn't do this with it's own containers.&lt;/p&gt;&#xA;</Body>
</answer>
<answer>
<Body>&lt;p&gt;This solution doesn't work, but I leave it as an example of what not to do.&lt;/p&gt;&#xA;&#xA;&lt;hr&gt;&#xA;&#xA;&lt;p&gt;I haven't used C++ for a while now, but as far as I remember, you get what you want by making destructor private.&lt;/p&gt;&#xA;&#xA;&lt;p&gt;UPDATE:&lt;/p&gt;&#xA;&#xA;&lt;p&gt;On Visual Studio 2005 you'll get either a warning or an error. Check up the following code:&lt;/p&gt;&#xA;&#xA;&lt;pre&gt;&lt;code&gt;class A&#xA;{&#xA;public:&#xA;    A(){}&#xA;private:&#xA;    ~A(){}&#xA;};&#xA;&#xA;class B : A&#xA;{&#xA;};&#xA;&lt;/code&gt;&lt;/pre&gt;&#xA;&#xA;&lt;p&gt;Now, &lt;/p&gt;&#xA;&#xA;&lt;p&gt;B b;&lt;/p&gt;&#xA;&#xA;&lt;p&gt;will produce an error &quot;error C2248: 'A::~A' : cannot access private member declared in class 'A'&quot;&lt;/p&gt;&#xA;&#xA;&lt;p&gt;while &lt;/p&gt;&#xA;&#xA;&lt;pre&gt;&lt;code&gt;B *b = new B();&#xA;&lt;/code&gt;&lt;/pre&gt;&#xA;&#xA;&lt;p&gt;will produce warning &quot;warning C4624: 'B' : destructor could not be generated because a base class destructor is inaccessible&quot;.&lt;/p&gt;&#xA;&#xA;&lt;p&gt;It looks like a half-solutiom, BUT as orsogufo pointed, doing so makes class A unusable. Leaving answers &lt;/p&gt;&#xA;</Body>
</answer>
<answer>
<Body>&lt;p&gt;I would generally achieve this as follows:&lt;/p&gt;&#xA;&#xA;&lt;pre&gt;&lt;code&gt;// This class is *not* suitable for use as a base class&#xA;&lt;/code&gt;&lt;/pre&gt;&#xA;&#xA;&lt;p&gt;The comment goes in the header and/or in the documentation. If clients of your class don't follow the instructions on the packet, then in C++ they can expect undefined behavior. Deriving without permission is just a special case of this. They should use composition instead.&lt;/p&gt;&#xA;&#xA;&lt;p&gt;Btw, this is slightly misleading: &quot;a base class should have a destructor that is public and virtual or protected and nonvirtual&quot;.&lt;/p&gt;&#xA;&#xA;&lt;p&gt;That's true for classes which are to be used as bases for runtime polymorphism. But it's not necessary if derived classes are never going to be referenced via pointers to the base class type. It might be reasonable to have a value type which is used only for static polymorphism, for instance with simulated dynamic binding. The confusion is that inheritance can be used for different purposes in C++, requiring different support from the base class. It means that although you don't want dynamic polymorphism with your class, it might nevertheless be fine to create derived classes provided they're used correctly.&lt;/p&gt;&#xA;</Body>
</answer>
<answer>
<Body>&lt;p&gt;Even if the question is not marked for C++11, for people who get here it should be mentioned that C++11 supports new contextual identifier &lt;code&gt;final&lt;/code&gt;. See &lt;a href=&quot;http://en.wikipedia.org/wiki/C++11#Explicit_overrides_and_final&quot;&gt;wiki page&lt;/a&gt;&lt;/p&gt;&#xA;</Body>
</answer>
