<question>
<Title>ostream deferencing operator &lt;&lt;</Title>
<Body>&lt;p&gt;Why does this work well:&lt;/p&gt;&#xA;&#xA;&lt;pre&gt;&lt;code&gt;cout &amp;lt;&amp;lt; &quot;foo&quot;;&#xA;&lt;/code&gt;&lt;/pre&gt;&#xA;&#xA;&lt;p&gt;While this doesn't?&lt;/p&gt;&#xA;&#xA;&lt;pre&gt;&lt;code&gt;(&amp;amp;cout)-&amp;gt;operator&amp;lt;&amp;lt;(&quot;foo&quot;);&#xA;&lt;/code&gt;&lt;/pre&gt;&#xA;&#xA;&lt;p&gt;It works fine with numeric values so I guess it's something related to override. (I'm using the MS Visual C++ compiler.)&lt;/p&gt;&#xA;</Body>
<Tags>c++,operators,cout</Tags>
</question>
<answer>
<Body>&lt;p&gt;&lt;code&gt;operator&amp;lt;&amp;lt;&lt;/code&gt; is implemented as a member function for only a limited number of types. For other types, it's implemented as a global overload like:&lt;/p&gt;&#xA;&#xA;&lt;pre&gt;&lt;code&gt;std::ostream &amp;amp;operator&amp;lt;&amp;lt;(std::ostream &amp;amp;os, T const &amp;amp;t) { &#xA;    // write the data here&#xA;}&#xA;&lt;/code&gt;&lt;/pre&gt;&#xA;&#xA;&lt;p&gt;The syntax you used will only work with the overloads that are implemented as member functions, not as globals.&lt;/p&gt;&#xA;</Body>
</answer>
<answer>
<Body>&lt;p&gt;To get the output as &lt;code&gt;cout &amp;lt;&amp;lt; &quot;foo&quot;;&lt;/code&gt; ,you have to overload the operator &lt;code&gt;&amp;lt;&amp;lt;&lt;/code&gt;.&lt;/p&gt;&#xA;</Body>
</answer>
<answer>
<Body>&lt;p&gt;&lt;code&gt;cout&lt;/code&gt; has an overloaded member function &lt;code&gt;operator&amp;lt;&amp;lt;(const void *)&lt;/code&gt;. This is the best match for the argument &lt;code&gt;&quot;foo&quot;&lt;/code&gt;. (&lt;code&gt;const char*&lt;/code&gt; is implicitly converted to &lt;code&gt;const void*&lt;/code&gt;.) Thus, a pointer will be output.&lt;/p&gt;&#xA;&#xA;&lt;pre&gt;&lt;code&gt;// These call std::ostream&amp;amp; operator&amp;lt;&amp;lt;(std::ostream &amp;amp;os, const char * val)    &#xA;cout &amp;lt;&amp;lt; &quot;foo&quot;;&#xA;operator&amp;lt;&amp;lt;(cout,&quot;foo&quot;);&#xA;&#xA;// This calls cout's member function operator&amp;lt;&amp;lt;(const void * val)&#xA;(&amp;amp;cout)-&amp;gt;operator&amp;lt;&amp;lt;(&quot;foo&quot;);&#xA;&lt;/code&gt;&lt;/pre&gt;&#xA;</Body>
</answer>
