<question>
<Title>UI::MainWindow cannot find member</Title>
<Body>&lt;p&gt;I have created a .ui file that contains several UI Item Table Widgets named houseTable, carTable, and personTable. In my cpp file, I try to reference these widgets but I get the error &lt;code&gt;'class UI::MainWindow' has no member named 'houseTable'&lt;/code&gt;. I am confused why this is happening when in my .ui file I have my object named 'houseTable'.&lt;/p&gt;&#xA;&#xA;&lt;pre&gt;&lt;code&gt;//mainwindow.cpp&#xA;ui-&amp;gt;houseTable-&amp;gt;setDescription(&quot;All houses:&quot;);&#xA;&lt;/code&gt;&lt;/pre&gt;&#xA;</Body>
<Tags>c++,qt</Tags>
</question>
<answer>
<Body>&lt;pre&gt;&lt;code&gt;#include &quot;ui_calculatorform.h&quot;&#xA;class CalculatorForm : public QWidget&#xA;{&#xA;   ........................&#xA;   ...........................&#xA;private:&#xA;    Ui::CalculatorForm ui;&#xA;};&#xA;&#xA;CalculatorForm::CalculatorForm(QWidget *parent)&#xA;    : QWidget(parent)&#xA;{&#xA;    ui.setupUi(this);&#xA;}&#xA;&lt;/code&gt;&lt;/pre&gt;&#xA;&#xA;&lt;p&gt;If I'm not wrong these steps should help.&lt;/p&gt;&#xA;</Body>
</answer>
