<question>
<Title>python json custom decode for LONG</Title>
<Body>&lt;p&gt;I've run into problem when testing insert into mondgodb python object &#xA;which was extracted from some json response of web service using default json decoder, json.load(....&lt;/p&gt;&#xA;&#xA;&lt;p&gt;I've got this error: &lt;/p&gt;&#xA;&#xA;&lt;pre&gt;&lt;code&gt;OverflowError: BSON can only handle up to 8-byte ints&#xA;&lt;/code&gt;&lt;/pre&gt;&#xA;&#xA;&lt;p&gt;Problem is caused by some values in python object which are decoded as long, and mongodb can't handle those.&lt;/p&gt;&#xA;&#xA;&lt;p&gt;How can I solve this, any ideas here?&lt;/p&gt;&#xA;&#xA;&lt;p&gt;Custom decoder comes to mind, so when some big number is to be decoded to long &gt; instead string to be used there. &lt;/p&gt;&#xA;&#xA;&lt;p&gt;Other solution would be: to get python object with some possible long fields in it and to convert all those to string.&lt;/p&gt;&#xA;&#xA;&lt;p&gt;I haven't much experience with python and json. Any help would be appreciated &lt;/p&gt;&#xA;</Body>
<Tags>python,json,mongodb,pymongo,nosql</Tags>
</question>
<answer>
<Body>&lt;p&gt;you could do something like this&lt;/p&gt;&#xA;&#xA;&lt;pre&gt;&lt;code&gt;&amp;gt;&amp;gt;&amp;gt; import json&#xA;&amp;gt;&amp;gt;&amp;gt; longhandler = lambda obj: str(obj) if isinstance(obj, long) else None&#xA;&amp;gt;&amp;gt;&amp;gt; data=['hello long!',100L]&#xA;&amp;gt;&amp;gt;&amp;gt; json.dumps(data,default=longhandler)&#xA;[&quot;hello long!&quot;,&quot;100&quot;]&#xA;&lt;/code&gt;&lt;/pre&gt;&#xA;</Body>
</answer>
<answer>
<Body>&lt;p&gt;The problem is that python is interpreting the number it loads from json as an int.&lt;/p&gt;&#xA;&#xA;&lt;p&gt;If you run the following you will be able to see the max integer value for your system.&lt;/p&gt;&#xA;&#xA;&lt;pre&gt;&lt;code&gt;&amp;gt;&amp;gt;&amp;gt; import sys&#xA;&amp;gt;&amp;gt;&amp;gt; sys.maxint&#xA;9223372036854775807&#xA;&lt;/code&gt;&lt;/pre&gt;&#xA;&#xA;&lt;p&gt;This is 2^(64-1) so you need to figure out when the number python considers an int should be stored as a 32-bit int or a long and force it to be a long.&lt;/p&gt;&#xA;&#xA;&lt;p&gt;Just do something like this in your json decoder:&lt;/p&gt;&#xA;&#xA;&lt;pre&gt;&lt;code&gt;if abs(int(num)) &amp;gt; 2**31:&#xA;    long(num)&#xA;&lt;/code&gt;&lt;/pre&gt;&#xA;&#xA;&lt;p&gt;Then when you save it, it will be a long:&lt;/p&gt;&#xA;&#xA;&lt;pre&gt;&lt;code&gt;&amp;gt;&amp;gt;&amp;gt; from pymongo import Connection&#xA;&amp;gt;&amp;gt;&amp;gt; c = Connection()&#xA;&amp;gt;&amp;gt;&amp;gt; collection = c['test']['test']&#xA;&amp;gt;&amp;gt;&amp;gt; doc = {&quot;longnum&quot;: long(123)}&#xA;&amp;gt;&amp;gt;&amp;gt; doc&#xA;{'longnum': 123L}&#xA;&amp;gt;&amp;gt;&amp;gt; collection.insert(doc)&#xA;ObjectId('4f7f0491add3616704000000')&#xA;&amp;gt;&amp;gt;&amp;gt; collection.find_one()&#xA;{u'_id': ObjectId('4f7f0491add3616704000000'), u'longnum': 123L}&#xA;&amp;gt;&amp;gt;&amp;gt; &#xA;&lt;/code&gt;&lt;/pre&gt;&#xA;</Body>
</answer>
<answer>
<Body>&lt;p&gt;I've finally came to satisfying solution for problem:&lt;/p&gt;&#xA;&#xA;&lt;pre&gt;&lt;code&gt;`req = urllib2.Request(url)&#xA;opener = urllib2.build_opener()&#xA;file_json = opener.open(req)&#xA;json_response = json.load(file_json, parse_int=str)`&#xA;&lt;/code&gt;&lt;/pre&gt;&#xA;&#xA;&lt;p&gt;so, key point here is: &lt;code&gt;parse_int=str&lt;/code&gt; which will decode every JSON int to string, &#xA;so pymongo will swallow it with no problem.&lt;/p&gt;&#xA;&#xA;&lt;p&gt;Hope this helps someone.&lt;/p&gt;&#xA;</Body>
</answer>
