<question>
<Title>rpy + matplotlib + arcpy</Title>
<Body>&lt;p&gt;I am trying to use ryp with my arcpy scripts but I have the following error:&lt;/p&gt;&#xA;&#xA;&lt;pre&gt;&lt;code&gt;import rpy2.robjects as robjects Traceback (most recent call last):&#xA;File &quot;&amp;lt;pyshell#0&amp;gt;&quot;, line 1, in &amp;lt;module&amp;gt; import rpy2.robjects as robjects&#xA;File &quot;C:\Python26\ArcGIS10.0\lib\site-packages\rpy2\robjects\__init__.py&quot;, line 12, in &amp;lt;module&amp;gt; import rpy2.rinterface as rinterface&#xA;File &quot;C:\Python26\ArcGIS10.0\lib\site-packages\rpy2\rinterface\__init__.py&quot;, line 39, in &amp;lt;module&amp;gt; import win32api&#xA;ImportError: No module named win32api&#xA;&lt;/code&gt;&lt;/pre&gt;&#xA;&#xA;&lt;p&gt;This error comes even after the installation of the pywin32 for my version of python. &#xA;I've noticed that this seems to be a common error that is usually solved with the installation of pywin32.&lt;/p&gt;&#xA;&#xA;&lt;p&gt;I also have a problem with the matplotlib installation, every time i try to use it (&lt;strong&gt;import matplotlib.pyplot as plt&lt;/strong&gt;), python crashes...&lt;/p&gt;&#xA;&#xA;&lt;p&gt;&lt;strong&gt;Versions:&lt;/strong&gt;&lt;/p&gt;&#xA;&#xA;&lt;p&gt;Python 2.6.6&lt;/p&gt;&#xA;&#xA;&lt;p&gt;matplotlib installation: matplotlib-1.1.0.win32-py2.6.exe&lt;/p&gt;&#xA;</Body>
<Tags>python,matplotlib,rpy2,arcpy</Tags>
</question>
<answer>
<Body>&lt;p&gt;You will need to run these scripts with PROPER Python. It seems to me that the ArcPy distribution does not include the win32api module (It also does not exist from example in Python on Mac or Linux).   &lt;/p&gt;&#xA;&#xA;&lt;p&gt;I would install &lt;a href=&quot;http://code.google.com/p/pythonxy/&quot; rel=&quot;nofollow&quot;&gt;PythonXY&lt;/a&gt; which includes R bindings, and see if your scripts run there. If they run there, then I (guess) I am correct, and ArcPy does not include these modules.   &lt;/p&gt;&#xA;&#xA;&lt;p&gt;A nice BONUS of PythonXY is it's an excellent Python IDE (Spyder), but the real bonus is what the commenter above me said: &lt;/p&gt;&#xA;&#xA;&lt;blockquote&gt;&#xA;  &lt;p&gt;different compiler versions can cause hell of a lot of Problems.&lt;/p&gt;&#xA;&lt;/blockquote&gt;&#xA;&#xA;&lt;p&gt;So, in PythonXY you get a whole bundle compiled with the same compiler.&lt;br&gt;&#xA;Let us know if these made your RPy script run. &lt;/p&gt;&#xA;</Body>
</answer>
