<question>
<Title>__init__(self, list=[]) only makes one list rather than a new one for every instantiation?</Title>
<Body>&lt;blockquote&gt;&#xA;  &lt;p&gt;&lt;strong&gt;Possible Duplicate:&lt;/strong&gt;&lt;br&gt;&#xA;  &lt;a href=&quot;https://stackoverflow.com/questions/1132941/least-astonishment-in-python-the-mutable-default-argument&quot;&gt;&amp;ldquo;Least Astonishment&amp;rdquo; in Python: The Mutable Default Argument&lt;/a&gt;  &lt;/p&gt;&#xA;&lt;/blockquote&gt;&#xA;&#xA;&#xA;&#xA;&lt;p&gt;Why is this:&lt;/p&gt;&#xA;&#xA;&lt;pre&gt;&lt;code&gt;class Test:&#xA;    def __init__(self, items=[]):&#xA;        self.items=items&#xA;&lt;/code&gt;&lt;/pre&gt;&#xA;&#xA;&lt;p&gt;different than this:&lt;/p&gt;&#xA;&#xA;&lt;pre&gt;&lt;code&gt;class Test2:&#xA;    def __init__(self, items=None):&#xA;        if items:&#xA;           self.items=items&#xA;        else:&#xA;           self.items = []&#xA;&lt;/code&gt;&lt;/pre&gt;&#xA;&#xA;&lt;p&gt;Those seem like they should do the same thing, but:&lt;/p&gt;&#xA;&#xA;&lt;pre&gt;&lt;code&gt;&amp;gt;&amp;gt;&amp;gt;t = Test()&#xA;&amp;gt;&amp;gt;&amp;gt;t.items.append(&quot;stuff&quot;)&#xA;&amp;gt;&amp;gt;&amp;gt;t.items&#xA;['stuff']&#xA;&amp;gt;&amp;gt;&amp;gt;t2 = Test()&#xA;&amp;gt;&amp;gt;&amp;gt;t2.items&#xA;['stuff']&#xA;&lt;/code&gt;&lt;/pre&gt;&#xA;&#xA;&lt;p&gt;Ok, so with Test(), there's only one list being created, and everyone is accessing it, despite what I thought was explicitly setting items in the constructor and not putting it in the class namespace. But with Test2:&lt;/p&gt;&#xA;&#xA;&lt;pre&gt;&lt;code&gt;&amp;gt;&amp;gt;&amp;gt;t = Test2()&#xA;&amp;gt;&amp;gt;&amp;gt;t.items.append(&quot;stuff&quot;)&#xA;&amp;gt;&amp;gt;&amp;gt;t.items&#xA;['stuff']&#xA;&amp;gt;&amp;gt;&amp;gt;t2 = Test2()&#xA;&amp;gt;&amp;gt;&amp;gt;t2.items&#xA;[]&#xA;&lt;/code&gt;&lt;/pre&gt;&#xA;&#xA;&lt;p&gt;That's working the way I expect. Test also doesn't share data between instances if you call it explicitly with an empty list rather than let the default do the work, as in t = Test([]).&lt;/p&gt;&#xA;&#xA;&lt;p&gt;So is it that defaults are only created once at compile time, rather than dynamically? Is that only true for class definitions, not for functions in general, or is this a more general pitfall for using defaults in argument lists? (Answer: it happens for functions, too.)&lt;/p&gt;&#xA;&#xA;&lt;p&gt;Note that I tested this with a string instead of a list, and got expected behavior where data was not shared between instances. But it does happen with dicts as well.&lt;/p&gt;&#xA;</Body>
<Tags>python,class,scope</Tags>
</question>
<answer>
<Body>&lt;p&gt;&lt;a href=&quot;http://effbot.org/zone/default-values.htm&quot; rel=&quot;nofollow&quot;&gt;http://effbot.org/zone/default-values.htm&lt;/a&gt;&lt;/p&gt;&#xA;</Body>
</answer>
