<question>
<Title>Multimedia timer? &lt;mmsystem.h&gt;</Title>
<Body>&lt;p&gt;I'm trying to get this accurate timer working on VS2008, on Windows XP (and eventually Server 2008) from the following example:&lt;/p&gt;&#xA;&#xA;&lt;p&gt;&lt;a href=&quot;http://technology.chtsai.org/w98timer/&quot; rel=&quot;nofollow&quot;&gt;http://technology.chtsai.org/w98timer/&lt;/a&gt;&lt;/p&gt;&#xA;&#xA;&lt;p&gt;However I get the following errors:&lt;/p&gt;&#xA;&#xA;&lt;ul&gt;&#xA;&lt;li&gt;error LNK2019: unresolved external symbol _&lt;em&gt;imp&lt;/em&gt;_timeEndPeriod@4&lt;/li&gt;&#xA;&lt;li&gt;error LNK2019: unresolved external symbol _&lt;em&gt;imp&lt;/em&gt;_timeGetTime@0&lt;/li&gt;&#xA;&lt;li&gt;error LNK2019: unresolved external symbol _&lt;em&gt;imp&lt;/em&gt;_timeBeginPeriod@4&lt;/li&gt;&#xA;&lt;li&gt;error LNK2019: unresolved external symbol _&lt;em&gt;imp&lt;/em&gt;_timeGetDevCaps@8&lt;/li&gt;&#xA;&lt;/ul&gt;&#xA;&#xA;&lt;p&gt;Could anybody please advise?&lt;/p&gt;&#xA;&#xA;&lt;p&gt;I just want a simple, accurate, millisecond-timing example for C++ on Windows.&lt;/p&gt;&#xA;&#xA;&lt;pre&gt;&lt;code&gt;#include &amp;lt;stdio.h&amp;gt;&#xA;#include &amp;lt;windows.h&amp;gt;&#xA;#include &amp;lt;mmsystem.h&amp;gt;&#xA;#include &quot;stdafx.h&quot;&#xA;&#xA;void &#xA;main (void)&#xA;{&#xA;  TIMECAPS resolution;&#xA;  DWORD start, finish, duration, i;&#xA;&#xA;  if (timeGetDevCaps (&amp;amp;resolution, sizeof (TIMECAPS)) == TIMERR_NOERROR)&#xA;    {&#xA;      printf (&quot;Minimum supported resolution = %d\n&quot;, resolution.wPeriodMin);&#xA;      printf (&quot;Maximum supported resolution = %d\n&quot;, resolution.wPeriodMax);&#xA;    }&#xA;&#xA;  if (resolution.wPeriodMin &amp;lt;= 1)&#xA;    {&#xA;      if (timeBeginPeriod (1) == TIMERR_NOERROR)&#xA;    {&#xA;      for (i = 100; i &amp;lt;= 120; i++)&#xA;        {&#xA;          start = timeGetTime ();&#xA;          while (timeGetTime () &amp;lt; (start + i));&#xA;          finish = timeGetTime ();&#xA;          duration = finish - start;&#xA;          printf (&quot;expected:%d  actual:%ld\n&quot;, i, duration);&#xA;        }&#xA;      timeEndPeriod (1);&#xA;    }&#xA;    }&#xA;}&#xA;&lt;/code&gt;&lt;/pre&gt;&#xA;</Body>
<Tags>c++,windows,linker</Tags>
</question>
<answer>
<Body>&lt;p&gt;Looking at the &lt;a href=&quot;http://msdn.microsoft.com/en-us/library/windows/desktop/dd757627%28v=vs.85%29.aspx&quot; rel=&quot;nofollow&quot;&gt;docs&lt;/a&gt; it looks like you need to add &lt;code&gt;Winmm.lib&lt;/code&gt; to the additional libraries to link in your project properties.&lt;/p&gt;&#xA;</Body>
</answer>
<answer>
<Body>&lt;p&gt;You need to add &lt;code&gt;winmm.lib&lt;/code&gt; to your linker dependencies.&lt;/p&gt;&#xA;</Body>
</answer>
<answer>
<Body>&lt;p&gt;These functions are defined in winmm.dll.  You need to add winmm.lib to your link list.&lt;/p&gt;&#xA;</Body>
</answer>
<answer>
<Body>&lt;p&gt;As &lt;a href=&quot;http://msdn.microsoft.com/en-us/library/windows/desktop/dd757624%28v=vs.85%29.aspx&quot; rel=&quot;nofollow&quot;&gt;MSDN suggests&lt;/a&gt; you need to include &lt;code&gt;winmm.lib&lt;/code&gt; into the project. So add the following line anywhere into your source code:&lt;/p&gt;&#xA;&#xA;&lt;pre&gt;&lt;code&gt;#pragma comment(lib, &quot;winmm.lib&quot;)&#xA;&lt;/code&gt;&lt;/pre&gt;&#xA;</Body>
</answer>
