<question>
<Title>C/C++ code 2nd = sign in operation</Title>
<Body>&lt;p&gt;I'm not sure if this is C or C++ code, but I don't think it matters.&lt;/p&gt;&#xA;&#xA;&lt;p&gt;in this code:&lt;/p&gt;&#xA;&#xA;&lt;pre&gt;&lt;code&gt;x -= (t = u/(1.-0.5*MIN(1.,u*(a1/x - b1/(1.-x)))));&#xA;&lt;/code&gt;&lt;/pre&gt;&#xA;&#xA;&lt;p&gt;what does the t = u mean?  It's not assigning t to u is it? Because it wouldn't make sense then since it's actually getting set to something else in the previous line:&lt;/p&gt;&#xA;&#xA;&lt;pre&gt;&lt;code&gt;t = exp(a1*log(x)+b1*log(1.-x) + afac);&#xA;u = err/t;&#xA;x -= (t = u/(1.-0.5*MIN(1.,u*(a1/x - b1/(1.-x)))));&#xA;if (x &amp;lt;= 0.) x = 0.5*(x + t);&#xA;if (x &amp;gt;= 1.) x = 0.5*(x + t + 1.);&#xA;&lt;/code&gt;&lt;/pre&gt;&#xA;</Body>
<Tags>c++,c</Tags>
</question>
<answer>
<Body>&lt;p&gt;In both C and C++ an assignment returns a value, the value of the left hand side.&lt;/p&gt;&#xA;&#xA;&lt;pre&gt;&lt;code&gt;a = 1 + (b = 4);&#xA;&lt;/code&gt;&lt;/pre&gt;&#xA;&#xA;&lt;p&gt;is equivalent to: &lt;/p&gt;&#xA;&#xA;&lt;pre&gt;&lt;code&gt;b = 4;&#xA;a = 1 + b;&#xA;&lt;/code&gt;&lt;/pre&gt;&#xA;&#xA;&lt;p&gt;So:&lt;/p&gt;&#xA;&#xA;&lt;pre&gt;&lt;code&gt;x -= (t = u/(1.-0.5*MIN(1.,u*(a1/x - b1/(1.-x)))));&#xA;&lt;/code&gt;&lt;/pre&gt;&#xA;&#xA;&lt;p&gt;is the same as:&lt;/p&gt;&#xA;&#xA;&lt;pre&gt;&lt;code&gt;t = u/(1.-0.5*MIN(1.,u*(a1/x - b1/(1.-x))));&#xA;x -= t;&#xA;&lt;/code&gt;&lt;/pre&gt;&#xA;</Body>
</answer>
<answer>
<Body>&lt;blockquote&gt;&#xA;  &lt;p&gt;what does the t = u mean? &lt;/p&gt;&#xA;&lt;/blockquote&gt;&#xA;&#xA;&lt;p&gt;It is part of a larger sub-expression,&lt;/p&gt;&#xA;&#xA;&lt;pre&gt;&lt;code&gt;t = u/(1.-0.5*MIN(1.,u*(a1/x - b1/(1.-x))))&#xA;&lt;/code&gt;&lt;/pre&gt;&#xA;&#xA;&lt;blockquote&gt;&#xA;  &lt;p&gt;It's not assigning t to u is it?&lt;/p&gt;&#xA;&lt;/blockquote&gt;&#xA;&#xA;&lt;p&gt;No, it is assigning the value of that complicated expression to &lt;code&gt;t&lt;/code&gt;. The result of that assignment is then used in the complete expression:&lt;/p&gt;&#xA;&#xA;&lt;pre&gt;&lt;code&gt;x -= (t = &amp;lt;stuff&amp;gt; );&#xA;&lt;/code&gt;&lt;/pre&gt;&#xA;&#xA;&lt;p&gt;Conceptually, this is the same as:&lt;/p&gt;&#xA;&#xA;&lt;pre&gt;&lt;code&gt;t = &amp;lt;stuff&amp;gt;&#xA;x = x - t&#xA;&lt;/code&gt;&lt;/pre&gt;&#xA;&#xA;&lt;blockquote&gt;&#xA;  &lt;p&gt;Because it wouldn't make sense then since it's actually getting set to something else in the previous line&lt;/p&gt;&#xA;&lt;/blockquote&gt;&#xA;&#xA;&lt;p&gt;Frankly, the whole set of statements doesn't make sense to me. Regardless, &lt;code&gt;t&lt;/code&gt; is set in line one, used in line 2, and set again in line 3.&lt;/p&gt;&#xA;</Body>
</answer>
<answer>
<Body>&lt;p&gt;Using &lt;code&gt;=&lt;/code&gt; will indeed assign a value, and will return the value you are assigning. In your case, &lt;code&gt;t&lt;/code&gt; is being assigned the result of &lt;code&gt;u/(1.-0.5*MIN(1.,u*(a1/x - b1/(1.-x)))&lt;/code&gt;.&lt;/p&gt;&#xA;</Body>
</answer>
<answer>
<Body>&lt;p&gt;The overall calculation : &lt;code&gt;u/(1.-0.5*MIN(1.,u*(a1/x - b1/(1.-x))))&lt;/code&gt; is assigned to &lt;code&gt;t&lt;/code&gt; and what ever value of &lt;code&gt;t&lt;/code&gt; is there ,this is performed.&lt;/p&gt;&#xA;&#xA;&lt;pre&gt;&lt;code&gt;x=x-t&#xA;&lt;/code&gt;&lt;/pre&gt;&#xA;</Body>
</answer>
<answer>
<Body>&lt;p&gt;Quite simply:&lt;/p&gt;&#xA;&#xA;&lt;pre&gt;&lt;code&gt;x -= (t = u/(1.-0.5*MIN(1.,u*(a1/x - b1/(1.-x)))));&#xA;|     |   \_____________________________________/|&#xA;|     |        Calculate this monstrosity        |&#xA;|     \_________________________________________/|&#xA;|                   Assign it to t               |&#xA;\________________________________________________/&#xA;                  Subtract that from x&#xA;&lt;/code&gt;&lt;/pre&gt;&#xA;&#xA;&lt;p&gt;In C (and C-like languages) the &quot;result&quot; of an assignment can be used for other things. So, for example:&lt;/p&gt;&#xA;&#xA;&lt;pre&gt;&lt;code&gt;x = (a = a - 1);   // decrements a and assigns that to x as well&#xA;x += (a = 1 - a);  // toggles a between 1 and 0 and adds to x (x increases&#xA;                   //   every second time).&#xA;&lt;/code&gt;&lt;/pre&gt;&#xA;&#xA;&lt;p&gt;The relevant bit of the C standard is &lt;code&gt;C11, 6.5.16 Assignment operators, paras 2 and 3&lt;/code&gt;:&lt;/p&gt;&#xA;&#xA;&lt;blockquote&gt;&#xA;  &lt;p&gt;2/ An assignment operator shall have a modifiable lvalue as its left operand.&lt;/p&gt;&#xA;  &#xA;  &lt;p&gt;3/ An assignment operator stores a value in the object designated by the left operand. An assignment expression has the value of the left operand after the assignment, but is not an lvalue. The type of an assignment expression is the type of the left operand unless the left operand has qualified type, in which case it is the unqualified version of the type of the left operand. The side effect of updating the stored value of the left operand is sequenced after the value computations of the left and right operands. The evaluations of the operands are unsequenced.&lt;/p&gt;&#xA;&lt;/blockquote&gt;&#xA;</Body>
</answer>
<answer>
<Body>&lt;p&gt;The statement could be divided into two sub-statements, and for readibility, it probably should.&lt;/p&gt;&#xA;&#xA;&lt;pre&gt;&lt;code&gt;t = u/(1.-0.5*MIN(1.,u*(a1/x - b1/(1.-x))));&#xA;x -= t;&#xA;&lt;/code&gt;&lt;/pre&gt;&#xA;&#xA;&lt;p&gt;Essentially, the author assigned a sub-section of the entire formula to an intermediate variable (t) for later use.&lt;/p&gt;&#xA;</Body>
</answer>
<answer>
<Body>&lt;p&gt;In your code:&lt;/p&gt;&#xA;&#xA;&lt;pre&gt;&lt;code&gt;  x -= (t = u/(1.-0.5*MIN(1.,u*(a1/x - b1/(1.-x)))));&#xA;&lt;/code&gt;&lt;/pre&gt;&#xA;&#xA;&lt;p&gt;Let me assume&lt;/p&gt;&#xA;&#xA;&lt;pre&gt;&lt;code&gt;  A=(1.-0.5*MIN(1.,u*(a1/x - b1/(1.-x))));&#xA;&lt;/code&gt;&lt;/pre&gt;&#xA;&#xA;&lt;p&gt;Then that code will become&lt;/p&gt;&#xA;&#xA;&lt;pre&gt;&lt;code&gt;  x -= (t = u/A);&#xA;&lt;/code&gt;&lt;/pre&gt;&#xA;&#xA;&lt;p&gt;Then it can read as:&lt;/p&gt;&#xA;&#xA;&lt;pre&gt;&lt;code&gt;  t = u/A;&#xA;  x -= t;&#xA;&lt;/code&gt;&lt;/pre&gt;&#xA;&#xA;&lt;p&gt;If you have any questions,just feel free to ask.&lt;/p&gt;&#xA;</Body>
</answer>
