<question>
<Title>getting error with learn python the hard way exercise 14</Title>
<Body>&lt;p&gt;I am following zed shaw's learn python the hard way and am following exercise 14. Here's the program I am talking about:&lt;/p&gt;&#xA;&#xA;&lt;pre&gt;&lt;code&gt;from sys import argv&#xA;&#xA;script, user_name = argv&#xA;prompt = '&amp;gt; '&#xA;&#xA;print &quot;Hi %s, I'm the %s script.&quot; % (user_name, script)&#xA;print &quot;I'd like to ask you a few questions.&quot;&#xA;print &quot;Do you like me %s?&quot; % user_name&#xA;likes = raw_input(prompt)&#xA;&#xA;print &quot;Where do you live %s?&quot; % user_name&#xA;lives = raw_input(prompt)&#xA;&#xA;print &quot;What kind of computer do you have?&quot;&#xA;computer = raw_input(prompt)&#xA;&#xA;print &quot;&quot;&quot;&#xA;Alright, so you said %r about liking me.&#xA;You live in %r.  Not sure where that is.&#xA;And you have a %r computer.  Nice.&#xA;&quot;&quot;&quot; % (likes, lives, computer)&#xA;&lt;/code&gt;&lt;/pre&gt;&#xA;&#xA;&lt;p&gt;Now, I run this program in powershell terminal using the command &lt;/p&gt;&#xA;&#xA;&lt;pre&gt;&lt;code&gt;python e:\python\ex14.py&#xA;&lt;/code&gt;&lt;/pre&gt;&#xA;&#xA;&lt;p&gt;and I get the following error message:&lt;/p&gt;&#xA;&#xA;&lt;pre&gt;&lt;code&gt;Traceback (most recent call last):&#xA;File &quot;e:\python\ex14.py&quot;, line 3, in (module)&#xA;script, user_name=argv&#xA;ValueError: need more than 1 value to unpack.&#xA;&lt;/code&gt;&lt;/pre&gt;&#xA;&#xA;&lt;p&gt;Now, I am not sure what the problem is. The only reason could be that I am typing the file path instead of typing the filename only.&lt;/p&gt;&#xA;</Body>
<Tags>python</Tags>
</question>
<answer>
<Body>&lt;p&gt;This script expects to take an argument at the command line. You're not providing one.&lt;/p&gt;&#xA;&#xA;&lt;p&gt;At the terminal, type &lt;code&gt;python e:\python\ex14.py YourNameHere&lt;/code&gt;.&lt;/p&gt;&#xA;</Body>
</answer>
