<question>
<Title>os.path.abspath('file1.txt') doesn't return the correct path</Title>
<Body>&lt;p&gt;Say the path of the file 'file1.txt' is &lt;code&gt;/home/bentley4/Desktop/sc/file1.txt&lt;/code&gt; &#xA;Say my current working directory is &lt;code&gt;/home/bentley4&lt;/code&gt;&lt;/p&gt;&#xA;&#xA;&lt;pre&gt;&lt;code&gt;import os&#xA;os.path.abspath('file1.txt')&#xA;&lt;/code&gt;&lt;/pre&gt;&#xA;&#xA;&lt;p&gt;returns &lt;code&gt;/home/bentley4/file1.txt&lt;/code&gt;&lt;/p&gt;&#xA;&#xA;&lt;pre&gt;&lt;code&gt;os.path.exists('file1.txt')&#xA;&lt;/code&gt;&lt;/pre&gt;&#xA;&#xA;&lt;p&gt;returns &lt;code&gt;False&lt;/code&gt;.&#xA;If I do &lt;/p&gt;&#xA;&#xA;&lt;pre&gt;&lt;code&gt;os.path.abspath('file_that_does_not_exist.txt')&#xA;&lt;/code&gt;&lt;/pre&gt;&#xA;&#xA;&lt;p&gt;It returns &lt;code&gt;/home/bentley4/file_that_does_not_exist.txt&lt;/code&gt;&#xA;But again, this is not correct. The file does not even exist on my computer. Is there a way to get the correct absolute path from any directory I am currently working in? (aside from defining a new function)&lt;/p&gt;&#xA;&#xA;&lt;p&gt;So this only works when I am in the same directory as the existing file or in the directory one directory or more further from the path of the directory of that file?&lt;/p&gt;&#xA;</Body>
<Tags>python,path</Tags>
</question>
<answer>
<Body>&lt;p&gt;&lt;code&gt;os.path.abspath(filename)&lt;/code&gt; returns an absolute path as seen from your current working directory. It does no checking whether the file actually exists.&lt;/p&gt;&#xA;&#xA;&lt;p&gt;If you want the absolute path of &lt;code&gt;/home/bentley4/Desktop/sc/file1.txt&lt;/code&gt; and you are in &lt;code&gt;/home/bentley4&lt;/code&gt; you will have to use &lt;code&gt;os.path.abspath(&quot;Desktop/sc/file1.txt&quot;)&lt;/code&gt;.&lt;/p&gt;&#xA;</Body>
</answer>
<answer>
<Body>&lt;p&gt;abspath just builds a path, it doesn't check anything about files existing.&lt;/p&gt;&#xA;&#xA;&lt;p&gt;From the docs:&lt;/p&gt;&#xA;&#xA;&lt;blockquote&gt;&#xA;  &lt;p&gt;On most platforms, this is equivalent to normpath(join(os.getcwd(), path)).&lt;/p&gt;&#xA;&lt;/blockquote&gt;&#xA;</Body>
</answer>
<answer>
<Body>&lt;p&gt;You will get the path with &lt;code&gt;os.path.abspath(__file__)&lt;/code&gt;.&lt;/p&gt;&#xA;</Body>
</answer>
<answer>
<Body>&lt;p&gt;The problem should be that previously the &lt;code&gt;cwd&lt;/code&gt; was changed using the&#xA;os.chdir(another_path) and it's still loaded in the context of the current execution.&#xA;so the fix should be restore the original path after the use of the task in another_path has finish.&lt;br&gt;&#xA;Example :&lt;/p&gt;&#xA;&#xA;&lt;pre&gt;&lt;code&gt;  original_path = os.getcwd()&#xA;  os.chdir(another_path) &#xA;  # here perform some operation over another_path&#xA;  os.chdir(original_path ) # here is the restore of the original path&#xA;&lt;/code&gt;&lt;/pre&gt;&#xA;</Body>
</answer>
