<question>
<Title>How do I use getline and stringstream to parse formatted date and time input?</Title>
<Body>&lt;p&gt;I have only been working on c++ for about a month. I am not really understanding how it works, however I need to write a program for school. I used a void function and it seems to be working so far,but I have no idea what to do next I am lost at line 44, I am not sure how to make it work, is there a way to take a value from a certain string? If the value is in both strings how would I determine which value? Here is my assignment:&lt;/p&gt;&#xA;&#xA;&lt;blockquote&gt;&#xA;  &lt;p&gt;A parking garage charges a $2.00 minimum fee to park for up to three hours. The garage charges an additional $0.50 per hour for each hour or part thereof in excess of three hours. The maximum charge for any given 24-hour period is $10.00. People who park their cars for longer than 24 hours will pay $8.00 per day.&lt;/p&gt;&#xA;  &#xA;  &lt;p&gt;Write a program that calculates and prints the parking charges. The inputs to your program are the date and time when a car enters the parking garage, and the date and time when the same car leaves the parking garage. Both inputs are in the format of YY/MM/DD hh:mm&lt;/p&gt;&#xA;&lt;/blockquote&gt;&#xA;&#xA;&lt;p&gt;Here's the code I've written so far:&lt;/p&gt;&#xA;&#xA;&lt;pre&gt;&lt;code&gt;#include &amp;lt;iostream&amp;gt;&#xA;#include &amp;lt;fstream&amp;gt;&#xA;#include &amp;lt;iomanip&amp;gt;&#xA;#include &amp;lt;string&amp;gt;&#xA;#include &amp;lt;cmath&amp;gt;&#xA;#include &amp;lt;algorithm&amp;gt;&#xA;#include &amp;lt;sstream&amp;gt;&#xA;using namespace std;&#xA;&#xA;stringstream ss;&#xA;string enter_date;&#xA;string enter_time;&#xA;string exit_date;&#xA;string exit_time;&#xA;int calculatecharge;&#xA;int num;&#xA;int i;&#xA;int year;&#xA;int month;&#xA;int ddmmyyChar;&#xA;int dayStr;&#xA;string line;&#xA;int x;&#xA;&#xA;void atk() &#xA;{&#xA;    getline (cin,line);             // This is the line entered by the user&#xA;    stringstream  ss1(line);        // Use stringstream  to interpret that line&#xA;    ss &amp;gt;&amp;gt; enter_date &amp;gt;&amp;gt; enter_time;&#xA;    stringstream  ss2(enter_date);  // Use stringstream  to interpret date&#xA;    string year, month, day;&#xA;    getline (ss2, year, '/');&#xA;}&#xA;&#xA;int main()&#xA;{&#xA;    cout &amp;lt;&amp;lt; &quot;Please enter the date and time the car is entering &quot;&amp;lt;&amp;lt; endl&#xA;         &amp;lt;&amp;lt; &quot;the parking garage in the following format: YY/MM/DD hh:mm&quot;&amp;lt;&amp;lt; endl;&#xA;    atk();&#xA;    cout &amp;lt;&amp;lt; &quot;Please enter the date and time the car is exiting &quot;&amp;lt;&amp;lt; endl&#xA;         &amp;lt;&amp;lt; &quot;the parking garage in the following format: YY/MM/DD hh:mm&quot;&amp;lt;&amp;lt; endl;&#xA;    atk();&#xA;    if (hr - hr &amp;lt; 3)&#xA;        cout&amp;lt;&amp;lt;&quot;Parking fee due: $2.00&quot; &amp;lt;&amp;lt; endl;&#xA;&lt;/code&gt;&lt;/pre&gt;&#xA;</Body>
<Tags>c++,parsing,stringstream,getline</Tags>
</question>
<answer>
<Body>&lt;p&gt;First of all as both the string for the date and the string for the time are continuous(contain no spaces), you do not need to use stringstream to parse the line. You can read the date and time just like this:&lt;/p&gt;&#xA;&#xA;&lt;pre&gt;&lt;code&gt;cin &amp;gt;&amp;gt; enter_date &amp;gt;&amp;gt; enter_time;&#xA;cin &amp;gt;&amp;gt; exit_date &amp;gt;&amp;gt; exit_time;&#xA;&lt;/code&gt;&lt;/pre&gt;&#xA;&#xA;&lt;p&gt;Now what you need is to convert these strings to actual dates and times. As the format of both is fixed you can write something like this:&lt;/p&gt;&#xA;&#xA;&lt;pre&gt;&lt;code&gt;void parse_date(const string&amp;amp; date_string, int&amp;amp; y, int&amp;amp; m, int&amp;amp; d) {&#xA;  y = (date_string[0] - '0')*10 + date_string[1] - '0'; // YY/../..&#xA;  m = (date_string[3] - '0')*10 + date_string[4] - '0'; // ../mm/..&#xA;  d = (date_string[6] - '0')*10 + date_string[7] - '0'; // ../../dd&#xA;}&#xA;&lt;/code&gt;&lt;/pre&gt;&#xA;&#xA;&lt;p&gt;Of course this code is somewhat ugly and can be written in better way but I believe this way it is easier to understand. Having this function it should be obvious how to write this one:&lt;/p&gt;&#xA;&#xA;&lt;pre&gt;&lt;code&gt;void parse_time(const string&amp;amp; time_string, int&amp;amp; h, int &amp;amp;m);&#xA;&lt;/code&gt;&lt;/pre&gt;&#xA;&#xA;&lt;p&gt;Now that you have the date and time parsed, you need to implement a method that subtracts two dates. IN fact what you care about is the number of hours that elapsed from the enter date time to the exit date time rounded up. What I suggest here is that you convert the dates to number of days from some initial moment(say 00/01/01) and then subtract the two values. Then convert both times to number of minutes since 00:00 and again subtract them. This is not language specific so I believe these tips should be enough. Again using some built-in libraries this can be done easier but I don't think this is the idea of your assignment. &lt;/p&gt;&#xA;&#xA;&lt;p&gt;After you have the number of hours rounded up all you need to do is actually to implement the rules in the statement. This will only take a few ifs and is in fact quite easy.&lt;/p&gt;&#xA;&#xA;&lt;p&gt;Hope this helps. I am purposefully not giving more detailed explanations so that there is something left for you to think about. After all this is homework and is meant to make you think how to do it.&lt;/p&gt;&#xA;</Body>
</answer>
<answer>
<Body>&lt;blockquote&gt;&#xA;  &lt;p&gt;Write a program that calculates and prints the parking charges.&lt;/p&gt;&#xA;&lt;/blockquote&gt;&#xA;&#xA;&lt;p&gt;This is the goal of our program. Basically, this is the output.&lt;/p&gt;&#xA;&#xA;&lt;blockquote&gt;&#xA;  &lt;p&gt;The inputs to your program are the date and time when a car enters the&#xA;  parking garage, and the date and time when the same car leaves the&#xA;  parking garage. Both inputs are in the format of YY/MM/DD hh:mm&lt;/p&gt;&#xA;&lt;/blockquote&gt;&#xA;&#xA;&lt;p&gt;So, we want some way of translating the date format entered as a string into a time &lt;em&gt;difference&lt;/em&gt;. You could store the time in an &lt;code&gt;int&lt;/code&gt;, which represents the amount of minutes elapsed during the parking period (I choose minutes since this is the smallest time period inputted). The challenge here is the parsing of the string into this integer.&lt;/p&gt;&#xA;&#xA;&lt;p&gt;You could write a function like this:&lt;/p&gt;&#xA;&#xA;&lt;pre&gt;&lt;code&gt;int parseDate( std::string dateStr )&#xA;{&#xA;    // Format: YY/MM/DD hh:mm&#xA;    int year  = atoi( dateStr.substr( 0, 2 ).c_str() );&#xA;    int month = atoi( dateStr.substr( 3, 2 ).c_str() );&#xA;    int day   = atoi( dateStr.substr( 6, 2 ).c_str() );&#xA;    int hour  = atoi( dateStr.substr( 9, 2 ).c_str() );&#xA;    int min   = atoi( dateStr.substr( 12, 2 ).c_str() );&#xA;&#xA;    // Now calculate no. of mins and return this&#xA;    int totalMins = 0;&#xA;    totalMins += ( year * 365 * 24 * 60 ); // Warning: may not be accurate enough&#xA;    totalMins += ( month * 30 * 24 * 60 ); // in terms of leap years and the fact&#xA;    totalMins += ( day * 24 * 60 );        // that some months have 31 days&#xA;    totalMins += ( hour * 60 );&#xA;    totalMins += ( min );&#xA;&#xA;    return totalMins;&#xA;}&#xA;&lt;/code&gt;&lt;/pre&gt;&#xA;&#xA;&lt;p&gt;Careful! My function here is just an illustration, and does not take into account subtleties like leap years and varying month length. You will probably need to improve on it. The important thing is to recognise that it attempts to take a string and return the number of minutes that have elapsed since year &lt;code&gt;'00&lt;/code&gt;. This means we simply have to subtract two integers from the two date strings to find the elapsed time:&lt;/p&gt;&#xA;&#xA;&lt;pre&gt;&lt;code&gt;int startTime = parseDate( startDateString );&#xA;int endTime   = parseDate( endDateString );&#xA;int elapsedTime = endTime - startTime; // elapsedTime is no. of minutes parked&#xA;&lt;/code&gt;&lt;/pre&gt;&#xA;&#xA;&lt;p&gt;This is probably the hardest part of the problem, once you have this worked out, the rest should be more straightforward. I will give you a few more tips:&lt;/p&gt;&#xA;&#xA;&lt;blockquote&gt;&#xA;  &lt;p&gt;A parking garage charges a $2.00 minimum fee to park for up to three&#xA;  hours.&lt;/p&gt;&#xA;&lt;/blockquote&gt;&#xA;&#xA;&lt;p&gt;Basically just a flat rate: No matter what, the output variable that describes the cost should be equal to at least &lt;code&gt;2.00&lt;/code&gt;.&lt;/p&gt;&#xA;&#xA;&lt;blockquote&gt;&#xA;  &lt;p&gt;The garage charges an additional $0.50 per hour for each hour&#xA;  or part thereof in excess of three hours.&lt;/p&gt;&#xA;&lt;/blockquote&gt;&#xA;&#xA;&lt;p&gt;Work out the amount of hours elapsed past three hours - subtract &lt;code&gt;180&lt;/code&gt; from &lt;code&gt;elapsedTime&lt;/code&gt;. If this is greater than &lt;code&gt;0&lt;/code&gt;, then divide it by &lt;code&gt;60&lt;/code&gt; and store the result in a &lt;code&gt;float&lt;/code&gt; (since it is not necessarily an integer result), called, say, &lt;code&gt;excessHours&lt;/code&gt;. Use &lt;code&gt;excessHours = floor( excessHours ) + 1;&lt;/code&gt; to round this number up. Now multiply this by &lt;code&gt;0.5&lt;/code&gt;; this is the extra cost. (Try to understand why this works mathematically).&lt;/p&gt;&#xA;&#xA;&lt;blockquote&gt;&#xA;  &lt;p&gt;The maximum charge for any&#xA;  given 24-hour period is $10.00. People who park their cars for longer&#xA;  than 24 hours will pay $8.00 per day.&lt;/p&gt;&#xA;&lt;/blockquote&gt;&#xA;&#xA;&lt;p&gt;I will leave this up to you to work out, since this is homework after all. Hopefully I have provided enough here for you to get the gist of what needs to be done. There are many possible approaches to this problem too, this is just one, and may or may not be &quot;the best&quot;.&lt;/p&gt;&#xA;</Body>
</answer>
<answer>
<Body>&lt;p&gt;You don't need to perform separate input reading and parsing operations.  You could pass the necessary variables by reference and read the input directly into the variables using &lt;code&gt;stringstream&lt;/code&gt;.  I would use a structure to store the date and time and overload &lt;code&gt;operator-&lt;/code&gt; with an algorithm for subtracting two date/time values.  Here's how I would do it:&lt;/p&gt;&#xA;&#xA;&lt;pre class=&quot;lang-cpp prettyprint-override&quot;&gt;&lt;code&gt;#include &amp;lt;iostream&amp;gt;&#xA;#include &amp;lt;sstream&amp;gt;&#xA;&#xA;using namespace std;&#xA;&#xA;struct DateTime {&#xA;    // Variables for each part of the date and time&#xA;    int year, month, day, hour, minute;&#xA;&#xA;    // Naive date and time subtraction algorithm&#xA;    int operator-(const DateTime&amp;amp; rval) const {&#xA;        // Total minutes for left side of operator&#xA;        int lvalMinutes = 525600 * year&#xA;                        + 43200 * month&#xA;                        + 1440 * day&#xA;                        + 60 * hour&#xA;                        + minute;&#xA;&#xA;        // Total minutes for right side of operator&#xA;        int rvalMinutes = 525600 * rval.year&#xA;                        + 43200 * rval.month&#xA;                        + 1440 * rval.day&#xA;                        + 60 * rval.hour&#xA;                        + rval.minute;&#xA;&#xA;        // Subtract the total minutes to determine the difference between&#xA;        // the two DateTime's and return the result.&#xA;        return lvalMinutes - rvalMinutes;&#xA;    }&#xA;};&#xA;&#xA;bool inputDateTime(DateTime&amp;amp; dt) {&#xA;    // A string used to store user input.&#xA;    string line;&#xA;    // A dummy variable for handling separator characters like &quot;/&quot; and &quot;:&quot;.&#xA;    char dummy;&#xA;&#xA;    // Read the user's input.&#xA;    getline(cin, line);&#xA;    stringstream lineStream(line);&#xA;&#xA;    // Parse the input and store each value into the correct variables.&#xA;    lineStream &amp;gt;&amp;gt; dt.year &amp;gt;&amp;gt; dummy &amp;gt;&amp;gt; dt.month &amp;gt;&amp;gt; dummy &amp;gt;&amp;gt; dt.day &amp;gt;&amp;gt; dummy &#xA;               &amp;gt;&amp;gt; dt.hour &amp;gt;&amp;gt; dummy &amp;gt;&amp;gt; dt.minute;&#xA;&#xA;    // If input was invalid, print an error and return false to signal failure&#xA;    // to the caller.  Otherwise, return true to indicate success.&#xA;    if(!lineStream) {&#xA;        cerr &amp;lt;&amp;lt; &quot;You entered an invalid date/time value.&quot; &amp;lt;&amp;lt; endl;&#xA;        return false;&#xA;    } else&#xA;        return true;&#xA;}&#xA;&lt;/code&gt;&lt;/pre&gt;&#xA;&#xA;&lt;p&gt;From here, in the &lt;code&gt;main()&lt;/code&gt; function, declare two &lt;code&gt;DateTime&lt;/code&gt; structures, one for the entry time and one for the exit time.  Then read in both &lt;code&gt;DateTime&lt;/code&gt;'s, subtract the entry time from the exit time, and use the result to generate the correct output.&lt;/p&gt;&#xA;</Body>
</answer>
