<question>
<Title>typedef, enum, bool, Bool ------confused</Title>
<Body>&lt;p&gt;I have a logicAND class, the constructor is supposed to evaluate the AND operation of two booleans, and it works this way:&lt;/p&gt;&#xA;&#xA;&lt;pre&gt;&lt;code&gt;class logicAND{&#xA;public:&#xA;  logicAND(bool a,bool b):value(a&amp;amp;&amp;amp;b){}&#xA;  bool output(){return value;}&#xA;private:&#xA;  bool value;&#xA;};&#xA;int main(){&#xA;  bool m=false;&#xA;  bool n=true;&#xA;  logicAND t1(m,n);&#xA;  t1.output();&#xA;}&#xA;&lt;/code&gt;&lt;/pre&gt;&#xA;&#xA;&lt;p&gt;Then, I added some old style macros before the class:&lt;/p&gt;&#xA;&#xA;&lt;pre&gt;&lt;code&gt;typedef enum { False = 0, True = 1 } Bool;&#xA;#define bool Bool&#xA;#define true True&#xA;#define false False&#xA;&#xA;class logicAND{&#xA;public:&#xA;  logicAND(bool a,bool b):value(a&amp;amp;&amp;amp;b){}&#xA;  bool output(){return value;}&#xA;private:&#xA;  bool value;&#xA;};&#xA;int main(){&#xA;  bool m=false;&#xA;  bool n=true;&#xA;  logicAND t1(m,n);&#xA;  t1.output();&#xA;}&#xA;&lt;/code&gt;&lt;/pre&gt;&#xA;&#xA;&lt;p&gt;Now I can not make it work anymore. It seems the major problem lies in the constructor type mismatching. &lt;/p&gt;&#xA;&#xA;&lt;p&gt;It is appreciated for pointing out the pitfalls, reasons and solutions.&#xA;Thank you!&lt;/p&gt;&#xA;</Body>
<Tags>c++,class,constructor,boolean,typedef</Tags>
</question>
<answer>
<Body>&lt;p&gt;The main question is why you would want to do this. What do you want the macros to do, so to say, why do you want the bools to be enums? &#xA;However to see what is going wrong, you have to look at what your codes looks like after the preprossesor has replaced your macros:&lt;/p&gt;&#xA;&#xA;&lt;pre&gt;&lt;code&gt;class logicAND&#xA;{&#xA;public:&#xA;    logicAND(Bool a,Bool b):value(a&amp;amp;&amp;amp;b){} //Expects two Bools which works. Now it trys to do a&amp;amp;&amp;amp;b, this actually is well defined for enums. However it returns a bool (!) which cannot be stored in &quot;value&quot; since that is a Bool.&#xA;    Bool output(){return value;}&#xA;private:&#xA;    Bool value; //This now is a Bool! Not a real bool&#xA;};&#xA;&lt;/code&gt;&lt;/pre&gt;&#xA;&#xA;&lt;p&gt;So the reason why it breaks, is that you try to store a the bool returned from a&amp;amp;&amp;amp;b in a variable of type Bool. The obvious way to fix this would be to delte the macros. Or you need to explain why you need them.&lt;/p&gt;&#xA;</Body>
</answer>
<answer>
<Body>&lt;p&gt;After &lt;code&gt;#define bool Bool&lt;/code&gt;, the member &lt;code&gt;value&lt;/code&gt; becomes of type enum Bool.&lt;br&gt;&#xA;You are trying to initialize it with a &amp;amp;&amp;amp; b, which is not of type enum Bool, but of basic type bool.&lt;br&gt;&#xA;That's why you get a compiler error.&lt;/p&gt;&#xA;&#xA;&lt;p&gt;Fix:&#xA;Replace the constructor with:&lt;/p&gt;&#xA;&#xA;&lt;pre&gt;&lt;code&gt;logicAND(bool a,bool b):value((Bool)(a&amp;amp;&amp;amp;b)){};&#xA;&lt;/code&gt;&lt;/pre&gt;&#xA;</Body>
</answer>
