<question>
<Title>How do I instantiate a StandardAnalyzer in pylucene 3.5? Where is the Version object?</Title>
<Body>&lt;p&gt;I'm trying to use PyLucene, and I can't find any code examples that actually run in my current version. (See, for example, &lt;a href=&quot;http://nullege.com/codes/search/PyLucene.StandardAnalyzer&quot; rel=&quot;nofollow&quot;&gt;http://nullege.com/codes/search/PyLucene.StandardAnalyzer&lt;/a&gt;).&lt;/p&gt;&#xA;&#xA;&lt;p&gt;At some point you need to instantiate an analyzer. It would appear that that should be done by calling lucene.StandardAnalyzer(). However, that gives an error:&lt;/p&gt;&#xA;&#xA;&lt;pre&gt;&lt;code&gt;lucene.InvalidArgsError: (&amp;lt;type 'StandardAnalyzer'&amp;gt;, '__init__', ())&#xA;&lt;/code&gt;&lt;/pre&gt;&#xA;&#xA;&lt;p&gt;The reason for the error is pretty clear: the StandardAnalyzer documentation, at &lt;a href=&quot;http://lucene.apache.org/core/old_versioned_docs/versions/3_0_3/api/core/index.html&quot; rel=&quot;nofollow&quot;&gt;http://lucene.apache.org/core/old_versioned_docs/versions/3_0_3/api/core/index.html&lt;/a&gt;, says it requires an argument which is a Version object.&lt;/p&gt;&#xA;&#xA;&lt;p&gt;&lt;strong&gt;So where do I get a Version object?&lt;/strong&gt;&lt;/p&gt;&#xA;&#xA;&lt;p&gt;The following things have appeared in code samples but do not actually work:&lt;/p&gt;&#xA;&#xA;&lt;ul&gt;&#xA;&lt;li&gt;lucene.Version.LUCENE_CURRENT&lt;/li&gt;&#xA;&lt;li&gt;lucene.Version.LUCENE_30&lt;/li&gt;&#xA;&lt;/ul&gt;&#xA;&#xA;&lt;p&gt;Those names are undefined. Here's what my lucene.Version class has in it:&lt;/p&gt;&#xA;&#xA;&lt;pre&gt;&lt;code&gt;&amp;gt;&amp;gt;&amp;gt; print dir(lucene.Version)&#xA;['__class__', '__delattr__', '__doc__', '__eq__', '__format__', '__ge__', '__getattribute__', '__gt__', '__hash__', '__init__', '__le__', '__lt__', '__ne__', '__new__', '__reduce__', '__reduce_ex__', '__repr__', '__setattr__', '__sizeof__', '__str__', '__subclasshook__', '_jobject', 'cast_', 'class', 'compareTo', 'declaringClass', 'equals', 'getClass', 'getDeclaringClass', 'hashCode', 'instance_', 'name', 'notify', 'notifyAll', 'of_', 'onOrAfter', 'ordinal', 'parameters_', 'toString', 'valueOf', 'values', 'wait']&#xA;&lt;/code&gt;&lt;/pre&gt;&#xA;</Body>
<Tags>python,lucene,pylucene</Tags>
</question>
<answer>
<Body>&lt;p&gt;I figured it out, and now I finally get to post this as the answer:&lt;/p&gt;&#xA;&#xA;&lt;p&gt;After you run &lt;code&gt;lucene.initVM()&lt;/code&gt;, the lucene.Version object will be populated with various version objects such as &lt;code&gt;lucene.Version.LUCENE_35&lt;/code&gt;.&lt;/p&gt;&#xA;&#xA;&lt;p&gt;And there is a working PyLucene example at:&lt;/p&gt;&#xA;&#xA;&lt;p&gt;&lt;a href=&quot;http://metaoptimize.com/blog/2010/08/09/pylucene-3-0-in-60-seconds-tutorial-sample-code-for-the-3-0-api/&quot; rel=&quot;nofollow&quot;&gt;http://metaoptimize.com/blog/2010/08/09/pylucene-3-0-in-60-seconds-tutorial-sample-code-for-the-3-0-api/&lt;/a&gt;&lt;/p&gt;&#xA;</Body>
</answer>
<answer>
<Body>&lt;p&gt;These days the tarball for a release of PyLucene has a 'samples' directory containing code that will work with that particular version.&lt;/p&gt;&#xA;</Body>
</answer>
