<question>
<Title>Google Protocol Buffers, backward reposition IO head in the stream objects provided</Title>
<Body>&lt;p&gt;I want to move the IO head to the start of a certain CodedOutputStream or ZeroCopyOutputStream  so I can update a header data structure with how many protobuf messages are in the file, and how many bytes the following messages consume. &lt;/p&gt;&#xA;&#xA;&lt;p&gt;The &lt;a href=&quot;https://developers.google.com/protocol-buffers/docs/reference/cpp/google.protobuf.io.zero_copy_stream_impl#FileOutputStream.BackUp.details&quot; rel=&quot;nofollow&quot;&gt;Backup function&lt;/a&gt; is not intended for this, any suggestions ? I am creating a file format for event data, where each file contains multiple event data-sets. I need 2 types of header entities for this (fixed size)A global one, and a per data-set one. I update these after writing in the data-set events. So, How do I move the write header without corrupting the internal state of the stream objects ?.&lt;/p&gt;&#xA;&#xA;&lt;p&gt;&lt;strong&gt;edit&lt;/strong&gt;&lt;/p&gt;&#xA;&#xA;&lt;p&gt;I wonder, if I flush the stream wrappers and just use the c functions to reseat the head, will this work for the stream classes, or will I end up in undefined land ? &lt;/p&gt;&#xA;</Body>
<Tags>c++,serialization,protocol-buffers,file-format</Tags>
</question>
<answer>
<Body>&lt;p&gt;I guess the most obvious way would be to have two files instead of each one: The main file with the streamed data, and then an index file with the header information.&lt;/p&gt;&#xA;</Body>
</answer>
