<question>
<Title>How to Detect Wrong Write</Title>
<Body>&lt;p&gt;In my code, I have a object whose contents is fully garbage. I guess in other part of code a wrong write happened and by (un)luck it wrote at the address of object I mentioned.&lt;/p&gt;&#xA;&#xA;&lt;p&gt;I was wondering if there is some tool that can tell me every write that a memory address receives, so I can track the origin of this bug.&lt;/p&gt;&#xA;</Body>
<Tags>c++,debugging,memory</Tags>
</question>
<answer>
<Body>&lt;p&gt;Depending on your platform, you should be able to lock that region of memory using something like &lt;a href=&quot;http://msdn.microsoft.com/en-us/library/windows/desktop/aa366898%28v=vs.85%29.aspx&quot; rel=&quot;nofollow&quot;&gt;VirtualProtect&lt;/a&gt; (I think it is mprotect on linux). This way you'll get accessviolation/segfault when memory region is accessed improperly. And when you get accessviolation/segfault, you can catch them in debugger.&lt;/p&gt;&#xA;&#xA;&lt;p&gt;However, to lock memory region, normally region should be aligned to memory page (at least on windows), which could be a problem.&lt;/p&gt;&#xA;&#xA;&lt;p&gt;Aside from that you could use data breakpoints in your debugger. &lt;/p&gt;&#xA;</Body>
</answer>
<answer>
<Body>&lt;p&gt;Most debuggers support breakpoints on write. &lt;/p&gt;&#xA;&#xA;&lt;p&gt;For example in visual studio you have to launch your app in debugger, break in (on a normal breakpoint close to initialization of suspect variable), then go &quot;Debug/New Breakpoint/New Data Breakpoint&quot; in the menu.&lt;/p&gt;&#xA;&#xA;&lt;p&gt;In SoftIce you can use BPM command. :) That one can also break on memory access.&lt;/p&gt;&#xA;</Body>
</answer>
<answer>
<Body>&lt;p&gt;If you're on Windows, you can use Global Flags (gflags.exe, part of Debugging Tools For Windows) and turn PageHeap on.  (On the Image tab, type the name of your .exe, then when it shows up click on the the &quot;Enable Page Heap&quot; checkbox.)  Then run your program.&lt;/p&gt;&#xA;&#xA;&lt;p&gt;Just remember to turn it off again when you're done.&lt;/p&gt;&#xA;</Body>
</answer>
