<question>
<Title>Detecting endianness programmatically in a C++ program</Title>
<Body>&lt;p&gt;Is there a programmatic way to detect whether or not you are on a big-endian or little-endian architecture?  I need to be able to write code that will execute on an Intel or PPC system and use exactly the same code (i.e. no conditional compilation).&lt;/p&gt;&#xA;</Body>
<Tags>c++,algorithm,endianness</Tags>
</question>
<answer>
<Body>&lt;p&gt;Unless you're using a framework that has been ported to PPC and Intel processors, you will have to do conditional compiles, since PPC and Intel platforms have completely different hardware architectures, pipelines, busses, etc. This renders the assembly code completely different between the two.&lt;/p&gt;&#xA;&#xA;&lt;p&gt;As for finding endianness, do the following:&lt;/p&gt;&#xA;&#xA;&lt;pre&gt;&lt;code&gt;short temp = 0x1234;&#xA;char* tempChar = (char*)&amp;amp;temp;&#xA;&lt;/code&gt;&lt;/pre&gt;&#xA;&#xA;&lt;p&gt;You will either get tempChar to be 0x12 or 0x34, from which you will know the endianness.&lt;/p&gt;&#xA;</Body>
</answer>
<answer>
<Body>&lt;p&gt;Declare an int variable:&lt;/p&gt;&#xA;&#xA;&lt;pre&gt;&lt;code&gt;int variable = 0xFF;&#xA;&lt;/code&gt;&lt;/pre&gt;&#xA;&#xA;&lt;p&gt;Now use char* pointers to various parts of it and check what is in those parts.&lt;/p&gt;&#xA;&#xA;&lt;pre&gt;&lt;code&gt;char* startPart = reinterpret_cast&amp;lt;char*&amp;gt;( &amp;amp;variable );&#xA;char* endPart = reinterpret_cast&amp;lt;char*&amp;gt;( &amp;amp;variable ) + sizeof( int ) - 1;&#xA;&lt;/code&gt;&lt;/pre&gt;&#xA;&#xA;&lt;p&gt;Depending on which one points to 0xFF byte now you can detect endianness. This requires sizeof( int ) &gt; sizeof( char ), but it's definitely true for the discussed platforms.&lt;/p&gt;&#xA;</Body>
</answer>
<answer>
<Body>&lt;p&gt;Please see &lt;a href=&quot;http://vijayinterviewquestions.blogspot.com/2007/07/what-little-endian-and-big-endian-how.html&quot; rel=&quot;noreferrer&quot;&gt;this article&lt;/a&gt;:&lt;/p&gt;&#xA;&#xA;&lt;blockquote&gt;&#xA;  &lt;p&gt;Here is some code to determine what is&#xA;  the type of your machine&lt;/p&gt;&#xA;&#xA;&lt;pre&gt;&lt;code&gt;int num = 1;&#xA;if(*(char *)&amp;amp;num == 1)&#xA;{&#xA;    printf(&quot;\nLittle-Endian\n&quot;);&#xA;}&#xA;else&#xA;{&#xA;    printf(&quot;Big-Endian\n&quot;);&#xA;}&#xA;&lt;/code&gt;&lt;/pre&gt;&#xA;&lt;/blockquote&gt;&#xA;</Body>
</answer>
<answer>
<Body>&lt;p&gt;See &lt;a href=&quot;http://sites.google.com/site/insideoscore/endianness&quot; rel=&quot;nofollow noreferrer&quot;&gt;Endianness&lt;/a&gt; - C-Level Code illustration.&lt;/p&gt;&#xA;&#xA;&lt;pre&gt;&lt;code&gt;// assuming target architecture is 32-bit = 4-Bytes&#xA;enum ENDIANESS{ LITTLEENDIAN , BIGENDIAN , UNHANDLE };&#xA;&#xA;&#xA;ENDIANESS CheckArchEndianalityV1( void )&#xA;{&#xA;    int Endian = 0x00000001; // assuming target architecture is 32-bit    &#xA;&#xA;    // as Endian = 0x00000001 so MSB (Most Significant Byte) = 0x00 and LSB (Least     Significant Byte) = 0x01&#xA;    // casting down to a single byte value LSB discarding higher bytes    &#xA;&#xA;    return (*(char *) &amp;amp;Endian == 0x01) ? LITTLEENDIAN : BIGENDIAN;&#xA;} &#xA;&lt;/code&gt;&lt;/pre&gt;&#xA;</Body>
</answer>
<answer>
<Body>&lt;p&gt;You can do it by setting an int and masking off bits, but probably the easiest way is just to use the built in network byte conversion ops (since network byte order is always big endian).&lt;/p&gt;&#xA;&#xA;&lt;pre&gt;&lt;code&gt;if ( htonl(47) == 47 ) {&#xA;  // Big endian&#xA;} else {&#xA;  // Little endian.&#xA;}&#xA;&lt;/code&gt;&lt;/pre&gt;&#xA;&#xA;&lt;p&gt;Bit fiddling could be faster, but this way is simple, straightforward and pretty impossible to mess up.&lt;/p&gt;&#xA;</Body>
</answer>
<answer>
<Body>&lt;pre&gt;&lt;code&gt;int i=1;&#xA;char *c=(char*)&amp;amp;i;&#xA;bool littleendian=c;&#xA;&lt;/code&gt;&lt;/pre&gt;&#xA;</Body>
</answer>
<answer>
<Body>&lt;p&gt;How about this?&lt;/p&gt;&#xA;&#xA;&lt;pre&gt;&lt;code&gt;#include &amp;lt;cstdio&amp;gt;&#xA;&#xA;int main()&#xA;{&#xA;    unsigned int n = 1;&#xA;    char *p = 0;&#xA;&#xA;    p = (char*)&amp;amp;n;&#xA;    if (*p == 1)&#xA;        std::printf(&quot;Little Endian\n&quot;);&#xA;    else &#xA;        if (*(p + sizeof(int) - 1) == 1)&#xA;            std::printf(&quot;Big Endian\n&quot;);&#xA;        else&#xA;            std::printf(&quot;What the crap?\n&quot;);&#xA;    return 0;&#xA;}&#xA;&lt;/code&gt;&lt;/pre&gt;&#xA;</Body>
</answer>
<answer>
<Body>&lt;p&gt;For further details, you may want to check out this codeproject article &lt;a href=&quot;http://www.codeproject.com/KB/cpp/endianness.aspx&quot; rel=&quot;noreferrer&quot;&gt;Basic concepts on Endianness&lt;/a&gt;:&lt;/p&gt;&#xA;&#xA;&lt;blockquote&gt;&#xA;  &lt;p&gt;&lt;strong&gt;How to dynamically test for the Endian type at run time?&lt;/strong&gt;&lt;/p&gt;&#xA;  &#xA;  &lt;p&gt;As explained in Computer&#xA;  Animation FAQ, you can use the&#xA;  following function to see if your code&#xA;  is running on a Little- or Big-Endian&#xA;  system: Collapse&lt;/p&gt;&#xA;&#xA;&lt;pre&gt;&lt;code&gt;#define BIG_ENDIAN      0&#xA;#define LITTLE_ENDIAN   1&#xA;&lt;/code&gt;&lt;/pre&gt;&#xA;&lt;/blockquote&gt;&#xA;&#xA;&lt;pre&gt;&lt;code&gt;int TestByteOrder()&#xA;{&#xA;   short int word = 0x0001;&#xA;   char *byte = (char *) &amp;amp;word;&#xA;   return(byte[0] ? LITTLE_ENDIAN : BIG_ENDIAN);&#xA;}&#xA;&lt;/code&gt;&lt;/pre&gt;&#xA;&#xA;&lt;blockquote&gt;&#xA;  &lt;p&gt;This code assigns the value 0001h to a&#xA;  16-bit integer. A char pointer is then&#xA;  assigned to point at the first&#xA;  (least-significant) byte of the&#xA;  integer value. If the first byte of&#xA;  the integer is 0x01h, then the system&#xA;  is Little-Endian (the 0x01h is in the&#xA;  lowest, or least-significant,&#xA;  address). If it is 0x00h then the&#xA;  system is Big-Endian.&lt;/p&gt;&#xA;&lt;/blockquote&gt;&#xA;</Body>
</answer>
<answer>
<Body>&lt;p&gt;I would do something like this:&lt;/p&gt;&#xA;&#xA;&lt;pre&gt;&lt;code&gt;bool isBigEndian() {&#xA;    static unsigned long x(1);&#xA;    static bool result(reinterpret_cast&amp;lt;unsigned char*&amp;gt;(&amp;amp;x)[0] == 0);&#xA;    return result;&#xA;}&#xA;&lt;/code&gt;&lt;/pre&gt;&#xA;&#xA;&lt;p&gt;Along these lines, you would get a time efficient function that only does the calculation once. &lt;/p&gt;&#xA;</Body>
</answer>
<answer>
<Body>&lt;p&gt;I don't like the method based on type punning - it will often be warned against by compiler. That's exactly what unions are for !&lt;/p&gt;&#xA;&#xA;&lt;pre&gt;&lt;code&gt;bool is_big_endian(void)&#xA;{&#xA;    union {&#xA;        uint32_t i;&#xA;        char c[4];&#xA;    } bint = {0x01020304};&#xA;&#xA;    return bint.c[0] == 1; &#xA;}&#xA;&lt;/code&gt;&lt;/pre&gt;&#xA;&#xA;&lt;p&gt;The principle is equivalent to the type case as suggested by others, but this is clearer - and according to C99, is guaranteed to be correct. gcc prefers this compared to the direct pointer cast.&lt;/p&gt;&#xA;&#xA;&lt;p&gt;This is also much better than fixing the endianness at compile time - for OS which support multi-architecture (fat binary on Mac os x for example), this will work for both ppc/i386, whereas it is very easy to mess things up otherwise.&lt;/p&gt;&#xA;</Body>
</answer>
<answer>
<Body>&lt;p&gt;This is normally done at compile time (specially for performance reason) by using the header files available from the compiler or create your own. On linux you have the header file &quot;/usr/include/endian.h&quot;&lt;/p&gt;&#xA;</Body>
</answer>
<answer>
<Body>&lt;p&gt;You can also do this via the preprocessor using something like boost header file which can be found &lt;a href=&quot;http://www.boost.org/doc/libs/1_39_0/boost/detail/endian.hpp&quot; rel=&quot;nofollow noreferrer&quot;&gt;boost endian&lt;/a&gt;&lt;/p&gt;&#xA;</Body>
</answer>
<answer>
<Body>&lt;p&gt;Here's another C version. It defines a macro called &lt;code&gt;wicked_cast()&lt;/code&gt; for inline type punning via C99 union literals and the non-standard &lt;code&gt;__typeof__&lt;/code&gt; operator.&lt;/p&gt;&#xA;&#xA;&lt;pre&gt;&lt;code&gt;#include &amp;lt;limits.h&amp;gt;&#xA;&#xA;#if UCHAR_MAX == UINT_MAX&#xA;#error endianness irrelevant as sizeof(int) == 1&#xA;#endif&#xA;&#xA;#define wicked_cast(TYPE, VALUE) \&#xA;    (((union { __typeof__(VALUE) src; TYPE dest; }){ .src = VALUE }).dest)&#xA;&#xA;_Bool is_little_endian(void)&#xA;{&#xA;    return wicked_cast(unsigned char, 1u);&#xA;}&#xA;&lt;/code&gt;&lt;/pre&gt;&#xA;&#xA;&lt;p&gt;If integers are single-byte values, endianness makes no sense and a compile-time error will be generated.&lt;/p&gt;&#xA;</Body>
</answer>
<answer>
<Body>&lt;p&gt;I surprised no-one has mentioned the macros which the pre-processor defines by default. While these will vary depending on your platform; they are much cleaner than having to write your own endian-check. &lt;/p&gt;&#xA;&#xA;&lt;p&gt;For example; if we look at the built-in macros which GCC defines (on an X86-64 machine):&lt;/p&gt;&#xA;&#xA;&lt;pre&gt;&lt;code&gt;:| gcc -dM -E -x c - |grep -i endian&#xA;#define __LITTLE_ENDIAN__ 1&#xA;&lt;/code&gt;&lt;/pre&gt;&#xA;&#xA;&lt;p&gt;On a PPC machine I get:&lt;/p&gt;&#xA;&#xA;&lt;pre&gt;&lt;code&gt;:| gcc -dM -E -x c - |grep -i endian&#xA;#define __BIG_ENDIAN__ 1&#xA;#define _BIG_ENDIAN 1&#xA;&lt;/code&gt;&lt;/pre&gt;&#xA;&#xA;&lt;p&gt;(The &lt;code&gt;:| gcc -dM -E -x c -&lt;/code&gt; magic prints out all built-in macros).&lt;/p&gt;&#xA;</Body>
</answer>
<answer>
<Body>&lt;p&gt;Ehm... It surprises me that noone has realized that the compiler will simply optimize the test out, and will put a fixed result as return value. This renders all code examples above, effectively useless. The only thing that would be returned is the endianness at compile-time! And yes, I tested all of the above examples. Here's an example with MSVC 9.0 (Visual Studio 2008).&lt;/p&gt;&#xA;&#xA;&lt;p&gt;&lt;strong&gt;Pure C code&lt;/strong&gt;&lt;/p&gt;&#xA;&#xA;&lt;pre&gt;&lt;code&gt;int32 DNA_GetEndianness(void)&#xA;{&#xA;    union &#xA;    {&#xA;        uint8  c[4];&#xA;        uint32 i;&#xA;    } u;&#xA;&#xA;    u.i = 0x01020304;&#xA;&#xA;    if (0x04 == u.c[0])&#xA;        return DNA_ENDIAN_LITTLE;&#xA;    else if (0x01 == u.c[0])&#xA;        return DNA_ENDIAN_BIG;&#xA;    else&#xA;        return DNA_ENDIAN_UNKNOWN;&#xA;}&#xA;&lt;/code&gt;&lt;/pre&gt;&#xA;&#xA;&lt;p&gt;&lt;strong&gt;Disassembly&lt;/strong&gt;&lt;/p&gt;&#xA;&#xA;&lt;pre&gt;&lt;code&gt;PUBLIC  _DNA_GetEndianness&#xA;; Function compile flags: /Ogtpy&#xA;; File c:\development\dna\source\libraries\dna\endian.c&#xA;;   COMDAT _DNA_GetEndianness&#xA;_TEXT   SEGMENT&#xA;_DNA_GetEndianness PROC                 ; COMDAT&#xA;&#xA;; 11   :     union &#xA;; 12   :     {&#xA;; 13   :         uint8  c[4];&#xA;; 14   :         uint32 i;&#xA;; 15   :     } u;&#xA;; 16   : &#xA;; 17   :     u.i = 1;&#xA;; 18   : &#xA;; 19   :     if (1 == u.c[0])&#xA;; 20   :         return DNA_ENDIAN_LITTLE;&#xA;&#xA;    mov eax, 1&#xA;&#xA;; 21   :     else if (1 == u.c[3])&#xA;; 22   :         return DNA_ENDIAN_BIG;&#xA;; 23   :     else&#xA;; 24   :        return DNA_ENDIAN_UNKNOWN;&#xA;; 25   : }&#xA;&#xA;    ret&#xA;_DNA_GetEndianness ENDP&#xA;END&#xA;&lt;/code&gt;&lt;/pre&gt;&#xA;&#xA;&lt;p&gt;Perhaps it is possible to turn off ANY compile-time optimization for just this function, but I don't know. Otherwise it's maybe possible to hardcode it in assembly, although that's not portable. And even then even that might get optimized out. It makes me think I need some really crappy assembler, implement the same code for all existing CPUs/instruction sets, and well.... never mind.&lt;/p&gt;&#xA;&#xA;&lt;p&gt;Also, someone here said that endianness does not change during run-time. WRONG. There are bi-endian machines out there. Their endianness can vary durng execution. ALSO, there's not only Little Endian and Big Endian, but also other endiannesses (what a word).&lt;/p&gt;&#xA;&#xA;&lt;p&gt;I hate and love coding at the same time...&lt;/p&gt;&#xA;</Body>
</answer>
<answer>
<Body>&lt;pre&gt;&lt;code&gt;union {&#xA;    int i;&#xA;    char c[sizeof(int)];&#xA;} x;&#xA;x.i = 1;&#xA;if(x.c[0] == 1)&#xA;    printf(&quot;little-endian\n&quot;);&#xA;else    printf(&quot;big-endian\n&quot;);&#xA;&lt;/code&gt;&lt;/pre&gt;&#xA;&#xA;&lt;p&gt;This is another solution. Similar to Andrew Hare's solution.&lt;/p&gt;&#xA;</Body>
</answer>
<answer>
<Body>&lt;p&gt;As stated above, use union tricks.&lt;/p&gt;&#xA;&#xA;&lt;p&gt;There are few problems with the ones advised above though, most notably that unaligned memory access is notoriously slow for most architectures, and some compilers won't even recognize such constant predicates at all, unless word aligned.&lt;/p&gt;&#xA;&#xA;&lt;p&gt;Because mere endian test is boring, here goes (template) function which will flip the input/output of arbitrary integer according to your spec, regardless of host architecture.&lt;/p&gt;&#xA;&#xA;&lt;pre&gt;&lt;code&gt;#include &amp;lt;stdint.h&amp;gt;&#xA;&#xA;#define BIG_ENDIAN 1&#xA;#define LITTLE_ENDIAN 0&#xA;&#xA;template &amp;lt;typename T&amp;gt;&#xA;T endian(T w, uint32_t endian)&#xA;{&#xA;    // this gets optimized out into if (endian == host_endian) return w;&#xA;    union { uint64_t quad; uint32_t islittle; } t;&#xA;    t.quad = 1;&#xA;    if (t.islittle ^ endian) return w;&#xA;    T r = 0;&#xA;&#xA;    // decent compilers will unroll this (gcc)&#xA;    // or even convert straight into single bswap (clang)&#xA;    for (int i = 0; i &amp;lt; sizeof(r); i++) {&#xA;        r &amp;lt;&amp;lt;= 8;&#xA;        r |= w &amp;amp; 0xff;&#xA;        w &amp;gt;&amp;gt;= 8;&#xA;    }&#xA;    return r;&#xA;};&#xA;&lt;/code&gt;&lt;/pre&gt;&#xA;&#xA;&lt;p&gt;Usage:&lt;/p&gt;&#xA;&#xA;&lt;p&gt;To convert from given endian to host, use:&lt;/p&gt;&#xA;&#xA;&lt;p&gt;&lt;code&gt;host = endian(source, endian_of_source)&lt;/code&gt;&lt;/p&gt;&#xA;&#xA;&lt;p&gt;To convert from host endian to given endian, use:&lt;/p&gt;&#xA;&#xA;&lt;p&gt;&lt;code&gt;output = endian(hostsource, endian_you_want_to_output)&lt;/code&gt;&lt;/p&gt;&#xA;&#xA;&lt;p&gt;The resulting code is as fast as writing hand assembly on clang, on gcc it's tad slower (unrolled &amp;amp;,&amp;lt;&amp;lt;,&gt;&gt;,| for every byte) but still decent.&lt;/p&gt;&#xA;</Body>
</answer>
<answer>
<Body>&lt;p&gt;The way C compilers (at least everyone I know of) work the endianness &lt;strong&gt;has&lt;/strong&gt; to be decided at compile time. Even for biendian processors (like ARM och MIPS) you have to choose endianness at compile time. Further more the endianness is defined in all common file formats for executables (such as ELF). Although it is possible to craft a binary blob of biandian code (for some ARM server exploit maybe?) it probably has to be done in assembly.&lt;/p&gt;&#xA;</Body>
</answer>
<answer>
<Body>&lt;pre&gt;&lt;code&gt;bool isBigEndian()&#xA;{&#xA;    static const uint16_t m_endianCheck(0x00ff);&#xA;    return ( *((uint8_t*)&amp;amp;m_endianCheck) == 0x0); &#xA;}&#xA;&lt;/code&gt;&lt;/pre&gt;&#xA;</Body>
</answer>
<answer>
<Body>&lt;p&gt;I was going through the textbook:&lt;em&gt;Computer System: a programmer's perspective&lt;/em&gt;, and there is a problem to determine which endian is this by C program.&lt;/p&gt;&#xA;&#xA;&lt;p&gt;I used the feature of the pointer to do that as following:&lt;/p&gt;&#xA;&#xA;&lt;pre&gt;&lt;code&gt;#include &amp;lt;stdio.h&amp;gt;&#xA;&#xA;int main(void){&#xA;    int i=1;&#xA;    unsigned char* ii = &amp;amp;i;&#xA;&#xA;    printf(&quot;This computer is %s endian.\n&quot;, ((ii[0]==1) ? &quot;little&quot; : &quot;big&quot;));&#xA;    return 0;&#xA;}&#xA;&lt;/code&gt;&lt;/pre&gt;&#xA;&#xA;&lt;p&gt;As the &lt;em&gt;int&lt;/em&gt; takes up 4 bytes, and &lt;em&gt;char&lt;/em&gt; takes up only 1 bytes. We could use a &lt;em&gt;char pointer&lt;/em&gt; to point to the &lt;em&gt;int&lt;/em&gt; with value 1. Thus if the computer is little endian, the &lt;em&gt;char&lt;/em&gt; that &lt;em&gt;char pointer&lt;/em&gt; points to is with value 1, otherwise, its value should be 0. &lt;/p&gt;&#xA;</Body>
</answer>
<answer>
<Body>&lt;p&gt;Declare:&lt;/p&gt;&#xA;&#xA;&lt;h1&gt;My initial post is incorrectly declared as &quot;compile time&quot;. It's not, it's even impossible in current C++ standard. The constexpr does NOT means the function always do compile-time computation. Thanks Richard Hodges for correction.&lt;/h1&gt;&#xA;&#xA;&lt;p&gt;compile time, non-macro, C++11 constexpr solution:&lt;/p&gt;&#xA;&#xA;&lt;pre&gt;&lt;code&gt;union {&#xA;  uint16_t s;&#xA;  unsigned char c[2];&#xA;} constexpr static  d {1};&#xA;&#xA;constexpr bool is_little_endian() {&#xA;  return d.c[0] == 1;&#xA;}&#xA;&lt;/code&gt;&lt;/pre&gt;&#xA;</Body>
</answer>
<answer>
<Body>&lt;p&gt;As pointed out by Coriiander, most (if not all) of those codes here will be optimized away at compilation time, so the generated binaries won't check &quot;endianness&quot; at run time.&lt;/p&gt;&#xA;&#xA;&lt;p&gt;It has been observed that a given executable shouldn't run in two different byte orders, but I have no idea if that is always the case, and it seems like a hack to me checking at compilation time. So I coded this function:&lt;/p&gt;&#xA;&#xA;&lt;pre&gt;&lt;code&gt;#include &amp;lt;stdint.h&amp;gt;&#xA;&#xA;int* _BE = 0;&#xA;&#xA;int is_big_endian() {&#xA;    if (_BE == 0) {&#xA;        uint16_t* teste = (uint16_t*)malloc(4);&#xA;        *teste = (*teste &amp;amp; 0x01FE) | 0x0100;&#xA;        uint8_t teste2 = ((uint8_t*) teste)[0];&#xA;        free(teste);&#xA;        _BE = (int*)malloc(sizeof(int));&#xA;        *_BE = (0x01 == teste2);&#xA;    }&#xA;    return *_BE;&#xA;}&#xA;&lt;/code&gt;&lt;/pre&gt;&#xA;&#xA;&lt;p&gt;MinGW wasn't able to optimize this code, even though it does optimize the other codes here away. I believe that is because I leave the &quot;random&quot; value that was alocated on the smaller byte memory as it was (at least 7 of its bits), so the compiler can't know what that random value is and it doesn't optimize the function away.&lt;/p&gt;&#xA;&#xA;&lt;p&gt;I've also coded the function so that the check is only performed once, and the return value is stored for next tests.&lt;/p&gt;&#xA;</Body>
</answer>
<answer>
<Body>&lt;p&gt;untested, but in my mind, this should work? cause it'll be 0x01 on little endian, and 0x00 on big endian?&lt;/p&gt;&#xA;&#xA;&lt;pre&gt;&lt;code&gt;bool runtimeIsLittleEndian(void)&#xA;{&#xA; volatile uint16_t i=1;&#xA; return  ((uint8_t*)&amp;amp;i)[0]==0x01;//0x01=little, 0x00=big&#xA;}&#xA;&lt;/code&gt;&lt;/pre&gt;&#xA;</Body>
</answer>
<answer>
<Body>&lt;p&gt;Unless the endian header is GCC-only, it provides macros you can use.&lt;/p&gt;&#xA;&#xA;&lt;pre&gt;&lt;code&gt;#include &quot;endian.h&quot;&#xA;...&#xA;if (__BYTE_ORDER == __LITTLE_ENDIAN) { ... }&#xA;else if (__BYTE_ORDER == __BIG_ENDIAN) { ... }&#xA;else { throw std::runtime_error(&quot;Sorry, this version does not support PDP Endian!&quot;);&#xA;...&#xA;&lt;/code&gt;&lt;/pre&gt;&#xA;</Body>
</answer>
<answer>
<Body>&lt;p&gt;The C++ way has been to use &lt;a href=&quot;http://www.boost.org/&quot; rel=&quot;nofollow noreferrer&quot;&gt;boost&lt;/a&gt;, where preprocessor checks and casts are compartmentalized away inside very thoroughly-tested libraries.&lt;/p&gt;&#xA;&#xA;&lt;p&gt;The Predef Library (boost/predef.h) recognizes &lt;a href=&quot;https://www.boost.org/doc/libs/1_67_0/doc/html/predef/reference.html#predef.reference.other_macros&quot; rel=&quot;nofollow noreferrer&quot;&gt;four different kinds of endianness&lt;/a&gt;.&lt;/p&gt;&#xA;&#xA;&lt;p&gt;The &lt;a href=&quot;https://www.boost.org/doc/libs/1_67_0/libs/endian/doc/index.html&quot; rel=&quot;nofollow noreferrer&quot;&gt;Endian Library&lt;/a&gt; was planned to be submitted to the C++ standard, and supports a wide variety of operations on endian-sensitive data.&lt;/p&gt;&#xA;&#xA;&lt;p&gt;As stated in answers above, Endianness will be a part of c++20.&lt;/p&gt;&#xA;</Body>
</answer>
<answer>
<Body>&lt;p&gt;You can use &lt;a href=&quot;https://en.cppreference.com/w/cpp/types/endian&quot; rel=&quot;nofollow noreferrer&quot;&gt;&lt;code&gt;std::endian&lt;/code&gt;&lt;/a&gt; if you have access to C++20 compiler such as GCC 8+ or Clang 7+.&lt;/p&gt;&#xA;&#xA;&lt;p&gt;Note: &lt;code&gt;std::endian&lt;/code&gt; began in &lt;code&gt;&amp;lt;type_traits&amp;gt;&lt;/code&gt; but &lt;a href=&quot;http://www.open-std.org/jtc1/sc22/wg21/docs/papers/2019/p1612r1.pdf&quot; rel=&quot;nofollow noreferrer&quot;&gt;was moved&lt;/a&gt; to &lt;code&gt;&amp;lt;bit&amp;gt;&lt;/code&gt; at 2019 Cologne meeting. GCC 8, Clang 7, 8 and 9 have it in &lt;code&gt;&amp;lt;type_traits&amp;gt;&lt;/code&gt; while GCC 9+ and Clang 10+ have it in &lt;code&gt;&amp;lt;bit&amp;gt;&lt;/code&gt;.&lt;/p&gt;&#xA;&#xA;&lt;pre&gt;&lt;code&gt;#include &amp;lt;bit&amp;gt;&#xA;&#xA;if constexpr (std::endian::native == std::endian::big)&#xA;{&#xA;    // Big endian system&#xA;}&#xA;else if constexpr (std::endian::native == std::endian::little)&#xA;{&#xA;    // Little endian system&#xA;}&#xA;else&#xA;{&#xA;    // Something else&#xA;}&#xA;&lt;/code&gt;&lt;/pre&gt;&#xA;</Body>
</answer>
<answer>
<Body>&lt;p&gt;If you don't want conditional compilation you can just write endian independent code. Here is an example (taken from &lt;a href=&quot;https://commandcenter.blogspot.fr/2012/04/byte-order-fallacy.html&quot; rel=&quot;nofollow noreferrer&quot;&gt;Rob Pike&lt;/a&gt;):&lt;/p&gt;&#xA;&#xA;&lt;p&gt;Reading an integer stored in little-endian on disk, in an endian independent manner:&lt;/p&gt;&#xA;&#xA;&lt;pre&gt;&lt;code&gt;i = (data[0]&amp;lt;&amp;lt;0) | (data[1]&amp;lt;&amp;lt;8) | (data[2]&amp;lt;&amp;lt;16) | (data[3]&amp;lt;&amp;lt;24);&#xA;&lt;/code&gt;&lt;/pre&gt;&#xA;&#xA;&lt;p&gt;The same code, trying to take into account the machine endianness:&lt;/p&gt;&#xA;&#xA;&lt;pre&gt;&lt;code&gt;i = *((int*)data);&#xA;#ifdef BIG_ENDIAN&#xA;/* swap the bytes */&#xA;i = ((i&amp;amp;0xFF)&amp;lt;&amp;lt;24) | (((i&amp;gt;&amp;gt;8)&amp;amp;0xFF)&amp;lt;&amp;lt;16) | (((i&amp;gt;&amp;gt;16)&amp;amp;0xFF)&amp;lt;&amp;lt;8) | (((i&amp;gt;&amp;gt;24)&amp;amp;0xFF)&amp;lt;&amp;lt;0);&#xA;#endif&#xA;&lt;/code&gt;&lt;/pre&gt;&#xA;</Body>
</answer>
<answer>
<Body>&lt;p&gt;while there is no quick and standard way to determine it, this will output it:&lt;/p&gt;&#xA;&#xA;&lt;pre&gt;&lt;code&gt;#include &amp;lt;stdio.h&amp;gt; &#xA;int main()  &#xA;{ &#xA;   unsigned int i = 1; &#xA;   char *c = (char*)&amp;amp;i; &#xA;   if (*c)     &#xA;       printf(&quot;Little endian&quot;); &#xA;   else&#xA;       printf(&quot;Big endian&quot;); &#xA;   getchar(); &#xA;   return 0; &#xA;} &#xA;&lt;/code&gt;&lt;/pre&gt;&#xA;</Body>
</answer>
<answer>
<Body>&lt;p&gt;&lt;strong&gt;Do not use a &lt;code&gt;union&lt;/code&gt;!&lt;/strong&gt;&lt;/p&gt;&#xA;&#xA;&lt;p&gt;C++ does not permit type punning via &lt;code&gt;union&lt;/code&gt;s!&lt;br&gt;&#xA;Reading from a union field that was not the last field written to is &lt;strong&gt;undefined behaviour&lt;/strong&gt;!&lt;br&gt;&#xA;Many compilers support doing so as an extensions, but the language makes no guarantee.&lt;/p&gt;&#xA;&#xA;&lt;p&gt;See this answer for more details:&lt;/p&gt;&#xA;&#xA;&lt;p&gt;&lt;a href=&quot;https://stackoverflow.com/a/11996970&quot;&gt;https://stackoverflow.com/a/11996970&lt;/a&gt;&lt;/p&gt;&#xA;&#xA;&lt;hr&gt;&#xA;&#xA;&lt;p&gt;There are only two valid answers that are guaranteed to be portable.&lt;/p&gt;&#xA;&#xA;&lt;p&gt;The first answer, if you have access to a system that supports C++20,&lt;br&gt;&#xA;is to use &lt;code&gt;std::endian&lt;/code&gt; from the &lt;code&gt;&amp;lt;type_traits&amp;gt;&lt;/code&gt; header.  &lt;/p&gt;&#xA;&#xA;&lt;p&gt;(At the time of writing, C++20 has not yet been released, but unless something happens to affect &lt;code&gt;std::endian&lt;/code&gt;'s inclusion, this shall be the preferred way to test the endianness at compile time from C++20 onwards.)&lt;/p&gt;&#xA;&#xA;&lt;h3&gt;C++20 Onwards&lt;/h3&gt;&#xA;&#xA;&lt;pre&gt;&lt;code&gt;constexpr bool is_little_endian = (std::endian::native == std::endian::little);&#xA;&lt;/code&gt;&lt;/pre&gt;&#xA;&#xA;&lt;hr&gt;&#xA;&#xA;&lt;p&gt;Prior to C++20, the only valid answer is to store an integer and then inspect its first byte through type punning.&lt;br&gt;&#xA;Unlike the use of &lt;code&gt;union&lt;/code&gt;s, this is expressly allowed by C++'s type system.&lt;/p&gt;&#xA;&#xA;&lt;p&gt;It's also important to remember that for optimum portability &lt;code&gt;static_cast&lt;/code&gt; should be used,&lt;br&gt;&#xA;because &lt;code&gt;reinterpret_cast&lt;/code&gt; is implementation defined.&lt;/p&gt;&#xA;&#xA;&lt;blockquote&gt;&#xA;  &lt;p&gt;If a program attempts to access the stored value of an object through a glvalue of other than one of the following types the behavior is undefined:&#xA;  ...&#xA;  a &lt;code&gt;char&lt;/code&gt; or &lt;code&gt;unsigned char&lt;/code&gt; type.&lt;/p&gt;&#xA;&lt;/blockquote&gt;&#xA;&#xA;&lt;h3&gt;C++11 Onwards&lt;/h3&gt;&#xA;&#xA;&lt;pre&gt;&lt;code&gt;enum class endianness&#xA;{&#xA;    little = 0,&#xA;    big = 1,&#xA;};&#xA;&#xA;inline endianness get_system_endianness()&#xA;{&#xA;    const int value { 0x01 };&#xA;    const void * address = static_cast&amp;lt;const void *&amp;gt;(&amp;amp;value);&#xA;    const unsigned char * least_significant_address = static_cast&amp;lt;const unsigned char *&amp;gt;(address);&#xA;    return (*least_significant_address == 0x01) ? endianness::little : endianness::big;&#xA;}&#xA;&lt;/code&gt;&lt;/pre&gt;&#xA;&#xA;&lt;h3&gt;C++11 Onwards (without enum)&lt;/h3&gt;&#xA;&#xA;&lt;pre&gt;&lt;code&gt;inline bool is_system_little_endian()&#xA;{&#xA;    const int value { 0x01 };&#xA;    const void * address = static_cast&amp;lt;const void *&amp;gt;(&amp;amp;value);&#xA;    const unsigned char * least_significant_address = static_cast&amp;lt;const unsigned char *&amp;gt;(address);&#xA;    return (*least_significant_address == 0x01);&#xA;}&#xA;&lt;/code&gt;&lt;/pre&gt;&#xA;&#xA;&lt;h3&gt;C++98/C++03&lt;/h3&gt;&#xA;&#xA;&lt;pre&gt;&lt;code&gt;inline bool is_system_little_endian()&#xA;{&#xA;    const int value = 0x01;&#xA;    const void * address = static_cast&amp;lt;const void *&amp;gt;(&amp;amp;value);&#xA;    const unsigned char * least_significant_address = static_cast&amp;lt;const unsigned char *&amp;gt;(address);&#xA;    return (*least_significant_address == 0x01);&#xA;}&#xA;&lt;/code&gt;&lt;/pre&gt;&#xA;</Body>
</answer>
