<question>
<Title>What exactly does C++ profiling (google cpu perf tools) measure?</Title>
<Body>&lt;p&gt;I trying to get started with Google Perf Tools to profile some CPU intensive applications. It's a statistical calculation that dumps each step to a file using `ofstream'. I'm not a C++ expert so I'm having troubling finding the bottleneck.  My first pass gives results:&lt;/p&gt;&#xA;&#xA;&lt;pre&gt;&#xA;Total: 857 samples&#xA;     357  41.7%  41.7%      357  41.7% _write$UNIX2003&#xA;     134  15.6%  57.3%      134  15.6% _exp$fenv_access_off&#xA;     109  12.7%  70.0%      276  32.2% scythe::dnorm&#xA;     103  12.0%  82.0%      103  12.0% _log$fenv_access_off&#xA;      58   6.8%  88.8%       58   6.8% scythe::const_matrix_forward_iterator::operator*&#xA;      37   4.3%  93.1%       37   4.3% scythe::matrix_forward_iterator::operator*&#xA;      15   1.8%  94.9%       47   5.5% std::transform&#xA;      13   1.5%  96.4%      486  56.7% SliceStep::DoStep&#xA;      10   1.2%  97.5%       10   1.2% 0x0002726c&#xA;       5   0.6%  98.1%        5   0.6% 0x000271c7&#xA;       5   0.6%  98.7%        5   0.6% _write$NOCANCEL$UNIX2003&#xA;&lt;/pre&gt;&#xA;&#xA;&lt;p&gt;This is surprising, since all the real calculation occurs in SliceStep::DoStep.  The &quot;_write$UNIX2003&quot; (where can I find out what this is?) appears to be coming from writing the output file.  Now, what confuses me is that if I comment out all the &lt;code&gt;outfile &amp;lt;&amp;lt; &quot;text&quot;&lt;/code&gt; statements and run pprof, 95% is in &lt;code&gt;SliceStep::DoStep&lt;/code&gt; and `_write$UNIX2003' goes away.  However my application does not speed up, as measured by total time.  The whole thing speeds up less than 1 percent.  &lt;/p&gt;&#xA;&#xA;&lt;p&gt;What am I missing?&lt;/p&gt;&#xA;&#xA;&lt;p&gt;Added:&#xA;The pprof output without the &lt;code&gt;outfile &amp;lt;&amp;lt;&lt;/code&gt; statements is:&lt;/p&gt;&#xA;&#xA;&lt;pre&gt;&#xA;Total: 790 samples&#xA;     205  25.9%  25.9%      205  25.9% _exp$fenv_access_off&#xA;     170  21.5%  47.5%      170  21.5% _log$fenv_access_off&#xA;     162  20.5%  68.0%      437  55.3% scythe::dnorm&#xA;      83  10.5%  78.5%       83  10.5% scythe::const_matrix_forward_iterator::operator*&#xA;      70   8.9%  87.3%       70   8.9% scythe::matrix_forward_iterator::operator*&#xA;      28   3.5%  90.9%       78   9.9% std::transform&#xA;      26   3.3%  94.2%       26   3.3% 0x00027262&#xA;      12   1.5%  95.7%       12   1.5% _write$NOCANCEL$UNIX2003&#xA;      11   1.4%  97.1%      764  96.7% SliceStep::DoStep&#xA;       9   1.1%  98.2%        9   1.1% 0x00027253&#xA;       6   0.8%  99.0%        6   0.8% 0x000274a6&#xA;&lt;/pre&gt;&#xA;&#xA;&lt;p&gt;This looks like what I'd expect, except I see no visible increase in performance (.1 second on a 10 second calculation).  The code is essentially:&lt;/p&gt;&#xA;&#xA;&lt;pre&gt;&lt;code&gt;ofstream outfile(&quot;out.txt&quot;);&#xA;for loop:&#xA;  SliceStep::DoStep()&#xA;  outfile &amp;lt;&amp;lt; 'result'&#xA;outfile.close()&#xA;&lt;/code&gt;&lt;/pre&gt;&#xA;&#xA;&lt;p&gt;Update: I timing using boost::timer, starting where the profiler starts and ending where it ends.  I do not use threads or anything fancy.&lt;/p&gt;&#xA;</Body>
<Tags>c++,profiling,gperftools</Tags>
</question>
<answer>
<Body>&lt;p&gt;_write$UNIX2003 is probably referring to the &lt;code&gt;write&lt;/code&gt; POSIX system call, which outputs to the terminal. I/O is very slow compared to almost anything else, so it makes sense that your program is spending a lot of time there if you are writing a fair bit of output. &lt;/p&gt;&#xA;&#xA;&lt;p&gt;I'm not sure why your program wouldn't speed up when you remove the output, but I can't really make a guess on only the information you've given. It would be nice to see some of the code, or even the perftools output when the cout statement is removed.&lt;/p&gt;&#xA;</Body>
</answer>
<answer>
<Body>&lt;p&gt;From my comments:&lt;/p&gt;&#xA;&#xA;&lt;p&gt;The numbers you get from your profiler say, that the program should be around 40% faster without the print statements.&lt;/p&gt;&#xA;&#xA;&lt;p&gt;The runtime, however, stays nearly the same.&lt;/p&gt;&#xA;&#xA;&lt;p&gt;Obviously one of the measurements must be wrong. That means you have to do more and better measurements.&lt;/p&gt;&#xA;&#xA;&lt;p&gt;First I suggest starting with another easy tool: the time command. This should get you a rough idea where your time is spend.&lt;/p&gt;&#xA;&#xA;&lt;p&gt;If the results are still not conclusive you need a better testcase:&lt;/p&gt;&#xA;&#xA;&lt;ul&gt;&#xA;&lt;li&gt;Use a larger problem&lt;/li&gt;&#xA;&lt;li&gt;Do a warmup before measuring. Do some loops and start any measurement afterwards (in the same process).&lt;/li&gt;&#xA;&lt;/ul&gt;&#xA;&#xA;&lt;hr&gt;&#xA;&#xA;&lt;blockquote&gt;&#xA;  &lt;p&gt;Tiristan: It's all in user. What I'm doing is pretty simple, I think... Does the fact that the file is open the whole time mean anything?&lt;/p&gt;&#xA;&lt;/blockquote&gt;&#xA;&#xA;&lt;p&gt;That means the profiler is wrong.&lt;/p&gt;&#xA;&#xA;&lt;p&gt;Printing 100000 lines to the console using python results in something like:&lt;/p&gt;&#xA;&#xA;&lt;pre&gt;&lt;code&gt;for i in xrange(100000):&#xA;    print i&#xA;&lt;/code&gt;&lt;/pre&gt;&#xA;&#xA;&lt;p&gt;To console:&lt;/p&gt;&#xA;&#xA;&lt;pre&gt;&lt;code&gt;time python print.py&#xA;[...]&#xA;real    0m2.370s&#xA;user    0m0.156s&#xA;sys     0m0.232s&#xA;&lt;/code&gt;&lt;/pre&gt;&#xA;&#xA;&lt;p&gt;Versus:&lt;/p&gt;&#xA;&#xA;&lt;pre&gt;&lt;code&gt;time python test.py &amp;gt; /dev/null&#xA;&#xA;real    0m0.133s&#xA;user    0m0.116s&#xA;sys     0m0.008s&#xA;&lt;/code&gt;&lt;/pre&gt;&#xA;&#xA;&lt;p&gt;&lt;strong&gt;My point is:&lt;/strong&gt;&#xA;Your internal measurements &lt;em&gt;and&lt;/em&gt; time show you do not gain anything from disabling output. Google Perf Tools says you should. Who's wrong?&lt;/p&gt;&#xA;</Body>
</answer>
<answer>
<Body>&lt;p&gt;Google perftools collects samples of the call stack, so what you need is to get some visibility into those.&lt;/p&gt;&#xA;&#xA;&lt;p&gt;According to the doc, you can display the call graph at statement or address granularity. That should tell you what you need to know.&lt;/p&gt;&#xA;</Body>
</answer>
