<question>
<Title>Uniform random number generator in c++</Title>
<Body>&lt;p&gt;I am trying to produce true random number in c++ with C++ TR1. &#xA;However, when run my program again, it produces same random numbers.The code is below.&lt;/p&gt;&#xA;&#xA;&lt;p&gt;I need true random number for each run as random as possible.&lt;/p&gt;&#xA;&#xA;&lt;pre&gt;&lt;code&gt;std::tr1::mt19937 eng;  &#xA;std::tr1::uniform_real&amp;lt;double&amp;gt; unif(0, 1);&#xA;unif(eng);&#xA;&lt;/code&gt;&lt;/pre&gt;&#xA;</Body>
<Tags>c++,random,tr1</Tags>
</question>
<answer>
<Body>&lt;p&gt;You have to initialize the engine with a seed, otherwise the default seed is going to be used:&lt;/p&gt;&#xA;&#xA;&lt;pre&gt;&lt;code&gt;eng.seed(static_cast&amp;lt;unsigned int &amp;gt;(time(NULL)));&#xA;&lt;/code&gt;&lt;/pre&gt;&#xA;&#xA;&lt;p&gt;However, &lt;em&gt;true&lt;/em&gt; randomness is something you cannot achieve on a deterministic machine without additional input. Every pseudo-random number generator is periodical in some way, which is something you wouldn't expect from a non-deterministic number. For example &lt;code&gt;std::mt19937&lt;/code&gt; has a period of 2&lt;sup&gt;19937&lt;/sup&gt;-1 iterations. True randomness is hard to achieve, as you would have to monitor something that doesn't seem deterministic (user input, atmospheric noise). See &lt;a href=&quot;https://stackoverflow.com/a/10047328/1139697&quot;&gt;Jerry's&lt;/a&gt; and &lt;a href=&quot;https://stackoverflow.com/a/10047398/1139697&quot;&gt;Handprint's answer&lt;/a&gt;.&lt;/p&gt;&#xA;&#xA;&lt;p&gt;If you don't want a time based seed you can use &lt;a href=&quot;http://en.cppreference.com/w/cpp/numeric/random/random_device&quot; rel=&quot;nofollow noreferrer&quot;&gt;&lt;code&gt;std::random_device&lt;/code&gt;&lt;/a&gt; as seen in &lt;a href=&quot;https://stackoverflow.com/a/10048451/1139697&quot;&gt;emsr's answer&lt;/a&gt;. You could even use &lt;code&gt;std::random_device&lt;/code&gt; as generator, which is the closest you'll get to true randomness with standard library methods only.&lt;/p&gt;&#xA;</Body>
</answer>
<answer>
<Body>&lt;p&gt;These are pseudo-random number generators. They can never produce truly random numbers. For that, you typically need special hardware (e.g., typically things like measuring noise in a thermal diode or radiation from radioactive source).&lt;/p&gt;&#xA;&#xA;&lt;p&gt;To get a difference sequences from pseudo-random generators in different runs, you typically seed the generator based on the current time.&lt;/p&gt;&#xA;&#xA;&lt;p&gt;That produces fairly predictable results though (i.e., somebody else can figure out the seed you used fairly easily. If you need to prevent that, most systems do provide some source of at least fairly random numbers. On Linux, /dev/random, and on Windows, &lt;code&gt;CryptGenRandom&lt;/code&gt;.&lt;/p&gt;&#xA;&#xA;&lt;p&gt;Those latter tend to be fairly slow, though, so you usually want to use them as a seed, not just retrieve all your random numbers from them.&lt;/p&gt;&#xA;</Body>
</answer>
<answer>
<Body>&lt;p&gt;Here's an example of seeding the engine (using C++11 instead of TR1)&lt;/p&gt;&#xA;&#xA;&lt;pre&gt;&lt;code&gt;#include &amp;lt;chrono&amp;gt;&#xA;#include &amp;lt;random&amp;gt;&#xA;#include &amp;lt;iostream&amp;gt;&#xA;&#xA;int main() {&#xA;    std::mt19937 eng(std::chrono::high_resolution_clock::now()&#xA;                                          .time_since_epoch().count());&#xA;    std::uniform_real_distribution&amp;lt;&amp;gt; unif;&#xA;    std::cout &amp;lt;&amp;lt; unif(eng) &amp;lt;&amp;lt; '\n';&#xA;}&#xA;&lt;/code&gt;&lt;/pre&gt;&#xA;&#xA;&lt;p&gt;Seeding with the current time can be relatively predictable and is probably not something that should be done. The above at least does not limit you just to one possible seed per second, which is very predictable.&lt;/p&gt;&#xA;&#xA;&lt;p&gt;If you want to seed from something like /dev/random instead of the current time you can do:&lt;/p&gt;&#xA;&#xA;&lt;pre&gt;&lt;code&gt;std::random_device r;&#xA;std::seed_seq seed{r(), r(), r(), r(), r(), r(), r(), r()};&#xA;std::mt19937 eng(seed);&#xA;&lt;/code&gt;&lt;/pre&gt;&#xA;&#xA;&lt;p&gt;(This depends on your standard library implementation. For example, libc++ uses /dev/urandom by default, but in VS11 random_device is deterministic)&lt;/p&gt;&#xA;&#xA;&lt;p&gt;Of course nothing you get out of mt19937 is going to meet your requirement of a &quot;true random number&quot;, and I suspect that you don't really need true randomness.&lt;/p&gt;&#xA;</Body>
</answer>
<answer>
<Body>&lt;p&gt;&lt;strong&gt;This answer is a wiki.&lt;/strong&gt; I'm working on a library and examples in .NET, feel free to add your own in any language...&lt;/p&gt;&#xA;&#xA;&lt;p&gt;Without external 'random' input (such as monitoring street noise), as a deterministic machine, a computer cannot generate truly random numbers: &lt;a href=&quot;http://en.wikipedia.org/wiki/Random_number_generation&quot; rel=&quot;nofollow&quot;&gt;Random Number Generation&lt;/a&gt;.&lt;/p&gt;&#xA;&#xA;&lt;p&gt;Since most of us don't have the money and expertise to utilize the special equipment to provide chaotic input, there are ways to utitlize the somewhat unpredictable nature of your OS, task scheduler, process manager, and user inputs (e.g. mouse movement), to generate the improved pseudo-randomness.&lt;/p&gt;&#xA;&#xA;&lt;p&gt;Unfortunately, I do not know enough about C++ TR1 to know if it has the capability to do this.&lt;/p&gt;&#xA;&#xA;&lt;p&gt;&lt;strong&gt;Edit&lt;/strong&gt;&lt;/p&gt;&#xA;&#xA;&lt;p&gt;As others have pointed out, you get different number sequences (which eventually repeat, so they aren't truly random), by seeding your RNG with different inputs. So you have two options in improving your generation:&lt;/p&gt;&#xA;&#xA;&lt;p&gt;Periodically reseed your RNG with some sort of chaotic input OR &lt;em&gt;make the output of your RNG unreliable based on how your system operates&lt;/em&gt;.&lt;/p&gt;&#xA;&#xA;&lt;p&gt;The former can be accomplished by creating algorithms that explicitly produce seeds by examining the system environment. This may require setting up some event handlers, delegate functions, etc.&lt;/p&gt;&#xA;&#xA;&lt;p&gt;The latter can be accomplished by poor parallel computing practice: i.e. setting many RNG threads/processes to compete in an 'unsafe manner' to create each subsequent random number (or number sequence). This implicitly adds chaos from the sum total of activity on your system, because every minute event will have an impact on which thread's output ends up having being written and eventually read when a 'GetNext()' type method is called. Below is a crude proof of concept in .NET 3.5. Note two things: 1) Even though the RNG is seeded with the same number everytime, 24 identical rows are not created; 2) There is a noticeable hit on performance and obvious increase in resource consumption, which is a given when improving random number generation:&lt;/p&gt;&#xA;&#xA;&lt;pre&gt;&lt;code&gt;using System;&#xA;using System.Collections.Generic;&#xA;using System.Linq;&#xA;using System.Text;&#xA;using System.Threading;&#xA;&#xA;namespace RandomParallel&#xA;{&#xA;    class RandomParallel&#xA;    {&#xA;        static int[] _randomRepository;&#xA;        static Queue&amp;lt;int&amp;gt; _randomSource = new Queue&amp;lt;int&amp;gt;();&#xA;        static void Main(string[] args)&#xA;        {&#xA;            InitializeRepository(0, 1, 40);&#xA;            FillSource();&#xA;            for (int i = 0; i &amp;lt; 24; i++)&#xA;            {&#xA;                for (int j = 0; j &amp;lt; 40; j++)&#xA;                    Console.Write(GetNext() + &quot; &quot;);&#xA;                Console.WriteLine();&#xA;            }&#xA;            Console.ReadLine();&#xA;        }&#xA;        static void InitializeRepository(int min, int max, int size)&#xA;        {&#xA;            _randomRepository = new int[size];&#xA;            var rand = new Random(1024);&#xA;            for (int i = 0; i &amp;lt; size; i++)&#xA;                _randomRepository[i] = rand.Next(min, max + 1);&#xA;        }&#xA;        static void FillSource()&#xA;        {&#xA;            Thread[] threads = new Thread[Environment.ProcessorCount * 8];&#xA;            for (int j = 0; j &amp;lt; threads.Length; j++)&#xA;            {&#xA;                threads[j] = new Thread((myNum) =&amp;gt;&#xA;                    {&#xA;                        int i = (int)myNum * _randomRepository.Length / threads.Length;&#xA;                        int max = (((int)myNum + 1) * _randomRepository.Length /     threads.Length) - 1;&#xA;                        for (int k = i; k &amp;lt;= max; k++)&#xA;                        {&#xA;                            _randomSource.Enqueue(_randomRepository[k]);&#xA;                        }&#xA;                    });&#xA;                threads[j].Priority = ThreadPriority.Highest;&#xA;            }&#xA;            for (int k = 0; k &amp;lt; threads.Length; k++)&#xA;                threads[k].Start(k);&#xA;        }&#xA;        static int GetNext()&#xA;        {&#xA;            if (_randomSource.Count &amp;gt; 0)&#xA;                return _randomSource.Dequeue();&#xA;            else&#xA;            {&#xA;                FillSource();&#xA;                return _randomSource.Dequeue();&#xA;            }&#xA;        }&#xA;    }&#xA;}&#xA;&lt;/code&gt;&lt;/pre&gt;&#xA;&#xA;&lt;p&gt;As long as there is user(s) input/interaction during the generation, this technique &lt;em&gt;will&lt;/em&gt; produce an uncrackable, non-repeating sequence of 'random' numbers. In such a scenario, knowing the initial state of the machine would be insufficient to predict the outcome.&lt;/p&gt;&#xA;</Body>
</answer>
<answer>
<Body>&lt;p&gt;If you want true hardware random numbers then the standard library offers access to this through the random_device class:&lt;/p&gt;&#xA;&#xA;&lt;p&gt;I use it to seed another generator:&lt;/p&gt;&#xA;&#xA;&lt;pre&gt;&lt;code&gt;#include &amp;lt;random&amp;gt;&#xA;...&#xA;  std::mt19937_64 re;&#xA;  std::random_device rd;&#xA;  re.seed(rd());&#xA;...&#xA;  std::cout &amp;lt;&amp;lt; re();&#xA;&lt;/code&gt;&lt;/pre&gt;&#xA;&#xA;&lt;p&gt;If your hardware has /dev/urandom or /dev/random then this will be used.  Otherwise the implementation is free to use one of it's pseudorandom generators.  On G++ mt19937 is used as a fallback.&lt;/p&gt;&#xA;&#xA;&lt;p&gt;I'm pretty sure tr1 has this as well bu as others noted I think it's best to use std C++11 utilities at this point.&lt;/p&gt;&#xA;&#xA;&lt;p&gt;Ed&lt;/p&gt;&#xA;</Body>
</answer>
