<question>
<Title>How do you display stdout on a web page generated by Python?</Title>
<Body>&lt;p&gt;I am writing a web application that will execute a command on the local Windows server and need to display the output. The Popen() call in my code executes fine on the Python interpreter but gives a nasty error when executed via IIS. Thanks!!!!&lt;/p&gt;&#xA;&#xA;&lt;p&gt;Error text:&lt;/p&gt;&#xA;&#xA;&lt;blockquote&gt;&#xA;  &lt;p&gt;Traceback (most recent call last): &lt;/p&gt;&#xA;  &#xA;  &lt;p&gt;File &quot;C:\pythonapps\mystdout.py&quot;, line 9, in print Popen('ipconfig',&#xA;  shell=True, stdout=PIPE).communicate()[0] &lt;/p&gt;&#xA;  &#xA;  &lt;p&gt;File &quot;C:\Python27\lib\subprocess.py&quot;, line 672, in &lt;strong&gt;init&lt;/strong&gt; errread,&#xA;  errwrite) = self._get_handles(stdin, stdout, stderr) &lt;/p&gt;&#xA;  &#xA;  &lt;p&gt;File &quot;C:\Python27\lib\subprocess.py&quot;, line 774, in _get_handles&#xA;  p2cread = _subprocess.GetStdHandle(_subprocess.STD_INPUT_HANDLE) &lt;/p&gt;&#xA;  &#xA;  &lt;p&gt;WindowsError: [Error 6] The handle is invalid&lt;/p&gt;&#xA;&lt;/blockquote&gt;&#xA;&#xA;&lt;pre&gt;&lt;code&gt;from subprocess import *&#xA;&#xA;print &quot;Content-type:text/html\r\n\r\n&quot;&#xA;print &quot;&amp;lt;html&amp;gt;&quot;&#xA;print &quot;&amp;lt;head&amp;gt;&quot;&#xA;print &quot;&amp;lt;title&amp;gt;FSPCT app&amp;lt;/title&amp;gt;&quot;&#xA;print &quot;&amp;lt;/head&amp;gt;&quot;&#xA;print &quot;&amp;lt;body&amp;gt;&quot;&#xA;print Popen('ipconfig', shell=True, stdout=PIPE).communicate()[0]&#xA;print &quot;&amp;lt;/body&amp;gt;&quot;&#xA;print &quot;&amp;lt;/html&amp;gt;&quot;&#xA;&lt;/code&gt;&lt;/pre&gt;&#xA;</Body>
<Tags>python,python-2.7,iis-7</Tags>
</question>
<answer>
<Body>&lt;p&gt;It looks like the IIS server doesn't have a valid stdin file handle (not all that surprising, as it's a server process). The &lt;code&gt;subprocess&lt;/code&gt; module is trying to copy that stdin file handle... and failing.&lt;/p&gt;&#xA;&#xA;&lt;p&gt;To fix this, call &lt;code&gt;Popen&lt;/code&gt; for the subprocess you're executing with the stdin file handle (and maybe stderr too for good measure) bound to the NUL file. (os.devnull is the portable way of referring to that file in Python 2.7.) Said NUL file (or /dev/null under Unix) simply discards everything written to it, and returns end-of-file immediately when read from. Perfect for this.&lt;/p&gt;&#xA;&#xA;&lt;p&gt;Try modifying your code like this:&lt;/p&gt;&#xA;&#xA;&lt;pre&gt;&lt;code&gt;import os&#xA;...&#xA;with open(os.devnull, 'r+') as nul:&#xA;    print Popen('ipconfig', shell=True, stdin=nul, stdout=PIPE, stderr=nul).communicate()[0]&#xA;&lt;/code&gt;&lt;/pre&gt;&#xA;&#xA;&lt;p&gt;(In the upcoming Python 3.3, you can now pass subprocess.DEVNULL to the stdin, stdout or stderr arguments of Popen to do the same thing more concisely.)&lt;/p&gt;&#xA;</Body>
</answer>
<answer>
<Body>&lt;p&gt;The default &lt;a href=&quot;http://docs.python.org/library/subprocess.html#popen-constructor&quot; rel=&quot;nofollow&quot;&gt;subprocess.Popen()&lt;/a&gt; value for stdin is &lt;code&gt;None&lt;/code&gt;, which passes stdin from the parent process.&lt;/p&gt;&#xA;&#xA;&lt;p&gt;To use an internal stdin, just pass &lt;code&gt;stdin=PIPE&lt;/code&gt; with your &lt;code&gt;Popen()&lt;/code&gt; call.&lt;/p&gt;&#xA;&#xA;&lt;pre&gt;&lt;code&gt;print Popen('ipconfig', shell=True, stdin=PIPE, stdout=PIPE).communicate()[0]&#xA;&lt;/code&gt;&lt;/pre&gt;&#xA;</Body>
</answer>
