<question>
<Title>ImportError: no module named templates on Google App Engine with Web.py DESPITE having compiled templates</Title>
<Body>&lt;p&gt;Using Python26 on Windows 7 and latest webpy.&lt;/p&gt;&#xA;&#xA;&lt;p&gt;I copied the basic example (http://webpy.appspot.com/) for setting up Web.py on GAE, and followed the instructions for compiling templates for use with GAE (http://webpy.org/cookbook/templates_on_gae), but after doing so still have the ImportError: No module named templates.&lt;/p&gt;&#xA;&#xA;&lt;p&gt;Just to be clear: There are lots of people who have had this problem, and the solution is to compile the templates.  I did this; still the same error.&lt;/p&gt;&#xA;&#xA;&lt;p&gt;My implementation is here: &lt;a href=&quot;https://bitbucket.org/rhiaro/gae-tutorial&quot; rel=&quot;nofollow&quot;&gt;https://bitbucket.org/rhiaro/gae-tutorial&lt;/a&gt; (in webpyworld directory).&lt;/p&gt;&#xA;&#xA;&lt;p&gt;My main file, code.py is:&lt;/p&gt;&#xA;&#xA;&lt;pre&gt;&lt;code&gt;from google.appengine.ext import db&#xA;import web&#xA;&#xA;urls = (&#xA;'/', 'index',&#xA;'/note', 'note',&#xA;'/crash', 'crash'&#xA;)&#xA;&#xA;render = web.template.render('templates/')&#xA;&#xA;class Note(db.Model):&#xA;content = db.StringProperty(multiline=True)&#xA;date = db.DateTimeProperty(auto_now_add=True)&#xA;&#xA;class index:&#xA;def GET(self):&#xA;    notes = db.GqlQuery(&quot;SELECT * FROM Note ORDER BY date DESC LIMIT 10&quot;)&#xA;    return render.index(notes)&#xA;&#xA;class note:&#xA;def POST(self):&#xA;    i = web.input('content')&#xA;    note = Note()&#xA;    note.content = i.content&#xA;    note.put()&#xA;    return web.seeother('/')&#xA;&#xA;class crash:&#xA;def GET(self):&#xA;    import logging&#xA;    logging.error('test')&#xA;    crash&#xA;&#xA;app = web.application(urls, globals())&#xA;&#xA;def main():&#xA;app.cgirun()&#xA;&#xA;if __name__ == '__main__':&#xA;  main() &#xA;&lt;/code&gt;&lt;/pre&gt;&#xA;&#xA;&lt;p&gt;Compiling the templates as instructed has resulted in the correct __ init __.py in the templates folder.  But still it won't recognise it as a module.&lt;/p&gt;&#xA;&#xA;&lt;p&gt;The last part of the errors output:&lt;/p&gt;&#xA;&#xA;&lt;pre&gt;&lt;code&gt;path\to\webpyworld\code.py in ()&#xA;8 )&#xA;9 &#xA;10 render = web.template.render('templates/')&#xA;11 &#xA;12 class Note(db.Model):&#xA;render undefined, web = &amp;lt;module 'web' from 'D:\gaeTut\webpyworld\web\__init__.pyc'&amp;gt;, web.template = &amp;lt;module 'web.template' from 'D:\gaeTut\webpyworld\web\template.py'&amp;gt;, web.template.render = &amp;lt;class web.template.GAE_Render&amp;gt;&#xA;path\to\webpyworld\web\template.py in __init__(self=&amp;lt;web.template.GAE_Render instance&amp;gt;, loc='templates/', *a=(), **kw={})&#xA;1031         else:&#xA;1032             name = loc.rstrip('/').replace('/', '.')&#xA;1033             self.mod = __import__(name, None, None, ['x'])&#xA;1034 &#xA;1035         self.mod.__dict__.update(kw.get('builtins', TEMPLATE_BUILTINS))&#xA;self = &amp;lt;web.template.GAE_Render instance&amp;gt;, self.mod undefined, builtin __import__ = &amp;lt;built-in function __import__&amp;gt;, name = 'templates', builtin None = None&#xA;&#xA;&amp;lt;type 'exceptions.ImportError'&amp;gt;: No module named templates &#xA;  args = ('No module named templates',) &#xA;  message = 'No module named templates'&#xA;&lt;/code&gt;&lt;/pre&gt;&#xA;</Body>
<Tags>python,google-app-engine,web.py</Tags>
</question>
<answer>
<Body>&lt;p&gt;You're specifying templates/ as a static_dir in app.yaml.&lt;/p&gt;&#xA;&#xA;&lt;p&gt;This means it will not be available to application code, but will only be served directly in response to direct requests for the templates themselves by the user.&lt;/p&gt;&#xA;</Body>
</answer>
