<question>
<Title>How to determine whether a polygon is inside other one?</Title>
<Body>&lt;p&gt;I have a simple example (&lt;a href=&quot;http://pastie.org/3732822&quot; rel=&quot;nofollow noreferrer&quot;&gt;SVG source&lt;/a&gt;) looks like you can see below. The &lt;strong&gt;path&lt;/strong&gt; with id &quot;&lt;strong&gt;rect2816&lt;/strong&gt;&quot; described in &lt;strong&gt;d&lt;/strong&gt; attribute:&lt;/p&gt;&#xA;&#xA;&lt;pre&gt;&lt;code&gt;m 140.53571,188.625 0,148.1875 273.9375,0 0,-148.1875 -273.9375,0 z &#xA;m 132.25,42.03125 c 3.64586,0.0236 7.47296,0.12361 11.5,0.28125 36.65941,1.43507 57.84375,15.88072 57.84375,32.84375 0,7.41614 -1.94981,21.58652 -13.28125,24.09375 -14.58711,3.2276 -40.46224,-5.35276 -53.125,6.625 -26.65285,25.21104 -48.00843,-19.04537 -57.875,-32.84375 -12.16196,-17.00847 0.24962,-31.35357 54.9375,-31 z&#xA;&lt;/code&gt;&lt;/pre&gt;&#xA;&#xA;&lt;p&gt;Here, the first line describes parent polygon, the second - the hole (as you can see). But How can I find this hole program way? I'm using Python. Maybe there is some library for easy solution?  &lt;/p&gt;&#xA;&#xA;&lt;p&gt;&lt;img src=&quot;https://i.stack.imgur.com/vUOWI.png&quot; alt=&quot;A polygon inside other polygon&quot;&gt;&lt;/p&gt;&#xA;</Body>
<Tags>python,svg,polygon</Tags>
</question>
<answer>
<Body>&lt;p&gt;Not so much of a Pythonic answer, but a geometrical-algorithmical:&lt;/p&gt;&#xA;&#xA;&lt;p&gt;Polygon B is inside of polygon A iff each corner of B and each edge of B is completely inside polygon A.&lt;/p&gt;&#xA;&#xA;&lt;p&gt;To find whether a corner (a point) is inside a polygon, a simple approach is to bite off so-called &quot;ears&quot; off the polygon.  An &quot;ear&quot; is a convex corner, and biting it off means to simply remove this corner.  With each biting act, check whether the point is inside the ear (the triangle you bit off).  (There's mathematical proof that for each loopless polygon you can find at least two such ears (convex corners).)&lt;/p&gt;&#xA;&#xA;&lt;p&gt;To find whether an edge of B is completely inside A means you have to find out whether the edge is cutting any edge of polygon A.&lt;/p&gt;&#xA;&#xA;&lt;p&gt;Of course, if both polygons are completely convex, you don't have to check the edges at all.&lt;/p&gt;&#xA;&#xA;&lt;p&gt;That's a straight-forward approach without the details on the basic geometric checks you will have to perform.  But maybe it helps you.&lt;/p&gt;&#xA;</Body>
</answer>
<answer>
<Body>&lt;p&gt;Transform the paths into (x,y) pairs and apply this function for each point of the second polygon.&lt;/p&gt;&#xA;&#xA;&lt;p&gt;&lt;a href=&quot;http://www.ariel.com.au/a/python-point-int-poly.html&quot; rel=&quot;nofollow&quot;&gt;http://www.ariel.com.au/a/python-point-int-poly.html&lt;/a&gt;&lt;/p&gt;&#xA;</Body>
</answer>
