<question>
<Title>Safely extract zip or tar using Python</Title>
<Body>&lt;p&gt;I'm trying to extract user-submitted zip and tar files to a directory. The documentation for zipfile's &lt;a href=&quot;http://docs.python.org/library/zipfile.html#zipfile.ZipFile.extractall&quot;&gt;extractall&lt;/a&gt; method (similarly with tarfile's &lt;a href=&quot;http://docs.python.org/library/tarfile.html#tarfile.TarFile.extractall&quot;&gt;extractall&lt;/a&gt;) states that it's possible for paths to be absolute or contain &lt;code&gt;..&lt;/code&gt; paths that go outside the destination path. Instead, I could use &lt;code&gt;extract&lt;/code&gt; myself, like this:&lt;/p&gt;&#xA;&#xA;&lt;pre&gt;&lt;code&gt;some_path = '/destination/path'&#xA;some_zip = '/some/file.zip'&#xA;zipf = zipfile.ZipFile(some_zip, mode='r')&#xA;for subfile in zipf.namelist():&#xA;    zipf.extract(subfile, some_path)&#xA;&lt;/code&gt;&lt;/pre&gt;&#xA;&#xA;&lt;p&gt;Is this safe? Is it possible for a file in the archive to wind up outside of &lt;code&gt;some_path&lt;/code&gt; in this case? If so, what way can I ensure that files will never wind up outside the destination directory?&lt;/p&gt;&#xA;</Body>
<Tags>python,zip,tar,zipfile,tarfile</Tags>
</question>
<answer>
<Body>&lt;p&gt;Use &lt;code&gt;ZipFile.infolist()&lt;/code&gt;/&lt;code&gt;TarFile.next()&lt;/code&gt;/&lt;code&gt;TarFile.getmembers()&lt;/code&gt; to get the information about each entry in the archive, normalize the path, open the file yourself, use &lt;code&gt;ZipFile.open()&lt;/code&gt;/&lt;code&gt;TarFile.extractfile()&lt;/code&gt; to get a file-like for the entry, and copy the entry data yourself.&lt;/p&gt;&#xA;</Body>
</answer>
<answer>
<Body>&lt;p&gt;&lt;strong&gt;Note:&lt;/strong&gt; Starting with python 2.7.4, this is a non-issue for ZIP archives. Details at the bottom of the answer. This answer focuses on tar archives.&lt;/p&gt;&#xA;&#xA;&lt;p&gt;To figure out where a path really points to, use &lt;code&gt;os.path.abspath()&lt;/code&gt; (but note the caveat about symlinks as path components). If you normalize a path from your zipfile with &lt;code&gt;abspath&lt;/code&gt; and it does &lt;em&gt;not&lt;/em&gt; contain the current directory as a prefix, it's pointing outside it.&lt;/p&gt;&#xA;&#xA;&lt;p&gt;But you also need to check the &lt;em&gt;value&lt;/em&gt; of any symlink extracted from your archive (both tarfiles and unix zipfiles can store symlinks). This is important if you are worried about a proverbial &quot;malicious user&quot; that would intentionally bypass your security, rather than an application that simply installs itself in system libraries. &lt;/p&gt;&#xA;&#xA;&lt;p&gt;That's the aforementioned caveat: &lt;code&gt;abspath&lt;/code&gt; will be misled if your sandbox already contains a symlink that points to a directory. Even a symlink that points within the sandbox can be dangerous: The symlink &lt;code&gt;sandbox/subdir/foo -&amp;gt; ..&lt;/code&gt; points to &lt;code&gt;sandbox&lt;/code&gt;, so the path &lt;code&gt;sandbox/subdir/foo/../.bashrc&lt;/code&gt; should be disallowed. The easiest way to do so is to wait until the previous files have been extracted and use  &lt;code&gt;os.path.realpath()&lt;/code&gt;. Fortunately &lt;code&gt;extractall()&lt;/code&gt; accepts a generator, so this is easy to do.&lt;/p&gt;&#xA;&#xA;&lt;p&gt;Since you ask for code, here's a bit that explicates the algorithm. It prohibits not only the extraction of files to locations outside the sandbox (which is what was requested), but also the creation of links &lt;em&gt;inside the sandbox&lt;/em&gt; that point to locations outside the sandbox. I'm curious to hear if anyone can sneak any stray files or links past it. &lt;/p&gt;&#xA;&#xA;&lt;pre&gt;&lt;code&gt;import tarfile&#xA;from os.path import abspath, realpath, dirname, join as joinpath&#xA;from sys import stderr&#xA;&#xA;resolved = lambda x: realpath(abspath(x))&#xA;&#xA;def badpath(path, base):&#xA;    # joinpath will ignore base if path is absolute&#xA;    return not resolved(joinpath(base,path)).startswith(base)&#xA;&#xA;def badlink(info, base):&#xA;    # Links are interpreted relative to the directory containing the link&#xA;    tip = resolved(joinpath(base, dirname(info.name)))&#xA;    return badpath(info.linkname, base=tip)&#xA;&#xA;def safemembers(members):&#xA;    base = resolved(&quot;.&quot;)&#xA;&#xA;    for finfo in members:&#xA;        if badpath(finfo.name, base):&#xA;            print &amp;gt;&amp;gt;stderr, finfo.name, &quot;is blocked (illegal path)&quot;&#xA;        elif finfo.issym() and badlink(finfo,base):&#xA;            print &amp;gt;&amp;gt;stderr, finfo.name, &quot;is blocked: Hard link to&quot;, finfo.linkname&#xA;        elif finfo.islnk() and badlink(finfo,base):&#xA;            print &amp;gt;&amp;gt;stderr, finfo.name, &quot;is blocked: Symlink to&quot;, finfo.linkname&#xA;        else:&#xA;            yield finfo&#xA;&#xA;ar = tarfile.open(&quot;testtar.tar&quot;)&#xA;ar.extractall(path=&quot;./sandbox&quot;, members=safemembers(ar))&#xA;ar.close()&#xA;&lt;/code&gt;&lt;/pre&gt;&#xA;&#xA;&lt;p&gt;&lt;strong&gt;Edit:&lt;/strong&gt; Starting with python 2.7.4, this is a non-issue for ZIP archives: The method &lt;a href=&quot;http://docs.python.org/2/library/zipfile#zipfile.ZipFile.extract&quot; rel=&quot;noreferrer&quot;&gt;&lt;code&gt;zipfile.extract()&lt;/code&gt;&lt;/a&gt; prohibits the creation of files outside the sandbox:&lt;/p&gt;&#xA;&#xA;&lt;blockquote&gt;&#xA;  &lt;p&gt;&lt;strong&gt;Note:&lt;/strong&gt; If a member filename is an absolute path, a drive/UNC sharepoint and leading (back)slashes will be stripped, e.g.: &lt;code&gt;///foo/bar&lt;/code&gt; becomes &lt;code&gt;foo/bar&lt;/code&gt; on Unix, and &lt;code&gt;C:\foo\bar&lt;/code&gt; becomes &lt;code&gt;foo\bar&lt;/code&gt; on Windows. And all &lt;code&gt;&quot;..&quot;&lt;/code&gt; components in a member filename will be removed, e.g.: &lt;code&gt;../../foo../../ba..r&lt;/code&gt; becomes &lt;code&gt;foo../ba..r&lt;/code&gt;. On Windows, illegal characters (&lt;code&gt;:&lt;/code&gt;, &lt;code&gt;&amp;lt;&lt;/code&gt;, &lt;code&gt;&amp;gt;&lt;/code&gt;, &lt;code&gt;|&lt;/code&gt;, &lt;code&gt;&quot;&lt;/code&gt;, &lt;code&gt;?&lt;/code&gt;, and &lt;code&gt;*&lt;/code&gt;) [are] replaced by underscore (_).&lt;/p&gt;&#xA;&lt;/blockquote&gt;&#xA;&#xA;&lt;p&gt;The &lt;code&gt;tarfile&lt;/code&gt; class has not been similarly sanitized, so the above answer still apllies.&lt;/p&gt;&#xA;</Body>
</answer>
<answer>
<Body>&lt;p&gt;Copy the zipfile to an empty directory. Then use &lt;code&gt;os.chroot&lt;/code&gt; to make that directory the root directory. Then unzip there.&lt;/p&gt;&#xA;&#xA;&lt;p&gt;Alternatively, you can call &lt;code&gt;unzip&lt;/code&gt; itself with the &lt;code&gt;-j&lt;/code&gt; flag, which ignores the directories:&lt;/p&gt;&#xA;&#xA;&lt;pre&gt;&lt;code&gt;import subprocess&#xA;filename = '/some/file.zip'&#xA;rv = subprocess.call(['unzip', '-j', filename])&#xA;&lt;/code&gt;&lt;/pre&gt;&#xA;</Body>
</answer>
<answer>
<Body>&lt;p&gt;Contrary to the popular answer, unzipping files safely is not completely solved as of Python 2.7.4.  The extractall method is still dangerous and can lead to path traversal, either directly or through the unzipping of symbolic links.  Here was my final solution which should prevent both attacks in all versions of Python, even versions prior to Python 2.7.4 where the extract method was vulnerable:&lt;/p&gt;&#xA;&#xA;&lt;pre&gt;&lt;code&gt;import zipfile, os&#xA;&#xA;def safe_unzip(zip_file, extractpath='.'):&#xA;    with zipfile.ZipFile(zip_file, 'r') as zf:&#xA;        for member in zf.infolist():&#xA;            abspath = os.path.abspath(os.path.join(extractpath, member.filename))&#xA;            if abspath.startswith(os.path.abspath(extractpath)):&#xA;                zf.extract(member, extractpath)&#xA;&lt;/code&gt;&lt;/pre&gt;&#xA;&#xA;&lt;p&gt;&lt;strong&gt;Edited:&lt;/strong&gt; Fixed variable name clash. Thanks Juuso Ohtonen.&lt;/p&gt;&#xA;</Body>
</answer>
