<question>
<Title>C++11 Lambda Expressions as Callback Functions</Title>
<Body>&lt;p&gt;Does any C++ GUI toolkit out there support definition of callback functions as C++11 lambda expressions? I believe this is a unique pro of using C# (compared to C++ at least) for writing GUI-based programs. What type signature should I use for functions taking lambda expressions as arguments and how does these support implicit conversions?&lt;/p&gt;&#xA;</Body>
<Tags>c++,user-interface,lambda,callback,c++11</Tags>
</question>
<answer>
<Body>&lt;p&gt;The answer to second part of the question: You could use &lt;code&gt;std::function&amp;lt;Signature&amp;gt;&lt;/code&gt; where &lt;code&gt;Signature&lt;/code&gt; = e.g. &lt;code&gt;void (int)&lt;/code&gt; or - if the lambdas don't take closures - the good old &lt;code&gt;void (Foo*)(int)&lt;/code&gt; method, since a lambda without a closure must be convertible to proper function type. So, for example a call to a method with signature:&lt;/p&gt;&#xA;&#xA;&lt;pre&gt;&lt;code&gt;void AddHandler(std::function&amp;lt;void (int)&amp;gt; const &amp;amp;);&#xA;&lt;/code&gt;&lt;/pre&gt;&#xA;&#xA;&lt;p&gt;could look like this:&lt;/p&gt;&#xA;&#xA;&lt;pre&gt;&lt;code&gt;myObject.AddHandler([&amp;amp;](int _) {&#xA;    // do something and access captured variables by reference&#xA;});&#xA;&lt;/code&gt;&lt;/pre&gt;&#xA;</Body>
</answer>
<answer>
<Body>&lt;blockquote&gt;&#xA;  &lt;p&gt;Does any C++ GUI toolkit out there support definition of callback functions as C++11 lambda expressions?&lt;/p&gt;&#xA;&lt;/blockquote&gt;&#xA;&#xA;&lt;p&gt;If they accept function pointers then you can at least use lambdas that don't capture anything. Such lambdas can be automatically converted to function pointers.&lt;/p&gt;&#xA;&#xA;&lt;blockquote&gt;&#xA;  &lt;p&gt;What type signature should I use for functions taking lambda expressions as arguments and how does these support implicit conversions?&lt;/p&gt;&#xA;&lt;/blockquote&gt;&#xA;&#xA;&lt;p&gt;If you want people to use lambdas or any callable object then you could either have your API accept std::function objects, or use a template:&lt;/p&gt;&#xA;&#xA;&lt;pre&gt;&lt;code&gt;template&amp;lt;typename Callback&amp;gt;&#xA;void do_it(Callback c) {&#xA;    c();&#xA;}&#xA;&#xA;do_it([&amp;amp;]{ c = a+b; });&#xA;&lt;/code&gt;&lt;/pre&gt;&#xA;&#xA;&lt;p&gt;A template will allow the lambda to be inlined while std::function require indirection. This may not matter much for GUI callbacks.&lt;/p&gt;&#xA;</Body>
</answer>
<answer>
<Body>&lt;p&gt;There is a new GUI toolkit that meets your requirement. It is trying to provide many features for improving development efficiency.&lt;/p&gt;&#xA;&#xA;&lt;p&gt;An introduction to the library.&#xA;&lt;a href=&quot;http://nanaproject.wordpress.com/2011/12/16/preliminary-study-of-nana-c-library/&quot; rel=&quot;nofollow&quot;&gt;http://nanaproject.wordpress.com/2011/12/16/preliminary-study-of-nana-c-library/&lt;/a&gt;&lt;/p&gt;&#xA;&#xA;&lt;p&gt;An article to explain how to reduce complexity by using the library and std::bind together.&#xA;&lt;a href=&quot;http://nanaproject.wordpress.com/2012/01/31/idioms-and-insights-for-a-good-design/&quot; rel=&quot;nofollow&quot;&gt;http://nanaproject.wordpress.com/2012/01/31/idioms-and-insights-for-a-good-design/&lt;/a&gt;&lt;/p&gt;&#xA;&#xA;&lt;p&gt;Have fun!&lt;/p&gt;&#xA;</Body>
</answer>
<answer>
<Body>&lt;p&gt;With C++11 templatious library it doesn't matter whether GUI supports lambdas. You can make GUI to do whatever you want with messages and keep the same code at domain logic side. Check out this article about &lt;a href=&quot;http://templatious.org/goodstuff/virtual-packs&quot; rel=&quot;nofollow&quot;&gt;taming Qt&lt;/a&gt; and these &lt;a href=&quot;https://github.com/davidkazlauskas/DecoupledGuiExamples&quot; rel=&quot;nofollow&quot;&gt;examples&lt;/a&gt;.&lt;/p&gt;&#xA;</Body>
</answer>
