<question>
<Title>Obtaining visible text on a page from an IHTMLDocument2*</Title>
<Body>&lt;p&gt;I am trying to obtain the text content of a Internet Explorer web browser window.&lt;/p&gt;&#xA;&#xA;&lt;p&gt;I am following these steps:&lt;/p&gt;&#xA;&#xA;&lt;ol&gt;&#xA;&lt;li&gt;obtain a pointer to IHTMLDocument2&lt;/li&gt;&#xA;&lt;li&gt;from the IHTMLDocument2 i obtain the body as an IHTMLElement&lt;br&gt;&#xA;&lt;strike&gt; 3. On the body i call get_innerText&lt;/strike&gt;  &lt;/li&gt;&#xA;&lt;/ol&gt;&#xA;&#xA;&lt;p&gt;Edit  &lt;/p&gt;&#xA;&#xA;&lt;hr&gt;&#xA;&#xA;&lt;ol&gt;&#xA;&lt;li&gt;I obtain all the children of the body and try to do a recursive call on all the IHTMLElements&lt;/li&gt;&#xA;&lt;li&gt;if i get any element which is not visible or if i get an element whose tag is script, i ignore that element and all its children.&lt;/li&gt;&#xA;&lt;/ol&gt;&#xA;&#xA;&lt;p&gt;My problem is &lt;/p&gt;&#xA;&#xA;&lt;ol&gt;&#xA;&lt;li&gt;that along with the text which is visible on the page i also get content having for which  &lt;strong&gt;style=&quot;display: none&quot;&lt;/strong&gt;&lt;/li&gt;&#xA;&lt;li&gt;For google.com, i also get javascript along with the text.&lt;/li&gt;&#xA;&lt;/ol&gt;&#xA;&#xA;&lt;p&gt;I have tried a recursive approach, but i am clueless as to how to deal with scenarios like this,&lt;/p&gt;&#xA;&#xA;&lt;pre&gt;&lt;code&gt;&amp;lt;div&amp;gt;&#xA;Hello World 1&#xA;&amp;lt;div style=&quot;display: none&quot;&amp;gt;Hello world 2&amp;lt;/div&amp;gt;&#xA;&amp;lt;/div&amp;gt;&#xA;&lt;/code&gt;&lt;/pre&gt;&#xA;&#xA;&lt;p&gt;In this scenario i wont be able to get &quot;Hello World 1&quot;&lt;/p&gt;&#xA;&#xA;&lt;p&gt;Can anyone please help me out with the best way to obtain the text from an IHTMLDocument2*.&#xA;I am using C++ Win32, no MFC, ATL.&lt;/p&gt;&#xA;&#xA;&lt;p&gt;Thanks,&#xA;Ashish.&lt;/p&gt;&#xA;</Body>
<Tags>c++,winapi,html-parsing,ole,mshtml</Tags>
</question>
<answer>
<Body>&lt;p&gt;If you iterate backwards on the &lt;code&gt;document.body.all&lt;/code&gt; elements, you will always walk on the elements inside out. So you don't need to walk recursive yourself. the DOM will do that for you. e.g. (Code is in Delphi):&lt;/p&gt;&#xA;&#xA;&lt;pre&gt;&lt;code&gt;procedure Test();&#xA;var&#xA;  document, el: OleVariant;&#xA;  i: Integer;&#xA;begin&#xA;  document := CreateComObject(CLASS_HTMLDocument) as IDispatch;&#xA;  document.open;&#xA;  document.write('&amp;lt;div&amp;gt;Hello World 1&amp;lt;div style=&quot;display: none&quot;&amp;gt;Hello world 2&amp;lt;div&amp;gt;This DIV is also invisible&amp;lt;/div&amp;gt;&amp;lt;/div&amp;gt;&amp;lt;/div&amp;gt;');&#xA;  document.close;&#xA;  for i := document.body.all.length - 1 downto 0 do // iterate backwards&#xA;  begin&#xA;    el := document.body.all.item(i);&#xA;    // filter the elements&#xA;    if (el.style.display = 'none') then&#xA;    begin&#xA;      el.removeNode(true);&#xA;    end;&#xA;  end;&#xA;  ShowMessage(document.body.innerText);&#xA;end;&#xA;&lt;/code&gt;&lt;/pre&gt;&#xA;&#xA;&lt;hr&gt;&#xA;&#xA;&lt;p&gt;&lt;strong&gt;A Side Comment:&lt;/strong&gt; &#xA;As for your scenario with the recursive approach:&lt;/p&gt;&#xA;&#xA;&lt;pre&gt;&lt;code&gt;&amp;lt;div&amp;gt;Hello World 1&amp;lt;div style=&quot;display: none&quot;&amp;gt;Hello world 2&amp;lt;/div&amp;gt;&amp;lt;/div&amp;gt;&#xA;&lt;/code&gt;&lt;/pre&gt;&#xA;&#xA;&lt;p&gt;If e.g. our element is the first DIV, &lt;a href=&quot;http://msdn.microsoft.com/en-us/library/ie/ms536427%28v=vs.85%29.aspx&quot; rel=&quot;nofollow&quot;&gt;&lt;code&gt;el.getAdjacentText('afterBegin')&lt;/code&gt;&lt;/a&gt; will return &lt;code&gt;&quot;Hello World 1&quot;&lt;/code&gt;. So we can probably iterate forward on the elements and collect the &lt;code&gt;getAdjacentText('afterBegin')&lt;/code&gt;, but this is a bit more difficult because we need to test the parents of each element for &lt;code&gt;el.currentStyle.display&lt;/code&gt;.&lt;/p&gt;&#xA;</Body>
</answer>
