<question>
<Title>How do I call Dajax / Dajaxice functions from my Django template</Title>
<Body>&lt;p&gt;I am writing a simple Django application and wish to add ajax paging using Dajax / Dajaxice.  I have started by trying to implement the simple paging example from the Dajax website (http://dajaxproject.com/pagination/) - but haven't managed to get it working.  Whenever I press the &quot;next&quot; button I get the following js error:&lt;/p&gt;&#xA;&#xA;&lt;pre&gt;&lt;code&gt;Uncaught TypeError: Cannot call method 'pagination' of undefined&#xA;&lt;/code&gt;&lt;/pre&gt;&#xA;&#xA;&lt;p&gt;My Django project is called &quot;DoSomething&quot; - and it contains a single app called &quot;core&quot;.&lt;/p&gt;&#xA;&#xA;&lt;p&gt;I have followed all of the instructions to install Dajaxice here: &lt;a href=&quot;https://github.com/jorgebastida/django-dajaxice/wiki/installation&quot; rel=&quot;nofollow&quot;&gt;https://github.com/jorgebastida/django-dajaxice/wiki/installation&lt;/a&gt;&lt;/p&gt;&#xA;&#xA;&lt;p&gt;I have an python file in the &quot;core&quot; directory called &quot;ajax.py&quot; which contains the following code:&lt;/p&gt;&#xA;&#xA;&lt;pre&gt;&lt;code&gt;from views import get_pagination_page&#xA;from dajax.core.Dajax import Dajax&#xA;from django.template.loader import render_to_string&#xA;from dajaxice.decorators import dajaxice_register&#xA;from django.utils import simplejson&#xA;&#xA;@dajaxice_register&#xA;def pagination(request, p):&#xA;    try:&#xA;        page = int(p)&#xA;    except:&#xA;        page = 1&#xA;    items = get_pagination_page(page)&#xA;    render = render_to_string('posts_paginator.html', { 'items': items })&#xA;&#xA;    dajax = Dajax()&#xA;    dajax.assign('#pagination','innerHTML',render)&#xA;    return dajax.json()&#xA;&lt;/code&gt;&lt;/pre&gt;&#xA;&#xA;&lt;p&gt;My views.py file contains the following method:&lt;/p&gt;&#xA;&#xA;&lt;pre&gt;&lt;code&gt;def index(request):&#xA;    posts = Post.objects.order_by('id').reverse()&#xA;    items = get_pagination_page(1)&#xA;    return render_to_response('index.html', locals(), context_instance=RequestContext(request))&#xA;&#xA;def get_pagination_page(page=1):&#xA;    from django.core.paginator import Paginator, InvalidPage, EmptyPage&#xA;    from django.template.loader import render_to_string&#xA;    items = Post.objects.order_by('id').reverse()&#xA;    paginator = Paginator(items, 10)&#xA;    try:&#xA;        page = int(page)&#xA;    except ValueError:&#xA;        page = 1&#xA;    try:&#xA;        items = paginator.page(page)&#xA;    except (EmptyPage, InvalidPage):&#xA;        items = paginator.page(paginator.num_pages)&#xA;    return items&#xA;&lt;/code&gt;&lt;/pre&gt;&#xA;&#xA;&lt;p&gt;My index template contains the following:&lt;/p&gt;&#xA;&#xA;&lt;pre&gt;&lt;code&gt;&amp;lt;div id=&quot;pagination&quot;&amp;gt;&#xA;    {% include &quot;posts_paginator.html&quot; %}&#xA;&amp;lt;/div&amp;gt;&#xA;&lt;/code&gt;&lt;/pre&gt;&#xA;&#xA;&lt;p&gt;My posts_paginator.html template contains the following link, to trigger the pagination method:&lt;/p&gt;&#xA;&#xA;&lt;pre&gt;&lt;code&gt;{% for i in items.object_list %}&#xA;    {{ i }}&amp;lt;br&amp;gt;&#xA;{% endfor %}&#xA;{% if items.has_next %}&#xA;    &amp;lt;a href=&quot;#&quot; onclick=&quot;Dajaxice.core.pagination(Dajax.process,{'p':{{ items.next_page_number }}})&quot;&amp;gt;next&amp;lt;/a&amp;gt;&#xA;{% endif %}&#xA;&lt;/code&gt;&lt;/pre&gt;&#xA;&#xA;&lt;p&gt;My question is, &lt;strong&gt;within the onClick value, how should I be referencing the pagination method (from my ajax.py file)&lt;/strong&gt;.  I can't find anything to explain this - and I've tried every combination of project name/app name that I can think of!&lt;/p&gt;&#xA;&#xA;&lt;p&gt;THANKS! :)&lt;/p&gt;&#xA;</Body>
<Tags>jquery,python,ajax,django,dajaxice</Tags>
</question>
<answer>
<Body>&lt;p&gt;At least in my case I have to append the Project name as well as the app_label.&lt;/p&gt;&#xA;&#xA;&lt;pre&gt;&lt;code&gt;Dajaxice.MyProject.core.my_dajax_method(Dajax.process, {'form' : data});&#xA;&lt;/code&gt;&lt;/pre&gt;&#xA;</Body>
</answer>
