<question>
<Title>C++ Framework for creating servers?</Title>
<Body>&lt;p&gt;What is (are) modern frameworks for async IO, threading, etc. on C++?&lt;/p&gt;&#xA;&#xA;&lt;p&gt;I'am familiar with &lt;a href=&quot;http://www.cs.wustl.edu/~schmidt/ACE-overview.html&quot; rel=&quot;nofollow&quot;&gt;ACE&lt;/a&gt; but it was long ago, what is the the weapon of choice now?&lt;/p&gt;&#xA;</Body>
<Tags>c++,io</Tags>
</question>
<answer>
<Body>&lt;p&gt;What about &lt;a href=&quot;http://www.boost.org/&quot; rel=&quot;nofollow&quot;&gt;BOOST libraries&lt;/a&gt;? It seems to be the most ubiquitous option right now. &lt;/p&gt;&#xA;&#xA;&lt;p&gt;It has &lt;a href=&quot;http://www.boost.org/doc/libs/1_49_0/doc/html/thread.html&quot; rel=&quot;nofollow&quot;&gt;threading&lt;/a&gt; and &lt;a href=&quot;http://www.boost.org/doc/libs/1_49_0/doc/html/boost_asio.html&quot; rel=&quot;nofollow&quot;&gt;ASYNC-IO&lt;/a&gt; built in and many, many more libraries.&lt;/p&gt;&#xA;</Body>
</answer>
<answer>
<Body>&lt;p&gt;Poco C++ Framework and its network library:&#xA;&lt;a href=&quot;http://pocoproject.org/documentation/index.html&quot; rel=&quot;nofollow&quot;&gt;http://pocoproject.org/documentation/index.html&lt;/a&gt;&lt;/p&gt;&#xA;</Body>
</answer>
<answer>
<Body>&lt;p&gt;Try &lt;a href=&quot;https://www.pulsarframework.com/&quot; rel=&quot;nofollow noreferrer&quot;&gt;Pulsar Server Framework&lt;/a&gt;. Main benefit is it is built over libuv network libary (used by node.js) that uses asynchronous I/O based on event loops. The frame&lt;/p&gt;&#xA;&#xA;&lt;ol&gt;&#xA;&lt;li&gt;&lt;p&gt;It’s perfectly scalable. You can just go adding servers as your user&#xA;base increases. &lt;/p&gt;&lt;/li&gt;&#xA;&lt;li&gt;&lt;p&gt;It is designed to work with server farm. &lt;/p&gt;&lt;/li&gt;&#xA;&lt;li&gt;&lt;p&gt;Highly configurable and easy to use&lt;/p&gt;&lt;/li&gt;&#xA;&lt;/ol&gt;&#xA;&#xA;&lt;p&gt;Currently it has been built for Windows x64 server.&lt;/p&gt;&#xA;</Body>
</answer>
