<question>
<Title>Singleton Synchronization C++</Title>
<Body>&lt;p&gt;If I have to write a singleton class in C++ I will be using a static variable, private constructor &amp;amp; a public static function that returns an object of class. However in Multithreaded environments the code will have problems. In order to avoid multiple threads access the same variable at the same time, is Boost threads best mechanism to use for synchronization? I mean for setting/unsetting a lock/mutex across the resource. Is there anything else inbuilt in C++ standard library where in I dont have to download boost, build stuff etc? I have heard of C++ Ox but dont know much.&lt;/p&gt;&#xA;</Body>
<Tags>c++,design-patterns,singleton,ipc</Tags>
</question>
<answer>
<Body>&lt;p&gt;C++98/03 have nothing to support threads at all. If you're using a C++98 or 03 compiler, you're pretty much stuck with using Boost, or something (more or less) OS-specific, such as pthreads or Win32's threading primitives.&lt;/p&gt;&#xA;&#xA;&lt;p&gt;C++11 has a reasonably complete thread support library, with mutexes, locks, thread-local storage, etc.&lt;/p&gt;&#xA;&#xA;&lt;p&gt;I feel obliged to point out, however, that it may be better to back up and do a bit more thinking about whether you need/want a Singleton at all. To put it nicely, the singleton pattern has fallen out of favor to a large degree.&lt;/p&gt;&#xA;&#xA;&lt;p&gt;Edit: Rereading this, I kind of skipped over one thing I'd intended to say: at least when I've used them, any/all singletons were fully initialized before any secondary thread was started. That renders concern over thread safety in their initialization completely moot. I suppose there could be a singleton that you can't initialize before you start up secondary threads so you'd need to deal with this, but at least right off it strikes me as a rather unusual exception that I'd deal with only when/if absolutely necessary.&lt;/p&gt;&#xA;</Body>
</answer>
<answer>
<Body>&lt;p&gt;For me the best way to implement a singleton using c++11 is:&lt;/p&gt;&#xA;&#xA;&lt;pre&gt;&lt;code&gt;class Singleton&#xA;{&#xA;public:&#xA;static Singleton &amp;amp; Instance()&#xA;{&#xA;    // Since it's a static variable, if the class has already been created,&#xA;    // It won't be created again.&#xA;    // And it **is** thread-safe in C++11.&#xA;&#xA;    static Singleton myInstance;&#xA;&#xA;    // Return a reference to our instance.&#xA;    return myInstance;&#xA;}&#xA;&#xA;// delete copy and move constructors and assign operators&#xA;Singleton(Singleton const&amp;amp;) = delete;             // Copy construct&#xA;Singleton(Singleton&amp;amp;&amp;amp;) = delete;                  // Move construct&#xA;Singleton&amp;amp; operator=(Singleton const&amp;amp;) = delete;  // Copy assign&#xA;Singleton&amp;amp; operator=(Singleton &amp;amp;&amp;amp;) = delete;      // Move assign&#xA;&#xA;// Any other public methods&#xA;&#xA;protected:&#xA;Singleton() &#xA;{&#xA;   // Constructor code goes here.&#xA;}&#xA;&#xA;~Singleton()&#xA;{&#xA;    // Destructor code goes here.&#xA;}&#xA;&#xA; // And any other protected methods.&#xA;}&#xA;&lt;/code&gt;&lt;/pre&gt;&#xA;&#xA;&lt;p&gt;This is a c++11 feature but with this way you can create a thread safe Singleton. According to new standard there is no need to care about this problem any more. Object initialization will be made only by one thread, other threads will wait till it complete. Or you can use std::call_once.&lt;/p&gt;&#xA;&#xA;&lt;p&gt;If you want to make a exclusive access to the singleton's resources you have to use a lock at these functions.&lt;/p&gt;&#xA;&#xA;&lt;p&gt;The different type of locks:&lt;/p&gt;&#xA;&#xA;&lt;p&gt;Using &lt;strong&gt;atomic_flg_lck:&lt;/strong&gt;&lt;/p&gt;&#xA;&#xA;&lt;pre&gt;&lt;code&gt;class SLock&#xA;{&#xA;public:&#xA;  void lock()&#xA;  {&#xA;    while (lck.test_and_set(std::memory_order_acquire));&#xA;  }&#xA;&#xA;  void unlock()&#xA;  {&#xA;    lck.clear(std::memory_order_release);&#xA;  }&#xA;&#xA;  SLock(){&#xA;    //lck = ATOMIC_FLAG_INIT;&#xA;    lck.clear();&#xA;  }&#xA;private:&#xA;  std::atomic_flag lck;// = ATOMIC_FLAG_INIT;&#xA;};&#xA;&lt;/code&gt;&lt;/pre&gt;&#xA;&#xA;&lt;p&gt;Using &lt;strong&gt;atomic:&lt;/strong&gt;&lt;/p&gt;&#xA;&#xA;&lt;pre&gt;&lt;code&gt;class SLock&#xA;{&#xA;public:&#xA;  void lock()&#xA;  {&#xA;    while (lck.exchange(true));&#xA;  }&#xA;&#xA;  void unlock()&#xA;  {&#xA;    lck = true;&#xA;  }&#xA;&#xA;  SLock(){&#xA;    //lck = ATOMIC_FLAG_INIT;&#xA;    lck = false;&#xA;  }&#xA;private:&#xA;  std::atomic&amp;lt;bool&amp;gt; lck;&#xA;};&#xA;&lt;/code&gt;&lt;/pre&gt;&#xA;&#xA;&lt;p&gt;Using &lt;strong&gt;mutex:&lt;/strong&gt;&lt;/p&gt;&#xA;&#xA;&lt;pre&gt;&lt;code&gt;class SLock&#xA;{&#xA;public:&#xA;  void lock()&#xA;  {&#xA;    lck.lock();&#xA;  }&#xA;&#xA;  void unlock()&#xA;  {&#xA;    lck.unlock();&#xA;  }&#xA;&#xA;private:&#xA;  std::mutex lck;&#xA;};&#xA;&lt;/code&gt;&lt;/pre&gt;&#xA;&#xA;&lt;p&gt;Just for &lt;strong&gt;Windows&lt;/strong&gt;:&lt;/p&gt;&#xA;&#xA;&lt;pre&gt;&lt;code&gt;class SLock&#xA;{&#xA;public:&#xA;  void lock()&#xA;  {&#xA;    EnterCriticalSection(&amp;amp;g_crit_sec);&#xA;  }&#xA;&#xA;  void unlock()&#xA;  {&#xA;    LeaveCriticalSection(&amp;amp;g_crit_sec);&#xA;  }&#xA;&#xA;  SLock(){&#xA;    InitializeCriticalSectionAndSpinCount(&amp;amp;g_crit_sec, 0x80000400);&#xA;  }&#xA;&#xA;private:&#xA;  CRITICAL_SECTION g_crit_sec;&#xA;};&#xA;&lt;/code&gt;&lt;/pre&gt;&#xA;&#xA;&lt;p&gt;The &lt;strong&gt;atomic&lt;/strong&gt; and &lt;strong&gt;and atomic_flg_lck&lt;/strong&gt; keep the thread in a spin count. &lt;strong&gt;Mutex&lt;/strong&gt; just sleeps the thread. If the wait time is too long maybe is better sleep the thread. The last one &quot;&lt;strong&gt;CRITICAL_SECTION&lt;/strong&gt;&quot; keeps the thread in a spin count until a time is consumed, then the thread goes to sleep.&lt;/p&gt;&#xA;&#xA;&lt;p&gt;How to use these critical sections?&lt;/p&gt;&#xA;&#xA;&lt;pre&gt;&lt;code&gt;unique_ptr&amp;lt;SLock&amp;gt; raiilock(new SLock());&#xA;&#xA;class Smartlock{&#xA;public:&#xA;  Smartlock(){ raiilock-&amp;gt;lock(); }&#xA;  ~Smartlock(){ raiilock-&amp;gt;unlock(); }&#xA;};&#xA;&lt;/code&gt;&lt;/pre&gt;&#xA;&#xA;&lt;p&gt;Using the raii idiom. The constructor to lock the critical section and the destructor to unlock it.&lt;/p&gt;&#xA;&#xA;&lt;p&gt;Example&lt;/p&gt;&#xA;&#xA;&lt;pre&gt;&lt;code&gt;class Singleton {&#xA;&#xA;   void syncronithedFunction(){&#xA;      Smartlock lock;&#xA;      //.....&#xA;   }&#xA;&#xA;}&#xA;&lt;/code&gt;&lt;/pre&gt;&#xA;&#xA;&lt;p&gt;This implementation is thread safe and exception safe because the variable lock is saved  in the stack so when the function scope is ended (end of function or an exception) the destructor will be called.&lt;/p&gt;&#xA;&#xA;&lt;p&gt;I hope that you find this helpful.&lt;/p&gt;&#xA;&#xA;&lt;p&gt;Thanks!! &lt;/p&gt;&#xA;</Body>
</answer>
