<question>
<Title>Python function won't start</Title>
<Body>&lt;p&gt;I'm writing a python calculator, here is the code:&lt;/p&gt;&#xA;&#xA;&lt;pre&gt;&lt;code&gt;#Python Calculator&#xA;&#xA;import sys;&#xA;import cmath;&#xA;&#xA;def plus():&#xA;    num1 = float(input(&quot;Input the first number: &quot;));&#xA;    num2 = float(input(&quot;Input the second number: &quot;));&#xA;    ans = (num1 + num2);&#xA;    print(ans);&#xA;    exit();&#xA;    return;&#xA;&#xA;def minus():&#xA;    num1 = float(input(&quot;Input the first number: &quot;));&#xA;    num2 = float(input(&quot;Input the second number: &quot;));&#xA;    ans = (num1 - num2);&#xA;    print(ans);&#xA;    exit();&#xA;    return;&#xA;&#xA;def divide():&#xA;    num1 = float(input(&quot;Input the first number: &quot;));&#xA;    num2 = float(input(&quot;Input the second number: &quot;));&#xA;    ans = (num1 / num2);&#xA;    print(ans);&#xA;    exit();&#xA;    return;&#xA;&#xA;def multiply():&#xA;    num1 = float(input(&quot;Input the first number: &quot;));&#xA;    num2 = float(input(&quot;Input the second number: &quot;));&#xA;    ans = (num1 * num2);&#xA;    print(ans);&#xA;    exit();&#xA;    return;&#xA;&#xA;def power():&#xA;    num1 = float(input(&quot;Input the number: &quot;));&#xA;    num2 = float(input(&quot;Input the power: &quot;));&#xA;    ans = cmath.pow(num1, num2);&#xA;    print(ans);&#xA;    exit();&#xA;    return;&#xA;&#xA;def square():&#xA;    num1 = float(input(&quot;Input the number: &quot;));&#xA;    ans = cmath.sqrt(num1);&#xA;    print(ans);&#xA;    exit();&#xA;    return;&#xA;&#xA;def inputs():&#xA;    print(&quot;Select which function you would like to use:&quot;);&#xA;    print(&quot;1 for Plus&quot;);&#xA;    print(&quot;2 for Minus&quot;);&#xA;    print(&quot;3 for Divide&quot;);&#xA;    print(&quot;4 for Multiply&quot;);&#xA;    print(&quot;5 for Power&quot;);&#xA;    print(&quot;6 for Square Root&quot;);&#xA;    func = input();&#xA;&#xA;    if func == 1:&#xA;        plus();&#xA;    elif func == 2:&#xA;        minus();&#xA;    elif func == 3:&#xA;        divide();&#xA;    elif func == 4:&#xA;        multiply();&#xA;    elif func == 5:&#xA;        power();&#xA;    elif func == 6:&#xA;        square();&#xA;    return;&#xA;&#xA;def exit():&#xA;    exit = str(input(&quot;Run again? y/n: &quot;));&#xA;    if exit == &quot;Y&quot; or exit == &quot;y&quot;:&#xA;        inputs();&#xA;        print (&quot;&quot;);&#xA;    elif exit == &quot;N&quot; or exit == &quot;n&quot;:&#xA;        sys.exit();&#xA;    else:&#xA;        exit();&#xA;    return;&#xA;&#xA;print (&quot;Python Calculator&quot;);&#xA;print(&quot;&quot;);&#xA;inputs();&#xA;&lt;/code&gt;&lt;/pre&gt;&#xA;&#xA;&lt;p&gt;Now the problem is, once you have inputted the function you want to run, the program just closes. I am relatively new to python, but not to programming. Also is anything wrong with the way this is coded (i.e. sloppy coding) please tell me.&lt;/p&gt;&#xA;</Body>
<Tags>python,function,python-3.x</Tags>
</question>
<answer>
<Body>&lt;p&gt;Your input is probably String (e.g. &lt;code&gt;&quot;6&quot;&lt;/code&gt;) instead of the number &lt;code&gt;6&lt;/code&gt;.&lt;/p&gt;&#xA;&#xA;&lt;p&gt;In general, I think that your code is unnecessary long, and breaks the &lt;a href=&quot;http://en.wikipedia.org/wiki/Don%27t_repeat_yourself&quot; rel=&quot;nofollow&quot;&gt;Don't Repeat Yourself&lt;/a&gt; principle. For starters, you can ask for the two numbers in a single place, and then call the relevant function to perform the relevant operation.&lt;/p&gt;&#xA;&#xA;&lt;p&gt;A more concise design would use Python operators:&lt;/p&gt;&#xA;&#xA;&lt;pre&gt;&lt;code&gt;funcs=[operator.add, operator.sub, operator.div, &#xA;       operator.mul, operator.pow, your_square_function]&#xA;&lt;/code&gt;&lt;/pre&gt;&#xA;&#xA;&lt;p&gt;You can ask for the function type, then call the relevant function (see Lev's answer). &lt;/p&gt;&#xA;&#xA;&lt;p&gt;There interesting case is &lt;code&gt;sqr&lt;/code&gt;, which takes a single argument, instead if two. This can be solved by specifying the number of arguments each function takes:&lt;/p&gt;&#xA;&#xA;&lt;pre&gt;&lt;code&gt;funcs=[(operator.add, 1), (operator.sub, 2), (operator.div, 2),&#xA;       (operator.mul, 2), (operator.pow, 2), (your_square_function, 1)]&#xA;&lt;/code&gt;&lt;/pre&gt;&#xA;&#xA;&lt;p&gt;The solution is now simple - ask for the function number, ask for the right number of arguments, and call &lt;code&gt;funcs[input_number][0]&lt;/code&gt;.&lt;/p&gt;&#xA;&#xA;&lt;p&gt;This idea can be elaborated, so that the function name is also stored:&lt;/p&gt;&#xA;&#xA;&lt;pre&gt;&lt;code&gt;funcs=[(&quot;Plus&quot;, operator.add, 1),   (&quot;Minus&quot;, operator.sub, 2), &#xA;       (&quot;Divide&quot;, operator.div, 2), (&quot;Multiply&quot;, operator.mul, 2), &#xA;       (&quot;Power&quot;, operator.pow, 2),  (&quot;Square root&quot;, your_square_function, 1)]&#xA;&lt;/code&gt;&lt;/pre&gt;&#xA;&#xA;&lt;p&gt;Now you program should look like (pseudocode):&lt;/p&gt;&#xA;&#xA;&lt;pre&gt;&lt;code&gt; for f in funcs:&#xA;      print id, function_name&#xA; ask for id&#xA; ask for relevant number of arguments&#xA; run funcs[id] with relevant number of arguments&#xA;&lt;/code&gt;&lt;/pre&gt;&#xA;</Body>
</answer>
<answer>
<Body>&lt;p&gt;As Adam notes, the problem is that you don't convert &lt;code&gt;func&lt;/code&gt; to &lt;code&gt;int&lt;/code&gt;.&#xA;Since you also ask for advice about the code organization, I can suggest the following to get rid of the stacked &lt;code&gt;elif&lt;/code&gt; clauses:&lt;/p&gt;&#xA;&#xA;&lt;pre&gt;&lt;code&gt;functions = [plus, minus, divide, multiply, power, square]&#xA;try:&#xA;    func = int(input())&#xA;    functions[func-1]()&#xA;except:&#xA;    print(&quot;Please choose an existing function number.&quot;)&#xA;    exit()&#xA;&lt;/code&gt;&lt;/pre&gt;&#xA;</Body>
</answer>
