<question>
<Title>Stack overflow(!) when trying to set up user-defined message-handler</Title>
<Body>&lt;p&gt;I've got this C++ Builder 2009 app.  It's not desperate - it's a demo, but it's driving me to Scotch.  I'm now so full of single malt that I have to ask for help.&lt;/p&gt;&#xA;&#xA;&lt;p&gt;This app has a main form and some other stuff that all works.  I have no reason to think that there's anything wrong with it.  I added another form, 'TfoPNGload', and added a few components - nothing unusual.  I took it out of the auto-create list so instances could be created on-demand.&lt;/p&gt;&#xA;&#xA;&lt;p&gt;As a test, I plonked a SpeedButton on the main form and, in the click, created an instance of the 'TfoPNGload' form and Show()ed it:&lt;/p&gt;&#xA;&#xA;&lt;pre&gt;&lt;code&gt;void __fastcall TForm1::SpeedButton1Click(TObject *Sender)&#xA;{&#xA;  myPNGform=new TfoPNGload(NULL);&#xA;  myPNGform-&amp;gt;Show();&#xA;}&#xA;&lt;/code&gt;&lt;/pre&gt;&#xA;&#xA;&lt;p&gt;This worked fine too - I click on the button, a form popped up.&lt;/p&gt;&#xA;&#xA;&lt;p&gt;Everything is normal.&lt;/p&gt;&#xA;&#xA;&lt;p&gt;I added a message-handler and things became abnormal even before I sent any messages.  I added a function and the macro thingy to make it a message-handler:&lt;/p&gt;&#xA;&#xA;&lt;pre&gt;&lt;code&gt;class TfoPNGload : public TForm&#xA;{&#xA;__published:    // IDE-managed Components&#xA;    TImage *Image1;&#xA;    TPanel *Panel1;&#xA;    TSpeedButton *SpeedButton1;&#xA;    TTimer *tiSlideShow;&#xA;    TLabel *Label1;&#xA;    void __fastcall tiSlideShowTimer(TObject *Sender);&#xA;    void __fastcall FormCreate(TObject *Sender);&#xA;private:&#xA;    PNGload *myLoad;&#xA;    void __fastcall filesLoaded(TObject *Sender);&#xA;protected:&#xA;public:     // User declarations&#xA;    __fastcall TfoPNGload(TComponent* Owner);&#xA;&#xA;&#xA;    MESSAGE void __fastcall WMAPP(TMessage&amp;amp; msg);&#xA;&#xA;    BEGIN_MESSAGE_MAP&#xA;    MESSAGE_HANDLER(WM_APP, TMessage, WMAPP)&#xA;    END_MESSAGE_MAP(TfoPNGload)&#xA;&#xA;    vector&amp;lt;PNGtask*&amp;gt; *PNGresult;&#xA;    int vecSize;&#xA;};&#xA;&lt;/code&gt;&lt;/pre&gt;&#xA;&#xA;&lt;p&gt;Then, when I clicked on the button to create the form, up pops the classic 'Stack overflow' messagebox!&lt;/p&gt;&#xA;&#xA;&lt;p&gt;If I comment out the macros:&lt;/p&gt;&#xA;&#xA;&lt;pre&gt;&lt;code&gt;//      BEGIN_MESSAGE_MAP&#xA;//      MESSAGE_HANDLER(WM_APP, TMessage, WMAPP)&#xA;//      END_MESSAGE_MAP(TfoPNGload)&#xA;&lt;/code&gt;&lt;/pre&gt;&#xA;&#xA;&lt;p&gt;..the form is created just fine!&lt;/p&gt;&#xA;&#xA;&lt;p&gt;It's not like I'm posting any messages yet - just processing the macros seems to generate the overflow on form creation.  The WMAPP function is empty anyway.&lt;/p&gt;&#xA;&#xA;&lt;p&gt;Anyone seen anything like this or, even better, fixed it?&lt;/p&gt;&#xA;&#xA;&lt;p&gt;If push comes to shove, I have a workaround - using the same macros in the main form does  work, so I could post my stuff there instead and then call into the 'TfoPNGload' form.  It would probably work but it makes a mess of my code structure which, TBH, is difficult enough to follow as it is :((&lt;/p&gt;&#xA;&#xA;&lt;p&gt;Rgds,&#xA;Martin&lt;/p&gt;&#xA;</Body>
<Tags>c++,c++builder</Tags>
</question>
<answer>
<Body>&lt;p&gt;I suspect this line:&lt;/p&gt;&#xA;&#xA;&lt;pre&gt;&lt;code&gt;END_MESSAGE_MAP(TfoPNGload)&#xA;&lt;/code&gt;&lt;/pre&gt;&#xA;&#xA;&lt;p&gt;Should specify the base class:&lt;/p&gt;&#xA;&#xA;&lt;pre&gt;&lt;code&gt;END_MESSAGE_MAP(TForm)&#xA;&lt;/code&gt;&lt;/pre&gt;&#xA;&#xA;&lt;p&gt;The message map macros generate a virtual function called &lt;code&gt;Dispatch&lt;/code&gt; or something like that which contains a big &lt;code&gt;switch&lt;/code&gt; for handling the mapping cases. The &lt;code&gt;END_MESSAGE_MAP(TfoPNGLoad)&lt;/code&gt; macro will generate the &lt;code&gt;default:&lt;/code&gt; case of the switch which will call &lt;code&gt;TfoPNGLoad::Dispatch&lt;/code&gt;. But, guess what, that is the very function being defined by the macros: so runaway direct recursion occurs.&lt;/p&gt;&#xA;&#xA;&lt;p&gt;You want to pass the superclass name &lt;code&gt;TForm&lt;/code&gt; to the end macro so that it generates a &lt;code&gt;default:&lt;/code&gt; case routing to the base class &lt;code&gt;Dispatch&lt;/code&gt;.&lt;/p&gt;&#xA;</Body>
</answer>
