<question>
<Title>Python Threads Hang</Title>
<Body>&lt;p&gt;I have a simple threaded Python program following the standard paradigm:&lt;/p&gt;&#xA;&#xA;&lt;pre&gt;&lt;code&gt;class SearchThread(threading.Thread):&#xA;    def __init__(self, search_queue):&#xA;        threading.Thread.__init__(self)&#xA;        self.search_queue = search_queue&#xA;&#xA;    def run(self):&#xA;        while True:&#xA;            try:&#xA;                search_url = self.search_queue.get(timeout=15)&#xA;                # &amp;lt;do Internet search and print output/&amp;gt;&#xA;            except Queue.Empty:&#xA;                self.search_queue.task_done()&#xA;                break&#xA;            except Exception, e:&#xA;                print e&#xA;&#xA;if __name__ == '__main__':&#xA;    search_queue = Queue.Queue()    &#xA;    for i in range(200):&#xA;        t = SearchThread(search_queue)&#xA;        t.setDaemon(True)&#xA;        t.start()&#xA;    search_queue.join()&#xA;&lt;/code&gt;&lt;/pre&gt;&#xA;&#xA;&lt;p&gt;The queue is filled with about 1000 urls and simple &lt;code&gt;HTTP GET&lt;/code&gt; is performed in &lt;code&gt;&amp;lt;do Internet search and print output/&amp;gt;&lt;/code&gt;. The problem is that after processing some 500-700 entries (which takes only seconds), the program consistently hangs forever with no output, no exception, nothing.&lt;/p&gt;&#xA;&#xA;&lt;p&gt;I've tried &lt;code&gt;requests&lt;/code&gt;, &lt;code&gt;urllib2&lt;/code&gt;, &lt;code&gt;urllib3&lt;/code&gt;, &lt;code&gt;httplib2&lt;/code&gt; for the &lt;code&gt;HTTP GET&lt;/code&gt; but nothing changes.&lt;/p&gt;&#xA;&#xA;&lt;p&gt;How do you debug hanging threaded Python program?&lt;/p&gt;&#xA;&#xA;&lt;p&gt;BTW, I'm using Python 2.7 under Ubuntu 11.10 (64bit).&lt;/p&gt;&#xA;&#xA;&lt;h3&gt;edit&lt;/h3&gt;&#xA;&#xA;&lt;p&gt;I'm as clueless as before when staring at the gdb trace on the hang process --&lt;/p&gt;&#xA;&#xA;&lt;pre&gt;&lt;code&gt;sudo gdb python 9602&#xA;GNU gdb (Ubuntu/Linaro 7.3-0ubuntu2) 7.3-2011.08&#xA;...&#xA;(gdb) where&#xA;#0  0x00007fc09ea91300 in sem_wait () from /lib/x86_64-linux-gnu/libpthread.so.0&#xA;#1  0x00000000004ed001 in PyThread_acquire_lock ()&#xA;#2  0x00000000004f02de in ?? ()&#xA;#3  0x00000000004b6569 in PyEval_EvalFrameEx ()&#xA;#4  0x00000000004bcd2d in PyEval_EvalCodeEx ()&#xA;#5  0x00000000004b6a5b in PyEval_EvalFrameEx ()&#xA;#6  0x00000000004b6d77 in PyEval_EvalFrameEx ()&#xA;#7  0x00000000004bcd2d in PyEval_EvalCodeEx ()&#xA;#8  0x00000000004bd802 in PyEval_EvalCode ()&#xA;#9  0x00000000004dcc22 in ?? ()&#xA;#10 0x00000000004dd7e4 in PyRun_FileExFlags ()&#xA;#11 0x00000000004de2ee in PyRun_SimpleFileExFlags ()&#xA;#12 0x00000000004ee6dd in Py_Main ()&#xA;#13 0x00007fc09d86030d in __libc_start_main () from /lib/x86_64-linux-gnu/libc.so.6&#xA;#14 0x000000000041cb69 in _start ()&#xA;&lt;/code&gt;&lt;/pre&gt;&#xA;</Body>
<Tags>python,multithreading,multiprocessing,python-multithreading</Tags>
</question>
<answer>
<Body>&lt;p&gt;Your while loop is infinite. The thread will never finish the execution, even when the queue is empty.You should either check the queue for new tasks or notify a thread (using Event for example) that no tasks are expected.&lt;/p&gt;&#xA;</Body>
</answer>
<answer>
<Body>&lt;p&gt;This debugger can debug multithreaded python programs: &lt;a href=&quot;http://winpdb.org/&quot; rel=&quot;nofollow&quot;&gt;http://winpdb.org/&lt;/a&gt;&lt;/p&gt;&#xA;</Body>
</answer>
<answer>
<Body>&lt;p&gt;Yet another thing is misuse of Queue.get. The 1st argument is a boolean value 'block'.&#xA;You should type something like:&lt;/p&gt;&#xA;&#xA;&lt;pre&gt;&lt;code&gt;self.search_queue.get(timeout=15)&#xA;&lt;/code&gt;&lt;/pre&gt;&#xA;&#xA;&lt;p&gt;And, as I wrote above, avoid using infinite loops. When your timeout expires, Queue.get raises 'Empty' exception which is caught by &quot;except Exception&quot; (yet another construction that should be avoided to use). So your loop is really infinite. You cat change 'except Exception' for&lt;/p&gt;&#xA;&#xA;&lt;pre&gt;&lt;code&gt;except Queue.Empty:&#xA;    self.search_queue.task_done()&#xA;    break&#xA;&lt;/code&gt;&lt;/pre&gt;&#xA;&#xA;&lt;p&gt;&lt;strong&gt;Edit&lt;/strong&gt;&lt;/p&gt;&#xA;&#xA;&lt;p&gt;Initial question code was like following&lt;/p&gt;&#xA;&#xA;&lt;pre&gt;&lt;code&gt;self.search_queue.get(15)&#xA;&lt;/code&gt;&lt;/pre&gt;&#xA;</Body>
</answer>
<answer>
<Body>&lt;p&gt;I wrote a module that prints out threads that hang longer that 10 seconds at one place.&#xA;&lt;a href=&quot;https://gist.github.com/niccokunzmann/6038331&quot; rel=&quot;noreferrer&quot;&gt;hanging_threads.py&lt;/a&gt; (&lt;a href=&quot;https://pypi.python.org/pypi/hanging_threads&quot; rel=&quot;noreferrer&quot;&gt;package&lt;/a&gt;)&lt;/p&gt;&#xA;&#xA;&lt;p&gt;Here is an example output:&lt;/p&gt;&#xA;&#xA;&lt;pre&gt;&lt;code&gt;--------------------    Thread 5588     --------------------&#xA;  File &quot;C:\python33\lib\threading.py&quot;, line 844, in _exitfunc&#xA;        t.join()&#xA;  File &quot;C:\python33\lib\threading.py&quot;, line 743, in join&#xA;        self._block.wait()&#xA;  File &quot;C:\python33\lib\threading.py&quot;, line 184, in wait&#xA;        waiter.acquire()&#xA;&lt;/code&gt;&lt;/pre&gt;&#xA;&#xA;&lt;p&gt;This occurs at the exit of the main thread when you forget to set another thread as daemon.&lt;/p&gt;&#xA;</Body>
</answer>
<answer>
<Body>&lt;p&gt;seems like you are facing the same issue as mentioned in this thread. &lt;/p&gt;&#xA;&#xA;&lt;p&gt;&lt;a href=&quot;https://stackoverflow.com/questions/11854519/python-multiprocessing-some-functions-do-not-return-when-they-are-complete-que&quot;&gt;python multiprocessing: some functions do not return when they are complete (queue material too big)&lt;/a&gt;&lt;/p&gt;&#xA;&#xA;&lt;p&gt;Crux is this is an unresolved/closed bug? &lt;a href=&quot;http://bugs.python.org/issue8237&quot; rel=&quot;nofollow noreferrer&quot;&gt;http://bugs.python.org/issue8237&lt;/a&gt;&lt;/p&gt;&#xA;</Body>
</answer>
<answer>
<Body>&lt;p&gt;I'm not sure if you still have the problem (question is somewhat old...).&lt;/p&gt;&#xA;&#xA;&lt;p&gt;It looks like a classical deadlock (because it seems to hang at some mutex lock).&lt;/p&gt;&#xA;&#xA;&lt;p&gt;For GDB, there exists a few nice Python scripts which can make the C backtrace with Python calls more informative. I.e. it shows the actual Python calls for this:&lt;/p&gt;&#xA;&#xA;&lt;pre&gt;&lt;code&gt;#3  0x00000000004b6569 in PyEval_EvalFrameEx ()&#xA;#4  0x00000000004bcd2d in PyEval_EvalCodeEx ()&#xA;#5  0x00000000004b6a5b in PyEval_EvalFrameEx ()&#xA;#6  0x00000000004b6d77 in PyEval_EvalFrameEx ()&#xA;#7  0x00000000004bcd2d in PyEval_EvalCodeEx ()&#xA;#8  0x00000000004bd802 in PyEval_EvalCode ()&#xA;&lt;/code&gt;&lt;/pre&gt;&#xA;&#xA;&lt;p&gt;I think these GDB Python scripts are even included in the original Python distribution. Check them out.&lt;/p&gt;&#xA;&#xA;&lt;p&gt;Then, there is the great &lt;a href=&quot;https://pypi.python.org/pypi/faulthandler/&quot; rel=&quot;nofollow&quot;&gt;faulthandler module&lt;/a&gt; which offers you some function to print the Python backtrace (e.g. in a signal handler). In &lt;a href=&quot;https://github.com/albertz/music-player&quot; rel=&quot;nofollow&quot;&gt;my MusicPlayer project&lt;/a&gt;, I have extended them a bit and I use them heavily for debugging.&lt;/p&gt;&#xA;&#xA;&lt;p&gt;For example, I have added this function:&lt;/p&gt;&#xA;&#xA;&lt;pre&gt;&lt;code&gt;// This is expected to be called only from signal handlers (or in an evironment where all threads are stopped).&#xA;__attribute__((visibility(&quot;default&quot;)))&#xA;void _Py_DumpTracebackAllThreads(void) {&#xA;    PyInterpreterState* interp = NULL;&#xA;    PyThreadState* tstate = NULL;&#xA;&#xA;    // The current active Python thread (that might not be us).&#xA;    tstate = _PyThreadState_Current;&#xA;&#xA;    // No Python state is currently active. Try to get our own, if we have one assigned.&#xA;    if(!tstate)&#xA;        tstate = PyGILState_GetThisThreadState();&#xA;&#xA;    // No thread found so far. Try the interpreter head.&#xA;    if(!tstate)&#xA;        interp = PyInterpreterState_Head();&#xA;&#xA;    if(!interp &amp;amp;&amp;amp; tstate)&#xA;        interp = tstate-&amp;gt;interp;&#xA;&#xA;    if(!interp) {&#xA;        printf(&quot;_Py_DumpTracebackAllThreads: no Python interpreter found\n&quot;);&#xA;        return;&#xA;    }&#xA;&#xA;    _Py_DumpTracebackThreads(STDOUT_FILENO, interp, tstate);&#xA;}&#xA;&lt;/code&gt;&lt;/pre&gt;&#xA;&#xA;&lt;p&gt;And now, when I'm in GDB or LLDB and want to know the current Python threads, I just type &lt;code&gt;p _Py_DumpTracebackAllThreads()&lt;/code&gt; and it gets printed on stdout.&lt;/p&gt;&#xA;&#xA;&lt;p&gt;In addition to that, you are interested in the C backtrace of all current threads, i.e. &lt;code&gt;t apply all bt full&lt;/code&gt; or so should print all the backtraces in GDB.&lt;/p&gt;&#xA;&#xA;&lt;p&gt;If that is the Python GIL where it hangs, there is probably some other active Python thread which hangs for some other thing. That is the actual bug. It should have released the Python GIL before that.&lt;/p&gt;&#xA;</Body>
</answer>
