<question>
<Title>Why doesn't this throw a SyntaxError instead of silently interpreting it wrong?</Title>
<Body>&lt;p&gt;There is supposed to be a comma between these two strings&lt;/p&gt;&#xA;&#xA;&lt;pre&gt;&lt;code&gt;foo = ['dumb'&#xA;'error']&#xA;&lt;/code&gt;&lt;/pre&gt;&#xA;&#xA;&lt;p&gt;But if you forget the comma, it just merges the strings together instead of producing a syntax error. Your result will be &lt;/p&gt;&#xA;&#xA;&lt;pre&gt;&lt;code&gt;['dumberror']&#xA;&lt;/code&gt;&lt;/pre&gt;&#xA;&#xA;&lt;p&gt;I spent hours tracking this down. Why is the Python interpreter merging these strings?&lt;/p&gt;&#xA;</Body>
<Tags>python</Tags>
</question>
<answer>
<Body>&lt;p&gt;It's a documented feature to allow for nicer formatting in source code with string literals.&lt;/p&gt;&#xA;&#xA;&lt;blockquote&gt;&#xA;  &lt;p&gt;Multiple adjacent string or bytes literals (delimited by whitespace), possibly using different quoting conventions, are allowed, and their meaning is the same as their concatenation. Thus, &quot;hello&quot; 'world' is equivalent to &quot;helloworld&quot;. This feature can be used to reduce the number of backslashes needed, to split long strings conveniently across long lines, or even to add comments to parts of strings.&lt;/p&gt;&#xA;&lt;/blockquote&gt;&#xA;&#xA;&lt;p&gt;&lt;a href=&quot;http://docs.python.org/py3k/reference/lexical_analysis.html#string-literal-concatenation&quot; rel=&quot;noreferrer&quot;&gt;Source&lt;/a&gt;&lt;/p&gt;&#xA;&#xA;&lt;p&gt;It is also worth remembering this note:&lt;/p&gt;&#xA;&#xA;&lt;blockquote&gt;&#xA;  &lt;p&gt;Note that this feature is defined at the syntactical level, but implemented at compile time. The ‘+’ operator must be used to concatenate string expressions at run time. Also note that literal concatenation can use different quoting styles for each component (even mixing raw strings and triple quoted strings).&lt;/p&gt;&#xA;&lt;/blockquote&gt;&#xA;</Body>
</answer>
<answer>
<Body>&lt;p&gt;That's not a bug, it's a feature! Python is documented as concatenating strings with nothing but whitespace between them.&lt;/p&gt;&#xA;&#xA;&lt;p&gt;&lt;a href=&quot;http://docs.python.org/release/2.5.2/ref/string-catenation.html&quot; rel=&quot;nofollow&quot;&gt;http://docs.python.org/release/2.5.2/ref/string-catenation.html&lt;/a&gt;&lt;/p&gt;&#xA;</Body>
</answer>
