<question>
<Title>How to create virtual Environment for users on server</Title>
<Body>&lt;p&gt;I have a web application where users can register them self and then save Java and C++ programs in their account.&#xA;Programs are saved in a tmp directory like,&#xA;/tmp&#xA;  -user1&#xA;   --program1&#xA;   --program2&#xA;  -user2&#xA;   --program1&#xA;   --program2&lt;/p&gt;&#xA;&#xA;&lt;p&gt;So all the users folders are in same &quot;tmp&quot; directory.&#xA;I want to know how can I proved security by not allowing a user to access files of other users. A user will be executing a java or c++ program in his folder which can be used to read files on the server. How to prevent this?&#xA;I am new to this thing I don't know how to go about this.&lt;/p&gt;&#xA;&#xA;&lt;p&gt;The server is Linux server and project is in python using Django.&lt;/p&gt;&#xA;&#xA;&lt;p&gt;Thank in advance&lt;/p&gt;&#xA;</Body>
<Tags>python,linux,apache,deployment</Tags>
</question>
<answer>
<Body>&lt;p&gt;You need something that separates what each process sees of the systems.  If you were using FreeBSD, their &lt;a href=&quot;http://www.freebsd.org/doc/en_US.ISO8859-1/books/handbook/jails.html&quot; rel=&quot;nofollow&quot;&gt;Jails&lt;/a&gt; system would be your perfect solution.&lt;/p&gt;&#xA;&#xA;&lt;p&gt;As Linux alternative you could consider &lt;a href=&quot;http://linux-vserver.org/Welcome_to_Linux-VServer.org&quot; rel=&quot;nofollow&quot;&gt;Linux vserver&lt;/a&gt; instances, or biting the bullet and setting up a heaver virtualization environment like Xen.&lt;/p&gt;&#xA;&#xA;&lt;p&gt;Both of these are virtualization solutions that basically allow you to run an instance of a virtual server that uses a particular directory as its root.  Processes run in the same kernel as your host system, but are isolated from the rest of the system.  Think of them like &quot;chroot&quot; with additional isolation of network stack and process tree.  The work involved in setting up and tearing down new jails or vservers can be very fast.&lt;/p&gt;&#xA;&#xA;&lt;p&gt;If you can, I suggest you switch to FreeBSD.  Jails enjoy a much more vibrant development and support community than the (now declining) vserver solution in Linux.&lt;/p&gt;&#xA;</Body>
</answer>
