<question>
<Title>Why are string literals l-value while all other literals are r-value?</Title>
<Body>&lt;p&gt;&lt;strong&gt;C++03 5.1 Primary expressions&lt;br&gt;&#xA;§2:&lt;/strong&gt;       &lt;/p&gt;&#xA;&#xA;&lt;blockquote&gt;&#xA;  &lt;p&gt;A literal is a primary expression. Its type depends on its form (2.13). A string literal is an lvalue; all other literals are rvalues.        &lt;/p&gt;&#xA;&lt;/blockquote&gt;&#xA;&#xA;&lt;p&gt;What is the rationale behind this?&lt;br&gt;&#xA;As I understand, string literals are objects, while all other literals are not.And an l-value always refers to an object.      &lt;/p&gt;&#xA;&#xA;&lt;p&gt;But the question then is why are string literals objects while all other literals are not?&lt;br&gt;&#xA;This rationale seems to me more like an egg or chicken problem.        &lt;/p&gt;&#xA;&#xA;&lt;p&gt;I understand the answer to this may be related to hardware architecture rather than C/C++ as programming languages, nevertheless I would like to hear the same.        &lt;/p&gt;&#xA;&#xA;&lt;p&gt;Note: I am tagging this question as c &amp;amp; c++ both because C99 standard also has similar quotations, specifically &lt;strong&gt;§6.5.1.4&lt;/strong&gt;&lt;/p&gt;&#xA;</Body>
<Tags>c++,c,literals,string-literals</Tags>
</question>
<answer>
<Body>&lt;p&gt;A string literal is a literal with array type, and in C there is no way for an array type to exist in an expression except as an lvalue. String literals could have been specified to have pointer type (rather than array type that usually decays to a pointer) pointing to the string &quot;contents&quot;, but this would make them rather less useful; in particular, the &lt;code&gt;sizeof&lt;/code&gt; operator could not be applied to them.&lt;/p&gt;&#xA;&#xA;&lt;p&gt;Note that C99 introduced compound literals, which are also lvalues, so having a literal be an lvalue is no longer a special exception; it's closer to being the norm.&lt;/p&gt;&#xA;</Body>
</answer>
<answer>
<Body>&lt;p&gt;I'd guess that the original motive was mainly a pragmatic one: a string&#xA;literal must reside in memory and have an address.  The type of a string&#xA;literal is an array type (&lt;code&gt;char[]&lt;/code&gt; in C, &lt;code&gt;char const[]&lt;/code&gt; in C++), and&#xA;array types convert to pointers in most contexts.  The language could&#xA;have found other ways to define this (e.g. a string literal could have&#xA;pointer type to begin with, with special rules concerning what it&#xA;pointed to), but just making the literal an lvalue is probably the&#xA;easiest way of defining what is concretely needed. &lt;/p&gt;&#xA;</Body>
</answer>
<answer>
<Body>&lt;p&gt;An &lt;code&gt;lvalue&lt;/code&gt; in C++ does not always refer to an object. It can refer to a function too. Moreover, objects do not have to be referred to by &lt;code&gt;lvalues&lt;/code&gt;. They may be referred to by &lt;code&gt;rvalues&lt;/code&gt;, including for arrays (in C++ and C). However, in old C89, the array to pointer conversion did not apply for &lt;code&gt;rvalues&lt;/code&gt; arrays.&lt;/p&gt;&#xA;&#xA;&lt;p&gt;Now, an &lt;code&gt;rvalue&lt;/code&gt; denotes no, limited or soon to be an expired lifetime. A string literal, however, lives for the entire program.&lt;/p&gt;&#xA;&#xA;&lt;p&gt;So &lt;code&gt;string literals&lt;/code&gt; being &lt;code&gt;lvalues&lt;/code&gt; is exactly right.&lt;/p&gt;&#xA;</Body>
</answer>
<answer>
<Body>&lt;p&gt;String literals are &lt;em&gt;arrays&lt;/em&gt; - objects of inherently unpredictable size (i.e of user-defined and possibly large size). In general case, there's simply no other way to represent such literals except as objects in memory, i.e. as &lt;code&gt;lvalues&lt;/code&gt;. In C99 this also applies to &lt;em&gt;compound literals&lt;/em&gt;, which are also &lt;code&gt;lvalues&lt;/code&gt;. &lt;/p&gt;&#xA;&#xA;&lt;p&gt;Any attempts to artificially hide the fact that string literals are &lt;code&gt;lvalues&lt;/code&gt; at the language level would produce a considerable number of completely unnecessary difficulties, since the ability to point to a string literal with a pointer as well as the ability to access it as an array relies critically on its lvalue-ness being visible at the language level.&lt;/p&gt;&#xA;&#xA;&lt;p&gt;Meanwhile, literals of scalar types have fixed compile-time size. At the same time, such literals are very likely to be embedded directly into the machine commands on the given hardware architecture. For example, when you write something like &lt;code&gt;i = i * 5 + 2&lt;/code&gt;, the literal values &lt;code&gt;5&lt;/code&gt; and &lt;code&gt;2&lt;/code&gt; become explicit (or even implicit) parts of the generated machine code. They don't exist and don't need to exist as standalone locations in data storage. There's simply no point in storing values &lt;code&gt;5&lt;/code&gt; and &lt;code&gt;2&lt;/code&gt; in the data memory.&lt;/p&gt;&#xA;&#xA;&lt;p&gt;It is also worth noting that on many (if not most, or all) hardware architectures floating-point literals are actually implemented as &quot;hidden&quot; &lt;code&gt;lvalues&lt;/code&gt; (even though the language does not expose them as such). On platforms like x86 machine commands from floating-point group do not support embedded immediate operands. This means that virtually every floating-point literal has to be stored in (and read from) data memory by the compiler. E.g. when you write something like &lt;code&gt;i = i * 5.5 + 2.1&lt;/code&gt; it is translated into something like&lt;/p&gt;&#xA;&#xA;&lt;pre&gt;&lt;code&gt;const double unnamed_double_5_5 = 5.5;&#xA;const double unnamed_double_2_1 = 2.1;&#xA;i = i * unnamed_double_5_5 + unnamed_double_2_1;&#xA;&lt;/code&gt;&lt;/pre&gt;&#xA;&#xA;&lt;p&gt;In other words, &lt;code&gt;floating-point literals&lt;/code&gt; often end up becoming &quot;unofficial&quot; &lt;code&gt;lvalues&lt;/code&gt; internally. However, it makes perfect sense that language specification did not make any attempts to expose this implementation detail. At language level, &lt;code&gt;arithmetic literals&lt;/code&gt; make more sense as &lt;code&gt;rvalues&lt;/code&gt;.&lt;/p&gt;&#xA;</Body>
</answer>
