<question>
<Title>Is it possible to strip debug information from a COFF library file (.lib)?</Title>
<Body>&lt;p&gt;I am linking with a number of 3rd party .lib files, and I get a large number of LNK4099 warnings at link time. It appears that this warning message cannot be supressed, so I believe that if I remove all debug information from the .lib files, the warning will not be shown. Is there a way to remove the debug information? These are libraries that I do not have the source code for.&lt;/p&gt;&#xA;&#xA;&lt;p&gt;I am using VS2005 C++ (on Windows of course).&lt;/p&gt;&#xA;</Body>
<Tags>c++,visual-studio,linker</Tags>
</question>
<answer>
<Body>&lt;p&gt;I don't think it is possible, at least with not with conventional tools. I would recommend you contact the vendor and request that they rebuild the .lib file without debug information.&lt;/p&gt;&#xA;</Body>
</answer>
<answer>
<Body>&lt;p&gt;COFF format - as found on Unix, at any rate, is reasonably well organized.  There are lots of sections in it.  There was also a tool, &lt;code&gt;mcs&lt;/code&gt; for 'manipulate comment section' which could be used to remove material.  The tool is available on Solaris for ELF (which is an extension of COFF), and probably elsewhere.&lt;/p&gt;&#xA;&#xA;&lt;p&gt;What this might mean is that you can find the program and use it on the MS object files.&lt;/p&gt;&#xA;&#xA;&lt;p&gt;On the other hand, it seems unlikely that the complaints would be resolved by removing the debug information; the debug information should not affect the running (or linking) of the program.  That said, the information found via Google 'microsoft lnk4009' is non-conclusive; two entries appear, but both end up showing 'LNK4099' rather than 'LNK4009' messages.&lt;/p&gt;&#xA;</Body>
</answer>
<answer>
<Body>&lt;p&gt;I guess you have already read this page from MSDN:&lt;/p&gt;&#xA;&#xA;&lt;p&gt;&lt;a href=&quot;http://msdn.microsoft.com/en-us/library/b7whw3f3(VS.80).aspx&quot; rel=&quot;nofollow noreferrer&quot;&gt;MSDN: Linker Tools Warning LNK4099&lt;/a&gt;&lt;/p&gt;&#xA;&#xA;&lt;p&gt;Link says that &quot;... remove the /DEBUG linker option if you do not have .pdb files for the objects you are linking.&quot;&lt;/p&gt;&#xA;</Body>
</answer>
