<question>
<Title>How to create ellipse shapes in box2d?</Title>
<Body>&lt;p&gt;I need to create ellipse shape for the body, and do not understand how to make that in box2d. &lt;/p&gt;&#xA;&#xA;&lt;p&gt;Any ideas how to do that &lt;strong&gt;not&lt;/strong&gt; by using &lt;code&gt;b2PolygonShape&lt;/code&gt; with a lot of vertexes.&lt;/p&gt;&#xA;</Body>
<Tags>c++,box2d,shape</Tags>
</question>
<answer>
<Body>&lt;p&gt;** OPTION #1 **&lt;/p&gt;&#xA;&#xA;&lt;p&gt;Use a body with two fixtures:  The first would be a central circle shape to give the body some mass.  The second would be the ellipse, with the vertices made from a chain shape.&lt;/p&gt;&#xA;&#xA;&lt;p&gt;The first fixture allows you to have the body act like a body with some mass, while the second fixture will allow you to handle collisions properly.&lt;/p&gt;&#xA;&#xA;&lt;p&gt;I did an example for a roulette wheel recently.  I posted the code below to create that.  Replace the constant value for the radius (OUTER_RADIUS) with the polar form of the radius for an ellipse &lt;a href=&quot;http://en.wikipedia.org/wiki/Ellipse#Polar_form_relative_to_center&quot; rel=&quot;nofollow noreferrer&quot;&gt;found here on wikipedia&lt;/a&gt;.&lt;/p&gt;&#xA;&#xA;&lt;pre&gt;&lt;code&gt;void MainScene::CreateBody()&#xA;{&#xA;   const float32 INNER_RADIUS = 2.50;&#xA;   const float32 OUTER_RADIUS = 3.0;&#xA;   const float32 BALL_RADIUS = 0.1;&#xA;   const uint32 DIVISIONS = 36;&#xA;&#xA;   Vec2 position(0,0);&#xA;&#xA;   // Create the body.&#xA;   b2BodyDef bodyDef;&#xA;   bodyDef.position = position;&#xA;   bodyDef.type = b2_dynamicBody;&#xA;   _body = _world-&amp;gt;CreateBody(&amp;amp;bodyDef);&#xA;   assert(_body != NULL);&#xA;&#xA;   // Now attach fixtures to the body.&#xA;   FixtureDef fixtureDef;&#xA;   fixtureDef.density = 1.0;&#xA;   fixtureDef.friction = 1.0;&#xA;   fixtureDef.restitution = 0.9;&#xA;   fixtureDef.isSensor = false;&#xA;&#xA;   // Inner circle.&#xA;   b2CircleShape circleShape;&#xA;   circleShape.m_radius = INNER_RADIUS;&#xA;   fixtureDef.shape = &amp;amp;circleShape;&#xA;   _body-&amp;gt;CreateFixture(&amp;amp;fixtureDef);&#xA;&#xA;   // Outer shape.&#xA;   b2ChainShape chainShape;&#xA;   vector&amp;lt;Vec2&amp;gt; vertices;&#xA;   const float32 SPIKE_DEGREE = 2*M_PI/180;&#xA;   for(int idx = 0; idx &amp;lt; DIVISIONS; idx++)&#xA;   {&#xA;      float32 angle = ((M_PI*2)/DIVISIONS)*idx;&#xA;      float32 xPos, yPos;&#xA;&#xA;      xPos = OUTER_RADIUS*cosf(angle);&#xA;      yPos = OUTER_RADIUS*sinf(angle);&#xA;      vertices.push_back(Vec2(xPos,yPos));&#xA;   }&#xA;   vertices.push_back(vertices[0]);&#xA;   chainShape.CreateChain(&amp;amp;vertices[0], vertices.size());&#xA;   fixtureDef.shape = &amp;amp;chainShape;&#xA;   _body-&amp;gt;CreateFixture(&amp;amp;fixtureDef);&#xA;&#xA;}&#xA;&lt;/code&gt;&lt;/pre&gt;&#xA;&#xA;&lt;p&gt;You can also check out &lt;a href=&quot;https://stackoverflow.com/questions/20093032/how-to-create-a-circle-shape-without-solid-polygon-or-non-solid-circle/20519366#20519366&quot;&gt;this post&lt;/a&gt; for the roulette wheel (plus picture goodness) solution.&lt;/p&gt;&#xA;&#xA;&lt;p&gt;&lt;strong&gt;OPTION #2&lt;/strong&gt;&#xA;Instead of using a chain/edge shape, you can create a triangle fan of fixtures. Once you have the vertices for the ellipse, you could do something like:&lt;/p&gt;&#xA;&#xA;&lt;pre&gt;&lt;code&gt;b2Vec2 triVerts[3];&#xA;triVerts[0] = Vec2(0,0);&#xA;for(int idx = 1; idx &amp;lt; vertices.size(); idx++)&#xA;{&#xA;   b2PolygonShape triangle;&#xA;   fixtureDef.shape = &amp;amp;triangle;&#xA;   // Assumes the vertices are going around&#xA;   // the ellipse clockwise as angle increases.&#xA;   triVerts[1] = vertices[idx-1];&#xA;   triVerts[2] = vertices[idx];&#xA;   triangle.Set(triVerts,3);&#xA;   _body-&amp;gt;CreateFixture(&amp;amp;fixtureDef);&#xA;}&#xA;&lt;/code&gt;&lt;/pre&gt;&#xA;&#xA;&lt;p&gt;Was this helpful?&lt;/p&gt;&#xA;</Body>
</answer>
