<question>
<Title>how to copy directory with all file from c:\\xxx\yyy to c:\\zzz\ in python</Title>
<Body>&lt;p&gt;I've been trying to use &quot;copytree(src,dst)&quot;, however I couldn't since the destination folder should exists at all.Here you can see the small piece of code I wrote:&lt;/p&gt;&#xA;&#xA;&lt;pre&gt;&lt;code&gt;def copy_dir(src,dest):&#xA;    import shutil&#xA;    shutil.copytree(src,dest)&#xA;&#xA;copy_dir('C:/crap/chrome/','C:/test/') &#xA;&lt;/code&gt;&lt;/pre&gt;&#xA;&#xA;&lt;p&gt;and this is the error I m getting as I expected...&lt;/p&gt;&#xA;&#xA;&lt;pre&gt;&lt;code&gt;Traceback (most recent call last):&#xA;File &quot;C:\Documents and Settings\Administrator\workspace\MMS-Auto\copy.py&quot;, line 5, in        &amp;lt;module&amp;gt;&#xA;copy_dir('C:/crap/chrome/','C:/test/')   &#xA;File &quot;C:\Documents and Settings\Administrator\workspace\MMS-Auto\copy.py&quot;, line 3, in copy_dir&#xA;shutil.copytree(src,dest)&#xA;File &quot;C:\Python27\lib\shutil.py&quot;, line 174, in copytree&#xA;os.makedirs(dst)&#xA;File &quot;C:\Python27\lib\os.py&quot;, line 157, in makedirs&#xA;mkdir(name, mode)&#xA;WindowsError: [Error 183] Cannot create a file when that file already exists:    'C:/test/'&#xA;&lt;/code&gt;&lt;/pre&gt;&#xA;&#xA;&lt;p&gt;Here is my question is there a way I could achieve the same result without  creating my own copytree function?&lt;/p&gt;&#xA;&#xA;&lt;p&gt;Thank you in advance.&lt;/p&gt;&#xA;</Body>
<Tags>python,python-2.7</Tags>
</question>
<answer>
<Body>&lt;p&gt;I'm pretty sure this depends on the exact version of python you have, but when i call shutil.copytree.&lt;strong&gt;doc&lt;/strong&gt; i get this:&lt;/p&gt;&#xA;&#xA;&lt;blockquote&gt;&#xA;  &lt;p&gt;Recursively copy a directory tree using copy2().&lt;/p&gt;&#xA;  &#xA;  &lt;p&gt;The destination directory must not already exist.&lt;/p&gt;&#xA;  &#xA;  &lt;p&gt;XXX Consider this example code rather than the ultimate tool.&lt;/p&gt;&#xA;&lt;/blockquote&gt;&#xA;&#xA;&lt;p&gt;This explains the error you are getting. You could probably use &lt;a href=&quot;http://docs.python.org/distutils/apiref.html#distutils.dir_util.copy_tree&quot; rel=&quot;nofollow&quot;&gt;distutils.dir_util.copy_tree&lt;/a&gt; instead.&lt;/p&gt;&#xA;</Body>
</answer>
<answer>
<Body>&lt;p&gt;Look at &lt;a href=&quot;http://docs.python.org/library/errno.html&quot; rel=&quot;nofollow&quot;&gt;&lt;code&gt;errno&lt;/code&gt;&lt;/a&gt; for possible errors. You can use &lt;code&gt;.copytree()&lt;/code&gt; first, and then when there is error, use &lt;code&gt;shutil.copy&lt;/code&gt;.&lt;/p&gt;&#xA;&#xA;&lt;p&gt;From: &lt;a href=&quot;http://docs.python.org/library/shutil.html#shutil.copytree&quot; rel=&quot;nofollow&quot;&gt;http://docs.python.org/library/shutil.html#shutil.copytree&lt;/a&gt;&lt;/p&gt;&#xA;&#xA;&lt;blockquote&gt;&#xA;  &lt;p&gt;If exception(s) occur, an Error is raised with a list of reasons.&lt;/p&gt;&#xA;&lt;/blockquote&gt;&#xA;&#xA;&lt;p&gt;So then you can decide what to do with it and implement your code to handle it.&lt;/p&gt;&#xA;&#xA;&lt;pre&gt;&lt;code&gt;import shutil, errno&#xA;&#xA;def copyFile(src, dst):&#xA;    try:&#xA;        shutil.copytree(src, dst)&#xA;    # Depend what you need here to catch the problem&#xA;    except OSError as exc: &#xA;        # File already exist&#xA;        if exc.errno == errno.EEXIST:&#xA;            shutil.copy(src, dst)&#xA;        # The dirtory does not exist&#xA;        if exc.errno == errno.ENOENT:&#xA;            shutil.copy(src, dst)&#xA;        else:&#xA;            raise&#xA;&lt;/code&gt;&lt;/pre&gt;&#xA;&#xA;&lt;p&gt;About &lt;code&gt;.copy()&lt;/code&gt;: &lt;a href=&quot;http://docs.python.org/library/shutil.html#shutil.copy&quot; rel=&quot;nofollow&quot;&gt;http://docs.python.org/library/shutil.html#shutil.copy&lt;/a&gt;&lt;/p&gt;&#xA;&#xA;&lt;blockquote&gt;&#xA;  &lt;p&gt;Copy the file src to the file or directory dst. If dst is a directory,&#xA;  a file with the same basename as src is created (or overwritten) in&#xA;  the directory specified. Permission bits are copied. src and dst are&#xA;  path names given as strings.&lt;/p&gt;&#xA;&lt;/blockquote&gt;&#xA;&#xA;&lt;p&gt;&lt;strong&gt;Edit:&lt;/strong&gt; Maybe also look into &lt;a href=&quot;http://docs.python.org/distutils/apiref.html#distutils.dir_util.copy_tree&quot; rel=&quot;nofollow&quot;&gt;&lt;code&gt;distutils.dir_util.copy_tree&lt;/code&gt;&lt;/a&gt;&lt;/p&gt;&#xA;</Body>
</answer>
<answer>
<Body>&lt;p&gt;I have a little work around that check whether there is a directory of the same name in the location first before doing the shutil.copytree function. Also it only copies directories with a certain wildcard. Not sure if that is needed to answer the question but I thought to leave it in there. &lt;/p&gt;&#xA;&#xA;&lt;pre&gt;&lt;code&gt;import sys&#xA;import os&#xA;import os.path&#xA;import shutil &#xA;&#xA;&#xA;src=&quot;/Volumes/VoigtKampff/Temp/_Jonatha/itmsp_source/&quot;&#xA;dst=&quot;/Volumes/VoigtKampff/Temp/_Jonatha/itmsp_drop/&quot;&#xA;&#xA;&#xA;for root, dirs, files in os.walk(src):&#xA;    for dir in dirs:&#xA;        if dir.endswith('folder'):&#xA;            print &quot;directory to be moved: %s&quot; % dir&#xA;            s = os.path.join(src, dir)&#xA;            d = os.path.join(dst, dir)&#xA;            if os.path.isdir(d):&#xA;                print &quot;Not copying - because %s is already in %s&quot; % (dir, dst)&#xA;            elif not os.path.isdir(d):&#xA;                shutil.copytree(s, d)&#xA;                print &quot;Copying %s to %s&quot; % (dir, dst)&#xA;&lt;/code&gt;&lt;/pre&gt;&#xA;</Body>
</answer>
<answer>
<Body>&lt;p&gt;I used the &lt;code&gt;distutils&lt;/code&gt; package to greater success than the other answers here.&lt;/p&gt;&#xA;&#xA;&lt;p&gt;&lt;a href=&quot;http://docs.python.org/2/distutils/apiref.html#module-distutils.dir_util&quot; rel=&quot;noreferrer&quot;&gt;http://docs.python.org/2/distutils/apiref.html#module-distutils.dir_util&lt;/a&gt;&lt;/p&gt;&#xA;&#xA;&lt;p&gt;The &lt;code&gt;distutils.dir_util.copy_tree&lt;/code&gt; function works very similarly to &lt;code&gt;shutil.copytree&lt;/code&gt; except that &lt;code&gt;dir_util.copy_tree&lt;/code&gt; will just overwrite a directory that exists instead of crashing with an Exception. &lt;/p&gt;&#xA;&#xA;&lt;p&gt;Replace: &lt;/p&gt;&#xA;&#xA;&lt;pre&gt;&lt;code&gt;import shutil&#xA;shutil.copytree(src, dst)&#xA;&lt;/code&gt;&lt;/pre&gt;&#xA;&#xA;&lt;p&gt;with:&lt;/p&gt;&#xA;&#xA;&lt;pre&gt;&lt;code&gt;import distutils.dir_util&#xA;distutils.dir_util.copy_tree(src, dst)&#xA;&lt;/code&gt;&lt;/pre&gt;&#xA;</Body>
</answer>
