<question>
<Title>Storing strings</Title>
<Body>&lt;p&gt;I'm trying to write a code which stores strings in an array. I'm trying to do it with char* but I couldn't achieve. I search the net but couldn't find an answer. I've tried the code below, but it didn't compile.I use string stream because at some point I need to concatenate a string with an integer.&lt;/p&gt;&#xA;&#xA;&lt;pre&gt;&lt;code&gt;stringstream asd;&#xA;asd&amp;lt;&amp;lt;&quot;my name is&quot;&amp;lt;&amp;lt;5;&#xA;string s = asd.str();&#xA;char *s1 = s;&#xA;&lt;/code&gt;&lt;/pre&gt;&#xA;</Body>
<Tags>c++,pointers</Tags>
</question>
<answer>
<Body>&lt;pre&gt;&lt;code&gt;char *s1 = s;&#xA;&lt;/code&gt;&lt;/pre&gt;&#xA;&#xA;&lt;p&gt;Is illegal. You either need:&lt;/p&gt;&#xA;&#xA;&lt;pre&gt;&lt;code&gt;const char *s1 = s.c_str();&#xA;&lt;/code&gt;&lt;/pre&gt;&#xA;&#xA;&lt;p&gt;if you're not set on &lt;code&gt;char*&lt;/code&gt;, or you'll need to allocate a new &lt;code&gt;char*&lt;/code&gt; and use &lt;code&gt;strcpy&lt;/code&gt; to copy the contents from the string.&lt;/p&gt;&#xA;</Body>
</answer>
<answer>
<Body>&lt;p&gt;Just change your code to&lt;/p&gt;&#xA;&#xA;&lt;pre&gt;&lt;code&gt;char const* s1 = s.c_str();&#xA;&lt;/code&gt;&lt;/pre&gt;&#xA;&#xA;&lt;p&gt;because a pointer to char can't store a string object, only a pointer to char, which is what c_str() returns.&lt;/p&gt;&#xA;</Body>
</answer>
<answer>
<Body>&lt;p&gt;How about something like this?&lt;/p&gt;&#xA;&#xA;&lt;pre&gt;&lt;code&gt;vector&amp;lt;string&amp;gt; string_array;&#xA;stringstream asd;&#xA;asd&amp;lt;&amp;lt;&quot;my name is&quot;&amp;lt;&amp;lt;5;&#xA;string_array.push_back(asd.str());&#xA;&lt;/code&gt;&lt;/pre&gt;&#xA;</Body>
</answer>
<answer>
<Body>&lt;blockquote&gt;&#xA;  &lt;p&gt;&gt; I'm trying to write a code which stores strings in an array. &lt;/p&gt;&#xA;&lt;/blockquote&gt;&#xA;&#xA;&lt;p&gt;Well, first you'll need an arary of strings. I don't like using naked arrays, so I use &lt;code&gt;std::vector&lt;/code&gt;:&lt;/p&gt;&#xA;&#xA;&lt;pre&gt;&lt;code&gt;std::vector&amp;lt;std::string&amp;gt; myStrings;&#xA;&lt;/code&gt;&lt;/pre&gt;&#xA;&#xA;&lt;p&gt;But, I understand you have to use an array, so we'll use an array instead:&lt;/p&gt;&#xA;&#xA;&lt;pre&gt;&lt;code&gt;// I hope 20 is enough, but not too many.&#xA;std::string myStrings[20];&#xA;int j = 0;&#xA;&lt;/code&gt;&lt;/pre&gt;&#xA;&#xA;&lt;blockquote&gt;&#xA;  &lt;p&gt;&gt; I use string stream because ...&lt;/p&gt;&#xA;&lt;/blockquote&gt;&#xA;&#xA;&lt;p&gt;Okay, we'll use stringstream:&lt;/p&gt;&#xA;&#xA;&lt;pre&gt;&lt;code&gt;std::stringstream s;&#xA;s &amp;lt;&amp;lt; &quot;Hello, Agent &quot; &amp;lt;&amp;lt; 99;&#xA;//myStrings.push_back(s.str()); // How *I* would have done it.&#xA;myStrings[j++] = s.str(); // How *you* have to do it.&#xA;&lt;/code&gt;&lt;/pre&gt;&#xA;&#xA;&lt;p&gt;That gets us &lt;em&gt;one&lt;/em&gt; string, but you want an array of them:&lt;/p&gt;&#xA;&#xA;&lt;pre&gt;&lt;code&gt;for(int i = 3; i &amp;lt; 11; i+=2) {&#xA;  s.str(&quot;&quot;); // clear out old value&#xA;  s &amp;lt;&amp;lt; i &amp;lt;&amp;lt; &quot; is a&quot; &amp;lt;&amp;lt; (i==9?&quot; very &quot;:&quot;n &quot;) &amp;lt;&amp;lt; &quot;odd prime.&quot;;&#xA;  //myStrings.push_back(s.str());&#xA;  myStrings[j++] = s.str();&#xA;}&#xA;&lt;/code&gt;&lt;/pre&gt;&#xA;&#xA;&lt;p&gt;Now you have an array of strings.&lt;/p&gt;&#xA;&#xA;&lt;p&gt;Complete, tested program:&lt;/p&gt;&#xA;&#xA;&lt;pre&gt;&lt;code&gt;#include &amp;lt;sstream&amp;gt;&#xA;#include &amp;lt;iostream&amp;gt;&#xA;&#xA;int main () {&#xA;  // I hope 20 is enough, but not too many.&#xA;  std::string myStrings[20];&#xA;  int j = 0;&#xA;&#xA;  std::stringstream s;&#xA;  s &amp;lt;&amp;lt; &quot;Hello, Agent &quot; &amp;lt;&amp;lt; 99;&#xA;  //myStrings.push_back(s.str()); // How *I* would have done it.&#xA;  myStrings[j++] = s.str(); // How *you* have to do it.&#xA;&#xA;  for(int i = 3; i &amp;lt; 11; i+=2) {&#xA;    s.str(&quot;&quot;); // clear out old value&#xA;    s &amp;lt;&amp;lt; i &amp;lt;&amp;lt; &quot; is a&quot; &amp;lt;&amp;lt; (i==9?&quot; very &quot;:&quot;n &quot;) &amp;lt;&amp;lt; &quot;odd prime.&quot;;&#xA;    //myStrings.push_back(s.str());&#xA;    myStrings[j++] = s.str();&#xA;  }&#xA;&#xA;  // Now we have an array of strings, what to do with them?&#xA;  // Let's print them.&#xA;  for(j = 0; j &amp;lt; 5; j++) {&#xA;    std::cout &amp;lt;&amp;lt; myStrings[j] &amp;lt;&amp;lt; &quot;\n&quot;;&#xA;  }&#xA;}&#xA;&lt;/code&gt;&lt;/pre&gt;&#xA;</Body>
</answer>
<answer>
<Body>&lt;p&gt;I wouldn't use the char * directly.  I would wrap it in something like the template below.  You can override the operators you need to do any more operations (example, I would make data a private member, and override the operators to make the data print out cleanly).  I did the assignment operator just to demonstrate how clean that could make code.&lt;/p&gt;&#xA;&#xA;&lt;pre&gt;&lt;code&gt;#include &quot;MainWindow.h&quot;&#xA;&#xA;#include &amp;lt;stdio.h&amp;gt;&#xA;&#xA;using namespace std;&#xA;&#xA;template&amp;lt;size_t size&amp;gt;&#xA;class SaferChar&#xA;{&#xA;public:&#xA;&#xA;  SaferChar &amp;amp; operator=(string const &amp;amp; other)&#xA;  {&#xA;    strncpy(data, other.c_str(), size);&#xA;&#xA;    return *this;&#xA;  }&#xA;&#xA;  char data[size];&#xA;};&#xA;&#xA;int main(int argc, char *argv[])&#xA;{&#xA;  SaferChar&amp;lt;10&amp;gt; safeChar;&#xA;  std::string String(&quot;Testing&quot;);&#xA;&#xA;&#xA;  safeChar = String.c_str();&#xA;&#xA;  printf(&quot;%s\n&quot;, safeChar.data);&#xA;&#xA;  return 0;&#xA;}&#xA;&lt;/code&gt;&lt;/pre&gt;&#xA;</Body>
</answer>
