<question>
<Title>Inspecting c++ libraries for different stl linkage to track down std::vector destructor crash on gcc/osx?</Title>
<Body>&lt;p&gt;So I recently started working on a large software project that links in several static and dynamic libraries on OSX, using the llvm-gcc compiler.  &lt;/p&gt;&#xA;&#xA;&lt;p&gt;I'm having serious problems with the stl.  Specifically, very simple code will crash.  For example, in my main project, the following code will crash:&lt;/p&gt;&#xA;&#xA;&lt;pre&gt;&lt;code&gt;{&#xA;    std::vector&amp;lt; unsigned int &amp;gt; testvec;&#xA;    testvec.resize( 1 );&#xA;    testvec[0] = 0;&#xA;}&#xA;&lt;/code&gt;&lt;/pre&gt;&#xA;&#xA;&lt;p&gt;It will crash when exiting the scope, inside of the std::vector&amp;lt; unsigned int &gt; destructor, throwing a SIGABRT and saying that the memory being deallocated hasn't been allocated.  Specifically:&lt;/p&gt;&#xA;&#xA;&lt;pre&gt;&lt;code&gt;malloc: *** error for object 0x135e8fc30: pointer being freed was not allocated&#xA;*** set a breakpoint in malloc_error_break to debug&#xA;&lt;/code&gt;&lt;/pre&gt;&#xA;&#xA;&lt;p&gt;This only happens in a release build - the debug build works just fine.&lt;/p&gt;&#xA;&#xA;&lt;p&gt;My best guess is that one of the external libraries is linked against another version of the STL that uses a different internal memory layout, so it's trying to dealloc the size or something like that.&lt;/p&gt;&#xA;&#xA;&lt;p&gt;I've run nm on all of the libraries I'm linking against, and several of them have external stl symbols (specifically, std::vector&amp;lt; unsigned int &gt; destructor is marked with an S in the nm output).  But I can't figure out which one is the culprit.&lt;/p&gt;&#xA;&#xA;&lt;p&gt;Is there a way to inspect the .a or dylib files to track down which ones are linking against a different version of the STL?&lt;/p&gt;&#xA;&#xA;&lt;p&gt;[edit]&lt;/p&gt;&#xA;&#xA;&lt;p&gt;This looks like a real-world example of the situation described in &lt;a href=&quot;https://stackoverflow.com/questions/1948204&quot;&gt;Two static libs, two different vector implementations, what would the linker do?&lt;/a&gt;   It turns out that the linker does horrible, horrible things.. :)&lt;/p&gt;&#xA;</Body>
<Tags>c++,macos,gcc,stl,linker</Tags>
</question>
<answer>
<Body>&lt;p&gt;I believe &lt;a href=&quot;https://developer.apple.com/library/mac/#documentation/darwin/reference/manpages/man1/otool.1.html&quot; rel=&quot;nofollow&quot;&gt;&lt;code&gt;otool -L&lt;/code&gt;&lt;/a&gt; is what you're looking for. This will list the shared libraries the program uses.&lt;/p&gt;&#xA;&#xA;&lt;p&gt;You should also check out your include path. It seems unlikely, but it's possible that &lt;code&gt;#include &amp;lt;vector&amp;gt;&lt;/code&gt; is pulling in a non-standard include, whose definition doesn't match what's in the standard library.&lt;/p&gt;&#xA;</Body>
</answer>
