<question>
<Title>missing ';' before '&lt;'</Title>
<Body>&lt;p&gt;I am doing some exercises and tried to convert a simple class into a template class.&#xA;After changing the code I wound up with a bunch of linker errors and so I removed the header file inclusion statement from the implementation and now include the implementation file at the bottom of the header file. Ever since then I get this strange syntax error: missing ';' before '&amp;lt;'. I can't see what I am doing wrong. &lt;/p&gt;&#xA;&#xA;&lt;p&gt;This is my header file:&lt;/p&gt;&#xA;&#xA;&lt;pre&gt;&lt;code&gt;#ifndef STACK_H&#xA;#define STACK_H&#xA;&#xA;#include &amp;lt;iostream&amp;gt;&#xA;&#xA;template&amp;lt;class T&amp;gt;&#xA;class Stack&#xA;{&#xA;    T* buffer;&#xA;size_t count;&#xA;public:&#xA;Stack();&#xA;~Stack();&#xA;void push(T value);&#xA;void pop();&#xA;T top() const;&#xA;size_t size() const;&#xA;};&#xA;&#xA;#include &quot;Stack.cpp&quot;&#xA;&#xA;#endif&#xA;&lt;/code&gt;&lt;/pre&gt;&#xA;&#xA;&lt;p&gt;And this is the implementation file:&lt;/p&gt;&#xA;&#xA;&lt;pre&gt;&lt;code&gt;template&amp;lt;class T&amp;gt;&#xA;Stack&amp;lt;T&amp;gt;::Stack() : count(0)&#xA;{&#xA;buffer = new T;&#xA;}&#xA;&#xA;template&amp;lt;class T&amp;gt;&#xA;Stack&amp;lt;T&amp;gt;::~Stack()&#xA;{&#xA;delete[] buffer;&#xA;}&#xA;&#xA;template&amp;lt;class T&amp;gt;&#xA;void Stack&amp;lt;T&amp;gt;::push( T value )&#xA;{&#xA;if(size() == 0) *(buffer) = value;&#xA;else&#xA;{&#xA;    T* newBuffer = new T[count+1];&#xA;&#xA;    for(size_t i=0; i &amp;lt;= size(); ++i)&#xA;        newBuffer[i] = buffer[i];&#xA;&#xA;    newBuffer[count] = value;&#xA;    buffer = newBuffer;&#xA;}&#xA;++count;&#xA;}&#xA;&#xA;template&amp;lt;class T&amp;gt;&#xA;void Stack&amp;lt;T&amp;gt;::pop()&#xA;{&#xA;if(size() &amp;lt;= 0) return;&#xA;&#xA; buffer[size()-1]=0;&#xA; --count;&#xA;}&#xA;template&amp;lt;class T&amp;gt; &#xA;typename T Stack&amp;lt;T&amp;gt;::top() const&#xA;{&#xA;if(size() &amp;lt;= 0) &#xA;{&#xA;std::cout &amp;lt;&amp;lt; &quot;the stack is empty&quot; &amp;lt;&amp;lt; std::endl;&#xA;return -1;&#xA;}&#xA;else&#xA;{&#xA;    return buffer[size()-1];&#xA;}&#xA;}&#xA;&#xA;template&amp;lt;class T&amp;gt;&#xA;size_t Stack&amp;lt;T&amp;gt;::size() const&#xA;{&#xA;return count;&#xA;}&#xA;&lt;/code&gt;&lt;/pre&gt;&#xA;&#xA;&lt;p&gt;Any help would be appreciated !!!&lt;/p&gt;&#xA;</Body>
<Tags>c++,templates</Tags>
</question>
<answer>
<Body>&lt;p&gt;My guess is that you're attempting to compile the &lt;code&gt;.cpp&lt;/code&gt; file. Despite the confusing file extension, it isn't a complete translation unit, so it can't be compiled by itself. Just include the header from any file that uses the class.&lt;/p&gt;&#xA;&#xA;&lt;p&gt;Personally, I'd move the implementation into the header file; others might give it a different file extension that doesn't look like a compilable source file (I've seen &lt;code&gt;.tcc&lt;/code&gt; and &lt;code&gt;.inl&lt;/code&gt; used for such files, but there's no universal convention).&lt;/p&gt;&#xA;&#xA;&lt;p&gt;Also:&lt;/p&gt;&#xA;&#xA;&lt;pre&gt;&lt;code&gt;template&amp;lt;class T&amp;gt; &#xA;typename T Stack&amp;lt;T&amp;gt;::top() const&#xA;^^^^^^^^^&#xA;&lt;/code&gt;&lt;/pre&gt;&#xA;&#xA;&lt;p&gt;Remove that &lt;code&gt;typename&lt;/code&gt;; you only put that before a type name that depends on a template parameter.&lt;/p&gt;&#xA;</Body>
</answer>
