<question>
<Title>Concatenating Two FASTA Files in C++</Title>
<Body>&lt;p&gt;I have two FASTA files:&lt;/p&gt;&#xA;&#xA;&lt;p&gt;file1.fasta&lt;/p&gt;&#xA;&#xA;&lt;pre&gt;&lt;code&gt;&amp;gt;foo&#xA;ATCGGGG&#xA;&amp;gt;bar&#xA;CCCCCC&#xA;&lt;/code&gt;&lt;/pre&gt;&#xA;&#xA;&lt;p&gt;file2.fasta&lt;/p&gt;&#xA;&#xA;&lt;pre&gt;&lt;code&gt;&amp;gt;qux&#xA;ATCGGAAA&#xA;&lt;/code&gt;&lt;/pre&gt;&#xA;&#xA;&lt;p&gt;What I want to do now is to concatenating them into one file that results:&lt;/p&gt;&#xA;&#xA;&lt;pre&gt;&lt;code&gt;&amp;gt;foo&#xA;ATCGGGG&#xA;&amp;gt;bar&#xA;CCCCCC&#xA;&amp;gt;qux&#xA;ATCGGAAA&#xA;&lt;/code&gt;&lt;/pre&gt;&#xA;&#xA;&lt;p&gt;Thus preserving the name of each sequence that started with &quot;&gt;&quot;.&#xA;Currently my code below replace that name with index, namely:&lt;/p&gt;&#xA;&#xA;&lt;pre&gt;&lt;code&gt;&amp;gt;0&#xA;ATCGGGG&#xA;&amp;gt;1&#xA;CCCCCC&#xA;&amp;gt;0&#xA;ATCGGAAA&#xA;&lt;/code&gt;&lt;/pre&gt;&#xA;&#xA;&lt;p&gt;What's the right way to modify my code below?&lt;/p&gt;&#xA;&#xA;&lt;pre&gt;&lt;code&gt;#include &amp;lt;iostream&amp;gt;&#xA;#include &amp;lt;vector&amp;gt;&#xA;#include &amp;lt;fstream&amp;gt;&#xA;#include &amp;lt;sstream&amp;gt;&#xA;#include&amp;lt;stdio.h&amp;gt;&#xA;#include&amp;lt;string&amp;gt;&#xA;using namespace std;&#xA;#define MAX_LINE_SIZE 1024&#xA;&#xA;int mk_joint_file(char *ctrlFile, char *tgtFile, char *outFile){&#xA;&#xA;  char s[MAX_LINE_SIZE];&#xA;&#xA;  FILE *ofp = fopen(outFile,&quot;w&quot;);&#xA;  FILE *cfp = fopen(ctrlFile,&quot;r&quot;);&#xA;  FILE *tfp = fopen(tgtFile,&quot;r&quot;);&#xA;&#xA;&#xA;  //  char *p;&#xA;  int flg=false;&#xA;  int line=0;&#xA;  while(fgets(s,MAX_LINE_SIZE,cfp) != NULL){&#xA;      if(s[0]=='&amp;gt;'){&#xA;          flg=true;&#xA;          fprintf(ofp,&quot;&amp;gt;%d\n&quot;,line);&#xA;          line++;&#xA;      }else{&#xA;          if(flg==true){&#xA;              fprintf(ofp,&quot;%s&quot;,s);&#xA;          }&#xA;          flg=false;&#xA;      }&#xA;  }&#xA;&#xA;  flg=false;&#xA;  line=0;&#xA;  while(fgets(s,MAX_LINE_SIZE,tfp) != NULL){&#xA;      if(s[0]=='&amp;gt;'){&#xA;          flg=true;&#xA;          fprintf(ofp,&quot;&amp;gt;%d\n&quot;,line);&#xA;          line++;&#xA;      }else{&#xA;          if(flg==true)&#xA;              fprintf(ofp,&quot;%s&quot;,s);&#xA;          flg=false;&#xA;      }&#xA;  }&#xA;&#xA;  fclose(cfp);&#xA;  fclose(tfp);&#xA;  fclose(ofp);&#xA;&#xA;&#xA;  return(0);&#xA;}&#xA;&#xA;int main(int argc, char **argv)&#xA;{&#xA;    string ifname_control = argv[1];&#xA;    string ifname_target = argv[2];&#xA;    string ofname = &quot;newjoin.txt&quot;;&#xA;    mk_joint_file((char *)ifname_control.c_str(), (char *)ifname_target.c_str(), (char *)ofname.c_str());&#xA;&#xA;}&#xA;&lt;/code&gt;&lt;/pre&gt;&#xA;</Body>
<Tags>c++,string</Tags>
</question>
<answer>
<Body>&lt;p&gt;Is it any harder than just changing these lines&lt;/p&gt;&#xA;&#xA;&lt;pre&gt;&lt;code&gt;fprintf(ofp,&quot;&amp;gt;%d\n&quot;,line);&#xA;&lt;/code&gt;&lt;/pre&gt;&#xA;&#xA;&lt;p&gt;to&lt;/p&gt;&#xA;&#xA;&lt;pre&gt;&lt;code&gt;// TODO check fgets() handling of EOL - may not need the \n&#xA;fprintf(ofp, %s\n&quot;, s);&#xA;&lt;/code&gt;&lt;/pre&gt;&#xA;</Body>
</answer>
<answer>
<Body>&lt;p&gt;just change line 29 and 40 to &#xA;&lt;code&gt;fprintf(ofp,&quot;%s&quot;,s);&lt;/code&gt;&lt;/p&gt;&#xA;</Body>
</answer>
