<question>
<Title>Cannot pass parameters to dll with ctypes (Python)</Title>
<Body>&lt;p&gt;Having some problems using ctypes&lt;/p&gt;&#xA;&#xA;&lt;p&gt;I have a testdll with following interface&lt;/p&gt;&#xA;&#xA;&lt;pre&gt;&lt;code&gt;extern &quot;C&quot;&#xA;{&#xA;    // Returns a + b&#xA;    double Add(double a, double b);&#xA;    // Returns a - b&#xA;    double Subtract(double a, double b);&#xA;    // Returns a * b&#xA;    double Multiply(double a, double b);&#xA;    // Returns a / b&#xA;    double Divide(double a, double b);&#xA;}&#xA;&lt;/code&gt;&lt;/pre&gt;&#xA;&#xA;&lt;p&gt;I also have a .def file so i have &quot;real&quot; names&lt;/p&gt;&#xA;&#xA;&lt;pre&gt;&lt;code&gt;LIBRARY &quot;MathFuncsDll&quot;&#xA;EXPORTS&#xA;&#xA; Add&#xA; Subtract&#xA; Multiply&#xA; Divide&#xA;&lt;/code&gt;&lt;/pre&gt;&#xA;&#xA;&lt;p&gt;I can load and access the function from the dll via ctype&#xA;but I cannot pass the parameter, see python output&lt;/p&gt;&#xA;&#xA;&lt;pre&gt;&lt;code&gt;&amp;gt;&amp;gt;&amp;gt; from ctypes import *&#xA;&amp;gt;&amp;gt;&amp;gt; x=windll.MathFuncsDll&#xA;&amp;gt;&amp;gt;&amp;gt; x&#xA;&amp;lt;WinDLL 'MathFuncsDll', handle 560000 at 29e1710&amp;gt;&#xA;&amp;gt;&amp;gt;&amp;gt; a=c_double(2.12)&#xA;&amp;gt;&amp;gt;&amp;gt; b=c_double(3.4432)&#xA;&amp;gt;&amp;gt;&amp;gt; x.Add(a,b)&#xA;&#xA;Traceback (most recent call last):&#xA;  File &quot;&amp;lt;pyshell#76&amp;gt;&quot;, line 1, in &amp;lt;module&amp;gt;&#xA;    x.Add(a,b)&#xA;ValueError: Procedure probably called with too many arguments (16 bytes in excess)&#xA;&amp;gt;&amp;gt;&amp;gt; &#xA;&lt;/code&gt;&lt;/pre&gt;&#xA;&#xA;&lt;p&gt;But I can the Function Add without parameters?!?!?!?!&lt;/p&gt;&#xA;&#xA;&lt;pre&gt;&lt;code&gt;&amp;gt;&amp;gt;&amp;gt; x.Add()&#xA;2619260&#xA;&lt;/code&gt;&lt;/pre&gt;&#xA;&#xA;&lt;p&gt;Can somebody point me in the right direction?&#xA;I think forget something obvious because I can call function from other dll (eg. kernel32)&lt;/p&gt;&#xA;</Body>
<Tags>python,dll,ctypes</Tags>
</question>
<answer>
<Body>&lt;p&gt;&lt;code&gt;ctypes&lt;/code&gt; assumes &lt;code&gt;int&lt;/code&gt; and &lt;code&gt;pointer&lt;/code&gt; types for parameters and &lt;code&gt;int&lt;/code&gt; for return values unless you specify otherwise.  Exported functions also typically default to the C calling convention (CDLL in ctypes), not WinDLL.  Try this:&lt;/p&gt;&#xA;&#xA;&lt;pre&gt;&lt;code&gt;from ctypes import *&#xA;x = CDLL('MathFuncsDll')&#xA;add = x.Add&#xA;add.restype = c_double&#xA;add.argtypes = [c_double,c_double]&#xA;print add(1.0,2.5)&#xA;&lt;/code&gt;&lt;/pre&gt;&#xA;&#xA;&lt;h3&gt;Output&lt;/h3&gt;&#xA;&#xA;&lt;pre&gt;&lt;code&gt;3.5&#xA;&lt;/code&gt;&lt;/pre&gt;&#xA;</Body>
</answer>
