<question>
<Title>Solving integer constrained optimization problems</Title>
<Body>&lt;p&gt;I'm new to these problems both mathematically and programmatically. If anyone could suggest a c++ library to use that could solve the following problem I would really appreciate it.&lt;/p&gt;&#xA;&#xA;&lt;p&gt;Given constants:&lt;/p&gt;&#xA;&#xA;&lt;p&gt;&lt;code&gt;{x_1, ..., x_n}, {y_1, ..., y_n}, {z_1, ..., z_n}, C, &amp;amp; variables {q_1, ..., q_n}&lt;/code&gt; &lt;/p&gt;&#xA;&#xA;&lt;p&gt;Maximize: &lt;code&gt;sum(i = 1..n} q_i*x_i&lt;/code&gt;&lt;/p&gt;&#xA;&#xA;&lt;p&gt;Subject to: &lt;code&gt;C - sum(i = 1..n){ sum(j = 1..q_i) [y_i + (j-1)*z_i ] } &amp;gt;= 0 AND q_i &amp;gt;= 0&lt;/code&gt;&lt;/p&gt;&#xA;&#xA;&lt;p&gt;All constants are integers greater than zero. The &lt;code&gt;q_i's&lt;/code&gt; are also integers.&lt;/p&gt;&#xA;&#xA;&lt;p&gt;So I'm trying to solve for &lt;code&gt;{q_1, ..., q_n}&lt;/code&gt;&lt;/p&gt;&#xA;</Body>
<Tags>c++,optimization,equations,inequalities,diophantine</Tags>
</question>
<answer>
<Body>&lt;p&gt;Sounds like an optimization problem that would be well suited to linear programming. The &lt;a href=&quot;http://www.gnu.org/software/glpk/&quot; rel=&quot;nofollow&quot;&gt;GNU Linear Programming Kit (GLPK)&lt;/a&gt; is a full-featured C library for this.&lt;/p&gt;&#xA;&#xA;&lt;p&gt;IBM has a nice tutorial about linear programming and how to do it with GLPK &lt;a href=&quot;http://www.ibm.com/developerworks/linux/library/l-glpk1/&quot; rel=&quot;nofollow&quot;&gt;here&lt;/a&gt;.&lt;/p&gt;&#xA;</Body>
</answer>
