<question>
<Title>How can I capture output from the Windows cmd shell?</Title>
<Body>&lt;p&gt;Is there any way with, say Perl or PHP, that I can grab output from another process that outputs to the Windows cmd shell? I have a game server that outputs certain information, for example say 'player finished track in 43s' and I want to grab that line and use Perl or PHP to send a request to a webserver to update ranks on a web page. Is there a way to grab that output pipe in Perl or PHP? Or could I achieve this using C++ Windows API maybe?&lt;/p&gt;&#xA;&#xA;&lt;p&gt;Let me clarify here: I want to execute a seperate Perl or PHP script that grabs output from the Windows cmd shell, and the output that is being displayed to the Windows cmd shell is coming from a different process.&lt;/p&gt;&#xA;</Body>
<Tags>php,c++,windows,perl</Tags>
</question>
<answer>
<Body>&lt;p&gt;Capturing the output in Perl is as simple as:&lt;/p&gt;&#xA;&#xA;&lt;pre&gt;&lt;code&gt;$output = qx(command);&#xA;&lt;/code&gt;&lt;/pre&gt;&#xA;&#xA;&lt;p&gt;or&lt;/p&gt;&#xA;&#xA;&lt;pre&gt;&lt;code&gt;$output = `command`;  # backticks&#xA;&lt;/code&gt;&lt;/pre&gt;&#xA;&#xA;&lt;p&gt;Refer: &lt;a href=&quot;http://perldoc.perl.org/perlop.html#Quote-Like-Operators&quot; rel=&quot;nofollow noreferrer&quot;&gt;perldoc perlop&lt;/a&gt;&lt;/p&gt;&#xA;</Body>
</answer>
<answer>
<Body>&lt;p&gt;You could use &lt;a href=&quot;http://perldoc.perl.org/IPC/Open3.html&quot; rel=&quot;nofollow noreferrer&quot;&gt;IPC::Open3&lt;/a&gt; to read from the other process' standard output. Note that inter-process communication assumes a parent/child relationship between the processes. If that's not the case... I'm not aware of a mechanism for attaching to the output of a pre-existing process. In that case you may need to alter the producer to write data to a log file (or database) that your application can read from.&lt;/p&gt;&#xA;</Body>
</answer>
<answer>
<Body>&lt;p&gt;If all you care about is STDOUT, you can just use open2 from &lt;a href=&quot;http://perldoc.perl.org/IPC/Open2.html&quot; rel=&quot;nofollow noreferrer&quot;&gt;IPC::Open2&lt;/a&gt;:&lt;/p&gt;&#xA;&#xA;&lt;pre&gt;&lt;code&gt;#!/usr/bin/perl&#xA;&#xA;use strict;&#xA;use warnings;&#xA;&#xA;use IPC::Open2;&#xA;&#xA;#if there are arguments pretend to be the server&#xA;#for this example&#xA;if (@ARGV) {&#xA;    local $| = 1;&#xA;    for my $i (1 .. 100) {&#xA;        print &quot;pid $$ iter $i\n&quot;;&#xA;        sleep 1;&#xA;    }&#xA;    exit;&#xA;}        &#xA;&#xA;#run perl with the current script as its argument,&#xA;#pass in an arg so that we trigger the behaviour &#xA;#above&#xA;open2 my $out, my $in, $^X, $0, 1 &#xA;    or die &quot;could not run '$^X $0 1': $!\n&quot;;&#xA;&#xA;while (&amp;lt;$out&amp;gt;) {&#xA;    s/[\r\n]//g;&#xA;    print &quot;pid $$ saw [$_]\n&quot;;&#xA;}&#xA;&lt;/code&gt;&lt;/pre&gt;&#xA;</Body>
</answer>
<answer>
<Body>&lt;p&gt;This code redirects the STDOUT of a console application to a stringlist, which you can use on a memo for example. It's Delphi code, but in C++ the basic idea is exactly the same.&lt;/p&gt;&#xA;&#xA;&lt;p&gt;I use it to run console applications hidden, while redirecting the output to my own application, to show in a pane. It adds a new line to AStrings as soon as data comes in, so you'll have access to the output of the other application before it finishes.&lt;/p&gt;&#xA;&#xA;&lt;pre&gt;&lt;code&gt;procedure RunConsoleApp(const CommandLine: string; AStrings: TStrings);&#xA;type&#xA;  TCharBuffer = array[0..MaxInt div SizeOf(Char) - 1] of Char;&#xA;const&#xA;  MaxBufSize = 1024;&#xA;var&#xA;  I: Longword;&#xA;  SI: TStartupInfo;&#xA;  PI: TProcessInformation;&#xA;  SA: PSecurityAttributes;&#xA;  SD: PSECURITY_DESCRIPTOR;&#xA;  NewStdIn: THandle;&#xA;  NewStdOut: THandle;&#xA;  ReadStdOut: THandle;&#xA;  WriteStdIn: THandle;&#xA;  Buffer: ^TCharBuffer;&#xA;  BufferSize: Cardinal;&#xA;  Last: WideString;&#xA;  Str: WideString;&#xA;  ExitCode_: DWORD;&#xA;  Bread: DWORD;&#xA;  Avail: DWORD;&#xA;begin&#xA;  GetMem(SA, SizeOf(TSecurityAttributes));&#xA;&#xA;  case Win32Platform of&#xA;    VER_PLATFORM_WIN32_NT:&#xA;      begin&#xA;        GetMem(SD, SizeOf(SECURITY_DESCRIPTOR));&#xA;        SysUtils.Win32Check(InitializeSecurityDescriptor(SD, SECURITY_DESCRIPTOR_REVISION));&#xA;        SysUtils.Win32Check(SetSecurityDescriptorDacl(SD, True, nil, False));&#xA;        SA.lpSecurityDescriptor := SD;&#xA;      end; {end VER_PLATFORM_WIN32_NT}&#xA;  else&#xA;    SA.lpSecurityDescriptor := nil;&#xA;  end; {end case}&#xA;&#xA;  SA.nLength := SizeOf(SECURITY_ATTRIBUTES);&#xA;  SA.bInheritHandle := True;&#xA;&#xA;  SysUtils.Win32Check(CreatePipe(NewStdIn, WriteStdIn, SA, 0));&#xA;&#xA;  if not CreatePipe(ReadStdOut, NewStdOut, SA, 0) then&#xA;  begin&#xA;    CloseHandle(NewStdIn);&#xA;    CloseHandle(WriteStdIn);&#xA;    SysUtils.RaiseLastWin32Error;&#xA;  end; {end if}&#xA;&#xA;  GetStartupInfo(SI);&#xA;  SI.dwFlags := STARTF_USESTDHANDLES or STARTF_USESHOWWINDOW;&#xA;  SI.wShowWindow := {SW_SHOWNORMAL} SW_HIDE;&#xA;  SI.hStdOutput := NewStdOut;&#xA;  SI.hStdError := NewStdOut;&#xA;  SI.hStdInput := NewStdIn;&#xA;&#xA;  if not CreateProcess(nil, PChar(CommandLine), nil, nil, True, CREATE_NEW_CONSOLE, nil, nil, SI, PI) then&#xA;  begin&#xA;    CloseHandle(NewStdIn);&#xA;    CloseHandle(NewStdOut);&#xA;    CloseHandle(ReadStdOut);&#xA;    CloseHandle(WriteStdIn);&#xA;    SysUtils.RaiseLastWin32Error;&#xA;  end; {end if}&#xA;&#xA;  Last := '';&#xA;  BufferSize := MaxBufSize;&#xA;  Buffer := AllocMem(BufferSize);&#xA;&#xA;  try&#xA;    repeat&#xA;      SysUtils.Win32Check(GetExitCodeProcess(PI.hProcess, ExitCode_));&#xA;      PeekNamedPipe(ReadStdOut, Buffer, BufferSize, @Bread, @Avail, nil);&#xA;&#xA;      if (Bread &amp;lt;&amp;gt; 0) then&#xA;      begin&#xA;        if (BufferSize &amp;lt; Avail) then&#xA;        begin&#xA;          BufferSize := Avail;&#xA;          ReallocMem(Buffer, BufferSize);&#xA;        end; {end if}&#xA;        FillChar(Buffer^, BufferSize, #0);&#xA;        Windows.ReadFile(ReadStdOut, Buffer^, BufferSize, Bread, nil);&#xA;        Str := Last;&#xA;        I := 0;&#xA;&#xA;        while (I &amp;lt; Bread) do&#xA;        begin&#xA;&#xA;          case Buffer^[I] of&#xA;            #0: inc(I);&#xA;            #7: begin&#xA;                  inc(I);&#xA;                  Windows.Beep(800, 50);&#xA;                  Str := Str + '^';&#xA;                end;&#xA;            #10:&#xA;              begin&#xA;                inc(I);&#xA;                AStrings.Add(Str);&#xA;                Str := '';&#xA;              end; {end #10}&#xA;            #13:&#xA;              begin&#xA;                inc(I);&#xA;                if (I &amp;lt; Bread) and (Buffer^[I] = #10) then&#xA;                  inc(I);&#xA;                AStrings.Add(Str);&#xA;                Str := '';&#xA;              end; {end #13}&#xA;          else&#xA;            begin&#xA;              Str := Str + Buffer^[I];&#xA;              inc(I);&#xA;            end; {end else}&#xA;          end; {end case}&#xA;        end; {end while}&#xA;        Last := Str;&#xA;      end; {end if}&#xA;      Sleep(1);&#xA;      Application.ProcessMessages;&#xA;&#xA;    until (ExitCode_ &amp;lt;&amp;gt; STILL_ACTIVE);&#xA;&#xA;    if Last &amp;lt;&amp;gt; '' then&#xA;      AStrings.Add(Last);&#xA;&#xA;  finally&#xA;    FreeMem(Buffer);&#xA;  end; {end try/finally}&#xA;&#xA;  CloseHandle(PI.hThread);&#xA;  CloseHandle(PI.hProcess);&#xA;  CloseHandle(NewStdIn);&#xA;  CloseHandle(NewStdOut);&#xA;  CloseHandle(ReadStdOut);&#xA;  CloseHandle(WriteStdIn);&#xA;&#xA;end; {end procedure}&#xA;&lt;/code&gt;&lt;/pre&gt;&#xA;</Body>
</answer>
<answer>
<Body>&lt;p&gt;You need to start your server within Perl:&lt;/p&gt;&#xA;&#xA;&lt;pre&gt;&lt;code&gt;my $server_out = `server.exe`; # Note the backticks.&#xA;&lt;/code&gt;&lt;/pre&gt;&#xA;&#xA;&lt;p&gt;Now $server_out contains the output of server.exe. But the trick here is that you have to wait until server.exe exits to get the out put.&lt;/p&gt;&#xA;&#xA;&lt;p&gt;Try &lt;a href=&quot;http://search.cpan.org/~adamk/IPC-Run-0.82/lib/IPC/Run.pm&quot; rel=&quot;nofollow noreferrer&quot;&gt;IPC::Run&lt;/a&gt; (which is not a core module)&lt;/p&gt;&#xA;&#xA;&lt;pre&gt;&lt;code&gt;use English;&#xA;use IPC::Run;&#xA;my ($stdout, $stderr);&#xA;&#xA;IPC::Run::run([$cmd, $arg1, $arg2, $argN], \undef, \$stdout, $stderr);&#xA;&#xA;while(&amp;lt;$stdout&amp;gt;) {&#xA;  print &quot;Cmd said $_\n&quot;;&#xA;}&#xA;&lt;/code&gt;&lt;/pre&gt;&#xA;&#xA;&lt;p&gt;Note: Code not tested.&lt;/p&gt;&#xA;&#xA;&lt;p&gt;Found the info &lt;a href=&quot;https://stackoverflow.com/questions/109124/run-external-process-from-perl-capture-stderr-stdout-and-the-process-exit-code&quot;&gt;here.&lt;/a&gt;&lt;/p&gt;&#xA;</Body>
</answer>
<answer>
<Body>&lt;p&gt;Here is a PHP specific solution, the project allows PHP to obtain and interact dynamically with a real cmd terminal. Get it here: &lt;a href=&quot;https://github.com/merlinthemagic/MTS&quot; rel=&quot;nofollow noreferrer&quot;&gt;https://github.com/merlinthemagic/MTS&lt;/a&gt;&lt;/p&gt;&#xA;&#xA;&lt;p&gt;After downloading you would simply use the following code:&lt;/p&gt;&#xA;&#xA;&lt;pre&gt;&lt;code&gt;//if you prefer Powershell, replace 'cmd' with 'powershell'&#xA;$shellObj    = \MTS\Factories::getDevices()-&amp;gt;getLocalHost()-&amp;gt;getShell('cmd');&#xA;&#xA;$strCmd1   = 'some_app.exe -param &quot;test&quot;';&#xA;$return1   = $shellObj-&amp;gt;exeCmd($strCmd1);&#xA;&lt;/code&gt;&lt;/pre&gt;&#xA;&#xA;&lt;p&gt;The return will give you the command return OR error from cmd, just as if you sat at the console. &lt;/p&gt;&#xA;&#xA;&lt;p&gt;Furthermore, you can issue any command you like against the $shellObj, the environment is maintained throughout the life of the PHP script. So instead of bundling commands in a script file, just issue them one by one using the exeCmd() method, that way you can also handle the return and any exceptions.&lt;/p&gt;&#xA;</Body>
</answer>
