<question>
<Title>How to debug indentation errors in python</Title>
<Body>&lt;p&gt;I am trying to write my very first python script. This was working but then after some slight refactoring I have, apparently, broken the indentation. I can not determine what is the problem. The interpretor complains about the following method. Can someone point it out?&lt;/p&gt;&#xA;&#xA;&lt;pre&gt;&lt;code&gt;def dataReceived(self, data):&#xA;    a = data.split(':')&#xA;    print a&#xA;    if len(a) &amp;gt; 1:&#xA;        command = a[0]&#xA;        content = a[1]&#xA;&#xA;        msg = &quot;&quot;&#xA;        if command == &quot;iam&quot;:&#xA;            self.name = content&#xA;            msg = self.name + &quot; has joined&quot;&#xA;&#xA;        elif command == &quot;msg&quot;:&#xA;            msg = self.name + &quot;: &quot; + content&#xA;            print msg&#xA;&lt;/code&gt;&lt;/pre&gt;&#xA;&#xA;&lt;blockquote&gt;&#xA;  &lt;p&gt;The error reads: File &quot;python_server.py&quot;, line 17&#xA;      a = data.split(':')&#xA;      ^ IndentationError: expected an indented block&lt;/p&gt;&#xA;&lt;/blockquote&gt;&#xA;</Body>
<Tags>python,debugging,indentation</Tags>
</question>
<answer>
<Body>&lt;p&gt;You start using a text editor that allows you to show indents, and you become consistent about using spaces instead of tabs, and you enforce that in your editor.&lt;/p&gt;&#xA;</Body>
</answer>
<answer>
<Body>&lt;p&gt;There are a great number of things you can do here:&lt;/p&gt;&#xA;&#xA;&lt;ol&gt;&#xA;&lt;li&gt;Use an editor that can show control characters (like &lt;code&gt;vi&lt;/code&gt; with &lt;code&gt;set list&lt;/code&gt;).&lt;/li&gt;&#xA;&lt;li&gt;Use a hex dumper program like &lt;code&gt;od -xcb&lt;/code&gt;.&lt;/li&gt;&#xA;&lt;li&gt;Just delete the white space at the start of that line and re-insert it (may want to check the preceding line as well).&lt;/li&gt;&#xA;&lt;/ol&gt;&#xA;</Body>
</answer>
<answer>
<Body>&lt;p&gt;I encountered a similar problem using Sublime Text 2. &lt;/p&gt;&#xA;&#xA;&lt;p&gt;To solve, click on the &quot;Tab Size&quot; at the bottom of the editor, and choose &quot;Convert Indentation to Tabs&quot;.&lt;/p&gt;&#xA;</Body>
</answer>
<answer>
<Body>&lt;p&gt;Try Editra - www.editra.org&lt;/p&gt;&#xA;&#xA;&lt;p&gt;Your code looks fine, syntax seems fine...your text editor may be creating your errors. Review your file with Editra to see/review indentation levels.&lt;/p&gt;&#xA;&#xA;&lt;p&gt;Editra saved my sanity - I thought I had correct syntax when viewing my script in Text Editors including Notepad++ with python indent plugin. However, when I would run the script, it would throw off indentation errors every time. I finally opened the script up in Editra, and I could see the problem. Notepad++ and other text editors did not show correct indentations/tabs/spaces. Editra showed errors e.g. unexpected spaces, tabs - which I was able to correct.&lt;/p&gt;&#xA;&#xA;&lt;p&gt;Editra will auto-indent your script [and show errors -tabs, spaces -that may not show up in other text editors]. &lt;/p&gt;&#xA;&#xA;&lt;blockquote&gt;&#xA;  &lt;p&gt;If you have indent errors it will show up as blue underlined segment; &lt;/p&gt;&#xA;  &#xA;  &lt;blockquote&gt;&#xA;    &lt;p&gt;If you are writing script [adding/deleting lines] Editra will auto-indent the script.&lt;/p&gt;&#xA;  &lt;/blockquote&gt;&#xA;&lt;/blockquote&gt;&#xA;&#xA;&lt;p&gt;**I would suggest opening your script and editing it in Editra.&lt;/p&gt;&#xA;&#xA;&lt;p&gt;Hope this helps!&#xA;Best of luck.&#xA;str8arrow&lt;/p&gt;&#xA;</Body>
</answer>
<answer>
<Body>&lt;p&gt;if you're using the &quot;Sublime Text 2&quot; editor, then I found this answer helpful - it details how to turn on whitespace characters and also convert tabs to whitespaces&lt;/p&gt;&#xA;&#xA;&lt;p&gt;&lt;a href=&quot;https://stackoverflow.com/questions/10153998/sublime-text-2-view-whitespace-characters&quot;&gt;sublime-text-2-view-whitespace-characters&lt;/a&gt;&lt;/p&gt;&#xA;</Body>
</answer>
