<question>
<Title>Trying to match two images using sift in OpenCv, but too many matches</Title>
<Body>&lt;p&gt;I am trying to implement a program which will input two images one is an image of a box alone and one which includes the box in the scene. Basically, the program is supposed to find keypoints in these two images and will show the images with keypoints matched. That is in the end I expect to see an appended image of two input images together with their matched keypoints connected. My code is as follows:&lt;/p&gt;&#xA;&#xA;&lt;pre&gt;&lt;code&gt;#include &amp;lt;opencv2\opencv.hpp&amp;gt;&#xA;#include &amp;lt;iostream&amp;gt;&#xA;&#xA;int main(int argc, const char* argv[]) {&#xA;   cv::Mat input1 = cv::imread(&quot;input.jpg&quot;, 1); //Load as grayscale&#xA;   //cv::cvtColor(input1,input1,CV_BGR2GRAY);&#xA;   //second input load as grayscale&#xA;   cv::Mat input2 = cv::imread(&quot;input2.jpg&quot;,1);&#xA;   cv::SiftFeatureDetector detector;&#xA;   //cv::SiftFeatureDetector&#xA;   detector(&#xA;      1, 1,&#xA;      cv::SIFT::CommonParams::DEFAULT_NOCTAVES,&#xA;      cv::SIFT::CommonParams::DEFAULT_NOCTAVE_LAYERS,&#xA;      cv::SIFT::CommonParams::DEFAULT_FIRST_OCTAVE,&#xA;      cv::SIFT::CommonParams::FIRST_ANGLE );&#xA;   std::vector&amp;lt;cv::KeyPoint&amp;gt; keypoints1;&#xA;   detector.detect(input1, keypoints1);&#xA;   // Add results to image and save.&#xA;   cv::Mat output1;&#xA;   cv::drawKeypoints(input1, keypoints1, output1);&#xA;   cv::imshow(&quot;Sift_result1.jpg&quot;, output1);&#xA;   cv::imwrite(&quot;Sift_result1.jpg&quot;,output1);&#xA;   //keypoints array for input 2&#xA;   std::vector&amp;lt;cv::KeyPoint&amp;gt; keypoints2;&#xA;   //output array for ouput 2&#xA;   cv::Mat output2;&#xA;   //Sift extractor of opencv&#xA;   cv::SiftDescriptorExtractor extractor;&#xA;   cv::Mat descriptors1,descriptors2;&#xA;   cv::BruteForceMatcher&amp;lt;cv::L2&amp;lt;float&amp;gt;&amp;gt; matcher;&#xA;   cv::vector&amp;lt;cv::DMatch&amp;gt; matches;&#xA;   cv::Mat img_matches;&#xA;   detector.detect(input2,keypoints2);&#xA;   cv::drawKeypoints(input2,keypoints2,output2);&#xA;   cv::imshow(&quot;Sift_result2.jpg&quot;,output2);&#xA;   cv::imwrite(&quot;Sift_result2.jpg&quot;,output2);&#xA;   extractor.compute(input1,keypoints1,descriptors1);&#xA;   extractor.compute(input2,keypoints2,descriptors2);&#xA;   matcher.match(descriptors1,descriptors2,matches);&#xA;   //show result&#xA;   cv::drawMatches(input1,keypoints1,input2,keypoints2,matches,img_matches);&#xA;   cv::imshow(&quot;matches&quot;,img_matches);&#xA;   cv::imwrite(&quot;matches.jpg&quot;,img_matches);&#xA;   cv::waitKey();&#xA;   return 0;&#xA;}&#xA;&lt;/code&gt;&lt;/pre&gt;&#xA;&#xA;&lt;p&gt;The problem is there are two many many matches than expected. I tried to debug the program and looked what is inside the keypoints vectors and so on, everything looks to be fine, at least I think they are, the keypoints are detected with orientation etc. &lt;/p&gt;&#xA;&#xA;&lt;p&gt;I am using OpenCV v2.3 and checked its documentation for the types of classes I am using and tried to solve the problem but that did not work. I am working on this for a 3 days did not make much of an improvement. &lt;/p&gt;&#xA;&#xA;&lt;p&gt;Here is an output i get from my program. &lt;/p&gt;&#xA;&#xA;&lt;p&gt;&lt;em&gt;I should have remove the image.&lt;/em&gt;&lt;/p&gt;&#xA;&#xA;&lt;p&gt;I know that should not give me too much matches, because  I have tested the exact same images with another implemenation in matlab that was quite good. &lt;/p&gt;&#xA;</Body>
<Tags>c++,opencv,image-processing,sift</Tags>
</question>
<answer>
<Body>&lt;p&gt;Rather than using BruteForceMatcher try to use FlannBasedMatcher and also calculate max and min distances between keypoints to keep only the good matches. See &quot;&lt;a href=&quot;http://opencv.itseez.com/doc/tutorials/features2d/feature_flann_matcher/feature_flann_matcher.html&quot; rel=&quot;nofollow noreferrer&quot;&gt;Feature Matching with FLANN&lt;/a&gt;&quot; for an example.&lt;/p&gt;&#xA;</Body>
</answer>
<answer>
<Body>&lt;p&gt;I faced the same problem for SIFT.&#xA;I used knn matcher (K=3). and followed following procedure iteratively&lt;/p&gt;&#xA;&#xA;&lt;pre&gt;&lt;code&gt;{&#xA;Calculated best affine transform with least square method.&#xA;&#xA;Found out the transform for all keypoints in source image.&#xA;&#xA;Checked out MaxError and MinError.&#xA;&#xA;Points with Error near MaxError are removed from the matching list&#xA;}&#xA;&lt;/code&gt;&lt;/pre&gt;&#xA;</Body>
</answer>
