<question>
<Title>Why is &quot;if not someobj:&quot; better than &quot;if someobj == None:&quot; in Python?</Title>
<Body>&lt;p&gt;I've seen several examples of code like this:&lt;/p&gt;&#xA;&#xA;&lt;pre&gt;&lt;code&gt;if not someobj:&#xA;    #do something&#xA;&lt;/code&gt;&lt;/pre&gt;&#xA;&#xA;&lt;p&gt;But I'm wondering why not doing:&lt;/p&gt;&#xA;&#xA;&lt;pre&gt;&lt;code&gt;if someobj == None:&#xA;    #do something&#xA;&lt;/code&gt;&lt;/pre&gt;&#xA;&#xA;&lt;p&gt;Is there any difference? Does one have an advantage over the other?&lt;/p&gt;&#xA;</Body>
<Tags>python</Tags>
</question>
<answer>
<Body>&lt;p&gt;In the first test, Python try to convert the object to a &lt;code&gt;bool&lt;/code&gt; value if it is not already one. Roughly, &lt;strong&gt;we are asking the object : are you meaningful or not ?&lt;/strong&gt; This is done using the following algorithm :&lt;/p&gt;&#xA;&#xA;&lt;ol&gt;&#xA;&lt;li&gt;&lt;p&gt;If the object has a &lt;code&gt;__nonzero__&lt;/code&gt; special method (as do numeric built-ins, &lt;code&gt;int&lt;/code&gt; and &lt;code&gt;float&lt;/code&gt;), it calls this method. It must either return a &lt;code&gt;bool&lt;/code&gt; value which is then directly used, or an &lt;code&gt;int&lt;/code&gt; value that is considered &lt;code&gt;False&lt;/code&gt; if equal to zero.&lt;/p&gt;&lt;/li&gt;&#xA;&lt;li&gt;&lt;p&gt;Otherwise, if the object has a &lt;code&gt;__len__&lt;/code&gt; special method (as do container built-ins, &lt;code&gt;list&lt;/code&gt;, &lt;code&gt;dict&lt;/code&gt;, &lt;code&gt;set&lt;/code&gt;, &lt;code&gt;tuple&lt;/code&gt;, ...), it calls this method, considering a container &lt;code&gt;False&lt;/code&gt; if it is empty (length is zero).&lt;/p&gt;&lt;/li&gt;&#xA;&lt;li&gt;&lt;p&gt;Otherwise, the object is considered &lt;code&gt;True&lt;/code&gt; unless it is &lt;code&gt;None&lt;/code&gt; in which case, it is considered &lt;code&gt;False&lt;/code&gt;.&lt;/p&gt;&lt;/li&gt;&#xA;&lt;/ol&gt;&#xA;&#xA;&lt;p&gt;In the second test, the object is compared for equality to &lt;code&gt;None&lt;/code&gt;. Here, &lt;strong&gt;we are asking the object, &quot;Are you equal to this other value?&quot;&lt;/strong&gt; This is done using the following algorithm :&lt;/p&gt;&#xA;&#xA;&lt;ol&gt;&#xA;&lt;li&gt;&lt;p&gt;If the object has a &lt;code&gt;__eq__&lt;/code&gt; method, it is called, and the return value is then converted to a &lt;code&gt;bool&lt;/code&gt;value and used to determine the outcome of the &lt;code&gt;if&lt;/code&gt;.&lt;/p&gt;&lt;/li&gt;&#xA;&lt;li&gt;&lt;p&gt;Otherwise, if the object has a &lt;code&gt;__cmp__&lt;/code&gt; method, it is called. This function must return an &lt;code&gt;int&lt;/code&gt; indicating the order of the two object (&lt;code&gt;-1&lt;/code&gt; if &lt;code&gt;self &amp;lt; other&lt;/code&gt;, &lt;code&gt;0&lt;/code&gt; if &lt;code&gt;self == other&lt;/code&gt;, &lt;code&gt;+1&lt;/code&gt; if &lt;code&gt;self &amp;gt; other&lt;/code&gt;).&lt;/p&gt;&lt;/li&gt;&#xA;&lt;li&gt;&lt;p&gt;Otherwise, the object are compared for identity (ie. they are reference to the same object, as can be tested by the &lt;code&gt;is&lt;/code&gt; operator).&lt;/p&gt;&lt;/li&gt;&#xA;&lt;/ol&gt;&#xA;&#xA;&lt;p&gt;There is another test possible using the &lt;code&gt;is&lt;/code&gt; operator. &lt;strong&gt;We would be asking the object, &quot;Are you this particular object?&quot;&lt;/strong&gt;&lt;/p&gt;&#xA;&#xA;&lt;p&gt;Generally, I would recommend to use the first test with non-numerical values, to use the test for equality when you want to compare objects of the same nature (two strings, two numbers, ...) and to check for identity only when using sentinel values (&lt;code&gt;None&lt;/code&gt; meaning not initialized for a member field for exemple, or when using the &lt;code&gt;getattr&lt;/code&gt; or the &lt;code&gt;__getitem__&lt;/code&gt; methods).&lt;/p&gt;&#xA;&#xA;&lt;p&gt;To summarize, we have :&lt;/p&gt;&#xA;&#xA;&lt;pre&gt;&lt;code&gt;&amp;gt;&amp;gt;&amp;gt; class A(object):&#xA;...    def __repr__(self):&#xA;...        return 'A()'&#xA;...    def __nonzero__(self):&#xA;...        return False&#xA;&#xA;&amp;gt;&amp;gt;&amp;gt; class B(object):&#xA;...    def __repr__(self):&#xA;...        return 'B()'&#xA;...    def __len__(self):&#xA;...        return 0&#xA;&#xA;&amp;gt;&amp;gt;&amp;gt; class C(object):&#xA;...    def __repr__(self):&#xA;...        return 'C()'&#xA;...    def __cmp__(self, other):&#xA;...        return 0&#xA;&#xA;&amp;gt;&amp;gt;&amp;gt; class D(object):&#xA;...    def __repr__(self):&#xA;...        return 'D()'&#xA;...    def __eq__(self, other):&#xA;...        return True&#xA;&#xA;&amp;gt;&amp;gt;&amp;gt; for obj in ['', (), [], {}, 0, 0., A(), B(), C(), D(), None]:&#xA;...     print '%4s: bool(obj) -&amp;gt; %5s, obj == None -&amp;gt; %5s, obj is None -&amp;gt; %5s' % \&#xA;...         (repr(obj), bool(obj), obj == None, obj is None)&#xA;  '': bool(obj) -&amp;gt; False, obj == None -&amp;gt; False, obj is None -&amp;gt; False&#xA;  (): bool(obj) -&amp;gt; False, obj == None -&amp;gt; False, obj is None -&amp;gt; False&#xA;  []: bool(obj) -&amp;gt; False, obj == None -&amp;gt; False, obj is None -&amp;gt; False&#xA;  {}: bool(obj) -&amp;gt; False, obj == None -&amp;gt; False, obj is None -&amp;gt; False&#xA;   0: bool(obj) -&amp;gt; False, obj == None -&amp;gt; False, obj is None -&amp;gt; False&#xA; 0.0: bool(obj) -&amp;gt; False, obj == None -&amp;gt; False, obj is None -&amp;gt; False&#xA; A(): bool(obj) -&amp;gt; False, obj == None -&amp;gt; False, obj is None -&amp;gt; False&#xA; B(): bool(obj) -&amp;gt; False, obj == None -&amp;gt; False, obj is None -&amp;gt; False&#xA; C(): bool(obj) -&amp;gt;  True, obj == None -&amp;gt;  True, obj is None -&amp;gt; False&#xA; D(): bool(obj) -&amp;gt;  True, obj == None -&amp;gt;  True, obj is None -&amp;gt; False&#xA;None: bool(obj) -&amp;gt; False, obj == None -&amp;gt;  True, obj is None -&amp;gt;  True&#xA;&lt;/code&gt;&lt;/pre&gt;&#xA;</Body>
</answer>
<answer>
<Body>&lt;p&gt;Because &lt;code&gt;None&lt;/code&gt; is not the only thing that is considered false.&lt;/p&gt;&#xA;&#xA;&lt;pre&gt;&lt;code&gt;if not False:&#xA;    print &quot;False is false.&quot;&#xA;if not 0:&#xA;    print &quot;0 is false.&quot;&#xA;if not []:&#xA;    print &quot;An empty list is false.&quot;&#xA;if not ():&#xA;    print &quot;An empty tuple is false.&quot;&#xA;if not {}:&#xA;    print &quot;An empty dict is false.&quot;&#xA;if not &quot;&quot;:&#xA;    print &quot;An empty string is false.&quot;&#xA;&lt;/code&gt;&lt;/pre&gt;&#xA;&#xA;&lt;p&gt;&lt;code&gt;False&lt;/code&gt;, &lt;code&gt;0&lt;/code&gt;, &lt;code&gt;()&lt;/code&gt;, &lt;code&gt;[]&lt;/code&gt;, &lt;code&gt;{}&lt;/code&gt; and &lt;code&gt;&quot;&quot;&lt;/code&gt; are all different from &lt;code&gt;None&lt;/code&gt;, so your two code snippets are &lt;em&gt;not&lt;/em&gt; equivalent.&lt;/p&gt;&#xA;&#xA;&lt;p&gt;Moreover, consider the following:&lt;/p&gt;&#xA;&#xA;&lt;pre&gt;&lt;code&gt;&amp;gt;&amp;gt;&amp;gt; False == 0&#xA;True&#xA;&amp;gt;&amp;gt;&amp;gt; False == ()&#xA;False&#xA;&lt;/code&gt;&lt;/pre&gt;&#xA;&#xA;&lt;p&gt;&lt;code&gt;if object:&lt;/code&gt; is &lt;em&gt;not&lt;/em&gt; an equality check. &lt;code&gt;0&lt;/code&gt;, &lt;code&gt;()&lt;/code&gt;, &lt;code&gt;[]&lt;/code&gt;, &lt;code&gt;None&lt;/code&gt;, &lt;code&gt;{}&lt;/code&gt;, etc. &lt;em&gt;are&lt;/em&gt; all different from each other, but they all &lt;em&gt;evaluate&lt;/em&gt; to False.&lt;/p&gt;&#xA;&#xA;&lt;p&gt;This is the &quot;magic&quot; behind short circuiting expressions like:&lt;/p&gt;&#xA;&#xA;&lt;pre&gt;&lt;code&gt;foo = bar and spam or eggs&#xA;&lt;/code&gt;&lt;/pre&gt;&#xA;&#xA;&lt;p&gt;which is shorthand for:&lt;/p&gt;&#xA;&#xA;&lt;pre&gt;&lt;code&gt;if bar:&#xA;    foo = spam&#xA;else:&#xA;    foo = eggs&#xA;&lt;/code&gt;&lt;/pre&gt;&#xA;&#xA;&lt;p&gt;although you really should write:&lt;/p&gt;&#xA;&#xA;&lt;pre&gt;&lt;code&gt;foo = spam if bar else egg&#xA;&lt;/code&gt;&lt;/pre&gt;&#xA;</Body>
</answer>
<answer>
<Body>&lt;p&gt;These two comparisons serve different purposes. The former checks for boolean value of something, the second checks for identity with None value.&lt;/p&gt;&#xA;</Body>
</answer>
<answer>
<Body>&lt;p&gt;For one the first example is shorter and looks nicer. As per the other posts what you choose also depends on what you really want to do with the comparison.&lt;/p&gt;&#xA;</Body>
</answer>
<answer>
<Body>&lt;p&gt;&lt;a href=&quot;http://legacy.python.org/dev/peps/pep-0008/#programming-recommendations&quot; rel=&quot;nofollow noreferrer&quot;&gt;PEP 8 -- Style Guide for Python Code&lt;/a&gt; recommends to use &lt;strong&gt;&lt;em&gt;is&lt;/em&gt;&lt;/strong&gt; or &lt;strong&gt;&lt;em&gt;is not&lt;/em&gt;&lt;/strong&gt; if you are testing for None-ness&lt;/p&gt;&#xA;&#xA;&lt;blockquote&gt;&#xA;&lt;pre&gt;&lt;code&gt;- Comparisons to singletons like None should always be done with&#xA;  'is' or 'is not', never the equality operators.&#xA;&lt;/code&gt;&lt;/pre&gt;&#xA;&lt;/blockquote&gt;&#xA;&#xA;&lt;p&gt;On the other hand if you are testing for more than None-ness, you should use the boolean operator.&lt;/p&gt;&#xA;</Body>
</answer>
<answer>
<Body>&lt;p&gt;The answer is &quot;it depends&quot;.&lt;/p&gt;&#xA;&#xA;&lt;p&gt;I use the first example if I consider 0, &quot;&quot;, [] and False (list not exhaustive) to be equivalent to None in this context.&lt;/p&gt;&#xA;</Body>
</answer>
<answer>
<Body>&lt;p&gt;Personally, I chose a consistent approach across languages: I do &lt;code&gt;if (var)&lt;/code&gt; (or equivalent) only if var is declared as boolean (or defined as such, in C we don't have a specific type). I even prefix these variables with a &lt;code&gt;b&lt;/code&gt; (so it would be &lt;code&gt;bVar&lt;/code&gt; actually) to be sure I won't accidentally use another type here.&lt;br&gt;&#xA;I don't really like implicit casting to boolean, even less when there are numerous, complex rules.&lt;/p&gt;&#xA;&#xA;&lt;p&gt;Of course, people will disagree. Some go farther, I see &lt;code&gt;if (bVar == true)&lt;/code&gt; in the Java code at my work (too redundant for my taste!), others love too much compact syntax, going &lt;code&gt;while (line = getNextLine())&lt;/code&gt; (too ambiguous for me).&lt;/p&gt;&#xA;</Body>
</answer>
<answer>
<Body>&lt;p&gt;These are actually both poor practices.  Once upon a time, it was considered OK to casually treat None and False as similar.   However, since Python 2.2 this is not the best policy.&lt;/p&gt;&#xA;&#xA;&lt;p&gt;First, when you do an &lt;code&gt;if x&lt;/code&gt; or &lt;code&gt;if not x&lt;/code&gt; kind of test, Python has to implicitly convert &lt;code&gt;x&lt;/code&gt; to boolean.  The rules for the &lt;code&gt;bool&lt;/code&gt; function describe a raft of things which are False; everything else is True.  If the value of x wasn't properly boolean to begin with, this implicit conversion isn't really the clearest way to say things.  &lt;/p&gt;&#xA;&#xA;&lt;p&gt;Before Python 2.2, there was no bool function, so it was even less clear.&lt;/p&gt;&#xA;&#xA;&lt;p&gt;Second, you shouldn't really test with &lt;code&gt;== None&lt;/code&gt;.  You should use &lt;code&gt;is None&lt;/code&gt; and &lt;code&gt;is not None&lt;/code&gt;.&lt;/p&gt;&#xA;&#xA;&lt;p&gt;See PEP 8, &lt;a href=&quot;http://www.python.org/dev/peps/pep-0008/&quot; rel=&quot;noreferrer&quot;&gt;Style Guide for Python Code&lt;/a&gt;.  &lt;/p&gt;&#xA;&#xA;&lt;blockquote&gt;&#xA;&lt;pre&gt;&lt;code&gt;- Comparisons to singletons like None should always be done with&#xA;  'is' or 'is not', never the equality operators.&#xA;&#xA;  Also, beware of writing &quot;if x&quot; when you really mean &quot;if x is not None&quot;&#xA;  -- e.g. when testing whether a variable or argument that defaults to&#xA;  None was set to some other value.  The other value might have a type&#xA;  (such as a container) that could be false in a boolean context!&#xA;&lt;/code&gt;&lt;/pre&gt;&#xA;&lt;/blockquote&gt;&#xA;&#xA;&lt;p&gt;How many singletons are there?  Five: &lt;code&gt;None&lt;/code&gt;, &lt;code&gt;True&lt;/code&gt;, &lt;code&gt;False&lt;/code&gt;, &lt;code&gt;NotImplemented&lt;/code&gt; and &lt;code&gt;Ellipsis&lt;/code&gt;.  Since you're really unlikely to use &lt;code&gt;NotImplemented&lt;/code&gt; or &lt;code&gt;Ellipsis&lt;/code&gt;, and you would never say &lt;code&gt;if x is True&lt;/code&gt; (because simply &lt;code&gt;if x&lt;/code&gt; is a lot clearer), you'll only ever test &lt;code&gt;None&lt;/code&gt;.&lt;/p&gt;&#xA;</Body>
</answer>
<answer>
<Body>&lt;p&gt;If you ask&lt;/p&gt;&#xA;&#xA;&lt;pre&gt;&lt;code&gt;if not spam:&#xA;    print &quot;Sorry. No SPAM.&quot;&#xA;&lt;/code&gt;&lt;/pre&gt;&#xA;&#xA;&lt;p&gt;the &lt;em&gt;__nonzero__&lt;/em&gt; method of &lt;em&gt;spam&lt;/em&gt; gets called. From the Python manual:&lt;/p&gt;&#xA;&#xA;&lt;blockquote&gt;&#xA;  &lt;p&gt;&lt;strong&gt;__nonzero__&lt;/strong&gt;(&lt;em&gt;self&lt;/em&gt;)&#xA;    Called to implement truth value testing, and the built-in operation bool(); should return False or True, or their integer equivalents 0 or 1. When this method is not defined, __len__() is called, if it is defined (see below). If a class defines neither __len__() nor __nonzero__(), all its instances are considered true.&lt;/p&gt;&#xA;&lt;/blockquote&gt;&#xA;&#xA;&lt;p&gt;If you ask&lt;/p&gt;&#xA;&#xA;&lt;pre&gt;&lt;code&gt;if spam == None:&#xA;    print &quot;Sorry. No SPAM here either.&quot;&#xA;&lt;/code&gt;&lt;/pre&gt;&#xA;&#xA;&lt;p&gt;the &lt;em&gt;__eq__&lt;/em&gt; method of &lt;em&gt;spam&lt;/em&gt; gets called with the argument &lt;em&gt;None&lt;/em&gt;.&lt;/p&gt;&#xA;&#xA;&lt;p&gt;For more information of the customization possibilities have a look at the Python documenation at &lt;a href=&quot;https://docs.python.org/reference/datamodel.html#basic-customization&quot; rel=&quot;nofollow noreferrer&quot;&gt;https://docs.python.org/reference/datamodel.html#basic-customization&lt;/a&gt;&lt;/p&gt;&#xA;</Body>
</answer>
