<question>
<Title>What conditions result in an opened, nonblocking named pipe (fifo) being &quot;unavailable&quot; for reads?</Title>
<Body>&lt;p&gt;Situation:&lt;/p&gt;&#xA;&#xA;&lt;pre&gt;&lt;code&gt;new_pipe = os.open(pipe_path, os.O_RDONLY | os.O_NONBLOCK) # pipe_path points to a FIFO&#xA;data = os.read(new_pipe, 1024)&#xA;&lt;/code&gt;&lt;/pre&gt;&#xA;&#xA;&lt;p&gt;The read occasionally raises errno -11: Resource temporarily unavailable.&lt;/p&gt;&#xA;&#xA;&lt;p&gt;When is this error raised? It seems very rare, as the common cases return data:&lt;/p&gt;&#xA;&#xA;&lt;ul&gt;&#xA;&lt;li&gt;If no writer has the pipe opened, empty str ('') is returned. &lt;/li&gt;&#xA;&lt;li&gt;If the  writer has the pipe opened, but no data is in the fifo, empty str&#xA;('') is also returned &lt;/li&gt;&#xA;&lt;li&gt;And of course if the writer puts data in the fifo, that data will be read.&lt;/li&gt;&#xA;&lt;/ul&gt;&#xA;</Body>
<Tags>python,linux,named-pipes,fifo,mkfifo</Tags>
</question>
<answer>
<Body>&lt;p&gt;From the &lt;a href=&quot;http://pubs.opengroup.org/onlinepubs/009695399/functions/read.html&quot; rel=&quot;noreferrer&quot;&gt;POSIX specification of the &lt;code&gt;read&lt;/code&gt; system call&lt;/a&gt; (emphasis mine):&lt;/p&gt;&#xA;&#xA;&lt;blockquote&gt;&#xA;  &lt;p&gt;When attempting to read from an empty pipe or FIFO:&lt;/p&gt;&#xA;  &#xA;  &lt;ul&gt;&#xA;  &lt;li&gt;&lt;p&gt;If no process has the pipe open for writing, read() shall return 0 to&#xA;  indicate end-of-file.&lt;/p&gt;&lt;/li&gt;&#xA;  &lt;li&gt;&lt;p&gt;&lt;strong&gt;If some process has the pipe open for writing and O_NONBLOCK is set,&#xA;  read() shall return -1 and set errno to [EAGAIN].&lt;/strong&gt;&lt;/p&gt;&lt;/li&gt;&#xA;  &lt;/ul&gt;&#xA;&lt;/blockquote&gt;&#xA;&#xA;&lt;p&gt;So basically your second assumption is wrong:&lt;/p&gt;&#xA;&#xA;&lt;blockquote&gt;&#xA;  &lt;p&gt;If the writer has the pipe opened, but no data is in the fifo, empty str ('') is also returned&lt;/p&gt;&#xA;&lt;/blockquote&gt;&#xA;&#xA;&lt;p&gt;This would be against the specification and I can't reproduce that behaviour on my machine (it raises &lt;code&gt;EAGAIN&lt;/code&gt; for me). This is not a big problem however, you can just catch the exception and retry:&lt;/p&gt;&#xA;&#xA;&lt;pre&gt;&lt;code&gt;import errno&#xA;&#xA;def safe_read(fd, size=1024):&#xA;   ''' reads data from a pipe and returns `None` on EAGAIN '''&#xA;   try:&#xA;      return os.read(fd, size)&#xA;   except OSError, exc:&#xA;      if exc.errno == errno.EAGAIN:&#xA;         return None&#xA;      raise&#xA;&lt;/code&gt;&lt;/pre&gt;&#xA;</Body>
</answer>
