<question>
<Title>specialize template&lt;typename T, template&lt;typename&gt; class U&gt;</Title>
<Body>&lt;p&gt;I have a problem with nested templates and their template specialization. Given the following classes:&lt;/p&gt;&#xA;&#xA;&lt;p&gt;A small template class&lt;/p&gt;&#xA;&#xA;&lt;pre&gt;&lt;code&gt;template&amp;lt;class U&amp;gt;&#xA;class T {&#xA;public:&#xA;    T(){}&#xA;    virtual ~T (){}&#xA;&#xA;};&#xA;&lt;/code&gt;&lt;/pre&gt;&#xA;&#xA;&lt;p&gt;And some kind of nested template&lt;/p&gt;&#xA;&#xA;&lt;pre&gt;&lt;code&gt;template&amp;lt;typename T, template&amp;lt;typename&amp;gt; class U&amp;gt;&#xA;class A {&#xA;public:&#xA;    void foo() &#xA;    { &#xA;        std::cerr &amp;lt;&amp;lt; &quot;A generic foo&quot;; &#xA;    }&#xA;};&#xA;&lt;/code&gt;&lt;/pre&gt;&#xA;&#xA;&lt;p&gt;And a small main.cpp&lt;/p&gt;&#xA;&#xA;&lt;pre&gt;&lt;code&gt;int main(int argc, const char *argv[])&#xA;{&#xA;    A&amp;lt;int,T&amp;gt; *a = new A&amp;lt;int,T&amp;gt;;&#xA;    a-&amp;gt;foo();&#xA;&#xA;    //This wont work:&#xA;    A&amp;lt;double,T*&amp;gt; *b = new A&amp;lt;double,T*&amp;gt;;&#xA;    b-&amp;gt;foo();&#xA;&#xA;    return 0;&#xA;}&#xA;&lt;/code&gt;&lt;/pre&gt;&#xA;&#xA;&lt;p&gt;Now I need a specialization if U is a pointer:&lt;/p&gt;&#xA;&#xA;&lt;pre&gt;&lt;code&gt;    A&amp;lt;double,T*&amp;gt; *b = new A&amp;lt;double,T*&amp;gt;;&#xA;    b-&amp;gt;foo();&#xA;&lt;/code&gt;&lt;/pre&gt;&#xA;&#xA;&lt;p&gt;How to achieve this? I tried something like:&lt;/p&gt;&#xA;&#xA;&lt;pre&gt;&lt;code&gt;template&amp;lt;typename T, template&amp;lt;typename&amp;gt; class U&amp;gt;&#xA;class A&amp;lt; T, U* &amp;gt;&#xA;{&#xA;public:&#xA;void foo()&#xA;{&#xA;    std::cerr &amp;lt;&amp;lt; &quot;A specialized foo&quot;;&#xA;}&#xA;};&#xA;&lt;/code&gt;&lt;/pre&gt;&#xA;&#xA;&lt;p&gt;But it just resolves in&lt;/p&gt;&#xA;&#xA;&lt;pre&gt;&lt;code&gt;A.h:18:16: Error: Templateargument 2 is invalid&#xA;&lt;/code&gt;&lt;/pre&gt;&#xA;</Body>
<Tags>c++,templates</Tags>
</question>
<answer>
<Body>&lt;p&gt;What you're tying to do is not possible, because &lt;code&gt;T*&lt;/code&gt; has no meaning. Neither is it a proper type, nor does it match a template, which requires additional parameters. If &lt;code&gt;U&lt;/code&gt; were to represent &lt;code&gt;T*&lt;/code&gt;, what would &lt;code&gt;U&amp;lt;int&amp;gt;&lt;/code&gt; be? You probably mean &lt;code&gt;T&amp;lt;int&amp;gt;*&lt;/code&gt; but that doesn't match your declaration, so there is no way to plug that type into &lt;code&gt;A&lt;/code&gt;.&lt;/p&gt;&#xA;&#xA;&lt;p&gt;Since you asked for a way to get around this, from the top of my head, something like this.&lt;/p&gt;&#xA;&#xA;&lt;p&gt;Accept a third template argument to &lt;code&gt;A&lt;/code&gt;, which I would call &lt;code&gt;Expander&lt;/code&gt; and set it by default to this:&lt;/p&gt;&#xA;&#xA;&lt;pre&gt;&lt;code&gt;template &amp;lt;typename T&amp;gt; struct Expander {&#xA;  typedef T type;&#xA;};&#xA;&lt;/code&gt;&lt;/pre&gt;&#xA;&#xA;&lt;p&gt;Then, when invoking &lt;code&gt;A&lt;/code&gt; you could say&lt;/p&gt;&#xA;&#xA;&lt;pre&gt;&lt;code&gt;A&amp;lt;int,T&amp;gt; normal;&#xA;A&amp;lt;int,T,PtrExpander&amp;gt; pointer;&#xA;&lt;/code&gt;&lt;/pre&gt;&#xA;&#xA;&lt;p&gt;with&lt;/p&gt;&#xA;&#xA;&lt;pre&gt;&lt;code&gt;template &amp;lt;typename T&amp;gt; struct PtrExpander {&#xA;  typedef T* type;&#xA;};&#xA;&lt;/code&gt;&lt;/pre&gt;&#xA;&#xA;&lt;p&gt;and &lt;code&gt;A&lt;/code&gt; would be:&lt;/p&gt;&#xA;&#xA;&lt;pre&gt;&lt;code&gt;template&amp;lt;typename T, template&amp;lt;typename&amp;gt; class U, template &amp;lt;typename&amp;gt; class E = Expander&amp;gt; class A {&#xA;  typedef typename E&amp;lt;U&amp;lt;Your_Args_to_U&amp;gt; &amp;gt;::type;&#xA;&lt;/code&gt;&lt;/pre&gt;&#xA;</Body>
</answer>
