<question>
<Title>What's the proper way to run some Python code asynchronously?</Title>
<Body>&lt;p&gt;I needed to send mail from my plain Flask app, so I thought the simplest way would be to send it using smtplib. But I had to do it asynchronously - you can't just insert a 3 second delay into the request - right? So I add the email to a queue (psql table), and send it from another program that reads this table and uses smptlib.&lt;/p&gt;&#xA;&#xA;&lt;p&gt;This second program (maildonkey) is running as a separate process, in an independent upstart service.&lt;/p&gt;&#xA;&#xA;&lt;p&gt;Now I need another one of those little asynchoronous services, and I'm thinking if I should write another python script (third, counting my Flask app and 'maildonkey') or should I use something like Python's 'multiprocess', or even 'threads' and rewrite the second program?&lt;/p&gt;&#xA;&#xA;&lt;p&gt;&lt;em&gt;(When I was programming in Clojure, I could easily run code in a separate thread with 'futures', so normally I would do that.)&lt;/em&gt;&lt;/p&gt;&#xA;</Body>
<Tags>python,flask,upstart</Tags>
</question>
<answer>
<Body>&lt;p&gt;You should consider using &lt;a href=&quot;http://www.celeryproject.org/&quot; rel=&quot;noreferrer&quot;&gt;Celery&lt;/a&gt;. It is very widely used in web frameworks for asynchronous processing and supports a lot of different backends like AMQP, databases etc.&lt;/p&gt;&#xA;</Body>
</answer>
<answer>
<Body>&lt;p&gt;Try &lt;a href=&quot;http://gevent.org&quot; rel=&quot;nofollow&quot;&gt;Gevent&lt;/a&gt;.&lt;br&gt;&#xA;You can create Greenlet object for your long task.&lt;br&gt;&#xA;This greenlet is &lt;a href=&quot;http://en.wikipedia.org/wiki/Green_threads&quot; rel=&quot;nofollow&quot;&gt;green thread&lt;/a&gt;.&lt;/p&gt;&#xA;&#xA;&lt;pre&gt;&lt;code&gt;from gevent import monkey&#xA;monkey.patch_all()&#xA;import gevent&#xA;from gevent import Greenlet&#xA;&#xA;class Task(Greenlet):&#xA;    def __init__(self, name):&#xA;        Greenlet.__init__(self)&#xA;        self.name = name    &#xA;    def _run(self):&#xA;        print &quot;Task %s: some task...&quot; % self.name&#xA;&#xA;t1 = Task(&quot;long task&quot;)&#xA;t1.start()&#xA;# here we are waiting task&#xA;gevent.joinall([t1])&#xA;&lt;/code&gt;&lt;/pre&gt;&#xA;&#xA;&lt;p&gt;Also you can use Gevent as a &lt;a href=&quot;http://flask.pocoo.org/docs/deploying/others&quot; rel=&quot;nofollow&quot;&gt;server&lt;/a&gt; for Flask:&lt;/p&gt;&#xA;&#xA;&lt;pre&gt;&lt;code&gt;from gevent.wsgi import WSGIServer&#xA;from yourapplication import app&#xA;&#xA;http_server = WSGIServer(('', 5000), app)&#xA;http_server.serve_forever()&#xA;&lt;/code&gt;&lt;/pre&gt;&#xA;</Body>
</answer>
