<question>
<Title>Why django admin is not opening correctly?</Title>
<Body>&lt;p&gt;I am using &lt;a href=&quot;https://github.com/bread-and-pepper/django-userena&quot; rel=&quot;nofollow noreferrer&quot;&gt;django-userena&lt;/a&gt;, if you install it using &lt;code&gt;pip&lt;/code&gt; everything goes well, but if you install it manually and then type &lt;code&gt;python setup.py install&lt;/code&gt; the admin area does not open like it should&lt;img src=&quot;https://i.stack.imgur.com/x5xLL.jpg&quot; alt=&quot;enter image description here&quot;&gt;&lt;/p&gt;&#xA;&#xA;&lt;hr&gt;&#xA;&#xA;&lt;p&gt;&lt;img src=&quot;https://i.stack.imgur.com/vXM9z.jpg&quot; alt=&quot;enter image description here&quot;&gt;&lt;/p&gt;&#xA;&#xA;&lt;p&gt;&lt;strong&gt;settings.py&lt;/strong&gt;&lt;/p&gt;&#xA;&#xA;&lt;pre&gt;&lt;code&gt;    import os, sys&#xA;&#xA;    abspath = lambda *p: os.path.abspath(os.path.join(*p))&#xA;&#xA;    PROJECT_ROOT = abspath(os.path.dirname(__file__))&#xA;    USERENA_MODULE_PATH = abspath(PROJECT_ROOT, '..')&#xA;    sys.path.insert(0, USERENA_MODULE_PATH)&#xA;&#xA;    DEBUG = True&#xA;    TEMPLATE_DEBUG = DEBUG&#xA;&#xA;    ADMINS = (&#xA;        # ('Your Name', 'your_email@domain.com'),&#xA;    )&#xA;&#xA;    MANAGERS = ADMINS&#xA;&#xA;    DATABASES = {&#xA;        'default': {&#xA;            'ENGINE': 'django.db.backends.sqlite3',&#xA;            'NAME': 'demo_project.db',&#xA;            'TEST_NAME': ':memory:',&#xA;        }&#xA;    }&#xA;&#xA;    if DEBUG:&#xA;        # Use the Python SMTP debugging server. You can run it with:&#xA;        # ``python -m smtpd -n -c DebuggingServer localhost:1025``.&#xA;        EMAIL_PORT = 1025&#xA;&#xA;    TIME_ZONE = 'America/Chicago'&#xA;    LANGUAGE_CODE = 'en-us'&#xA;&#xA;    ugettext = lambda s: s&#xA;    LANGUAGES = (&#xA;        ('en', ugettext('English')),&#xA;        ('nl', ugettext('Dutch')),&#xA;        ('fr', ugettext('French')),&#xA;        ('pl', ugettext('Polish')),&#xA;        ('pt', ugettext('Portugese')),&#xA;        ('es', ugettext('Spanish')),&#xA;    )&#xA;&#xA;    SITE_ID = 1&#xA;&#xA;    USE_I18N = True&#xA;    USE_L10N = True&#xA;&#xA;    MEDIA_ROOT = abspath(PROJECT_ROOT, 'media')&#xA;    DOCUMENT_ROOT = abspath(PROJECT_ROOT, 'docs')&#xA;&#xA;    MEDIA_URL = '/media/'&#xA;&#xA;    ADMIN_MEDIA_PREFIX = '/media/admin/'&#xA;&#xA;    SECRET_KEY = 'sx405#tc)5m@s#^jh5l7$k#cl3ekg)jtbo2ds(n(kw@gp0t7x@'&#xA;&#xA;    TEMPLATE_LOADERS = (&#xA;        'django.template.loaders.filesystem.Loader',&#xA;        'django.template.loaders.app_directories.Loader',&#xA;    )&#xA;&#xA;    MIDDLEWARE_CLASSES = (&#xA;        'django.middleware.common.CommonMiddleware',&#xA;        'django.contrib.sessions.middleware.SessionMiddleware',&#xA;        'django.middleware.locale.LocaleMiddleware',&#xA;        'django.middleware.csrf.CsrfViewMiddleware',&#xA;        'django.contrib.auth.middleware.AuthenticationMiddleware',&#xA;        'django.contrib.messages.middleware.MessageMiddleware',&#xA;        'userena.middleware.UserenaLocaleMiddleware',&#xA;    )&#xA;    TEMPLATE_CONTEXT_PROCESSORS = (&#xA;        &quot;django.contrib.auth.context_processors.auth&quot;,&#xA;        &quot;django.core.context_processors.debug&quot;,&#xA;        &quot;django.core.context_processors.i18n&quot;,&#xA;        &quot;django.core.context_processors.media&quot;,&#xA;        &quot;django.contrib.messages.context_processors.messages&quot;,&#xA;        &quot;django.core.context_processors.request&quot;,&#xA;    )&#xA;&#xA;    AUTHENTICATION_BACKENDS = (&#xA;        'userena.backends.UserenaAuthenticationBackend',&#xA;        'guardian.backends.ObjectPermissionBackend',&#xA;        'django.contrib.auth.backends.ModelBackend',&#xA;    )&#xA;&#xA;    ROOT_URLCONF = 'demo_project.urls'&#xA;&#xA;    TEMPLATE_DIRS = (&#xA;        abspath(PROJECT_ROOT, 'templates')&#xA;    )&#xA;&#xA;    INSTALLED_APPS = (&#xA;        'django.contrib.auth',&#xA;        'django.contrib.contenttypes',&#xA;        'django.contrib.sessions',&#xA;        'django.contrib.sites',&#xA;        'django.contrib.messages',&#xA;        'django.contrib.admin',&#xA;        'easy_thumbnails',&#xA;        'guardian',&#xA;        'south',&#xA;        'userena',&#xA;        'userena.contrib.umessages',&#xA;        'demo_project.profiles',&#xA;    )&#xA;&#xA;    # Userena settings&#xA;    LOGIN_REDIRECT_URL = '/accounts/%(username)s/'&#xA;    LOGIN_URL = '/accounts/signin/'&#xA;    LOGOUT_URL = '/accounts/signout/'&#xA;    AUTH_PROFILE_MODULE = 'profiles.Profile'&#xA;&#xA;USERENA_DISABLE_PROFILE_LIST = True&#xA;USERENA_MUGSHOT_SIZE = 140&#xA;&#xA;# Test settings&#xA;TEST_RUNNER = 'django.test.simple.DjangoTestSuiteRunner'&#xA;SOUTH_TESTS_MIGRATE = False&#xA;&#xA;# Guardian&#xA;ANONYMOUS_USER_ID = -1&#xA;&lt;/code&gt;&lt;/pre&gt;&#xA;</Body>
<Tags>python,django</Tags>
</question>
<answer>
<Body>&lt;p&gt;You need to make the admin static files available. What's your setup?&lt;/p&gt;&#xA;</Body>
</answer>
