<question>
<Title>removing trailing empty elements in Python</Title>
<Body>&lt;p&gt;Is there an elegant pythonian way of removing trailing empty elements from a list.  A sort of list.rstrip(None). So&lt;/p&gt;&#xA;&#xA;&lt;pre&gt;&lt;code&gt;[1, 2, 3, None, 4, None, None]&#xA;&lt;/code&gt;&lt;/pre&gt;&#xA;&#xA;&lt;p&gt;should result in &lt;/p&gt;&#xA;&#xA;&lt;pre&gt;&lt;code&gt;[1, 2, 3, None, 4]&#xA;&lt;/code&gt;&lt;/pre&gt;&#xA;&#xA;&lt;p&gt;I guess this could be generalized to removing trailing elements of any particular value.&lt;/p&gt;&#xA;&#xA;&lt;hr&gt;&#xA;&#xA;&lt;p&gt;&lt;strong&gt;UPDATE&lt;/strong&gt;:  I should have specified that I want this done as a single line (readable) expression&lt;/p&gt;&#xA;</Body>
<Tags>python,list</Tags>
</question>
<answer>
<Body>&lt;p&gt;&lt;strong&gt;Edited&lt;/strong&gt;: To use pop() instead of slicing the list, as commenters have correctly suggested.&lt;/p&gt;&#xA;&#xA;&lt;p&gt;I don't know if there's a more pythonic way, but this works:&lt;/p&gt;&#xA;&#xA;&lt;pre&gt;&lt;code&gt;my_list = [1, 2, 3, None, 4, None, None]&#xA;while not my_list[-1]:&#xA;    my_list.pop()&#xA;print my_list&#xA;&amp;gt;&amp;gt;&amp;gt;[1, 2, 3, None, 4]&#xA;&lt;/code&gt;&lt;/pre&gt;&#xA;&#xA;&lt;p&gt;&lt;strong&gt;Edit&lt;/strong&gt;: As @DSM points out, if you only wanted to get rid of &lt;code&gt;None&lt;/code&gt; values, and leave zeros or other falsy values, you could do:&lt;/p&gt;&#xA;&#xA;&lt;pre&gt;&lt;code&gt;while my_list and my_list[-1] is None:&#xA;    my_list.pop()&#xA;&lt;/code&gt;&lt;/pre&gt;&#xA;</Body>
</answer>
<answer>
<Body>&lt;p&gt;The following explicitly checks for &lt;code&gt;None&lt;/code&gt; elements:&lt;/p&gt;&#xA;&#xA;&lt;pre&gt;&lt;code&gt;while l and l[-1] is None:&#xA;    l.pop()&#xA;&lt;/code&gt;&lt;/pre&gt;&#xA;&#xA;&lt;p&gt;It can be generalized as follows:&lt;/p&gt;&#xA;&#xA;&lt;pre&gt;&lt;code&gt;f = lambda x: x is None&#xA;while l and f(l[-1]):&#xA;    l.pop()&#xA;&lt;/code&gt;&lt;/pre&gt;&#xA;&#xA;&lt;p&gt;You can now define different functions for &lt;code&gt;f&lt;/code&gt; to check for other conditions.&lt;/p&gt;&#xA;</Body>
</answer>
<answer>
<Body>&lt;p&gt;Try this&lt;/p&gt;&#xA;&#xA;&lt;pre&gt;&lt;code&gt;&amp;gt;&amp;gt;&amp;gt; x=[1, 2, 3, None, 4, None, None]&#xA;&amp;gt;&amp;gt;&amp;gt; while x[-1] is None:&#xA;    x.pop()&#xA;&lt;/code&gt;&lt;/pre&gt;&#xA;</Body>
</answer>
<answer>
<Body>&lt;p&gt;For a one-line solution:&lt;/p&gt;&#xA;&#xA;&lt;pre&gt;&lt;code&gt;In [30]: from itertools import dropwhile&#xA;&#xA;In [31]: list(reversed(tuple(dropwhile(lambda x: x is None, reversed([1, 2, 3, None, 4, None, None])))))&#xA;Out[31]: [1, 2, 3, None, 4]&#xA;&lt;/code&gt;&lt;/pre&gt;&#xA;&#xA;&lt;p&gt;If you want to reuse it, here's a definition in point-free style:&lt;/p&gt;&#xA;&#xA;&lt;pre&gt;&lt;code&gt;In [36]: from functional import compose, partial&#xA;&#xA;In [37]: varargs = lambda *args: args&#xA;&#xA;In [38]: compose_mult = compose(partial(reduce, compose),varargs) # compose which takes variable number of arguments. Innermost function to the right.&#xA;&#xA;In [39]: compose_mult(list, reversed, tuple, partial(dropwhile, lambda x: x is None), reversed)([1, 2, 3, None, 4, None, None])&#xA;Out[39]: [1, 2, 3, None, 4]&#xA;&lt;/code&gt;&lt;/pre&gt;&#xA;</Body>
</answer>
<answer>
<Body>&lt;pre&gt;&lt;code&gt;   def remove_trailing( l, remove_value=None):&#xA;        i = len(l)&#xA;        while i&amp;gt;0 and l[i-1] == remove_value:&#xA;            i -= 1&#xA;        return l[:i]&#xA;&lt;/code&gt;&lt;/pre&gt;&#xA;</Body>
</answer>
<answer>
<Body>&lt;p&gt;If you're looking for an one-liner, it could be like this:&lt;/p&gt;&#xA;&#xA;&lt;pre&gt;&lt;code&gt;a = [1, 2, 3, None, 4, None, None]&#xA;b = [x for n, x in enumerate(a) if any(y is not None for y in a[n:])]&#xA;print b&#xA;&lt;/code&gt;&lt;/pre&gt;&#xA;&#xA;&lt;p&gt;Note that it's quadratic (in the worst case).&lt;/p&gt;&#xA;&#xA;&lt;p&gt;For any falsy value, it's even simpler:&lt;/p&gt;&#xA;&#xA;&lt;pre&gt;&lt;code&gt;b = [x for n, x in enumerate(a) if any(a[n:])]&#xA;&lt;/code&gt;&lt;/pre&gt;&#xA;</Body>
</answer>
<answer>
<Body>&lt;p&gt;Here's yet another one-liner:&lt;/p&gt;&#xA;&#xA;&lt;pre&gt;&lt;code&gt;&amp;gt;&amp;gt;&amp;gt; l = [1, 2, 3, None, 4, None, None]&#xA;&amp;gt;&amp;gt;&amp;gt; [l[i] for i in range(len(&quot;&quot;.join(map(lambda x: {None: &quot; &quot;}.get(x, &quot;_&quot;), l)).rstrip()))]&#xA;[1, 2, 3, None, 4]&#xA;&lt;/code&gt;&lt;/pre&gt;&#xA;&#xA;&lt;p&gt;These things are fun!&lt;/p&gt;&#xA;&#xA;&lt;p&gt;&lt;strong&gt;EDIT&lt;/strong&gt;&lt;/p&gt;&#xA;&#xA;&lt;p&gt;I just realized that the list comprehension is completely unnecessary. Slicing should work just fine:&lt;/p&gt;&#xA;&#xA;&lt;pre&gt;&lt;code&gt;&amp;gt;&amp;gt;&amp;gt; l[:len(&quot;&quot;.join(map(lambda x: {None: &quot; &quot;}.get(x, &quot;_&quot;), l)).rstrip())] &#xA;&lt;/code&gt;&lt;/pre&gt;&#xA;</Body>
</answer>
<answer>
<Body>&lt;p&gt;If you really need to compromise readability here is what I'd do.&lt;/p&gt;&#xA;&#xA;&lt;pre&gt;&lt;code&gt;&amp;gt;&amp;gt;&amp;gt; from itertools import takewhile&#xA;&amp;gt;&amp;gt;&amp;gt; l=[1,2,3,None,4,5,None,None]&#xA;&amp;gt;&amp;gt;&amp;gt; l[:-len(list(takewhile(lambda x: x==None, reversed(l))))]&#xA;[1,2,3,None,4,5]&#xA;&lt;/code&gt;&lt;/pre&gt;&#xA;</Body>
</answer>
<answer>
<Body>&lt;p&gt;What about recursion + slicing?&lt;/p&gt;&#xA;&#xA;&lt;pre&gt;&lt;code&gt;&amp;gt;&amp;gt;&amp;gt; rstrip = lambda x, elts=(None,): rstrip(x[:-1], elts) if x and x[-1] in elts else x&#xA;&amp;gt;&amp;gt;&amp;gt; rstrip([1, 2, 3, None])&#xA;[1, 2, 3]&#xA;&amp;gt;&amp;gt;&amp;gt; rstrip([1, 2, 3, None], (None, 3))&#xA;[1, 2]&#xA;&lt;/code&gt;&lt;/pre&gt;&#xA;&#xA;&lt;p&gt;Note: I'm assuming that you're not looking for the most computationally efficient solution here...&lt;/p&gt;&#xA;</Body>
</answer>
<answer>
<Body>&lt;p&gt;What about:&lt;/p&gt;&#xA;&#xA;&lt;pre&gt;&lt;code&gt;[a[i] for i in range(len(a)) if a[i:] != [None] * (len(a) - i) ]&#xA;&lt;/code&gt;&lt;/pre&gt;&#xA;</Body>
</answer>
<answer>
<Body>&lt;p&gt;I never accepted an answer because I wasn't really happy with solutions offered.  Here's another solution (1 line and no library dependencies) that I'm not entirely happy with either:&lt;/p&gt;&#xA;&#xA;&lt;pre&gt;&lt;code&gt;a = [1, 2, None, 3, None, None]&#xA;reduce(lambda l, e: [e]+l if l or e is not None else [], reversed(a), [])&#xA;&lt;/code&gt;&lt;/pre&gt;&#xA;</Body>
</answer>
<answer>
<Body>&lt;p&gt;The &lt;a href=&quot;https://github.com/erikrose/more-itertools&quot; rel=&quot;nofollow noreferrer&quot;&gt;&lt;code&gt;more_itertools&lt;/code&gt;&lt;/a&gt; project implements &lt;code&gt;rstrip&lt;/code&gt; for any iterable:&lt;/p&gt;&#xA;&#xA;&lt;pre&gt;&lt;code&gt;iterable = [1, 2, 3, None, 4, None, None]&#xA;list(mit.rstrip(iterable, lambda x: x in {None}))&#xA;# [1, 2, 3, None, 4]&#xA;&lt;/code&gt;&lt;/pre&gt;&#xA;&#xA;&lt;p&gt;&lt;code&gt;more_itertools.rstrip&lt;/code&gt; accepts an iterable and predicate.  See the &lt;a href=&quot;https://github.com/erikrose/more-itertools/blob/master/more_itertools/more.py#L1361&quot; rel=&quot;nofollow noreferrer&quot;&gt;source code&lt;/a&gt; for details.&lt;/p&gt;&#xA;</Body>
</answer>
