<question>
<Title>Inheritance and templates in C++</Title>
<Body>&lt;p&gt;I have the following problem with inheritance and templates:&lt;/p&gt;&#xA;&#xA;&lt;pre&gt;&lt;code&gt;class Base {};&#xA;class Deriv : public Base {};&#xA;&#xA;template &amp;lt;class T&amp;gt; class X{};&#xA;&#xA;void f(X&amp;lt;Base&amp;gt;&amp;amp; inst) {}&#xA;&#xA;int main()&#xA;{&#xA;  X&amp;lt;Base&amp;gt; xb;&#xA;  f(xb);&#xA;  X&amp;lt;Deriv&amp;gt; xd;&#xA;  f(xd);&#xA;  return 0;&#xA;}&#xA;&lt;/code&gt;&lt;/pre&gt;&#xA;&#xA;&lt;p&gt;The program doesn't compile because there is not relation between &lt;code&gt;X&amp;lt;Base&amp;gt;&lt;/code&gt; and &lt;code&gt;X&amp;lt;Deriv&amp;gt;&lt;/code&gt;. Nevertheless I think it should be possible to do everything that can be done with &lt;code&gt;X&amp;lt;Base&amp;gt;&lt;/code&gt; also with &lt;code&gt;X&amp;lt;Deriv&amp;gt;&lt;/code&gt;. Is there anything that I could do other than copying the function body of &lt;code&gt;f&lt;/code&gt; to a new function &lt;code&gt;void g(X&amp;lt;Deriv&amp;gt;&amp;amp; inst)&lt;/code&gt;?&lt;/p&gt;&#xA;</Body>
<Tags>c++,templates,inheritance</Tags>
</question>
<answer>
<Body>&lt;p&gt;If you need such functionality, then you must template on the type- or overload, as you have said. Alternatively, you might explicitly specialize &lt;code&gt;X&lt;/code&gt; such that &lt;code&gt;X&amp;lt;Derived&amp;gt; : X&amp;lt;Base&amp;gt;&lt;/code&gt;.&lt;/p&gt;&#xA;</Body>
</answer>
<answer>
<Body>&lt;p&gt;Why do you think they should be related? Consider the following:&lt;/p&gt;&#xA;&#xA;&lt;pre&gt;&lt;code&gt;template&amp;lt;typename T&amp;gt;&#xA;class X;&#xA;&#xA;template&amp;lt;&amp;gt;&#xA;class X&amp;lt;Base&amp;gt; {&#xA;    int x;&#xA;};&#xA;&#xA;template&amp;lt;&amp;gt;&#xA;class X&amp;lt;Deriv&amp;gt; {&#xA;    double d;&#xA;};&#xA;&lt;/code&gt;&lt;/pre&gt;&#xA;&#xA;&lt;p&gt;They're definitely not interchangeable. So no, there is no relation between those classes and you can't pass one to a function expecting the other. You'll have to do something like make both types inherit from another common type that exposes the interface you need.&lt;/p&gt;&#xA;&#xA;&lt;hr /&gt;&#xA;&#xA;&lt;p&gt;Regarding your comment, you can use type traits and &lt;code&gt;static_assert&lt;/code&gt; to do what you would do in Java:&lt;/p&gt;&#xA;&#xA;&lt;pre&gt;&lt;code&gt;template&amp;lt;typename T&amp;gt;&#xA;void f(X&amp;lt;T&amp;gt;&amp;amp; inst) {&#xA;    static_assert(std::is_base_of(Base, T)::value, &quot;Template type must subclass Base&quot;);&#xA;&#xA;    // body of function...&#xA;}&#xA;&lt;/code&gt;&lt;/pre&gt;&#xA;</Body>
</answer>
<answer>
<Body>&lt;p&gt;You could just continue using templates:&lt;/p&gt;&#xA;&#xA;&lt;pre&gt;&lt;code&gt;template&amp;lt;class T&amp;gt;&#xA;void f(X&amp;lt;T&amp;gt;&amp;amp; inst) {}&#xA;&lt;/code&gt;&lt;/pre&gt;&#xA;&#xA;&lt;p&gt;will work for both &lt;code&gt;X&amp;lt;Base&amp;gt;&lt;/code&gt; and &lt;code&gt;X&amp;lt;Derived&amp;gt;&lt;/code&gt;.&lt;/p&gt;&#xA;&#xA;&lt;p&gt;The compiler &lt;em&gt;might&lt;/em&gt; duplicate the code (if it is not smart enough), but you don't have to.&lt;/p&gt;&#xA;</Body>
</answer>
<answer>
<Body>&lt;p&gt;It depends. Consider the case where &lt;code&gt;X&lt;/code&gt; is &lt;code&gt;std::shared_ptr&lt;/code&gt;. It would break type safety if &lt;code&gt;std::shared_ptr&amp;lt;Derived&amp;gt;&lt;/code&gt; was derived from &lt;code&gt;std::shared_ptr&amp;lt;Base&amp;gt;&lt;/code&gt;, but instead there is an implicit value conversion.&lt;/p&gt;&#xA;&#xA;&lt;p&gt;However, since you&amp;rsquo;re passing by reference to non-&lt;code&gt;const&lt;/code&gt;, such a value conversion will not help you you directly.&lt;/p&gt;&#xA;&#xA;&lt;p&gt;Other possibilities include inheriting from a common interface, and templating your function.&lt;/p&gt;&#xA;</Body>
</answer>
<answer>
<Body>&lt;p&gt;Different instantiations of a template are unrelated types, even if the instantiating template arguments are related. That is, &lt;code&gt;X&amp;lt;A&amp;gt;&lt;/code&gt; is not related to &lt;code&gt;X&amp;lt;B&amp;gt;&lt;/code&gt; regardless of what the relationship between &lt;code&gt;A&lt;/code&gt; and &lt;code&gt;B&lt;/code&gt; might be.&lt;/p&gt;&#xA;&#xA;&lt;p&gt;Now as of what can be done, it depends on what your template actually is.  In some cases you can provide conversions so that the &lt;code&gt;X&amp;lt;Derived&amp;gt;&lt;/code&gt; can be converted to a &lt;code&gt;X&amp;lt;Base&amp;gt;&lt;/code&gt; for a particular operation. Another alternative is modifying your function to be able to take any &lt;code&gt;X&amp;lt;T&amp;gt;&lt;/code&gt; for which &lt;code&gt;T&lt;/code&gt; derives from &lt;code&gt;Base&lt;/code&gt; (this can be done by creating a template and using SFINAE to disallow calling it with &lt;code&gt;T&lt;/code&gt;s that don't derive from &lt;code&gt;Base&lt;/code&gt;. Again, depending on what your template is, you might be able to offer access to the underlying type, in which case the function could take a reference to &lt;code&gt;Base&lt;/code&gt; (consider &lt;code&gt;shared_ptr&lt;/code&gt; or &lt;code&gt;unique_ptr&lt;/code&gt; with the &lt;code&gt;.get()&lt;/code&gt; method)&lt;/p&gt;&#xA;&#xA;&lt;p&gt;Without a description of what you actually want to get done it is impossible to provide a good alternative.&lt;/p&gt;&#xA;</Body>
</answer>
