<question>
<Title>How can I create custom page for django admin?</Title>
<Body>&lt;p&gt;I want to create custom page for admin panel without model. For first i copy index.html to project folder:&lt;/p&gt;&#xA;&#xA;&lt;pre&gt;&lt;code&gt;mysite/&#xA;    templates/&#xA;        admin/&#xA;            index.html&#xA;&lt;/code&gt;&lt;/pre&gt;&#xA;&#xA;&lt;p&gt;Then add to apps block my code:&lt;/p&gt;&#xA;&#xA;&lt;pre&gt;&lt;code&gt;&amp;lt;div class=&quot;module&quot;&amp;gt;&#xA;    &amp;lt;table summary=&quot;{% blocktrans with name=&quot;preferences&quot; %}Models available in the preferences application.{% endblocktrans %}&quot;&amp;gt;&#xA;        &amp;lt;caption&amp;gt;&amp;lt;a href=&quot;preferences&quot; class=&quot;section&quot;&amp;gt;{% blocktrans with name=&quot;preferences&quot; %}Preferences{% endblocktrans %}&amp;lt;/a&amp;gt;&amp;lt;/caption&amp;gt;&#xA;            &amp;lt;tr&amp;gt;&#xA;                &amp;lt;th scope=&quot;row&quot;&amp;gt;&amp;lt;a href=&quot;preferences&quot;&amp;gt;Preferences&amp;lt;/a&amp;gt;&amp;lt;/th&amp;gt;&#xA;                &amp;lt;td&amp;gt;&amp;lt;a href=&quot;preferences&quot; class=&quot;changelink&quot;&amp;gt;{% trans 'Change' %}&amp;lt;/a&amp;gt;&amp;lt;/td&amp;gt;&#xA;            &amp;lt;/tr&amp;gt;&#xA;    &amp;lt;/table&amp;gt;&#xA;&amp;lt;/div&amp;gt;&#xA;&lt;/code&gt;&lt;/pre&gt;&#xA;&#xA;&lt;p&gt;This works good, then I create new page /templates/admin/preferences/preferences.html and&#xA;add to urls.py:&lt;/p&gt;&#xA;&#xA;&lt;pre&gt;&lt;code&gt;url(r'^admin/preferences/$', TemplateView.as_view(template_name='admin/preferences/preferences.html')),&#xA;&lt;/code&gt;&lt;/pre&gt;&#xA;&#xA;&lt;p&gt;And add code to preferences.html:&lt;/p&gt;&#xA;&#xA;&lt;pre&gt;&lt;code&gt;{% extends &quot;admin/base_site.html&quot; %}&#xA;{% block title %}Test page{% endblock %}&#xA;&lt;/code&gt;&lt;/pre&gt;&#xA;&#xA;&lt;p&gt;Run it and see message with error &quot;The requested admin page does not exist.&quot;. What I do wrong?&lt;/p&gt;&#xA;</Body>
<Tags>python,django,django-admin</Tags>
</question>
<answer>
<Body>&lt;p&gt;You need to add your admin URL &lt;em&gt;before&lt;/em&gt; the URL patterns of the admin itself:&lt;/p&gt;&#xA;&#xA;&lt;pre&gt;&lt;code&gt;urlpatterns = patterns('',&#xA;   url(r'^admin/preferences/$', TemplateView.as_view(template_name='admin/preferences/preferences.html')),&#xA;   url(r'^admin/', include('django.contrib.admin.urls')),&#xA;)&#xA;&lt;/code&gt;&lt;/pre&gt;&#xA;&#xA;&lt;p&gt;This way the URL won't be processed by Django's admin.&lt;/p&gt;&#xA;</Body>
</answer>
<answer>
<Body>&lt;p&gt;You should be using admin's &lt;a href=&quot;https://docs.djangoproject.com/en/dev/ref/contrib/admin/#django.contrib.admin.ModelAdmin.get_urls&quot;&gt;get_urls&lt;/a&gt;.&lt;/p&gt;&#xA;</Body>
</answer>
<answer>
<Body>&lt;p&gt;Here's an example of everything that should be needed (as of Django 1.6) for a custom admin page that is linked to from a button next to the &quot;History&quot; button in the top right of an object's detail page:&lt;/p&gt;&#xA;&#xA;&lt;p&gt;&lt;a href=&quot;https://gist.github.com/mattlong/4b64212e096766e058b7&quot; rel=&quot;noreferrer&quot;&gt;https://gist.github.com/mattlong/4b64212e096766e058b7&lt;/a&gt;&lt;/p&gt;&#xA;</Body>
</answer>
<answer>
<Body>&lt;p&gt;Full example:&lt;/p&gt;&#xA;&#xA;&lt;pre&gt;&lt;code&gt;from django.conf.urls import url&#xA;from django.contrib import admin&#xA;from django.db import models&#xA;&#xA;class DummyModel(models.Model):&#xA;    class Meta:&#xA;        verbose_name = 'Link to my shiny custom view'&#xA;        app_label = 'users'  # or another app to put your custom view&#xA;&#xA;@admin.register(DummyModel)&#xA;class DummyModelAdmin(admin.ModelAdmin):&#xA;    def get_urls(self):&#xA;        view_name = '{}_{}_changelist'.format(&#xA;                DummyModel._meta.app_label, DummyModel._meta.model_name)&#xA;        return [&#xA;            url(r'^my_view/$', MyCustomView.as_view(), name=view_name)&#xA;        ]&#xA;&lt;/code&gt;&lt;/pre&gt;&#xA;</Body>
</answer>
<answer>
<Body>&lt;p&gt;Years go by and still a relevant answer to this can be posted.&lt;/p&gt;&#xA;&#xA;&lt;p&gt;Using Django 1.10+ you can do:&lt;/p&gt;&#xA;&#xA;&lt;p&gt;&lt;strong&gt;security/admin.py (this is your app's admin file)&lt;/strong&gt;&lt;/p&gt;&#xA;&#xA;&lt;pre&gt;&lt;code&gt;from django.contrib import admin&#xA;from django.conf.urls import url&#xA;from django.template.response import TemplateResponse&#xA;from security.models import Security&#xA;&#xA;&#xA;@admin.register(Security)&#xA;class SecurityAdmin(admin.ModelAdmin):&#xA;&#xA;    def get_urls(self):&#xA;&#xA;        # get the default urls&#xA;        urls = super(SecurityAdmin, self).get_urls()&#xA;&#xA;        # define security urls&#xA;        security_urls = [&#xA;            url(r'^configuration/$', self.admin_site.admin_view(self.security_configuration))&#xA;            # Add here more urls if you want following same logic&#xA;        ]&#xA;&#xA;        # Make sure here you place your added urls first than the admin default urls&#xA;        return security_urls + urls&#xA;&#xA;    # Your view definition fn&#xA;    def security_configuration(self, request):&#xA;        context = dict(&#xA;            self.admin_site.each_context(request), # Include common variables for rendering the admin template.&#xA;            something=&quot;test&quot;,&#xA;        )&#xA;        return TemplateResponse(request, &quot;configuration.html&quot;, context)&#xA;&lt;/code&gt;&lt;/pre&gt;&#xA;&#xA;&lt;p&gt;&lt;strong&gt;security/templates/configuration.html&lt;/strong&gt;&lt;/p&gt;&#xA;&#xA;&lt;pre&gt;&lt;code&gt;{% extends &quot;admin/base_site.html&quot; %}&#xA;{% block content %}&#xA;...&#xA;{% endblock %}&#xA;&lt;/code&gt;&lt;/pre&gt;&#xA;&#xA;&lt;p&gt;See &lt;a href=&quot;https://docs.djangoproject.com/en/1.10/ref/contrib/admin/#django.contrib.admin.ModelAdmin.get_urls&quot; rel=&quot;noreferrer&quot;&gt;Official ModelAdmin.get_urls description&lt;/a&gt; (make sure you select proper Django version, this code is valid for 1.10 above)&lt;/p&gt;&#xA;&#xA;&lt;ul&gt;&#xA;&lt;li&gt;Note the use of get_urls() above. &lt;/li&gt;&#xA;&lt;li&gt;This new admin page will be&#xA;accessible under: &#xA;&lt;a href=&quot;https://localhost:8000/admin/security/configuration/&quot; rel=&quot;noreferrer&quot;&gt;https://localhost:8000/admin/security/configuration/&lt;/a&gt; &lt;/li&gt;&#xA;&lt;li&gt;This page will be protected under admin login area&lt;/li&gt;&#xA;&lt;/ul&gt;&#xA;</Body>
</answer>
