<question>
<Title>Complete C++ i18n gettext() &quot;hello world&quot; example</Title>
<Body>&lt;p&gt;I am looking for a complete i18n &lt;code&gt;gettext()&lt;/code&gt; hello world example. I have started a script based upon &lt;a href=&quot;http://oriya.sarovar.org/docs/gettext_single.html&quot; rel=&quot;noreferrer&quot;&gt;A tutorial on Native Language Support using GNU gettext&lt;/a&gt; by G. Mohanty. I am using Linux and G++.&lt;/p&gt;&#xA;&#xA;&lt;p&gt;Code:&lt;/p&gt;&#xA;&#xA;&lt;pre&gt;&lt;code&gt;cat &amp;gt;hellogt.cxx &amp;lt;&amp;lt;EOF&#xA;// hellogt.cxx&#xA;#include &amp;lt;libintl.h&amp;gt;&#xA;#include &amp;lt;locale.h&amp;gt;&#xA;#include &amp;lt;iostream&amp;gt;&#xA;#include &amp;lt;cstdlib&amp;gt;&#xA;int main (){&#xA;    char* cwd = getenv(&quot;PWD&quot;);&#xA;    std::cout &amp;lt;&amp;lt; &quot;getenv(PWD): &quot; &amp;lt;&amp;lt; (cwd?cwd:&quot;NULL&quot;) &amp;lt;&amp;lt; std::endl;&#xA;    char* l = getenv(&quot;LANG&quot;);&#xA;    std::cout &amp;lt;&amp;lt; &quot;getenv(LANG): &quot; &amp;lt;&amp;lt; (l?l:&quot;NULL&quot;) &amp;lt;&amp;lt; std::endl;&#xA;    char* s = setlocale(LC_ALL, &quot;&quot;);&#xA;    std::cout &amp;lt;&amp;lt; &quot;setlocale(): &quot; &amp;lt;&amp;lt; (s?s:&quot;NULL&quot;) &amp;lt;&amp;lt; std::endl;&#xA;    std::cout &amp;lt;&amp;lt; &quot;bindtextdomain(): &quot; &amp;lt;&amp;lt; bindtextdomain(&quot;hellogt&quot;, cwd) &amp;lt;&amp;lt; std::endl;&#xA;    std::cout &amp;lt;&amp;lt; &quot;textdomain(): &quot; &amp;lt;&amp;lt; textdomain( &quot;hellogt&quot;) &amp;lt;&amp;lt; std::endl;&#xA;    std::cout &amp;lt;&amp;lt; gettext(&quot;hello, world!&quot;) &amp;lt;&amp;lt; std::endl;&#xA;}&#xA;EOF&#xA;g++ -ohellogt hellogt.cxx&#xA;xgettext -d hellogt -o hellogt.pot hellogt.cxx&#xA;msginit --no-translator -l es_MX -o hellogt_spanish.po -i hellogt.pot&#xA;sed --in-place hellogt_spanish.po --expression='/#: /,$ s/&quot;&quot;/&quot;hola mundo&quot;/'&#xA;sed --in-place hellogt_spanish.po --expression='s/PACKAGE VERSION/hellogt 1.0/'&#xA;mkdir -p ./es_MX/LC_MESSAGES&#xA;msgfmt -c -v -o ./es_MX/LC_MESSAGES/hellogt.mo hellogt_spanish.po&#xA;export LANG=es_MX&#xA;ls -l $PWD/es_MX/LC_MESSAGES/hellogt.mo&#xA;./hellogt&#xA;strace -e trace=open ./hellogt&#xA;&lt;/code&gt;&lt;/pre&gt;&#xA;&#xA;&lt;p&gt;The program compiles, the text is extracted, Spanish file is created, modified and binary created but hellogt still displays English. The trace shows no evidence of looking in the current working directory for es_MX nor any references to LC_MESSAGES directory.&lt;/p&gt;&#xA;</Body>
<Tags>c++,linux,internationalization,gettext</Tags>
</question>
<answer>
<Body>&lt;p&gt;Your problem is that &lt;code&gt;hellogt.mo&lt;/code&gt; is in the wrong location - your program isn't actually opening it. You can tell this by using &lt;code&gt;strace&lt;/code&gt; to trace &lt;code&gt;open&lt;/code&gt; syscalls:&lt;/p&gt;&#xA;&#xA;&lt;pre&gt;&lt;code&gt;strace -e trace=open ./hellogt&#xA;...&#xA;open(&quot;/tmp/.//es_MX/LC_MESSAGES/hellogt.mo&quot;, O_RDONLY) = -1 ENOENT (No such file or directory)&#xA;open(&quot;/tmp/.//es/LC_MESSAGES/hellogt.mo&quot;, O_RDONLY) = -1 ENOENT (No such file or directory)&#xA;&lt;/code&gt;&lt;/pre&gt;&#xA;&#xA;&lt;p&gt;You can affect where gettext looks for message catalogs with the &lt;code&gt;LOCPATH&lt;/code&gt; environment variable, but if you move it to where gettext is attempting to load it from your example works:&lt;/p&gt;&#xA;&#xA;&lt;pre&gt;&lt;code&gt;mkdir -p es/LC_MESSAGES&#xA;cp hellogt.mo es/LC_MESSAGES&#xA;./hellogt &#xA;hola mundo&#xA;&lt;/code&gt;&lt;/pre&gt;&#xA;</Body>
</answer>
<answer>
<Body>&lt;pre&gt;&lt;code&gt;cat &amp;gt;hellogt.cxx &amp;lt;&amp;lt;EOF&#xA;// hellogt.cxx&#xA;#include &amp;lt;libintl.h&amp;gt;&#xA;#include &amp;lt;locale.h&amp;gt;&#xA;#include &amp;lt;iostream&amp;gt;&#xA;int main (){&#xA;    setlocale(LC_ALL, &quot;&quot;);&#xA;    bindtextdomain(&quot;hellogt&quot;, &quot;.&quot;);&#xA;    textdomain( &quot;hellogt&quot;);&#xA;    std::cout &amp;lt;&amp;lt; gettext(&quot;hello, world!&quot;) &amp;lt;&amp;lt; std::endl;&#xA;}&#xA;EOF&#xA;g++ -o hellogt hellogt.cxx&#xA;xgettext --package-name hellogt --package-version 1.2 --default-domain hellogt --output hellogt.pot hellogt.cxx&#xA;msginit --no-translator --locale es_MX --output-file hellogt_spanish.po --input hellogt.pot&#xA;sed --in-place hellogt_spanish.po --expression='/&quot;hello, world!&quot;/,/#: / s/&quot;&quot;/&quot;hola mundo&quot;/'&#xA;mkdir --parents ./es_MX.utf8/LC_MESSAGES&#xA;msgfmt --check --verbose --output-file ./es_MX.utf8/LC_MESSAGES/hellogt.mo hellogt_spanish.po&#xA;LANGUAGE=es_MX.utf8 ./hellogt&#xA;&lt;/code&gt;&lt;/pre&gt;&#xA;&#xA;&lt;p&gt;Here is a description of the files created by the above:&lt;/p&gt;&#xA;&#xA;&lt;pre&gt;&lt;code&gt;hellogt.cxx         C++ source file&#xA;hellogt             Executable image&#xA;hellogt.pot         Extracted text from C++ source file (portable object template)&#xA;hellogt_spanish.po  Modified text for Spanish with translations added (using sed)&#xA;es_MX.utf8/&#xA; LC_MESSAGES/&#xA;   hellogt.mo       Binary translated text for Spanish used at run-time&#xA;&lt;/code&gt;&lt;/pre&gt;&#xA;</Body>
</answer>
<answer>
<Body>&lt;p&gt;Here is a description of gettext from Fedora Project. It is simple to follow. But it is in C. &lt;/p&gt;&#xA;&#xA;&lt;p&gt;&lt;a href=&quot;http://fedoraproject.org/wiki/How_to_do_I18N_through_gettext&quot; rel=&quot;nofollow&quot;&gt;http://fedoraproject.org/wiki/How_to_do_I18N_through_gettext&lt;/a&gt;&lt;/p&gt;&#xA;</Body>
</answer>
