<question>
<Title>How to configure openMP for nested loops to keep the inner loop not parallelized?</Title>
<Body>&lt;p&gt;I have the following nested for loops. I want to parallelize the first loop but the second loop must NOT be parallelized. So I want that each thread executes the second loop in itself, which means that second loop must be special for each thread (for each &quot;i&quot; in the code). &lt;/p&gt;&#xA;&#xA;&lt;p&gt;How can I do that?&lt;/p&gt;&#xA;&#xA;&lt;pre&gt;&lt;code&gt;#pragma omp parallel for&#xA;    for (i=k+1;i&amp;lt;row;i++){&#xA;        for (n=0;n&amp;lt;k;n++){&#xA;           // #pragma omp atomic&#xA;            dummy += L[i][n]*L[k][n];&#xA;            L[i][k] = (A[i][k] - dummy)/L[k][k];&#xA;        }&#xA;        dummy = 0;&#xA;    }&#xA;&lt;/code&gt;&lt;/pre&gt;&#xA;</Body>
<Tags>c++,parallel-processing,openmp</Tags>
</question>
<answer>
<Body>&lt;p&gt;The &lt;code&gt;omp parallel for&lt;/code&gt; pragma applies only to the loop that follows it immediately. The &lt;code&gt;i&lt;/code&gt; loop will be distributed between threads. Within each iteration of &lt;code&gt;i&lt;/code&gt;, the &lt;code&gt;n&lt;/code&gt; loop will be executed on the same thread. Your code already does what you are trying to do.&lt;/p&gt;&#xA;</Body>
</answer>
