<question>
<Title>Efficient XML parsing for 25GB data</Title>
<Body>&lt;p&gt;My aim is to parse 25 GB of XML data. An example of such a data is given below:&lt;/p&gt;&#xA;&#xA;&lt;pre&gt;&lt;code&gt;&amp;lt;Document&amp;gt;&#xA;&amp;lt;Data Id='12' category='1'  Body=&quot;abc&quot;/&amp;gt;&#xA;&amp;lt;Data Id='13' category='1'  Body=&quot;zwq&quot;/&amp;gt;&#xA;.&#xA;.&#xA;&amp;lt;Data Id='82018030' category='2' CorrespondingCategory1Id='13' Body=&quot;pqr&quot;/&amp;gt;&#xA;&lt;/code&gt;&lt;/pre&gt;&#xA;&#xA;&lt;p&gt;However..considering the data I have of &quot;25 GB&quot;...my approach is quite inefficient. Please suggest some way to improve my code or an alternate approach. Also kindly include a small example code to make things clearer.&lt;/p&gt;&#xA;</Body>
<Tags>python,xml,xml-parsing,beautifulsoup,lxml</Tags>
</question>
<answer>
<Body>&lt;p&gt;My first suggestion from looking at your question would be to use a relational database such as MySQL or sqlite. It wouldn't be hard to get your XML data into this form, and then querying on that data would be both more straightforward and faster.&lt;/p&gt;&#xA;</Body>
</answer>
<answer>
<Body>&lt;p&gt;You might find that a SAX parser works better for this task. Rather than building a DOM, a SAX parser turns the XML file into a stream of elements and calls functions you provide to let you handle each element.&lt;/p&gt;&#xA;&#xA;&lt;p&gt;The good thing is that SAX parsers can be very fast and memory-efficient compared to DOM parsers, and some don't even need to be given all the XML at once, which would be ideal when you have 25 GB of it.&lt;/p&gt;&#xA;&#xA;&lt;p&gt;Unfortunately, if you need any context information, like &quot;I want tag &lt;code&gt;&amp;lt;B&amp;gt;&lt;/code&gt; but only if it's inside tag &lt;code&gt;&amp;lt;A&amp;gt;&lt;/code&gt;,&quot; you must maintain it yourself, since all the parser gives you is &quot;start tag &lt;code&gt;&amp;lt;A&amp;gt;&lt;/code&gt;, start tag &lt;code&gt;&amp;lt;B&amp;gt;&lt;/code&gt;, end tag &lt;code&gt;&amp;lt;B&amp;gt;&lt;/code&gt;, end tag &lt;code&gt;&amp;lt;A&amp;gt;&lt;/code&gt;.&quot; It never explicitly tells you that tag &lt;code&gt;&amp;lt;B&amp;gt;&lt;/code&gt; is inside tag &lt;code&gt;&amp;lt;A&amp;gt;&lt;/code&gt;, you have to figure that out from what you saw. And once you have seen an element, it's gone unless you remembered it yourself.&lt;/p&gt;&#xA;&#xA;&lt;p&gt;This gets very hairy for complex parsing jobs, but yours is probably manageable.&lt;/p&gt;&#xA;&#xA;&lt;p&gt;It happens that Python's standard library has a SAX parser in &lt;code&gt;xml.sax&lt;/code&gt;. You probably want something like &lt;code&gt;xml.sax.xmlreader.IncrementalParser&lt;/code&gt;.&lt;/p&gt;&#xA;</Body>
</answer>
<answer>
<Body>&lt;p&gt;Your initial algorithm runs in O(n^2), which will be very slow for 25GB of data.  Ideally you will get it down to O(n) or O(n log n).  In the absence of any other information about the data (like whether category 1 or 2 is smaller, etc), you can do something like this (which is O(n)):&lt;/p&gt;&#xA;&#xA;&lt;pre&gt;&lt;code&gt;from lxml import objectify&#xA;f=open('myfile25GB', 'r')&#xA;text=f.read()&#xA;root=objectify.fromstring(text)&#xA;&#xA;cat_one_bodies = {}&#xA;for e in root.attrib['Document'].row:&#xA;    category = int(e.attrib['category'])&#xA;    body = e.attrib['Body']&#xA;    if category == 1:&#xA;        e_id = int(e.attrib['Id'])&#xA;        cat_one_bodies[e_id] = body&#xA;    else: #Assuming there are only 2 categories&#xA;        cat_one_id = int(e.attrib['CorrespondingCategory1Id'])&#xA;        print &quot;Cat1 Body: '%s' Cat2 Body: '%s'&quot; % (body, cat_one_bodies[cat_one_id])&#xA;&lt;/code&gt;&lt;/pre&gt;&#xA;&#xA;&lt;p&gt;Although this doesn't parse your file, hopefully it shows you the idea.  It potentially uses quite a bit of memory (since it's maintaining all the category1 bodies in the dictionary), so that may be a consideration.&lt;/p&gt;&#xA;</Body>
</answer>
<answer>
<Body>&lt;p&gt;In XSLT 3.0 (draft) as currently implemented in Saxon-EE, you can write a streaming transformation that solves this problem as follows:&lt;/p&gt;&#xA;&#xA;&lt;pre&gt;&lt;code&gt;&amp;lt;xsl:stylesheet version=&quot;3.0&quot; xmlns:xsl=&quot;http://www.w3.org/1999/XSL/Transform&quot;&#xA;  xmlns:map=&quot;http://www.w3.org/2005/xpath-functions/map&quot;&amp;gt;&#xA;&amp;lt;xsl:mode streamable=&quot;yes&quot;/&amp;gt;&#xA;&amp;lt;xsl:template match=&quot;/&quot;&amp;gt;&#xA;  &amp;lt;xsl:iterate select=&quot;Document/Data&quot;&amp;gt;&#xA;    &amp;lt;xsl:param name=&quot;map&quot; select=&quot;map{}&quot;/&amp;gt;&#xA;    &amp;lt;xsl:choose&amp;gt;&#xA;      &amp;lt;xsl:when test=&quot;@category='1'&quot;&amp;gt;&#xA;        &amp;lt;xsl:next-iteration&amp;gt;&#xA;          &amp;lt;xsl:with-param name=&quot;map&quot; select=&quot;map:put($map, string(@Id), string(@Body))&quot;/&amp;gt;&#xA;        &amp;lt;/xsl:next-iteration&amp;gt;&#xA;      &amp;lt;/xsl:when&amp;gt;&#xA;      &amp;lt;xsl:otherwise&amp;gt;&#xA;        &amp;lt;xsl:value-of select=&quot;'Cat1 Body: ', &#xA;                              $map(@CorrespondingCategoryId), 'Cat2 Body', @Body&quot;/&amp;gt;&#xA;      &amp;lt;/xsl:otherwise&amp;gt;&#xA;    &amp;lt;/xsl:choose&amp;gt;&#xA;  &amp;lt;/xsl:iterate&amp;gt;&#xA;&amp;lt;/xsl:template&amp;gt;&#xA;&lt;/code&gt;&lt;/pre&gt;&#xA;&#xA;&lt;p&gt;&lt;/p&gt;&#xA;&#xA;&lt;p&gt;I haven't tested this (it's late at night on the eve of a four-day holiday...) but if you are interested in pursuing this approach I'll be happy to help. XSLT 3.0 is still a draft spec and fairly fluid. Its focus is on solving problems like this one using a streaming approach that handles very large documents using bounded memory. Saxon-EE 9.4 implements a snapshot of the spec.&lt;/p&gt;&#xA;</Body>
</answer>
<answer>
<Body>&lt;p&gt;If the IDs are in ascending order, then you can roll out your own function that reads an element at any position in a file. Then you can just scan the entire file and for every element you can find the corresponding one using binary search algorithm. The thing will run in O(n log n) while still using negligible amount of memory.&lt;/p&gt;&#xA;</Body>
</answer>
<answer>
<Body>&lt;p&gt;Try and use iterparse from lxml. I think it will suit the problem which you wish to handle.&lt;/p&gt;&#xA;</Body>
</answer>
