<question>
<Title>Sorting in Sparse Matrix</Title>
<Body>&lt;p&gt;I have a sparse matrix. I need to sort this matrix row-by-row and create another [sparse] matrix.&#xA;Code may explain it better:&lt;/p&gt;&#xA;&#xA;&lt;pre&gt;&lt;code&gt;# for `rand` function, you need newer version of scipy.&#xA;from scipy.sparse import *&#xA;m = rand(6,6, density=0.6)&#xA;d = m.getrow(0)&#xA;print d&#xA;&lt;/code&gt;&lt;/pre&gt;&#xA;&#xA;&lt;h3&gt;Output1&lt;/h3&gt;&#xA;&#xA;&lt;pre&gt;&lt;code&gt;(0, 5) 0.874881629788 &#xA;(0, 4) 0.352559852239 &#xA;(0, 2) 0.504791645463 &#xA;(0, 1) 0.885898140175&#xA;&lt;/code&gt;&lt;/pre&gt;&#xA;&#xA;&lt;p&gt;I have this &lt;code&gt;m&lt;/code&gt; matrix. I want to create a new matrix with sorted version of m. The new matrix&#xA;contains 0'th row like this.&lt;/p&gt;&#xA;&#xA;&lt;pre&gt;&lt;code&gt;new_d = new_m.getrow(0)&#xA;print new_d&#xA;&lt;/code&gt;&lt;/pre&gt;&#xA;&#xA;&lt;h3&gt;Output2&lt;/h3&gt;&#xA;&#xA;&lt;pre&gt;&lt;code&gt;(0, 1) 0.885898140175&#xA;(0, 5) 0.874881629788  &#xA;(0, 2) 0.504791645463&#xA;(0, 4) 0.352559852239&#xA;&lt;/code&gt;&lt;/pre&gt;&#xA;&#xA;&lt;p&gt;So I can obtain which column is bigger etc:&lt;/p&gt;&#xA;&#xA;&lt;pre&gt;&lt;code&gt;print new_d.indices&#xA;&lt;/code&gt;&lt;/pre&gt;&#xA;&#xA;&lt;h3&gt;Output3&lt;/h3&gt;&#xA;&#xA;&lt;pre&gt;&lt;code&gt;array([1, 5, 2, 4])&#xA;&lt;/code&gt;&lt;/pre&gt;&#xA;&#xA;&lt;p&gt;Of course every row should be sorted like above independently. &lt;/p&gt;&#xA;&#xA;&lt;p&gt;I have one solution for this problem but it is not elegant.&lt;/p&gt;&#xA;</Body>
<Tags>python,sorting,scipy,sparse-matrix</Tags>
</question>
<answer>
<Body>&lt;p&gt;My bad solution is like this:&lt;/p&gt;&#xA;&#xA;&lt;pre&gt;&lt;code&gt;from scipy.sparse import coo_matrix&#xA;import numpy as np&#xA;a = []&#xA;for i in xrange(m.shape[0]): # assume m is square matrix.&#xA;   d = m.getrow(i)&#xA;   n = len(d.indices)&#xA;   s = zip([i]*n, d.indices, d.data)&#xA;   sorted_s = sorted(s, key=lambda v: v[2], reverse=True)&#xA;   a.extend(sorted_s)&#xA;a = np.array(a)&#xA;new_m = coo_matrix((a[:,2], (a[:,0], a[:,1])), m.shape)&#xA;&lt;/code&gt;&lt;/pre&gt;&#xA;&#xA;&lt;p&gt;There can be some simple mistakes above because I have not checked it yet. But the idea is intuitive, I guess. Is there any good solution?&lt;/p&gt;&#xA;&#xA;&lt;h3&gt;Edit&lt;/h3&gt;&#xA;&#xA;&lt;p&gt;This new matrix creation may be useless because if you call &lt;code&gt;getrow&lt;/code&gt; method then the order is broken again.&#xA;Only &lt;code&gt;coo_matrix.col&lt;/code&gt; keeps the order.&lt;/p&gt;&#xA;&#xA;&lt;h2&gt;Another Solution&lt;/h2&gt;&#xA;&#xA;&lt;p&gt;This one is not exact solution but it may be helpful:&lt;/p&gt;&#xA;&#xA;&lt;pre&gt;&lt;code&gt;def sortSparseMatrix(m, rev=True, only_indices=True):&#xA;&#xA;    &quot;&quot;&quot; Sort a sparse matrix and return column index dictionary&#xA;    &quot;&quot;&quot;&#xA;    col_dict = dict() &#xA;    for i in xrange(m.shape[0]): # assume m is square matrix.&#xA;        d = m.getrow(i)&#xA;        s = zip(d.indices, d.data)&#xA;        sorted_s = sorted(s, key=lambda v: v[1], reverse=True)&#xA;        if only_indices:&#xA;            col_dict[i] = [element[0] for element in sorted_s]&#xA;        else:&#xA;            col_dict[i] = sorted_s&#xA;    return col_dict&#xA;&lt;/code&gt;&lt;/pre&gt;&#xA;&#xA;&lt;hr&gt;&#xA;&#xA;&lt;pre&gt;&lt;code&gt;&amp;gt;&amp;gt;&amp;gt; print sortSparseMatrix(m)&#xA;{0: [5, 1, 0],&#xA; 1: [1, 3, 5],&#xA; 2: [1, 2, 3, 4],&#xA; 3: [1, 5, 2, 4],&#xA; 4: [0, 3, 5, 1],&#xA; 5: [3, 4, 2]}&#xA;&lt;/code&gt;&lt;/pre&gt;&#xA;</Body>
</answer>
<answer>
<Body>&lt;p&gt;If you're willing to ignore the zero-value elements of the matrix, the code below should work. It is also much faster than implementations that use the getrow method, which is rather slow. &lt;/p&gt;&#xA;&#xA;&lt;pre&gt;&lt;code&gt;from itertools import izip&#xA;&#xA;def sort_coo(m):&#xA;    tuples = izip(m.row, m.col, m.data)&#xA;    return sorted(tuples, key=lambda x: (x[0], x[2]))&#xA;&lt;/code&gt;&lt;/pre&gt;&#xA;&#xA;&lt;p&gt;For example:&lt;/p&gt;&#xA;&#xA;&lt;pre&gt;&lt;code&gt;    &amp;gt;&amp;gt;&amp;gt; from numpy.random import rand&#xA;    &amp;gt;&amp;gt;&amp;gt; from scipy.sparse import coo_matrix&#xA;    &amp;gt;&amp;gt;&amp;gt;&#xA;    &amp;gt;&amp;gt;&amp;gt; d = rand(10, 20)&#xA;    &amp;gt;&amp;gt;&amp;gt; d[d &amp;gt; .05] = 0&#xA;    &amp;gt;&amp;gt;&amp;gt; s = coo_matrix(d)&#xA;    &amp;gt;&amp;gt;&amp;gt; sort_coo(s)&#xA;    [(0, 2, 0.004775589084940246),&#xA;     (3, 12, 0.029941507166614145),&#xA;     (5, 19, 0.015030386789436245),&#xA;     (7, 0, 0.0075044957259399192),&#xA;     (8, 3, 0.047994403933129481),&#xA;     (8, 5, 0.049401058471327031),&#xA;     (9, 15, 0.040011608000125043),&#xA;     (9, 8, 0.048541825332137023)]&#xA;&lt;/code&gt;&lt;/pre&gt;&#xA;&#xA;&lt;p&gt;Depending on your needs you may want to tweak the sort keys in the lambda or further process the output. If you want everything in a row indexed dictionary you could do:&lt;/p&gt;&#xA;&#xA;&lt;pre&gt;&lt;code&gt;from collections import defaultdict&#xA;&#xA;sorted_rows = defaultdict(list)&#xA;&#xA;for i in sort_coo(m):&#xA;     sorted_rows[i[0]].append((i[1], i[2]))&#xA;&lt;/code&gt;&lt;/pre&gt;&#xA;</Body>
</answer>
