<question>
<Title>c++ std::bind keeping object alive</Title>
<Body>&lt;p&gt;Here is the code, it's pretty straightforward.&lt;/p&gt;&#xA;&#xA;&lt;pre&gt;&lt;code&gt;class Foo&#xA;{&#xA;public:&#xA;    void print()&#xA;    {&#xA;        std::cout&amp;lt;&amp;lt;&quot;Foo::print\n&quot;;&#xA;    }&#xA;}; &#xA;&#xA;&#xA;Game::Game()&#xA;{&#xA;    {&#xA;        Foo foo;&#xA;        player.onclick = bind(&amp;amp;Foo::print,foo);&#xA;&#xA;    }&#xA;    player.onclick();&#xA;}&#xA;&lt;/code&gt;&lt;/pre&gt;&#xA;&#xA;&lt;p&gt;After the inner scope is done the foo object goes out of scope, but the print method is still called, I guess this happens because player holds a reference to the foo object? Is there a way to stop this from happening? I don't want objects to stay alive and receive events when they are supposed to be destroyed.&lt;/p&gt;&#xA;&#xA;&lt;p&gt;Thanks.&lt;/p&gt;&#xA;</Body>
<Tags>c++,c++11</Tags>
</question>
<answer>
<Body>&lt;p&gt;You are binding to a copy of &lt;code&gt;foo&lt;/code&gt;; that copy lasts as long as the bound function object, while the original &lt;code&gt;foo&lt;/code&gt; is destroyed at the end of its scope.&lt;/p&gt;&#xA;&#xA;&lt;p&gt;If you don't want to keep it alive, then bind to a pointer (&lt;code&gt;&amp;amp;foo&lt;/code&gt;) or a reference (&lt;code&gt;std::ref(foo)&lt;/code&gt;); and then you must be careful not to call the function object once &lt;code&gt;foo&lt;/code&gt; has gone out of scope. Note that there's no way to tell from the function object that this has happened; calling it will give undefined behaviour.&lt;/p&gt;&#xA;&#xA;&lt;p&gt;In order to safely disconnect the object when it's destroyed, you would have to either arrange for its destructor to reassign &lt;code&gt;onclick&lt;/code&gt;, or make some other object responsible for first reassigning &lt;code&gt;onclick&lt;/code&gt;, and then destroying the object.&lt;/p&gt;&#xA;</Body>
</answer>
<answer>
<Body>&lt;p&gt;From your description it sounds like you actually want an event loop. While &lt;code&gt;std::bind&lt;/code&gt; is useful for something like that it isn't one all by itself. I suggest you have a look at &lt;a href=&quot;http://www.boost.org/libs/signals/&quot; rel=&quot;nofollow&quot;&gt;boost.signals&lt;/a&gt;&lt;/p&gt;&#xA;</Body>
</answer>
<answer>
<Body>&lt;p&gt;I think you should use &lt;code&gt;shared_ptr&lt;/code&gt; when you assign &lt;code&gt;Foo&lt;/code&gt; to &lt;code&gt;Player&lt;/code&gt;, and keep a &lt;code&gt;weak_ptr&lt;/code&gt; to &lt;code&gt;Foo&lt;/code&gt; in &lt;code&gt;Player&lt;/code&gt;. Then try to lock the &lt;code&gt;weak_ptr&lt;/code&gt; in the &lt;code&gt;onclick&lt;/code&gt; function to see if &lt;code&gt;Foo&lt;/code&gt; is still alive. Something like this:&lt;/p&gt;&#xA;&#xA;&lt;pre&gt;&lt;code&gt;using namespace std;&#xA;class Foo&#xA;{&#xA;    public:&#xA;        void print()&#xA;        {&#xA;            cout&amp;lt;&amp;lt;&quot;Foo::print\n&quot;;&#xA;        }&#xA;}; &#xA;&#xA;class Player&#xA;{&#xA;    public:&#xA;        weak_ptr&amp;lt;function&amp;lt;void()&amp;gt;&amp;gt; _onClickFuntion;&#xA;        void onclick()&#xA;        {&#xA;            shared_ptr&amp;lt;function&amp;lt;void()&amp;gt;&amp;gt; tempFunction(_onClickFunction.lock());&#xA;            if (tempFunction)&#xA;                tempFunction();&#xA;        }&#xA;}&#xA;&#xA;Game::Game()&#xA;{&#xA;    {&#xA;        Foo foo;&#xA;        player._onClickFuntion = shared_ptr&amp;lt;function&amp;lt;void()&amp;gt;&amp;gt;(new bind(&amp;amp;Foo::print,foo));&#xA;    }&#xA;    player.onclick();&#xA;}&#xA;&lt;/code&gt;&lt;/pre&gt;&#xA;</Body>
</answer>
