<question>
<Title>Python &quot;run&quot; and &quot;reload&quot; not showing the changes to my code</Title>
<Body>&lt;p&gt;I have a simple question. I am in the process of debugging some code. I am using Enthought Python, with the &quot;PyLab&quot; program. I edit my code using gEdit. I am using Ubuntu 10.04.4 LTS.&lt;/p&gt;&#xA;&#xA;&lt;p&gt;I use &quot;run myfile.py&quot; to run the program. Then I test myfile(somearguments), and see where the bugs are.&lt;/p&gt;&#xA;&#xA;&lt;p&gt;However, when I make changes to the code, using &quot;run myfile.py&quot; again does not properly update what Python/PyLab on the changes to my code. The result is that I will get error messages back pointing to lines that have no errors, and don't even have the &quot;trouble&quot; text in them anymore. I tried using import and reload as well, but that didn't work.&lt;/p&gt;&#xA;&#xA;&lt;p&gt;How do I get Python/PyLab to see the new changes to my code? The only option I have for now is to fix the bug and then restart PyLab to confirm the fix.&lt;/p&gt;&#xA;&#xA;&lt;p&gt;Thanks!&lt;/p&gt;&#xA;</Body>
<Tags>python,matplotlib</Tags>
</question>
<answer>
<Body>&lt;p&gt;Did you try to remove the pyc file ?&lt;/p&gt;&#xA;&#xA;&lt;p&gt;It may happen as the pyc file exists that PyLab keeps reading it without reloading the file.&lt;/p&gt;&#xA;</Body>
</answer>
