<question>
<Title>Handling an empty string - Python</Title>
<Body>&lt;p&gt;I have to do a program for a Hexidecimal to Binary converter. I have it working fine. However the only thing that doesn't quite go to plan is if an empty string is entered. If invalid data is entered it produces an error, apart from when nothing is entered, where nothing is produced either. No error comes up, but it doesn't do anything either.&lt;/p&gt;&#xA;&#xA;&lt;p&gt;How would I make the error come up for an empty string?&lt;/p&gt;&#xA;&#xA;&lt;pre&gt;&lt;code&gt;def Binary(Hex):&#xA;    Result = ''&#xA;    ErrorFound = False&#xA;    BinaryEquivalent = ''&#xA;    for ThisHexDigit in Hex:&#xA;        if ThisHexDigit in ['1','2','3','4','5','6','7','8','9','0','A','B','C','D','E','F']:&#xA;            if ThisHexDigit == '0': BinaryEquivalent = '0'&#xA;            elif ThisHexDigit == '1': BinaryEquivalent = '1'&#xA;            elif ThisHexDigit == '2': BinaryEquivalent = '2'&#xA;            elif ThisHexDigit == '3': BinaryEquivalent = '3'&#xA;            elif ThisHexDigit == '4': BinaryEquivalent = '4'&#xA;            elif ThisHexDigit == '5': BinaryEquivalent = '5'&#xA;            elif ThisHexDigit == '6': BinaryEquivalent = '6'&#xA;            elif ThisHexDigit == '7': BinaryEquivalent = '7'&#xA;            elif ThisHexDigit == '8': BinaryEquivalent = '8'&#xA;            elif ThisHexDigit == '9': BinaryEquivalent = '9'&#xA;            elif ThisHexDigit == 'A': BinaryEquivalent = '10'&#xA;            elif ThisHexDigit == 'B': BinaryEquivalent = '11'&#xA;            elif ThisHexDigit == 'C': BinaryEquivalent = '12'&#xA;            elif ThisHexDigit == 'D': BinaryEquivalent = '13'&#xA;            elif ThisHexDigit == 'E': BinaryEquivalent = '14'&#xA;            elif ThisHexDigit == 'F': BinaryEquivalent = '15'&#xA;            Result = Result + BinaryEquivalent&#xA;        else:&#xA;            ErrorFound = True&#xA;            print('You have made a mistake')&#xA;    return Result&#xA;&lt;/code&gt;&lt;/pre&gt;&#xA;</Body>
<Tags>python</Tags>
</question>
<answer>
<Body>&lt;p&gt;I have often found myself asking if the String has any length to it&lt;/p&gt;&#xA;&#xA;&lt;pre&gt;&lt;code&gt;emptyInput = &quot;&quot;&#xA;if len(emptyInput): #returns 0 and will fail &#xA;#but as the comments remind me&#xA;if emptyInput: #also returns false&#xA;&lt;/code&gt;&lt;/pre&gt;&#xA;&#xA;&lt;p&gt;now you have a few options from here. Simply adding an else and moving on, raising an error, or ask for new input. It really is hard to advise the best course without some of your code. &lt;/p&gt;&#xA;</Body>
</answer>
<answer>
<Body>&lt;pre&gt;&lt;code&gt;if not hex_string:&#xA;    raise ValueError('Cannot convert empty string')&#xA;&lt;/code&gt;&lt;/pre&gt;&#xA;</Body>
</answer>
