<question>
<Title>What's the meaning of the compile options /DPROFILE and /UPROFILE in Microsoft Visual Studio?</Title>
<Body>&lt;p&gt;There is the legacy native c++ project. In the Command Line Property Pages, the /DPROFILE is added as the additional option. I want to remove it. But I don't know if it is safe. I searched the everywhere. Unfortunately I didn't find the explanation regarding /DPROFILE and /UPROFILE. Does anybody the MSDN know page regarding them? And what are they used for?&lt;/p&gt;&#xA;</Body>
<Tags>c++,compiler-options</Tags>
</question>
<answer>
<Body>&lt;p&gt;&lt;a href=&quot;http://msdn.microsoft.com/en-us/library/hhzbb5c8%28v=vs.100%29.aspx&quot; rel=&quot;nofollow&quot;&gt;/D&lt;/a&gt; defines a preprocessing symbol. &lt;code&gt;/DPROFILE&lt;/code&gt; means: &quot;define a symbol named &lt;code&gt;PROFILE&lt;/code&gt;&quot;. You'll have to search through your source code for &lt;code&gt;PROFILE&lt;/code&gt; to see if it's safe without it.&lt;/p&gt;&#xA;&#xA;&lt;p&gt;Conversely, the &lt;code&gt;/UPROFILE&lt;/code&gt; means &quot;undefine &lt;code&gt;PROFILE&lt;/code&gt;&quot; (see &lt;a href=&quot;http://msdn.microsoft.com/en-us/library/c3h46dfd.aspx&quot; rel=&quot;nofollow&quot;&gt;/U&lt;/a&gt;).&lt;/p&gt;&#xA;</Body>
</answer>
<answer>
<Body>&lt;p&gt;&lt;code&gt;/DPROFILE&lt;/code&gt; defines a macro called &lt;code&gt;PROFILE&lt;/code&gt; with an empty expansion. &lt;code&gt;/UPROFILE&lt;/code&gt; &quot;undefs&quot; a macro called &lt;code&gt;PROFILE&lt;/code&gt;. I don't believe that &lt;code&gt;PROFILE&lt;/code&gt; has any special meaning for the Visual Studio toolchain.&lt;/p&gt;&#xA;</Body>
</answer>
