<question>
<Title>Changing from arrays TO struct containing arrays</Title>
<Body>&lt;p&gt;I am changing my code so it would fit me better . &lt;/p&gt;&#xA;&#xA;&lt;p&gt;I had:&lt;/p&gt;&#xA;&#xA;&lt;pre&gt;&lt;code&gt;deque&amp;lt;array&amp;lt;array&amp;lt;int,4&amp;gt;,4&amp;gt;&amp;gt; visited;&#xA;&lt;/code&gt;&lt;/pre&gt;&#xA;&#xA;&lt;p&gt;Now I have :&lt;/p&gt;&#xA;&#xA;&lt;pre&gt;&lt;code&gt;deque&amp;lt;New_Array&amp;gt; visited;&#xA;&lt;/code&gt;&lt;/pre&gt;&#xA;&#xA;&lt;p&gt;where New_Array is:&lt;/p&gt;&#xA;&#xA;&lt;pre&gt;&lt;code&gt;struct New_Array {&#xA;    array&amp;lt;array&amp;lt;int,4&amp;gt;,4&amp;gt; pinak;&#xA;    int h;&#xA;}Jim;&#xA;&lt;/code&gt;&lt;/pre&gt;&#xA;&#xA;&lt;p&gt;my array is like this:&lt;/p&gt;&#xA;&#xA;&lt;pre&gt;&lt;code&gt;array&amp;lt;array&amp;lt;int,4&amp;gt;,4&amp;gt; myarray;&#xA;&lt;/code&gt;&lt;/pre&gt;&#xA;&#xA;&lt;p&gt;&lt;strong&gt;The problem is&lt;/strong&gt; that I have a else-if function like this:&lt;/p&gt;&#xA;&#xA;&lt;p&gt;&lt;code&gt;else if (find(visited.begin(), visited.end(), myarray)==visited.end())&lt;/code&gt;&lt;/p&gt;&#xA;&#xA;&lt;p&gt;This function checks if an array is in the visited stack-deque. If it is not then the else-function works. But now, the visited deque will have to contain structs ,not arrays .  &lt;strong&gt;How can I transform this function&lt;/strong&gt; to work with the new containers of the deque?  &lt;/p&gt;&#xA;&#xA;&lt;p&gt;I made this change so each array could be connected with a number(h). &#xA;I need to check the array , I dont care about the number. &lt;/p&gt;&#xA;&#xA;&lt;p&gt;&lt;strong&gt;EDIT:&lt;/strong&gt;&lt;/p&gt;&#xA;&#xA;&lt;p&gt;error C2678: binary '==' : no operator found which takes a left-hand operand of type 'New_Array' (or there is no acceptable conversion)&lt;/p&gt;&#xA;</Body>
<Tags>c++,arrays,deque</Tags>
</question>
<answer>
<Body>&lt;p&gt;If I read your question correctly, what you need to do is define an equality operator for your struct.  Then the Find can use that operator in its search.&lt;/p&gt;&#xA;</Body>
</answer>
<answer>
<Body>&lt;p&gt;Perhaps you can use &lt;code&gt;std::find_if&lt;/code&gt;:&lt;/p&gt;&#xA;&#xA;&lt;pre&gt;&lt;code&gt;else if (find_if(visited.begin(), visited.end(), &#xA;         [&amp;amp;myarray](const NewArray&amp;amp; newArray) {&#xA;           return myarray == newArray.pinak;&#xA;         }) == visited.end())&#xA;&lt;/code&gt;&lt;/pre&gt;&#xA;&#xA;&lt;p&gt;&lt;code&gt;std::find_if(Iterator first, Iterator last, Predicate pred)&lt;/code&gt; returns an iterator to the first element in the range [first,last) for which applying pred to it, is true.&lt;/p&gt;&#xA;&#xA;&lt;p&gt;The first and second parameters, &lt;code&gt;visited.begin()&lt;/code&gt;, and &lt;code&gt;visited.end()&lt;/code&gt; specifiy that we should examine the &lt;code&gt;std::deque&amp;lt;NewArray&amp;gt;&lt;/code&gt; named &lt;code&gt;visited&lt;/code&gt;.&lt;/p&gt;&#xA;&#xA;&lt;p&gt;So, we walk through the &lt;code&gt;std::deque&lt;/code&gt; called &lt;code&gt;visited&lt;/code&gt;, testing each element in turn.&lt;/p&gt;&#xA;&#xA;&lt;p&gt;For each element of the deque, we apply this predicate:&lt;/p&gt;&#xA;&#xA;&lt;pre&gt;&lt;code&gt;[&amp;amp;myarray](consts NewArray&amp;amp; newArray) { return myarray == newArray.pinak }&#xA;&lt;/code&gt;&lt;/pre&gt;&#xA;&#xA;&lt;p&gt;This syntax is a lambda expression. It creates an object which can be subsequently invoked by the &lt;code&gt;()&lt;/code&gt; operator (which &lt;code&gt;find_if&lt;/code&gt;, in fact, does).&lt;/p&gt;&#xA;&#xA;&lt;p&gt;The first part of the lambda lists variable which will be made available to the body of the expression. In this case, &lt;code&gt;[&amp;amp;myarray]&lt;/code&gt; makes that variable available in the body, by const reference.&lt;/p&gt;&#xA;&#xA;&lt;p&gt;The next part is the parameter list of &lt;code&gt;operator()&lt;/code&gt;: &lt;code&gt;(const NewArray&amp;amp; newArray)&lt;/code&gt;. It has the same meaning as in any other function.&lt;/p&gt;&#xA;&#xA;&lt;p&gt;Finally, the body of the expression compares the passed-in element of &lt;code&gt;visited&lt;/code&gt; with the variable &lt;code&gt;myarray&lt;/code&gt;. To determine equality, we compare the array to the &lt;code&gt;pinak&lt;/code&gt; member of the passed-in structure.&lt;/p&gt;&#xA;&#xA;&lt;p&gt;In short, the &lt;code&gt;find_if&lt;/code&gt; function:&lt;/p&gt;&#xA;&#xA;&lt;ul&gt;&#xA;&lt;li&gt;Walks through every element of &lt;code&gt;visited&lt;/code&gt;. For each element, it:&lt;/li&gt;&#xA;&lt;li&gt;Invokes the listed function, which&lt;/li&gt;&#xA;&lt;li&gt;Compares the element's &lt;code&gt;pinak&lt;/code&gt; member to &lt;code&gt;myarray&lt;/code&gt;&lt;/li&gt;&#xA;&lt;/ul&gt;&#xA;&#xA;&lt;p&gt;&lt;code&gt;find_if&lt;/code&gt; then returns an iterator which points to the selected element, or &lt;code&gt;.end()&lt;/code&gt; if none compare equal.&lt;/p&gt;&#xA;</Body>
</answer>
