<question>
<Title>for loop not executing properly?</Title>
<Body>&lt;p&gt;OK, I have this assignment and I have to prompt the user for data about 5 separate basketball players. My question prompts are in a for loop, the loop executes the first time for the first player fine, but when the second players info needs to be entered the first two question prompts are together on the same line, I have fiddled with this and just cannot figure it out, I am sure it is something small that I am apparently missing, thanks for any suggestions on how to fix this.&lt;/p&gt;&#xA;&#xA;&lt;p&gt;Here is the output:&lt;/p&gt;&#xA;&#xA;&lt;pre&gt;&lt;code&gt;Enter the name, number, and points scored for each of the 5 players.&#xA;Enter the name of player # 1: Michael Jordan&#xA;Enter the number of player # 1: 23&#xA;Enter points scored for player # 1: 64&#xA;Enter the name of player # 2: Enter the number of player # 2: &amp;lt;------- * questions 1 and 2 *&#xA;&lt;/code&gt;&lt;/pre&gt;&#xA;&#xA;&lt;p&gt;Here is my code:&lt;/p&gt;&#xA;&#xA;&lt;pre&gt;&lt;code&gt;#include &amp;lt;iostream&amp;gt;&#xA;#include &amp;lt;string&amp;gt;&#xA;#include &amp;lt;iomanip&amp;gt;&#xA;using namespace std;&#xA;&#xA;&#xA;//struct of Basketball Player info&#xA;struct BasketballPlayerInfo&#xA;{&#xA;    string name; //player name&#xA;&#xA;    int playerNum, //player number&#xA;        pointsScored; //points scored&#xA;&#xA;};&#xA;&#xA;int main()&#xA;{&#xA;    int index; //loop count&#xA;    const int numPlayers = 5; //nuymber of players&#xA;    BasketballPlayerInfo players[numPlayers]; //Array of players&#xA;&#xA;    //ask user for Basketball Player Info&#xA;    cout &amp;lt;&amp;lt; &quot;Enter the name, number, and points scored for each of the 5 players.\n&quot;;&#xA;&#xA;    for (index = 0; index &amp;lt; numPlayers; index++)&#xA;    {&#xA;        //collect player name&#xA;        cout &amp;lt;&amp;lt; &quot;Enter the name of player # &quot; &amp;lt;&amp;lt; (index + 1);&#xA;        cout &amp;lt;&amp;lt; &quot;: &quot;;&#xA;        getline(cin, players[index].name);&#xA;&#xA;        //collect players number&#xA;        cout &amp;lt;&amp;lt; &quot;Enter the number of player # &quot; &amp;lt;&amp;lt; (index + 1);&#xA;        cout &amp;lt;&amp;lt; &quot;: &quot;;&#xA;        cin &amp;gt;&amp;gt; players[index].playerNum;&#xA;&#xA;        //collect points scored&#xA;        cout &amp;lt;&amp;lt; &quot;Enter points scored for player # &quot; &amp;lt;&amp;lt; (index + 1);&#xA;        cout &amp;lt;&amp;lt; &quot;: &quot;;&#xA;        cin &amp;gt;&amp;gt; players[index].pointsScored;&#xA;    }&#xA;&#xA; system(&quot;pause&quot;);&#xA;return 0;&#xA;&#xA;}&#xA;&lt;/code&gt;&lt;/pre&gt;&#xA;</Body>
<Tags>c++</Tags>
</question>
<answer>
<Body>&lt;p&gt;After you read a number (e.g., &lt;code&gt;int&lt;/code&gt;), there's still a new-line left in the input buffer that you haven't read. When you read another number, that skips across any white-space (including new-lines to find a number. When you read a &lt;em&gt;string&lt;/em&gt;, however, the new-line in the input buffer is read as an empty string.&lt;/p&gt;&#xA;&#xA;&lt;p&gt;To make it work, you need to get the new-line out of the input buffer before you try to read the string.&lt;/p&gt;&#xA;</Body>
</answer>
