<question>
<Title>Python: looping through urls in file</Title>
<Body>&lt;p&gt;I'm trying to loop through a text file with a list of urls and have my python script parse each of the urls in the file.&lt;/p&gt;&#xA;&#xA;&lt;p&gt;The code only processes the LAST line in the file, when it should process every line and append the results to the file.&lt;/p&gt;&#xA;&#xA;&lt;p&gt;I have no idea what to do, i appreciate your help.&#xA;Thanks!&lt;/p&gt;&#xA;&#xA;&lt;pre&gt;&lt;code&gt;import feedparser # pip install feedparser&#xA;from BeautifulSoup import BeautifulStoneSoup&#xA;from BeautifulSoup import BeautifulSoup&#xA;import re&#xA;&#xA;&#xA;urls = open(&quot;c:/a2.txt&quot;, &quot;r&quot;) # file with rss urls&#xA;&#xA;for lines in urls:&#xA;&#xA;    d = feedparser.parse(lines) # feedparser is supposed to process every url in the file(urls)&#xA;&#xA;&#xA;statusupdate = d.entries[0].description&#xA;&#xA;&#xA;soup = BeautifulStoneSoup(statusupdate)&#xA;&#xA;for e in d.entries:&#xA;    print(e.title)&#xA;    print(e.link)&#xA;    print(soup.find(&quot;img&quot;)[&quot;src&quot;])&#xA;    print(&quot;\n&quot;) # 2 newlines&#xA;&#xA;&#xA;# writes title,link,image to a file and adds some characters&#xA;    f = open(r'c:\a.txt', 'a')&#xA;    f.writelines('&quot;')&#xA;    f.writelines(e.title)&#xA;    f.writelines('&quot;')&#xA;    f.writelines(&quot;,&quot;)&#xA;    f.writelines('&quot;')&#xA;    f.writelines(e.link)&#xA;    f.writelines('&quot;')&#xA;    f.writelines(&quot;,&quot;)&#xA;    f.writelines('&quot;')&#xA;    f.writelines(soup.find(&quot;img&quot;)[&quot;src&quot;])&#xA;    f.writelines('&quot;')&#xA;    f.writelines(&quot;,&quot;)&#xA;    f.writelines(&quot;\n&quot;)&#xA;f.close()&#xA;&lt;/code&gt;&lt;/pre&gt;&#xA;</Body>
<Tags>python,loops,rss,feedparser</Tags>
</question>
<answer>
<Body>&lt;p&gt;Maybe you shouldn't assign the value returned by &lt;code&gt;feedparser.parse()&lt;/code&gt; to the same variable every time?&lt;/p&gt;&#xA;&#xA;&lt;p&gt;At least with your current indentation, it's the only thing that happens inside the loop.&#xA;&lt;code&gt;statusupdate = d.entries[0].description&lt;/code&gt; only runs once and operates on the last value of &lt;code&gt;d&lt;/code&gt;, because it's outside the loop.&lt;/p&gt;&#xA;</Body>
</answer>
<answer>
<Body>&lt;pre&gt;&lt;code&gt;for lines in urls:&#xA;    d = feedparser.parse(lines)&#xA;&lt;/code&gt;&lt;/pre&gt;&#xA;&#xA;&lt;p&gt;This loop simply keeps going and it keeps reassigning something to the variable &lt;code&gt;d&lt;/code&gt;. That means, when the loop is finished, &lt;code&gt;d&lt;/code&gt; will have the values associated with the last line.&lt;/p&gt;&#xA;&#xA;&lt;p&gt;If you wish to process every line, you need to do something with every value of &lt;code&gt;d&lt;/code&gt;. For example, you could put every &lt;code&gt;d.entries[0].description&lt;/code&gt; in a list and then iterate over that list to process it.&lt;/p&gt;&#xA;&#xA;&lt;hr&gt;&#xA;&#xA;&lt;pre&gt;&lt;code&gt;urls = open(&quot;c:/a2.txt&quot;, &quot;r&quot;) # file with rss urls&#xA;results = []&#xA;for lines in urls:&#xA;    results.append(feedparser.parse(lines))&#xA;contents = []&#xA;for r in results:&#xA;    statusupdate = r.entries[0].description&#xA;    soup = BeautifulStoneSoup(statusupdate)&#xA;    for e in r.entries:&#xA;        contents.append((e.title, e.link, soup.find(&quot;img&quot;)[&quot;src&quot;]))&#xA;with open(r'c:\a.txt', 'a') as f:&#xA;    for c in contents:&#xA;        f.writelines('&quot;')&#xA;        f.writelines(c[0])&#xA;        f.writelines('&quot;')&#xA;        f.writelines(&quot;,&quot;)&#xA;        f.writelines('&quot;')&#xA;        f.writelines(c[1])&#xA;        f.writelines('&quot;')&#xA;        f.writelines(&quot;,&quot;)&#xA;        f.writelines('&quot;')&#xA;        f.writelines(c[2])&#xA;        f.writelines('&quot;')&#xA;        f.writelines(&quot;,&quot;)&#xA;        f.writelines(&quot;\n&quot;)&#xA;&lt;/code&gt;&lt;/pre&gt;&#xA;</Body>
</answer>
<answer>
<Body>&lt;p&gt;There are couple of issues in your program&lt;/p&gt;&#xA;&#xA;&lt;ol&gt;&#xA;&lt;li&gt;You are looping the input file without processing the data. The processing only happens with the last line.&lt;/li&gt;&#xA;&lt;li&gt;You are opening the output file, (though in append mode) in a loop.&lt;/li&gt;&#xA;&lt;/ol&gt;&#xA;&#xA;&lt;p&gt;My suggestion would be to keep the open statement for the output file outside the loop, and all your statements should be indented in a way so that its part of the loop which iterates the input file.&lt;/p&gt;&#xA;</Body>
</answer>
