<question>
<Title>Are the boost socket read and write functions thread safe?</Title>
<Body>&lt;p&gt;I use the boost.asio to implement the network communication. In Main thread, I create the TCP socket and connect the remote machine. Then start a working thread to read data from the socket. In the Main thread, the same socket is used to send data. That means the same socket is used in two threads without mutex. The code is pasted below. Is there any issue regarding the read and write functions of the socket? &lt;/p&gt;&#xA;&#xA;&lt;pre&gt;&lt;code&gt;boost::asio::io_service         m_io_service;&#xA;boost::asio::ip::tcp::socket    m_socket(m_io_service);&#xA;boost::thread*                  m_pReceiveThread;&#xA;&#xA;void Receive();&#xA;&#xA;void Connect()&#xA;{&#xA;    boost::asio::ip::tcp::endpoint endpoint(boost::asio::ip::address::from_string(&quot;127.0.0.1&quot;), 13);&#xA;    m_socket.connect(endpoint);&#xA;&#xA;    m_pReceiveThread = new boost::thread(Receive);&#xA;}&#xA;&#xA;void Send()&#xA;{&#xA;    std::wstring strData(L&quot;Message&quot;);&#xA;    boost::system::error_code error;&#xA;    const std::size_t byteSize = boost::asio::write(m_socket, boost::asio::buffer(strData), error);&#xA;}&#xA;&#xA;&#xA;void Receive()&#xA;{&#xA;    for (;;)&#xA;    {&#xA;        boost::array&amp;lt;wchar_t, 128&amp;gt; buf = {0};&#xA;        boost::system::error_code error;&#xA;&#xA;        const std::size_t byteSize = m_socket.read_some(boost::asio::buffer(buf), error);&#xA;&#xA;        // Dispatch the received data through event notification.&#xA;    }&#xA;}&#xA;&#xA;int main()&#xA;{&#xA;&#xA;    Connect();&#xA;&#xA;    while(true)&#xA;    {&#xA;        boost::this_thread::sleep( boost::posix_time::seconds(1));&#xA;        Send();&#xA;&#xA;    }&#xA;&#xA;    return 0;&#xA;}&#xA;&lt;/code&gt;&lt;/pre&gt;&#xA;</Body>
<Tags>c++,boost,thread-safety,boost-asio</Tags>
</question>
<answer>
<Body>&lt;p&gt;No, this doesn't appear to be thread safe, per the bottom of &lt;a href=&quot;http://www.boost.org/doc/libs/1_55_0/doc/html/boost_asio/reference/ip__tcp/socket.html&quot; rel=&quot;nofollow noreferrer&quot;&gt;http://www.boost.org/doc/libs/1_55_0/doc/html/boost_asio/reference/ip__tcp/socket.html&lt;/a&gt;, and previous answers at &lt;a href=&quot;https://stackoverflow.com/questions/7362894/boostasiosocket-thread-safety?rq=1&quot;&gt;boost::asio::socket thread safety&lt;/a&gt;&lt;/p&gt;&#xA;</Body>
</answer>
