<question>
<Title>Python find min &amp; max of two lists</Title>
<Body>&lt;p&gt;I have two lists such as:&lt;/p&gt;&#xA;&#xA;&lt;pre&gt;&lt;code&gt;l_one = [2,5,7,9,3]&#xA;l_two = [4,6,9,11,4]&#xA;&lt;/code&gt;&lt;/pre&gt;&#xA;&#xA;&lt;p&gt;...and I need to find the min and max value from both lists combined. That is, I want to generate a single min and a single max value.&lt;/p&gt;&#xA;&#xA;&lt;p&gt;My question is - what is the most pythonic way to achieve this?&lt;/p&gt;&#xA;&#xA;&lt;p&gt;Any help much appreciated.&lt;/p&gt;&#xA;</Body>
<Tags>python,list</Tags>
</question>
<answer>
<Body>&lt;p&gt;Arguably the most readable way is&lt;/p&gt;&#xA;&#xA;&lt;pre&gt;&lt;code&gt;max(l_one + l_two)&#xA;&lt;/code&gt;&lt;/pre&gt;&#xA;&#xA;&lt;p&gt;or&lt;/p&gt;&#xA;&#xA;&lt;pre&gt;&lt;code&gt;min(l_one + l_two)&#xA;&lt;/code&gt;&lt;/pre&gt;&#xA;&#xA;&lt;p&gt;It will copy the lists, though, since &lt;code&gt;l_one + l_two&lt;/code&gt; creates a new list.  To avoid copying, you could do&lt;/p&gt;&#xA;&#xA;&lt;pre&gt;&lt;code&gt;max(max(l_one), max(l_two))&#xA;min(min(l_one), min(l_two))&#xA;&lt;/code&gt;&lt;/pre&gt;&#xA;</Body>
</answer>
<answer>
<Body>&lt;p&gt;You can combine them and then call min or max:&lt;/p&gt;&#xA;&#xA;&lt;pre&gt;&lt;code&gt;&amp;gt;&amp;gt;&amp;gt; l_one = [2,5,7,9,3]&#xA;&amp;gt;&amp;gt;&amp;gt; l_two = [4,6,9,11,4]&#xA;&amp;gt;&amp;gt;&amp;gt; min(l_one + l_two)&#xA;2&#xA;&amp;gt;&amp;gt;&amp;gt; max(l_one + l_two)&#xA;11&#xA;&lt;/code&gt;&lt;/pre&gt;&#xA;</Body>
</answer>
<answer>
<Body>&lt;p&gt;Another way that avoids copying the lists&lt;/p&gt;&#xA;&#xA;&lt;pre&gt;&lt;code&gt;&amp;gt;&amp;gt;&amp;gt; l_one = [2,5,7,9,3]&#xA;&amp;gt;&amp;gt;&amp;gt; l_two = [4,6,9,11,4]&#xA;&amp;gt;&amp;gt;&amp;gt; &#xA;&amp;gt;&amp;gt;&amp;gt; from itertools import chain&#xA;&amp;gt;&amp;gt;&amp;gt; max(chain(l_one, l_two))&#xA;11&#xA;&amp;gt;&amp;gt;&amp;gt; min(chain(l_one, l_two))&#xA;2&#xA;&lt;/code&gt;&lt;/pre&gt;&#xA;</Body>
</answer>
<answer>
<Body>&lt;p&gt;if you just have lists like you do, this works, even with lists from different sizes : &lt;/p&gt;&#xA;&#xA;&lt;pre&gt;&lt;code&gt;min(min([i1,i2,i3]))&#xA;&lt;/code&gt;&lt;/pre&gt;&#xA;&#xA;&lt;p&gt;You may even have a smarter solution which works with different numpy array :&lt;/p&gt;&#xA;&#xA;&lt;pre&gt;&lt;code&gt;import numpy as np&#xA;i1=np.array(range(5))&#xA;i2=np.array(range(4))&#xA;i3=np.array(range(-5,5))&#xA;np.min(np.concatenate([i1,i2,i3]))&#xA;&lt;/code&gt;&lt;/pre&gt;&#xA;</Body>
</answer>
<answer>
<Body>&lt;p&gt;If you want to select the maximum or minimum values from the two lists.I think the following will work:&lt;/p&gt;&#xA;&#xA;&lt;pre&gt;&lt;code&gt;from numpy import maximum&#xA;result = maximum(l_one,l_two)&#xA;&lt;/code&gt;&lt;/pre&gt;&#xA;&#xA;&lt;p&gt;It will return a maximum value after comparing each element in this two lists.&lt;/p&gt;&#xA;</Body>
</answer>
