<question>
<Title>Unicode error when outputting python script output to file</Title>
<Body>&lt;p&gt;This is the code:&lt;/p&gt;&#xA;&#xA;&lt;pre&gt;&lt;code&gt;print '&quot;' + title.decode('utf-8', errors='ignore') + '&quot;,' \&#xA;      ' &quot;' + title.decode('utf-8', errors='ignore') + '&quot;, ' \&#xA;      '&quot;' + desc.decode('utf-8', errors='ignore') + '&quot;)'&#xA;&lt;/code&gt;&lt;/pre&gt;&#xA;&#xA;&lt;p&gt;title and desc are returned by Beautiful Soup 3 (&lt;em&gt;p[0].text&lt;/em&gt; and &lt;em&gt;p[0].prettify&lt;/em&gt;) and as far as I can figure out from BeautifulSoup3 documentation are UTF-8 encoded.&lt;/p&gt;&#xA;&#xA;&lt;p&gt;If I run&lt;/p&gt;&#xA;&#xA;&lt;pre&gt;&lt;code&gt;python.exe script.py &amp;gt; out.txt&#xA;&lt;/code&gt;&lt;/pre&gt;&#xA;&#xA;&lt;p&gt;I get following error:&lt;/p&gt;&#xA;&#xA;&lt;pre&gt;&lt;code&gt;Traceback (most recent call last):&#xA;  File &quot;script.py&quot;, line 70, in &amp;lt;module&amp;gt;&#xA;    '&quot;' + desc.decode('utf-8', errors='ignore') + '&quot;)'&#xA;UnicodeEncodeError: 'ascii' codec can't encode character u'\xf8' in position 264&#xA;: ordinal not in range(128)&#xA;&lt;/code&gt;&lt;/pre&gt;&#xA;&#xA;&lt;p&gt;However if I run &lt;/p&gt;&#xA;&#xA;&lt;pre&gt;&lt;code&gt;python.exe script.py&#xA;&lt;/code&gt;&lt;/pre&gt;&#xA;&#xA;&lt;p&gt;I get no error. It happens only if output file is specified.&lt;/p&gt;&#xA;&#xA;&lt;p&gt;How to get good UTF-8 data in the output file?&lt;/p&gt;&#xA;</Body>
<Tags>python,unicode,beautifulsoup</Tags>
</question>
<answer>
<Body>&lt;p&gt;You can use the codecs module to write unicode data to the file&lt;/p&gt;&#xA;&#xA;&lt;pre&gt;&lt;code&gt;import codecs&#xA;file = codecs.open(&quot;out.txt&quot;, &quot;w&quot;, &quot;utf-8&quot;)&#xA;file.write(something)&#xA;&lt;/code&gt;&lt;/pre&gt;&#xA;&#xA;&lt;p&gt;'print' outputs to the standart output and if your console doesn't support utf-8 it can cause such error even if you pipe stdout to a file.&lt;/p&gt;&#xA;</Body>
</answer>
<answer>
<Body>&lt;p&gt;It makes no sense to convert text to unicode in order to print it. Work with your data in unicode, convert it to some encoding for output.&lt;/p&gt;&#xA;&#xA;&lt;p&gt;What your code does instead: You're on python 2 so your default string type (&lt;code&gt;str&lt;/code&gt;) is a bytestring. In your statement you start with some utf-encoded byte strings, convert them to unicode, surround them with quotes (regular &lt;code&gt;str&lt;/code&gt; that are coerced to unicode in order to combine into one string). You then pass this unicode string to &lt;code&gt;print&lt;/code&gt;, which pushes it to &lt;code&gt;sys.stdout&lt;/code&gt;. To do so, it needs to turn it into bytes. If you are writing to the Windows console, it can negotiate somehow, but if you redirect to a regular dumb file, it falls back on ascii and complains because there's no loss-less way to do that. &lt;/p&gt;&#xA;&#xA;&lt;p&gt;Solution: Don't give &lt;code&gt;print&lt;/code&gt; a unicode string. &quot;encode&quot; it yourself to the representation of your choice:&lt;/p&gt;&#xA;&#xA;&lt;pre&gt;&lt;code&gt;print &quot;Latin-1:&quot;, &quot;unicode über alles!&quot;.decode('utf-8').encode('latin-1')&#xA;print &quot;Utf-8:&quot;, &quot;unicode über alles!&quot;.decode('utf-8').encode('utf-8')&#xA;print &quot;Windows:&quot;, &quot;unicode über alles!&quot;.decode('utf-8').encode('cp1252')&#xA;&lt;/code&gt;&lt;/pre&gt;&#xA;&#xA;&lt;p&gt;All of this should work without complaint when you redirect. It probably won't look right on your screen, but open the output file with Notepad or something and see if your editor is set to see the format. (Utf-8 is the only one that has a hope of being detected. cp1252 is a likely Windows default).&lt;/p&gt;&#xA;&#xA;&lt;p&gt;Once you get that down, clean up your code and avoid using print for file output. Use the &lt;code&gt;codecs&lt;/code&gt; module, and open files with &lt;code&gt;codecs.open&lt;/code&gt; instead of plain open.&lt;/p&gt;&#xA;&#xA;&lt;p&gt;PS. If you're decoding a &lt;code&gt;utf-8&lt;/code&gt; string, conversion to unicode should be loss-less: you don't need the &lt;code&gt;errors=ignore&lt;/code&gt; flag. That's appropriate when you convert to ascii or Latin-2 or whatever, and you want to just drop characters that don't exist in the target codepage. &lt;/p&gt;&#xA;</Body>
</answer>
<answer>
<Body>&lt;p&gt;Windows behaviour in this case is a bit complicated. You should listen to other advices and do internally use unicode for strings and decode during input.&lt;/p&gt;&#xA;&#xA;&lt;p&gt;To your question, you need to print encoded strings (only you know which encoding!) in case of stdout redirection, but you have to print unicode strings in case of simple screen output (and python or windows console handles conversion to proper encoding).&lt;/p&gt;&#xA;&#xA;&lt;p&gt;I recommend to structure your script this way:&lt;/p&gt;&#xA;&#xA;&lt;pre&gt;&lt;code&gt;# -*- coding: utf-8 -*- &#xA;import sys, codecs&#xA;# set up output encoding&#xA;if not sys.stdout.isatty():&#xA;    # here you can set encoding for your 'out.txt' file&#xA;    sys.stdout = codecs.getwriter('utf8')(sys.stdout)&#xA;&#xA;# next, you will print all strings in unicode&#xA;print u&quot;Unicode string ěščřžý&quot;&#xA;&lt;/code&gt;&lt;/pre&gt;&#xA;&#xA;&lt;p&gt;Update: see also other similar question: &lt;a href=&quot;https://stackoverflow.com/questions/492483/setting-the-correct-encoding-when-piping-stdout-in-python&quot;&gt;Setting the correct encoding when piping stdout in Python&lt;/a&gt;&lt;/p&gt;&#xA;</Body>
</answer>
<answer>
<Body>&lt;p&gt;Problem:&#xA;if you run on Windows:&lt;/p&gt;&#xA;&#xA;&lt;pre&gt;&lt;code&gt;python.exe script.py&#xA;&lt;/code&gt;&lt;/pre&gt;&#xA;&#xA;&lt;p&gt;The following will be in effect:&lt;/p&gt;&#xA;&#xA;&lt;pre&gt;&lt;code&gt;sys.stdout.encoding: utf-8&#xA;sys.stdout.isatty(): True&#xA;&lt;/code&gt;&lt;/pre&gt;&#xA;&#xA;&lt;p&gt;But, if you run:&lt;/p&gt;&#xA;&#xA;&lt;pre&gt;&lt;code&gt;python.exe script.py &amp;gt; out.txt&#xA;&lt;/code&gt;&lt;/pre&gt;&#xA;&#xA;&lt;p&gt;you will effectivelly have this:&lt;/p&gt;&#xA;&#xA;&lt;pre&gt;&lt;code&gt;sys.stdout.encoding: cp1252&#xA;sys.stdout.isatty(): False&#xA;&lt;/code&gt;&lt;/pre&gt;&#xA;&#xA;&lt;p&gt;So, possible solution (IN PYTHON &gt; 3.7):&lt;/p&gt;&#xA;&#xA;&lt;pre&gt;&lt;code&gt;import sys&#xA;if not sys.stdout.isatty():&#xA;    sys.stdout.reconfigure(encoding='utf-8')&#xA;&#xA;print '&quot;' + title.decode('utf-8', errors='ignore') + '&quot;,' \&#xA;      ' &quot;' + title.decode('utf-8', errors='ignore') + '&quot;, ' \&#xA;      '&quot;' + desc.decode('utf-8', errors='ignore') + '&quot;)'&#xA;&lt;/code&gt;&lt;/pre&gt;&#xA;&#xA;&lt;p&gt;See Also:&#xA;&lt;a href=&quot;https://stackoverflow.com/questions/4374455/how-to-set-sys-stdout-encoding-in-python-3/33470043&quot;&gt;How to set sys.stdout encoding in Python 3?&lt;/a&gt;&lt;/p&gt;&#xA;</Body>
</answer>
