<question>
<Title>SQLite parameter substitution and quotes</Title>
<Body>&lt;p&gt;I have this line that works OK:&lt;/p&gt;&#xA;&#xA;&lt;pre&gt;&lt;code&gt;c.execute('select cleanseq from cleanseqs WHERE newID=&quot;%s&quot;'%name)&#xA;&lt;/code&gt;&lt;/pre&gt;&#xA;&#xA;&lt;p&gt;But I want to use SQLite parameter substitution instead instead of string substitution (because I see &lt;a href=&quot;http://docs.python.org/library/sqlite3.html&quot; rel=&quot;noreferrer&quot;&gt;here&lt;/a&gt; that this is safer).&lt;/p&gt;&#xA;&#xA;&lt;p&gt;This is my (failed) try:&lt;/p&gt;&#xA;&#xA;&lt;pre&gt;&lt;code&gt;t = (name,)&#xA;c.execute('select cleanseq from cleanseqs WHERE newID=&quot;?&quot;',t)&#xA;&lt;/code&gt;&lt;/pre&gt;&#xA;&#xA;&lt;p&gt;But this line returns:&lt;/p&gt;&#xA;&#xA;&lt;blockquote&gt;&#xA;  &lt;p&gt;'Incorrect number of bindings&#xA;  supplied. The current statement uses&#xA;  0, and there are 1 supplied.'&lt;/p&gt;&#xA;&lt;/blockquote&gt;&#xA;&#xA;&lt;p&gt;So the left part of my statement doesn't work. I am supplying one binding (name, in t) but seems that the question mark (?) is not being parsed. If I delete the quotes sourronding the ?, it works. But I want the quotes to remain there since I remember that there are cases where I need them.&lt;/p&gt;&#xA;&#xA;&lt;p&gt;So the question is: How do I convert this line:&lt;/p&gt;&#xA;&#xA;&lt;pre&gt;&lt;code&gt;c.execute('select cleanseq from cleanseqs WHERE newID=&quot;%s&quot;'%name)&#xA;&lt;/code&gt;&lt;/pre&gt;&#xA;</Body>
<Tags>python,sqlite</Tags>
</question>
<answer>
<Body>&lt;p&gt;Lose the quotes around ?&lt;/p&gt;&#xA;&#xA;&lt;pre&gt;&lt;code&gt;c.execute('select cleanseq from cleanseqs WHERE newID=?',(t,))&#xA;&lt;/code&gt;&lt;/pre&gt;&#xA;&#xA;&lt;p&gt;It's treating it as the string &quot;?&quot;.&lt;/p&gt;&#xA;&#xA;&lt;p&gt;Do you need to use double quotes around the whole expression, instead of singles?&lt;/p&gt;&#xA;</Body>
</answer>
<answer>
<Body>&lt;p&gt;The library will handle quoting and escaping for you. Simply write your query like this:&lt;/p&gt;&#xA;&#xA;&lt;pre&gt;&lt;code&gt;c.execute('SELECT cleanseq FROM cleanseqs WHERE newID=?', (name,))&#xA;&lt;/code&gt;&lt;/pre&gt;&#xA;</Body>
</answer>
<answer>
<Body>&lt;p&gt;about &quot;&quot;&quot;If I delete the quotes sourronding the ?, it works. But I want the quotes to remain there since I remember that there are cases where I need them.&quot;&quot;&quot;&lt;/p&gt;&#xA;&#xA;&lt;p&gt;What you remember from when you were building the whole SQL statement yourself is irrelevant.&lt;/p&gt;&#xA;&#xA;&lt;p&gt;The new story is: mark with a ? each place in the SQL statement where you want a value substituted then pass in a tuple containing one value per ? -- it's that simple; the wrapper will quote any strings to make sure that they are acceptable SQL constants.&lt;/p&gt;&#xA;</Body>
</answer>
<answer>
<Body>&lt;p&gt;I find the named-parameter binding style much more readable -- and &lt;code&gt;sqlite3&lt;/code&gt; supports it:&lt;/p&gt;&#xA;&#xA;&lt;pre&gt;&lt;code&gt;c.execute('SELECT cleanseq FROM cleanseqs WHERE newID=:t', locals())&#xA;&lt;/code&gt;&lt;/pre&gt;&#xA;&#xA;&lt;p&gt;Note: passing &lt;code&gt;{'t': t}&lt;/code&gt; or &lt;code&gt;dict(t=t)&lt;/code&gt; instead of &lt;code&gt;locals()&lt;/code&gt; would be more punctiliously correct, but in my opinion it would interfere with readability when there are several parameters and/or longer names. In any case, I do find the &lt;code&gt;:t&lt;/code&gt; better than the &lt;code&gt;?&lt;/code&gt;;-).&lt;/p&gt;&#xA;</Body>
</answer>
<answer>
<Body>&lt;p&gt;To anyone who like me found this thread and got really frustrated by people ignoring the fact that sometimes you can't just ignore the quotes (because you're using say a LIKE command) you can fix this by doing something to the effect of:&lt;/p&gt;&#xA;&#xA;&lt;pre&gt;&lt;code&gt;var = name + &quot;%&quot;&#xA;c.execute('SELECT foo FROM bar WHERE name LIKE ?',(var,))&#xA;&lt;/code&gt;&lt;/pre&gt;&#xA;&#xA;&lt;p&gt;This will allow you to substitute in wildcards in this situation.&lt;/p&gt;&#xA;</Body>
</answer>
<answer>
<Body>&lt;h1&gt;Regular User&lt;/h1&gt;&#xA;&#xA;&lt;p&gt;just noticed that you'll have to do this manual by using the unsecure method of sql_string = &quot;other sql surger here..  fieldname=\&quot;&quot;+value+&quot;\&quot;;&quot;&lt;/p&gt;&#xA;&#xA;&lt;p&gt;its the only way you'll get it to parse correctly.&#xA;using SQLite for win ce. and well left me with no other alternative, just escape your values before putting them in else you'll most likely end up with a very sad database from sql injections :'( lol&lt;/p&gt;&#xA;</Body>
</answer>
