<question>
<Title>sqlalchemy unique across multiple columns</Title>
<Body>&lt;p&gt;Let's say that I have a class that represents locations. Locations &quot;belong&quot; to customers. Locations are identified by a unicode 10 character code. The &quot;location code&quot; should be unique among the locations for a specific customer.&lt;/p&gt;&#xA;&#xA;&lt;pre&gt;&lt;code&gt;The two below fields in combination should be unique&#xA;customer_id = Column(Integer,ForeignKey('customers.customer_id')&#xA;location_code = Column(Unicode(10))&#xA;&lt;/code&gt;&lt;/pre&gt;&#xA;&#xA;&lt;p&gt;So if i have two customers, customer &quot;123&quot; and customer &quot;456&quot;. They both can have a location called &quot;main&quot; but neither could have two locations called main.&lt;/p&gt;&#xA;&#xA;&lt;p&gt;I can handle this in the business logic but I want to make sure there is no way to easily add the requirement in sqlalchemy. The unique=True option seems to only work when applied to a specific field and it would cause the entire table to only have a unique code for all locations.&lt;/p&gt;&#xA;</Body>
<Tags>python,sqlalchemy</Tags>
</question>
<answer>
<Body>&lt;p&gt;Extract from the &lt;a href=&quot;http://docs.sqlalchemy.org/en/latest/core/metadata.html#sqlalchemy.schema.Column&quot; rel=&quot;noreferrer&quot;&gt;documentation&lt;/a&gt; of the &lt;code&gt;Column&lt;/code&gt;:&lt;/p&gt;&#xA;&#xA;&lt;blockquote&gt;&#xA;  &lt;p&gt;&lt;strong&gt;unique&lt;/strong&gt; – When True, indicates that this column contains a unique&#xA;  constraint, or if &lt;em&gt;index&lt;/em&gt; is True as well, indicates that the Index&#xA;  should be created with the unique flag. To specify multiple columns in&#xA;  the constraint/index or to specify an explicit name, use the&#xA;  &lt;a href=&quot;http://docs.sqlalchemy.org/en/latest/core/constraints.html#sqlalchemy.schema.UniqueConstraint&quot; rel=&quot;noreferrer&quot;&gt;UniqueConstraint&lt;/a&gt; or &lt;a href=&quot;http://docs.sqlalchemy.org/en/latest/core/constraints.html#sqlalchemy.schema.Index&quot; rel=&quot;noreferrer&quot;&gt;Index&lt;/a&gt; constructs explicitly.&lt;/p&gt;&#xA;&lt;/blockquote&gt;&#xA;&#xA;&lt;p&gt;As these belong to a Table and not to a mapped Class, one declares those in the table definition, or if using declarative as in the &lt;code&gt;__table_args__&lt;/code&gt;:&lt;/p&gt;&#xA;&#xA;&lt;pre&gt;&lt;code&gt;# version1: table definition&#xA;mytable = Table('mytable', meta,&#xA;    # ...&#xA;    Column('customer_id', Integer, ForeignKey('customers.customer_id')),&#xA;    Column('location_code', Unicode(10)),&#xA;&#xA;    UniqueConstraint('customer_id', 'location_code', name='uix_1')&#xA;    )&#xA;# or the index, which will ensure uniqueness as well&#xA;Index('myindex', mytable.c.customer_id, mytable.c.location_code, unique=True)&#xA;&#xA;&#xA;# version2: declarative&#xA;class Location(Base):&#xA;    __tablename__ = 'locations'&#xA;    id = Column(Integer, primary_key = True)&#xA;    customer_id = Column(Integer, ForeignKey('customers.customer_id'), nullable=False)&#xA;    location_code = Column(Unicode(10), nullable=False)&#xA;    __table_args__ = (UniqueConstraint('customer_id', 'location_code', name='_customer_location_uc'),&#xA;                     )&#xA;&lt;/code&gt;&lt;/pre&gt;&#xA;</Body>
</answer>
