<question>
<Title>Daily File maintenance Job in C/C++</Title>
<Body>&lt;p&gt;I'm running a daily maintenance job for Resetting and Syncing up a set of related flat file database.&lt;/p&gt;&#xA;&#xA;&lt;p&gt;&lt;strong&gt;Problem Statement:&lt;/strong&gt; In case when the maintenance application dumps in between then, I start over from the beginning instead of continuing from where I left.&lt;/p&gt;&#xA;&#xA;&lt;p&gt;&lt;strong&gt;Tried Solution:&lt;/strong&gt; To fix the issue, I started to log the processed offset to a file. This way, when I return back I can check my completion status before starting over from the begining.&lt;/p&gt;&#xA;&#xA;&lt;p&gt;&lt;strong&gt;Issue:&lt;/strong&gt; Logging the offset for every record being processed drastically increases the processing time.&lt;/p&gt;&#xA;&#xA;&lt;p&gt;Can Someone suggest a better way to handle this situation?&lt;/p&gt;&#xA;</Body>
<Tags>c++,c</Tags>
</question>
<answer>
<Body>&lt;p&gt;Yes.  Add a counter to your program, Every 1000 blocks, write your information to the log file.   That will reduce your logging IO by 3 orders of magnitude, at the cost of having to redo up to 1000 block in the event of a restart.&lt;/p&gt;&#xA;</Body>
</answer>
