<question>
<Title>Polymorphism and array of pointers (C++)</Title>
<Body>&lt;p&gt;I have following classes: &lt;strong&gt;Container&lt;/strong&gt;, &lt;strong&gt;Element&lt;/strong&gt; and then couple of classes that &lt;strong&gt;inherit&lt;/strong&gt; from Element, eg. &lt;strong&gt;Button, Input&lt;/strong&gt;, etc ...&lt;/p&gt;&#xA;&#xA;&lt;p&gt;I have a problem when adding the elements to Container array, my main() looks like this:&lt;/p&gt;&#xA;&#xA;&lt;pre&gt;&lt;code&gt;Container c;&#xA;c.Add( Button(...) );&#xA;c.Add( Input(...) );&#xA;&lt;/code&gt;&lt;/pre&gt;&#xA;&#xA;&lt;p&gt;where &quot;...&quot; are some constructor parameters.&lt;/p&gt;&#xA;&#xA;&lt;p&gt;In the container class I have a array of pointers to store all elements that belong to that container:&lt;/p&gt;&#xA;&#xA;&lt;pre&gt;&lt;code&gt;Element ** elements;&#xA;&lt;/code&gt;&lt;/pre&gt;&#xA;&#xA;&lt;p&gt;But the problem I'm having is how to implement the Add method, I was hoping something like this would work:&lt;/p&gt;&#xA;&#xA;&lt;pre&gt;&lt;code&gt;void Add(const CControl &amp;amp; newElement){                      &#xA;    elements[elemCnt++] = &amp;amp;newElement;              &#xA;}&#xA;&lt;/code&gt;&lt;/pre&gt;&#xA;&#xA;&lt;p&gt;(the elements array is allocated: elements = new Element * [100];)&lt;/p&gt;&#xA;&#xA;&lt;p&gt;However I am getting this compilation error:&lt;/p&gt;&#xA;&#xA;&lt;pre&gt;&lt;code&gt;main.cpp: In member function ‘Container&amp;amp; Container::Add(const Element&amp;amp;)’:&#xA;main.cpp:138:23: error: invalid conversion from ‘const Element*’ to ‘Element*’&#xA;&lt;/code&gt;&lt;/pre&gt;&#xA;&#xA;&lt;p&gt;When I remove the const qualifier, I get a compilation error saying there is no suitable candidate.&lt;/p&gt;&#xA;&#xA;&lt;p&gt;The thing is, I am new to polymorphism and inheritance in C++, so I might be going wrong way about this. What would be the best approach on this?&lt;/p&gt;&#xA;&#xA;&lt;p&gt;PS: The main method must look the same, also don't suggest any vector or STL stuff.&lt;/p&gt;&#xA;</Body>
<Tags>c++,arrays,inheritance,pointers,polymorphism</Tags>
</question>
<answer>
<Body>&lt;p&gt;&lt;code&gt;Add&lt;/code&gt; should take a pointer:&lt;/p&gt;&#xA;&#xA;&lt;pre&gt;&lt;code&gt;void Add(CControl * newElement){                       &#xA;    elements[elemCnt++] = newElement;               &#xA;} &#xA;&lt;/code&gt;&lt;/pre&gt;&#xA;&#xA;&lt;p&gt;then you can call it like this&lt;/p&gt;&#xA;&#xA;&lt;pre&gt;&lt;code&gt;c.Add( new Button(...) ); &#xA;c.Add( new Input(...) ); &#xA;&lt;/code&gt;&lt;/pre&gt;&#xA;&#xA;&lt;p&gt;If you really cannot change the calling code, you need to somehow create a copy of the temporary.&#xA;E.g. by implementing a virtual &lt;code&gt;Clone&lt;/code&gt; method in &lt;code&gt;CControl&lt;/code&gt;, &lt;code&gt;Input&lt;/code&gt;, &lt;code&gt;Button&lt;/code&gt; an call it in &lt;code&gt;Add&lt;/code&gt;.&lt;/p&gt;&#xA;&#xA;&lt;pre&gt;&lt;code&gt;void Add(const CControl &amp;amp; newElement){                        &#xA;    elements[elemCnt++] = newElement.Clone();&#xA;}&#xA;&lt;/code&gt;&lt;/pre&gt;&#xA;</Body>
</answer>
<answer>
<Body>&lt;p&gt;It is impossible to fix this code without changing &lt;code&gt;main&lt;/code&gt;, because you attempt to store a reference to a temporary. This is undoable no matter what you do.&lt;/p&gt;&#xA;</Body>
</answer>
