<question>
<Title>How to maintain sessions with C++ code?</Title>
<Body>&lt;p&gt;There is a cgi code written in C++. Currently there is no session management done in the web pages. There is a need to provide sessions in the web pages so that the user can login, maintain session and then logoff. While this is a fairly simple task in java with HttpSession, I have no clue how to do this with C++ code.&lt;/p&gt;&#xA;</Body>
<Tags>c++,session,cgi</Tags>
</question>
<answer>
<Body>&lt;p&gt;C++ is not like Java in the breadth of the functionality of the bundled libraries, so you need to extend the language with some extra libraries for not so common tasks (such as C++ CGI development). You can either build the library yourself to support functionality not present in the standard library, or use one developed by a third party.&lt;/p&gt;&#xA;&#xA;&lt;p&gt;In this case I'd use the &lt;a href=&quot;http://www.ncbi.nlm.nih.gov/IEB/ToolBox/CPP_DOC/&quot; rel=&quot;nofollow noreferrer&quot;&gt;NCBI C++ Toolkit&lt;/a&gt;. It provides a nice &lt;a href=&quot;http://www.ncbi.nlm.nih.gov/books/bv.fcgi?rid=toolkit.section.ch_cgi.cg_develop_apps#ch_cgi.cgi_class_overview&quot; rel=&quot;nofollow noreferrer&quot;&gt;CGI module&lt;/a&gt; with &lt;a href=&quot;http://www.ncbi.nlm.nih.gov/IEB/ToolBox/CPP_DOC/lxr/source/include/cgi/cgi_session.hpp&quot; rel=&quot;nofollow noreferrer&quot;&gt;session support&lt;/a&gt;&lt;/p&gt;&#xA;</Body>
</answer>
<answer>
<Body>&lt;p&gt;Another alternative may be the &quot;FastCGI / CGI C++ Library&quot; that is aimed for Boost integration at someday: &lt;a href=&quot;http://cgi.sourceforge.net/&quot; rel=&quot;nofollow&quot;&gt;http://cgi.sourceforge.net/&lt;/a&gt; &lt;/p&gt;&#xA;&#xA;&lt;p&gt;It claims itself to provide &quot;Configurable support for strongly-typed sessions (optional).&quot;&lt;/p&gt;&#xA;</Body>
</answer>
