<question>
<Title>Easy_install's --prefix option doesn't change where it tries to install my package</Title>
<Body>&lt;p&gt;I want to install Sphinx 1.1.3 for python 2.6. However, I don't have sudo rights. So instead of installing it in the default place, I want to set a different location, using --prefix. Doing the following:&lt;/p&gt;&#xA;&#xA;&lt;pre&gt;&lt;code&gt;-bash-3.2$ easy_install Sphinx-1.1.3-py2.6.egg --prefix=/homes/ndeklein/python2.6/site-packages/&#xA;&lt;/code&gt;&lt;/pre&gt;&#xA;&#xA;&lt;p&gt;gives me:&lt;/p&gt;&#xA;&#xA;&lt;pre&gt;&lt;code&gt;error: can't create or remove files in install directory&#xA;&#xA;The following error occurred while trying to add or remove files in the&#xA;installation directory:&#xA;&#xA;[Errno 13] Permission denied: '/usr/lib/python2.4/site-packages/test-easy-install-18534.write-test'&#xA;&#xA;The installation directory you specified (via --install-dir, --prefix, or&#xA;the distutils default setting) was:&#xA;&#xA;/usr/lib/python2.4/site-packages/&#xA;&lt;/code&gt;&lt;/pre&gt;&#xA;&#xA;&lt;p&gt;Am I typing something wrong with the prefix? Also, what I could use instead (which I've used with other packages): &lt;/p&gt;&#xA;&#xA;&lt;pre&gt;&lt;code&gt;python setup.py install --home=/homes/ndeklein/python2.6/site-packages/&#xA;&lt;/code&gt;&lt;/pre&gt;&#xA;&#xA;&lt;p&gt;but I can't find the setup.py script. I'm guessing that EGGs don't have a setup.py script, is that true?&lt;/p&gt;&#xA;</Body>
<Tags>python,easy-install,prefix,egg</Tags>
</question>
<answer>
<Body>&lt;p&gt;This website discusses non-root python installs.  It might be useful to you...&lt;/p&gt;&#xA;&#xA;&lt;p&gt;&lt;a href=&quot;http://www.astropython.org/tutorials/user-rootsudo-free-installation-of-python-modules7/&quot; rel=&quot;nofollow&quot;&gt;http://www.astropython.org/tutorials/user-rootsudo-free-installation-of-python-modules7/&lt;/a&gt;&lt;/p&gt;&#xA;&#xA;&lt;p&gt;To quote a little bit of it:&lt;/p&gt;&#xA;&#xA;&lt;blockquote&gt;&#xA;  &lt;p&gt;A user configuration file, ~/.pydistutils.cfg, will override the internal system path for python package installations, redirecting the built libraries (lib), scripts (bin) and data (share) into user owned and specified directories. You must simply tell the python installer where theses directories are located.&lt;/p&gt;&#xA;  &#xA;  &lt;p&gt;The user file, ~/.pydistutils.cfg, has the following lines, using a pretty obvious syntax:&lt;/p&gt;&#xA;&lt;/blockquote&gt;&#xA;&#xA;&lt;pre&gt;&lt;code&gt;[install]&#xA;install_scripts = ~/usr/bin&#xA;install_data = ~/usr/share&#xA;install_lib = ~/usr/lib/python2.4/site-packages&#xA;&lt;/code&gt;&lt;/pre&gt;&#xA;&#xA;&lt;p&gt;Of course, whatever directories you specify there should probably exist and you should put them at the front of your PYTHONPATH:&lt;/p&gt;&#xA;&#xA;&lt;pre&gt;&lt;code&gt;export PYTHONPATH=~/usr/lib/python2.4/site-packages:${PYTHONPATH}&#xA;&lt;/code&gt;&lt;/pre&gt;&#xA;&#xA;&lt;hr&gt;&#xA;&#xA;&lt;p&gt;It also looks like more modern python installations (compared to the things in the link) should be able to use the &lt;code&gt;~/.local&lt;/code&gt; directory:&lt;/p&gt;&#xA;&#xA;&lt;pre&gt;&lt;code&gt;easy_install --prefix=~/.local ...&#xA;&lt;/code&gt;&lt;/pre&gt;&#xA;&#xA;&lt;p&gt;There is also:&lt;/p&gt;&#xA;&#xA;&lt;pre&gt;&lt;code&gt;easy_install --user ...&#xA;&lt;/code&gt;&lt;/pre&gt;&#xA;&#xA;&lt;p&gt;which will install to a user-specific site directory.&lt;/p&gt;&#xA;</Body>
</answer>
<answer>
<Body>&lt;p&gt;You could try using pip install of easy_install(pip is recommended over easy_install these days)&lt;/p&gt;&#xA;&#xA;&lt;p&gt;Then you can just use&lt;/p&gt;&#xA;&#xA;&lt;pre&gt;&lt;code&gt;pip install --user Sphinx&#xA;&lt;/code&gt;&lt;/pre&gt;&#xA;&#xA;&lt;p&gt;see &lt;a href=&quot;http://www.pip-installer.org/en/latest/installing.html&quot; rel=&quot;nofollow&quot;&gt;http://www.pip-installer.org/en/latest/installing.html&lt;/a&gt; on how to install pip if needed&lt;/p&gt;&#xA;&#xA;&lt;p&gt;You may also want to pip install virtualenv and work inside virtualenv(where pip will install all packages in a local site packages folder). see &lt;a href=&quot;http://pypi.python.org/pypi/virtualenv&quot; rel=&quot;nofollow&quot;&gt;http://pypi.python.org/pypi/virtualenv&lt;/a&gt; for more info.&lt;/p&gt;&#xA;</Body>
</answer>
<answer>
<Body>&lt;p&gt;You need to specify options before the package, so the command should be:    &lt;/p&gt;&#xA;&#xA;&lt;pre&gt;&lt;code&gt;easy_install --prefix=/homes/ndeklein/python2.6/site-packages/ Sphinx-1.1.3-py2.6.egg &#xA;&lt;/code&gt;&lt;/pre&gt;&#xA;</Body>
</answer>
