<question>
<Title>Need floating point precision, GUI gui uses int</Title>
<Body>&lt;p&gt;I have a flow layout. Inside it I have about 900 tables. Each table is stacked one on top of the other. I have a slider which resizes them and thus causes the flow layout to resize too.&lt;/p&gt;&#xA;&#xA;&lt;p&gt;The problem is, the tables should be linearly resizing. Their base size is 200x200. So when scale = 1.0, the w and h of the tables is 200.&lt;/p&gt;&#xA;&#xA;&lt;p&gt;I resize by a fixed amount each time making them 4% bigger each time. This means I would expect them to grow by 8 pixels each time. What happens is, every few resizes, the tables grow by 9 pixels. I use doubles everywhere. I have tried rounding, floor and ceil but the problem persists. What could I do so that they always grow by the correct amount?&lt;/p&gt;&#xA;&#xA;&lt;pre&gt;&lt;code&gt;void LobbyTableManager::changeTableScale( double scale )&#xA;    {&#xA;        setTableScale(scale);&#xA;    }&#xA;&#xA;    void LobbyTableManager::setTableScale( double scale )&#xA;    {&#xA;        scale += 0.3;&#xA;        scale *= 2.0;&#xA;&#xA;        std::cout &amp;lt;&amp;lt; scale &amp;lt;&amp;lt; std::endl;&#xA;        agui::Gui* gotGui = getGui();&#xA;        float scrollRel = m_vScroll-&amp;gt;getRelativeValue();&#xA;        setScale(scale);&#xA;        rescaleTables();&#xA;        resizeFlow();&#xA;    ...&#xA;&#xA;&#xA;&#xA;    double LobbyTableManager::getTableScale() const&#xA;        {&#xA;            return (getInnerWidth() / 700.0) * getScale();&#xA;        }&#xA;&#xA;    void LobbyFilterManager::valueChanged( agui::Slider* source,int val )&#xA;    {&#xA;        if(source == m_magnifySlider)&#xA;        {&#xA;&#xA;            DISPATCH_LOBBY_EVENT&#xA;            {&#xA;                (*it)-&amp;gt;changeTableScale((double)val / source-&amp;gt;getRange());&#xA;            }&#xA;        }&#xA;    }&#xA;&#xA;void LobbyTableManager::renderBG( GraphicsContext* g, agui::Rectangle&amp;amp; absRect, agui::Rectangle&amp;amp; childRect )&#xA;    {&#xA;        int cx, cy, cw, ch;&#xA;        g-&amp;gt;getClippingRect(cx,cy,cw,ch);&#xA;        g-&amp;gt;setClippingRect(absRect.getX(),absRect.getY(),absRect.getWidth(),absRect.getHeight());&#xA;        float scale = 0.35f;&#xA;        int w = m_bgSprite-&amp;gt;getWidth() * getTableScale() * scale;&#xA;        int h = m_bgSprite-&amp;gt;getHeight() * getTableScale() * scale;&#xA;&#xA;        int numX = ceil(absRect.getWidth() / (float)w) + 2;&#xA;        int numY = ceil(absRect.getHeight() / (float)h) + 2;&#xA;&#xA;        float offsetX = m_activeTables[0]-&amp;gt;getLocation().getX() - w;&#xA;        float offsetY = m_activeTables[0]-&amp;gt;getLocation().getY() - h;&#xA;        int startY = childRect.getY() + 1;&#xA;        if(moo)&#xA;        {&#xA;            std::cout &amp;lt;&amp;lt; &quot;TS: &quot; &amp;lt;&amp;lt; getTableScale() &amp;lt;&amp;lt; &quot; Scr: &quot; &amp;lt;&amp;lt; m_vScroll-&amp;gt;getValue() &amp;lt;&amp;lt; &quot; LOC: &quot; &amp;lt;&amp;lt; childRect.getY() &amp;lt;&amp;lt; &quot; H: &quot; &amp;lt;&amp;lt; h &amp;lt;&amp;lt; std::endl; &#xA;        }&#xA;    if(moo)&#xA;    {&#xA;        std::cout &amp;lt;&amp;lt; &quot;S=&quot; &amp;lt;&amp;lt; startY &amp;lt;&amp;lt; &quot;,&quot;;&#xA;    }&#xA;        int numAttempts = 0;&#xA;        while(startY + h &amp;lt; absRect.getY() &amp;amp;&amp;amp; numAttempts &amp;lt; 1000)&#xA;        {&#xA;            startY += h;&#xA;            if(moo)&#xA;            {&#xA;                std::cout &amp;lt;&amp;lt; startY &amp;lt;&amp;lt; &quot;,&quot;;&#xA;            }&#xA;&#xA;            numAttempts++;&#xA;        }&#xA;&#xA;&#xA;        if(moo)&#xA;        {&#xA;            std::cout &amp;lt;&amp;lt; &quot;\n&quot;;&#xA;            moo = false;&#xA;        }&#xA;        g-&amp;gt;holdDrawing();&#xA;        for(int i = 0; i &amp;lt; numX; ++i)&#xA;        {&#xA;            for(int j = 0; j &amp;lt; numY; ++j)&#xA;            {&#xA;                g-&amp;gt;drawScaledSprite(m_bgSprite,0,0,m_bgSprite-&amp;gt;getWidth(),m_bgSprite-&amp;gt;getHeight(),&#xA;                    absRect.getX() + (i * w) + (offsetX),absRect.getY() + (j * h) + startY,w,h,0);&#xA;            }&#xA;        }&#xA;        g-&amp;gt;unholdDrawing();&#xA;        g-&amp;gt;setClippingRect(cx,cy,cw,ch);&#xA;    }&#xA;&#xA;        void LobbyTable::rescale( double scale )&#xA;        {&#xA;            setScale(scale);&#xA;            float os = getObjectScale();&#xA;            double x = m_baseHeight * os;&#xA;            if((int)(x + 0.5) &amp;gt; (int)x)&#xA;            {&#xA;                x++;&#xA;            }&#xA;            int oldH = getHeight();&#xA;            setSize(m_baseWidth * os, floor(x));&#xA;    ...&#xA;&lt;/code&gt;&lt;/pre&gt;&#xA;&#xA;&lt;p&gt;I added the related code. The slider sends a value changed which is multiplied to get a 4 percent increase (or 8 percent if slider moves 2 values etc...) then the tables are rescaled with this.&lt;/p&gt;&#xA;&#xA;&lt;p&gt;&lt;img src=&quot;https://i.stack.imgur.com/5lyPy.png&quot; alt=&quot;enter image description here&quot;&gt;&lt;/p&gt;&#xA;&#xA;&lt;p&gt;The first 3 are when the table size increased by 9, the 4th time it increased by 8px. But the scale factor increases by 0.04 each time.&lt;/p&gt;&#xA;&#xA;&lt;p&gt;Why is the 4th time inconsistant?&lt;/p&gt;&#xA;&#xA;&lt;p&gt;the pattern seems like 8,8,8,9,9,9,8,8,8,9,9,9...&lt;/p&gt;&#xA;&#xA;&lt;p&gt;It increases by 1 pixel more for a few and then decreases by 1 ten increases by 1 etc, thats my issue...&lt;/p&gt;&#xA;</Body>
<Tags>c++</Tags>
</question>
<answer>
<Body>&lt;p&gt;I still don't see the &quot;add 4%&quot; code there (in a form I can understand, anyway), but from your description I think I see the problem: adding 4% twice is not adding 8%.  It is adding 8.16% (1.04 * 1.04 == 1.0816).  Do that a few more times and you'll start getting 9 pixel jumps.     Do it a lot more times and your jumps will get much bigger (they will be 16 pixel jumps when the size gets up to 400x400).  Which, IMHO is how I like my scaling to happen.&lt;/p&gt;&#xA;</Body>
</answer>
