<question>
<Title>C++ QueryPerformanceCounter more accurate than sleep?</Title>
<Body>&lt;p&gt;I found an example of QueryPerformanceCounter,&lt;/p&gt;&#xA;&#xA;&lt;p&gt;&lt;a href=&quot;http://advancedcppwithexamples.blogspot.com/2009/08/measuring-elapsed-time-in-c-using_21.html&quot; rel=&quot;nofollow&quot;&gt;http://advancedcppwithexamples.blogspot.com/2009/08/measuring-elapsed-time-in-c-using_21.html&lt;/a&gt;&lt;/p&gt;&#xA;&#xA;&lt;p&gt;The example measures a sleep of 100ms with QueryPerformanceCounter which reports only 79ms.&lt;/p&gt;&#xA;&#xA;&lt;p&gt;Is there a reason sleep is so inaccurate?  &lt;/p&gt;&#xA;</Body>
<Tags>c++,windows</Tags>
</question>
<answer>
<Body>&lt;p&gt;&lt;code&gt;sleep&lt;/code&gt; is inaccurate for two reasons: it's based on a very slow clock, and it relies on the OS to resume execution at the end of the period.&lt;/p&gt;&#xA;&#xA;&lt;p&gt;The performance counter is actually built into the CPU so it's as accurate as the clock signal that runs the chip. It isn't affected by the OS or tasks whatsoever.&lt;/p&gt;&#xA;</Body>
</answer>
