<question>
<Title>mkdir, pathname with symbol</Title>
<Body>&lt;p&gt;I  have a little problem, I need to make directory from my c code or c++, doesn't matter.&#xA;But directory name must contain characters like ':', ' ','.' in general current time,&#xA;when I try to create with &lt;code&gt;mkdir()&lt;/code&gt; function I get EINVAL error, but from &lt;code&gt;system(&quot;mkdir ...&quot;)&lt;/code&gt; everything is ok.&#xA;How can I solve this problem?&lt;/p&gt;&#xA;&#xA;&lt;p&gt;Thank you!!!&lt;/p&gt;&#xA;</Body>
<Tags>c++,c,linux,embedded,mkdir</Tags>
</question>
<answer>
<Body>&lt;p&gt;Different filesystem formats have different rules about what is and is not a valid character.  For &lt;code&gt;ext2&lt;/code&gt; and its descendants, A file name may contain any character except for &lt;code&gt;'/'&lt;/code&gt; or &lt;code&gt;'\0'&lt;/code&gt;.&lt;/p&gt;&#xA;&#xA;&lt;p&gt;For FAT filesystem and its descendants, the list of invalid characters is larger, and includes &lt;code&gt;':'&lt;/code&gt;.&lt;/p&gt;&#xA;&#xA;&lt;p&gt;Check to see what filesystem format you are using, and try running your program on a different filesystem.&lt;/p&gt;&#xA;</Body>
</answer>
