<question>
<Title>Django Model use of keyword IN</Title>
<Body>&lt;p&gt;I am attempting to figure out how to use the IN keyword in a django model query.&lt;/p&gt;&#xA;&#xA;&lt;p&gt;I was attempting to replace:&lt;/p&gt;&#xA;&#xA;&lt;pre&gt;&lt;code&gt;db = database.connect()&#xA;c = db.cursor()&#xA;c.execute(&quot;SELECT MAX(Date) FROM `Requests` WHERE UserId = %%s AND VIN = %%s AND Success = 1 AND RptType in %s&quot; % str(cls.SuperReportTypes), (userID, vin))&#xA;&lt;/code&gt;&lt;/pre&gt;&#xA;&#xA;&lt;p&gt;With this:&lt;/p&gt;&#xA;&#xA;&lt;pre&gt;&lt;code&gt;myrequests = Request.objects.filter(user=userID, vin = vin, report_type in cls.SuperReportTypes)&#xA;myrequests.aggregate(Max('Date'))&#xA;&lt;/code&gt;&lt;/pre&gt;&#xA;&#xA;&lt;p&gt;I get a:&lt;/p&gt;&#xA;&#xA;&lt;pre&gt;&lt;code&gt;SyntaxError: non-keyword arg after keyword arg (&amp;lt;console&amp;gt;, line 1)&#xA;&lt;/code&gt;&lt;/pre&gt;&#xA;&#xA;&lt;p&gt;When I remove the ending &lt;code&gt;&quot;report_type in cls.SuperReportTypes&quot;&lt;/code&gt; the query functions properly.&lt;/p&gt;&#xA;&#xA;&lt;p&gt;I recognize that there is a way to do this after the query managing the result set but I was hoping to deal with this in such a way that MYSQL would do the execution.&lt;/p&gt;&#xA;</Body>
<Tags>python,django,django-models</Tags>
</question>
<answer>
<Body>&lt;p&gt;&lt;a href=&quot;https://docs.djangoproject.com/en/dev/ref/models/querysets/#in&quot; rel=&quot;nofollow&quot;&gt;&lt;code&gt;field__in=seq&lt;/code&gt;&lt;/a&gt;&lt;/p&gt;&#xA;</Body>
</answer>
<answer>
<Body>&lt;p&gt;You are using the wrong in statement&lt;/p&gt;&#xA;&#xA;&lt;p&gt;&lt;a href=&quot;https://docs.djangoproject.com/en/dev/ref/models/querysets/#in&quot; rel=&quot;nofollow&quot;&gt;https://docs.djangoproject.com/en/dev/ref/models/querysets/#in&lt;/a&gt;&lt;/p&gt;&#xA;</Body>
</answer>
