<question>
<Title>How to use QFileSystemWatcher to monitor a folder for change</Title>
<Body>&lt;p&gt;I'm new with QT and I want to use the QFileSystemWatcher to monitor a folder. I just can't figure how to do that.&lt;/p&gt;&#xA;&#xA;&lt;p&gt;I read &lt;a href=&quot;http://qt-project.org/doc/qt-4.8/qfilesystemwatcher.html&quot;&gt;http://qt-project.org/doc/qt-4.8/qfilesystemwatcher.html&lt;/a&gt; but I don't know how to even initialize it. &lt;/p&gt;&#xA;&#xA;&lt;p&gt;I haven't found a single example, so now, I please if somebody could post an explanation or a simple example that monitors a folder and nothing more.&lt;/p&gt;&#xA;&#xA;&lt;p&gt;Oh, and this is supposed to run in console if it matters.&lt;/p&gt;&#xA;&#xA;&lt;p&gt;Thx for your answers and regards.&lt;/p&gt;&#xA;</Body>
<Tags>c++,qt</Tags>
</question>
<answer>
<Body>&lt;p&gt;Please have a look at this .h and .cpp , it shows the example... cheers !&lt;/p&gt;&#xA;&#xA;&lt;pre&gt;&lt;code&gt;#ifndef MYCLASS_H&#xA;#define MYCLASS_H&#xA;&#xA;#include &amp;lt;QWidget&amp;gt;&#xA;#include &amp;lt;QMessageBox&amp;gt;&#xA;&#xA;class MyClass : public QWidget&#xA;{&#xA;    Q_OBJECT&#xA;&#xA;public:&#xA;    MyClass(QWidget* parent=0)&#xA;        :QWidget(parent){}&#xA;&#xA;    ~MyClass(){}&#xA;&#xA;public slots:&#xA;    void showModified(const QString&amp;amp; str)&#xA;    {&#xA;        Q_UNUSED(str)&#xA;        QMessageBox::information(this,&quot;Directory Modified&quot;, &quot;Your Directory is modified&quot;);&#xA;    }&#xA;};&#xA;&#xA;#endif // MYCLASS_H&#xA;&#xA;&#xA;&#xA;#include &amp;lt;QApplication&amp;gt;&#xA;#include &amp;lt;QFileSystemWatcher&amp;gt;&#xA;#include &amp;lt;QDebug&amp;gt;&#xA;&#xA;#include &quot;MyClass.h&quot;&#xA;&#xA;int main(int argc, char* argv[])&#xA;{&#xA;    QApplication app(argc, argv);&#xA;    QFileSystemWatcher watcher;&#xA;    watcher.addPath(&quot;C:/QtTest&quot;);&#xA;&#xA;    QStringList directoryList = watcher.directories();&#xA;    Q_FOREACH(QString directory, directoryList)&#xA;            qDebug() &amp;lt;&amp;lt; &quot;Directory name&quot; &amp;lt;&amp;lt; directory &amp;lt;&amp;lt;&quot;\n&quot;;&#xA;&#xA;    MyClass* mc = new MyClass;&#xA;&#xA;    QObject::connect(&amp;amp;watcher, SIGNAL(directoryChanged(QString)), mc, SLOT(showModified(QString)));&#xA;&#xA;    return app.exec();&#xA;}&#xA;&lt;/code&gt;&lt;/pre&gt;&#xA;&#xA;&lt;p&gt;When ever you modify, or create or delete a file or folder within &quot;C:/QtTest&quot; path you will get a message box.&lt;/p&gt;&#xA;</Body>
</answer>
