<question>
<Title>Grouping a list of integers with nearest values</Title>
<Body>&lt;p&gt;I have a list:&lt;/p&gt;&#xA;&#xA;&lt;pre&gt;&lt;code&gt;d = [23,67,110,25,69,24,102,109]&#xA;&lt;/code&gt;&lt;/pre&gt;&#xA;&#xA;&lt;p&gt;how can i group nearest values with dynamic gap, and create a tuple like this, what is the fastest method? :&lt;/p&gt;&#xA;&#xA;&lt;pre&gt;&lt;code&gt;[(23,24,25),(67,69),(102,109,110)]&#xA;&lt;/code&gt;&lt;/pre&gt;&#xA;</Body>
<Tags>python,list,math,grouping</Tags>
</question>
<answer>
<Body>&lt;p&gt;Like&lt;/p&gt;&#xA;&#xA;&lt;pre&gt;&lt;code&gt;d = [23,67,110,25,69,24,102,109]&#xA;&#xA;d.sort()&#xA;&#xA;diff = [y - x for x, y in zip(*[iter(d)] * 2)]&#xA;avg = sum(diff) / len(diff)&#xA;&#xA;m = [[d[0]]]&#xA;&#xA;for x in d[1:]:&#xA;    if x - m[-1][0] &amp;lt; avg:&#xA;        m[-1].append(x)&#xA;    else:&#xA;        m.append([x])&#xA;&#xA;&#xA;print m&#xA;## [[23, 24, 25], [67, 69], [102, 109, 110]]&#xA;&lt;/code&gt;&lt;/pre&gt;&#xA;&#xA;&lt;p&gt;Fist we calculate an average difference between sequential elements and then group together elements whose difference is less than average.&lt;/p&gt;&#xA;</Body>
</answer>
