<question>
<Title>Bug on a custom C++ class</Title>
<Body>&lt;p&gt;I need help on finding the problem using a custom c++ class to manage 3D positions. Here is the relevant code from the class&lt;/p&gt;&#xA;&#xA;&lt;pre&gt;&lt;code&gt;  Punto operator+(Punto p){&#xA;    return Punto(this-&amp;gt;x + p.x, this-&amp;gt;y + p.y, this-&amp;gt;z + p.z);&#xA;  }&#xA;&#xA;  Punto operator+(Punto *p){&#xA;    return Punto(this-&amp;gt;x + p-&amp;gt;x, this-&amp;gt;y + p-&amp;gt;y, this-&amp;gt;z + p-&amp;gt;z);&#xA;  }&#xA;&#xA;  Punto operator-(Punto p){&#xA;    return Punto(this-&amp;gt;x - p.x, this-&amp;gt;y - p.y, this-&amp;gt;z - p.z);&#xA;  }&#xA;&#xA;  Punto operator-(Punto *p){&#xA;    return Punto(this-&amp;gt;x - p-&amp;gt;x, this-&amp;gt;y - p-&amp;gt;y, this-&amp;gt;z - p-&amp;gt;z);&#xA;  }&#xA;&#xA;  Punto *operator=(Punto p){&#xA;    this-&amp;gt;x = p.x;&#xA;    this-&amp;gt;y = p.y;&#xA;    this-&amp;gt;z = p.z;&#xA;    return this;&#xA;  }&#xA;&#xA;  Punto *operator=(Punto *p){&#xA;    this-&amp;gt;x = p-&amp;gt;x;&#xA;    this-&amp;gt;y = p-&amp;gt;y;&#xA;    this-&amp;gt;z = p-&amp;gt;z;&#xA;    return this;&#xA;  }&#xA;&lt;/code&gt;&lt;/pre&gt;&#xA;&#xA;&lt;p&gt;I'm using it here like this:&lt;/p&gt;&#xA;&#xA;&lt;pre&gt;&lt;code&gt;p = fem-&amp;gt;elementoFrontera[i]-&amp;gt;nodo[0] - fem-&amp;gt;elementoFrontera[i]-&amp;gt;nodo[1];&#xA;&lt;/code&gt;&lt;/pre&gt;&#xA;&#xA;&lt;p&gt;Where nodo[i] is a Punto*, and it compiles fine, but when I try to do:&lt;/p&gt;&#xA;&#xA;&lt;pre&gt;&lt;code&gt;p = fem-&amp;gt;elementoFrontera[i]-&amp;gt;nodo[0] + fem-&amp;gt;elementoFrontera[i]-&amp;gt;nodo[1];&#xA;&lt;/code&gt;&lt;/pre&gt;&#xA;&#xA;&lt;p&gt;The compiler says:&lt;/p&gt;&#xA;&#xA;&lt;blockquote&gt;&#xA;  &lt;p&gt;In member function &lt;code&gt;void&#xA;  mdTOT::pintarElementosFrontera()':&#xA;  error: invalid operands of types&#xA;  &lt;/code&gt;Punto*' and &lt;code&gt;Punto*' to binary&#xA;  &lt;/code&gt;operator+'&lt;/p&gt;&#xA;&lt;/blockquote&gt;&#xA;</Body>
<Tags>c++,compiler-construction,operator-overloading,overloading</Tags>
</question>
<answer>
<Body>&lt;p&gt;The first one compiles fine because you can subtract pointers in C/C++, but not add pointers. But in any case it doesn't do what you need - it doesn't use your overloaded operator. Since your operators are defined in a class, you need to operate on class instances, not on pointers. So, change to something like &lt;/p&gt;&#xA;&#xA;&lt;pre&gt;&lt;code&gt;Punto p = *(fem-&amp;gt;elementoFrontera[i]-&amp;gt;nodo[0]) + *(fem-&amp;gt;elementoFrontera[i]-&amp;gt;nodo[1]);&#xA;&lt;/code&gt;&lt;/pre&gt;&#xA;&#xA;&lt;p&gt;Another thing - you should use class references, not values, in operator definition. E.g.&lt;/p&gt;&#xA;&#xA;&lt;pre&gt;&lt;code&gt; Punto&amp;amp; operator+(const Punto&amp;amp; p) {&#xA;&lt;/code&gt;&lt;/pre&gt;&#xA;&#xA;&lt;p&gt;EDIT. To simplify the code, you can create an accessor function, like this:&lt;/p&gt;&#xA;&#xA;&lt;pre&gt;&lt;code&gt;const Punto&amp;amp; NodoRef(int i, int j) {&#xA;  return *(fem-&amp;gt;elementoFronteria[i]-&amp;gt;Nodo[j]);&#xA;}&#xA;&lt;/code&gt;&lt;/pre&gt;&#xA;&#xA;&lt;p&gt;and then your code becomes as clean as&lt;/p&gt;&#xA;&#xA;&lt;pre&gt;&lt;code&gt;p = NodoRef(i,0) + NodoRef(i,1);&#xA;&lt;/code&gt;&lt;/pre&gt;&#xA;&#xA;&lt;p&gt;The NodoRef may be defined in your fem class, or outside. Just make sure the object fem is alive in the scope where you use the NodoRef.&lt;/p&gt;&#xA;</Body>
</answer>
<answer>
<Body>&lt;p&gt;The first version works because &quot;&lt;code&gt;-&lt;/code&gt;&quot; does normal pointer arithmetic in this case, it doesn't use any of your overloaded operators. &quot;&lt;code&gt;+&lt;/code&gt;&quot; is not defined on normal pointers, so you get an error. To make it use the overloaded version, dereference the first pointer:&lt;/p&gt;&#xA;&#xA;&lt;pre&gt;&lt;code&gt;p = *fem-&amp;gt;elementoFrontera[i]-&amp;gt;nodo[0] - fem-&amp;gt;elementoFrontera[i]-&amp;gt;nodo[1];&#xA;&lt;/code&gt;&lt;/pre&gt;&#xA;&#xA;&lt;p&gt;Dereferencing both pointers should also work since you have both types of overloads, but you should change your operator definitions to use const references in this case:&lt;/p&gt;&#xA;&#xA;&lt;pre&gt;&lt;code&gt;Punto operator+(const Punto &amp;amp;p){&#xA;   ...&#xA;}&#xA;&lt;/code&gt;&lt;/pre&gt;&#xA;&#xA;&lt;p&gt;This way the objects are not copied every time you use &quot;&lt;code&gt;+&lt;/code&gt;&quot;.&lt;/p&gt;&#xA;&#xA;&lt;p&gt;Basically you want to do something like this:&lt;/p&gt;&#xA;&#xA;&lt;pre&gt;&lt;code&gt;const Punto operator+(Punto *left, Punto *right); // not allowed&#xA;&lt;/code&gt;&lt;/pre&gt;&#xA;&#xA;&lt;p&gt;But overloading a free function &lt;code&gt;operator+&lt;/code&gt; that takes two pointers and adds them in a suitable way does not work, because at least one of the parameters needs to be of &lt;a href=&quot;http://www.parashift.com/c++-faq-lite/intrinsic-types.html#faq-26.10&quot; rel=&quot;nofollow noreferrer&quot;&gt;enum or class type&lt;/a&gt;. There is no operator overloading for primitive types, and pointers count as such.&lt;/p&gt;&#xA;</Body>
</answer>
