<question>
<Title>How can I substract two FILETIMEs?</Title>
<Body>&lt;p&gt;I'm trying to get the elapsed times in miliseconds in windows. The only way I've found to do this is to get the number of 100 nanoseconds since 1601 with the FILETIME structure. But the FILETIME structure stores the value in two variables, and I want to know how I can substract two of this structures, divide them by 10000 (to get the miliseconds) and store the result in a single variable&#xA;I'm using c++ with visual studio 2008 express edition&lt;/p&gt;&#xA;</Body>
<Tags>c++,windows</Tags>
</question>
<answer>
<Body>&lt;p&gt;Read the documentation of &lt;a href=&quot;http://msdn.microsoft.com/en-us/library/windows/desktop/ms724284%28v=vs.85%29.aspx&quot; rel=&quot;noreferrer&quot;&gt;&lt;code&gt;FILETIME&lt;/code&gt;&lt;/a&gt;:&lt;/p&gt;&#xA;&#xA;&lt;blockquote&gt;&#xA;  &lt;p&gt;It is not recommended that you add and subtract values from the &lt;strong&gt;FILETIME&lt;/strong&gt; structure to obtain relative times. Instead, you should copy the low- and high-order parts of the file time to a &lt;a href=&quot;http://msdn.microsoft.com/en-us/library/windows/desktop/aa383742%28v=vs.85%29.aspx&quot; rel=&quot;noreferrer&quot;&gt;ULARGE_INTEGER&lt;/a&gt; structure, perform 64-bit arithmetic on the &lt;strong&gt;QuadPart&lt;/strong&gt; member, and copy the &lt;strong&gt;LowPart&lt;/strong&gt; and &lt;strong&gt;HighPart&lt;/strong&gt; members into the &lt;strong&gt;FILETIME&lt;/strong&gt; structure.&lt;/p&gt;&#xA;&lt;/blockquote&gt;&#xA;&#xA;&lt;p&gt;And there you have your single number, too (&lt;code&gt;QuadPart&lt;/code&gt; of the &lt;code&gt;ULARGE_INTEGER&lt;/code&gt; structure).&lt;/p&gt;&#xA;</Body>
</answer>
<answer>
<Body>&lt;pre&gt;&lt;code&gt;FILETIME ft1;&#xA;FILETIME ft2;&#xA;&#xA;int iDifferenceInMS = (*((ULONGLONG*)&amp;amp;ft2) - *((ULONGLONG*)&amp;amp;ft1))/10000;&#xA;&lt;/code&gt;&lt;/pre&gt;&#xA;</Body>
</answer>
