<question>
<Title>Python 2.7 encoding and feedparser</Title>
<Body>&lt;p&gt;So in short my case is this:&lt;/p&gt;&#xA;&#xA;&lt;ul&gt;&#xA;&lt;li&gt;Read data from RSS feed&lt;/li&gt;&#xA;&lt;li&gt;Print content to the terminal&lt;/li&gt;&#xA;&lt;/ul&gt;&#xA;&#xA;&lt;p&gt;And of course the content isn't in plain ascii, it's utf-8, so I get characters like &quot;öäå&quot;. But when I print the text it's all mangled up with ecapes like '\xe4'. Something to do with the encoding but I just can't get my head around this. This should be so trivial to do yet google fu is letting me down.&lt;/p&gt;&#xA;&#xA;&lt;p&gt;One example is when I'm going through the content word by word and trying to find the character &quot;ö&quot;: I do:&lt;/p&gt;&#xA;&#xA;&lt;pre&gt;&lt;code&gt;if u&quot;ö&quot; in word:&#xA;&lt;/code&gt;&lt;/pre&gt;&#xA;&#xA;&lt;p&gt;Which just gives: UnicodeDecodeError: 'ascii' codec can't decode byte 0xc3 in position 6...&lt;/p&gt;&#xA;&#xA;&lt;p&gt;Edit:&lt;/p&gt;&#xA;&#xA;&lt;p&gt;So I think I found my problem. I was getting the feed items then just doing str(entry.content) and passing that onwards, but that entry.content was a list holding a dictionary with unicode strings as values, so what I did (I guess) was just getting an ascii representation of the dictionary content...&lt;/p&gt;&#xA;</Body>
<Tags>python,encoding,feedparser</Tags>
</question>
<answer>
<Body>&lt;p&gt;You're trying to compare encoded text to unicode. Python doesn't know the encoded text is UTF-8, so it guesses it's ASCII and tries to decode it to unicode for you. The solution is to decode it explicitly with the proper encoding.&lt;/p&gt;&#xA;&#xA;&lt;p&gt;Check out the &lt;a href=&quot;http://docs.python.org/howto/unicode.html&quot; rel=&quot;nofollow&quot;&gt;Python Unicode HOWTO&lt;/a&gt; for more info.&lt;/p&gt;&#xA;&#xA;&lt;p&gt;I can reproduce your problem with this file:&lt;/p&gt;&#xA;&#xA;&lt;pre&gt;&lt;code&gt;# coding: utf-8&#xA;&#xA;word = &quot;öäå&quot;&#xA;if u&quot;ö&quot; in word:&#xA;    print True&#xA;&lt;/code&gt;&lt;/pre&gt;&#xA;&#xA;&lt;p&gt;And fix it with this file:&lt;/p&gt;&#xA;&#xA;&lt;pre&gt;&lt;code&gt;# coding: utf-8&#xA;&#xA;word = &quot;öäå&quot;.decode('utf-8')&#xA;if u&quot;ö&quot; in word:&#xA;    print True&#xA;&lt;/code&gt;&lt;/pre&gt;&#xA;</Body>
</answer>
<answer>
<Body>&lt;p&gt;If you know that your text is UTF-8, you can decode it into &lt;code&gt;unicode&lt;/code&gt; objects before you start working with them. As soon as you read the bytes from the file, you can decode them using the &lt;code&gt;decode()&lt;/code&gt; method of strings as &lt;code&gt;word.decode('UTF8')&lt;/code&gt; to return the unicode objects.&lt;/p&gt;&#xA;</Body>
</answer>
<answer>
<Body>&lt;p&gt;Try to use feedparser package &lt;a href=&quot;http://packages.python.org/feedparser/&quot; rel=&quot;nofollow&quot;&gt;http://packages.python.org/feedparser/&lt;/a&gt;&#xA;It deals with encodings well and supports almost all feeds formats. You will just get well-structured data.&lt;/p&gt;&#xA;</Body>
</answer>
