<question>
<Title>Screen capture from windows service</Title>
<Body>&lt;p&gt;I've got DirectShow based screen capture software. Internally it calls CopyScreenToBitmap function to grab screen. Then the picture is compressed by ffdshow.&#xA;It works fine as a desktop application, but as window service, on certain computers it does not work (black picture). I've set 'Allow service to interact with desktop' and run that service on current user account.&#xA;Any ideas what could be wrong?&lt;/p&gt;&#xA;&#xA;&lt;p&gt;I test it on windows XP, but it is expected to work on Vista and 7 as well.&lt;/p&gt;&#xA;&#xA;&lt;p&gt;Yes it works as desktop application on all computers, but on some of them (on majority of them) it fails as a service. &lt;/p&gt;&#xA;</Body>
<Tags>c#,c++,windows-services,screen-capture</Tags>
</question>
<answer>
<Body>&lt;p&gt;Have you tested that the desktop application succeeds on the same computers it fails as a service?&lt;/p&gt;&#xA;</Body>
</answer>
<answer>
<Body>&lt;p&gt;As I understand it, a change was made in Vista that moved services onto a separate desktop from the console user. While you have ticked the box that &quot;allows access&quot; to the desktop, I think you still have to pragmatically switch your service to use that desktop.&lt;/p&gt;&#xA;&#xA;&lt;p&gt;&lt;a href=&quot;http://blogs.msdn.com/cjacks/archive/2006/11/09/a-desktop-of-your-own.aspx&quot; rel=&quot;nofollow noreferrer&quot;&gt;Here is a blog post with some useful info and examples&lt;/a&gt;.&lt;/p&gt;&#xA;</Body>
</answer>
<answer>
<Body>&lt;p&gt;Try this in addition to allowing access to the desktop:&lt;/p&gt;&#xA;&#xA;&lt;ol&gt;&#xA;&lt;li&gt;Enumerate all Window Stations: &lt;a href=&quot;http://msdn.microsoft.com/en-us/library/ms682644(VS.85).aspx&quot; rel=&quot;nofollow noreferrer&quot;&gt;&lt;strong&gt;EnumWindowStations&lt;/strong&gt;&lt;/a&gt; &lt;/li&gt;&#xA;&lt;li&gt;Find the window station for the logged on user, and make it your process' window station: &lt;a href=&quot;http://msdn.microsoft.com/en-us/library/ms686232(VS.85).aspx&quot; rel=&quot;nofollow noreferrer&quot;&gt;SetProcessWindowStation&lt;/a&gt; - see example &lt;a href=&quot;http://social.msdn.microsoft.com/Forums/en-US/windowsuidevelopment/thread/967f4cba-bd2a-4f90-a8d2-9c335fa57936&quot; rel=&quot;nofollow noreferrer&quot;&gt;&lt;strong&gt;in this thread&lt;/strong&gt;&lt;/a&gt;&lt;/li&gt;&#xA;&lt;li&gt;Then set the desktop for your current thread to the default desktop of the window station &lt;a href=&quot;http://social.msdn.microsoft.com/Forums/en-US/windowsuidevelopment/thread/967f4cba-bd2a-4f90-a8d2-9c335fa57936&quot; rel=&quot;nofollow noreferrer&quot;&gt;&lt;strong&gt;also here&lt;/strong&gt;&lt;/a&gt;&lt;/li&gt;&#xA;&lt;li&gt;&lt;p&gt;Then get the DC of the desktop using one of a few methods, including &lt;/p&gt;&#xA;&#xA;&lt;p&gt;CreateDC(TEXT(&quot;DISPLAY&quot;),NULL,NULL,NULL)&lt;/p&gt;&#xA;&#xA;&lt;p&gt;Good luck&lt;/p&gt;&lt;/li&gt;&#xA;&lt;/ol&gt;&#xA;</Body>
</answer>
