<question>
<Title>Python xlutils copies over incorrect year</Title>
<Body>&lt;p&gt;I've written a script that changes values for a certain date in an excel sheet. When I create a new excel file using &lt;code&gt;copy&lt;/code&gt;, it copies everything over correctly except for the year portion of the date. For example, it will go from 4/5/2012 to 4/5/2008. It appears that all dates go back four years. Here's the code:&lt;/p&gt;&#xA;&#xA;&lt;pre&gt;&lt;code&gt;def exceledit():&#xA;#open excel sheet                                                           &#xA;import xlrd, xlwt, xlutils&#xA;import datetime&#xA;from xlutils.copy import copy&#xA;print 'Opening excel sheet...'&#xA;book = xlrd.open_workbook('test.xls', on_demand=True, formatting_info=True)&#xA;print 'Creating and editing new excel sheet...'&#xA;wbook = copy(book)&#xA;print 'Done creating new excel sheet'&#xA;&#xA;sh = book.sheet_by_index(0)&#xA;#iterate through dates in excel sheet                                       &#xA;for colnum in range(sh.ncols):&#xA;    date = sh.cell_value(3, colnum+4)&#xA;    #if xlrd finds a date                                                   &#xA;    if date:&#xA;        #grab date data                                                     &#xA;        year, month, day, hour, minute, second =  xlrd.xldate_as_tuple(date\&#xA;    , book.datemode)&#xA;        #if dates are within the month currently being edited               &#xA;        if month == 04:&#xA;            #format excel date information to work with parkh dict          &#xA;            format =  str(month) + &quot;/&quot; + str(day) + &quot;/&quot; + str(year)        &#xA;            print 'Editing ' + format&#xA;            #clear cells to eliminate old information                       &#xA;            wbook.get_sheet(0).write(6, colnum+6, &quot;&quot;)&#xA;            wbook.get_sheet(0).write(5, colnum+6, &quot;&quot;)&#xA;    wbook.get_sheet(0).write(7, colnum+6, &quot;&quot;)&#xA;            #iterate through hour segments for that day                     &#xA;            for x in parkh[format]:&#xA;                #if regular hours, insert in &quot;HOURS&quot; row                    &#xA;                if x[0] == 'Park Hours':&#xA;                    wbook.get_sheet(0).write(6, colnum+6, x[1])&#xA;                #if extra magic hours, insert in respective row             &#xA;                if x[0] == 'Extra Magic Hours':&#xA;                    #insert in morning row                                  &#xA;                    if int(x[1][0:1]) in range(2,9):&#xA;                        wbook.get_sheet(0).write(5, colnum+6, x[1])&#xA;                    #insert in evening row                                  &#xA;                    else:&#xA;                        wbook.get_sheet(0).write(7, colnum+6, x[1])&#xA;&#xA;        if month == 05:&#xA;            break&#xA;&#xA;print 'Done editing. Now saving...'&#xA;wbook.save('new.xls')&#xA;print 'new.xls saved'&#xA;&lt;/code&gt;&lt;/pre&gt;&#xA;&#xA;&lt;p&gt;Any idea why it might be changing the year? I haven't seen anyone else have the same issue elsewhere.&lt;/p&gt;&#xA;</Body>
<Tags>python,excel,xlwt,xlutils</Tags>
</question>
<answer>
<Body>&lt;p&gt;I have experienced this with Excel workbooks, not even using Python.  When the same file gets passed around between Windows and Mac, weird things &lt;em&gt;can&lt;/em&gt; happen with the dates (though this is not typical).  Excel for Windows defaults to the so-called &quot;1900&quot; date system, while Excel for Mac defaults to the &quot;1904&quot; date system.  (These are the starting years for the respective systems.)&lt;/p&gt;&#xA;&#xA;&lt;p&gt;Though the xlrd documentation and source code strongly recommend you stick with the &lt;code&gt;datemode&lt;/code&gt; value that is encoded in the workbook (as you have done), I think it's worth a try explicitly giving the &quot;other&quot; mode to &lt;code&gt;xldate_as_tuple&lt;/code&gt; to see if it fixes your problem:&lt;/p&gt;&#xA;&#xA;&lt;pre&gt;&lt;code&gt;year, month, day, hour, minute, second = xlrd.xldate_as_tuple(date,&#xA;    1 - book.datemode)&#xA;&lt;/code&gt;&lt;/pre&gt;&#xA;&#xA;&lt;p&gt;&lt;code&gt;datemode&lt;/code&gt; will be &lt;code&gt;0&lt;/code&gt; for 1900 mode, &lt;code&gt;1&lt;/code&gt; for 1904 mode; &lt;code&gt;1 - datemode&lt;/code&gt; flips this.&lt;/p&gt;&#xA;&#xA;&lt;p&gt;Incidentally, you can break lines without the backslash as long as you are breaking after a comma in a parenthesized expression.&lt;/p&gt;&#xA;</Body>
</answer>
<answer>
<Body>&lt;p&gt;You evidently have an input Excel file that is using the 1904 date system. Your immediate problem is that &lt;code&gt;xlutils&lt;/code&gt; doesn't support copying these files correctly. Fortunately the fix is a one-liner and you can even do it yourself in your script after you have done the copy:&lt;/p&gt;&#xA;&#xA;&lt;pre&gt;&lt;code&gt;wbook = copy(book)&#xA;wbook.dates_1904 = book.datemode&#xA;&lt;/code&gt;&lt;/pre&gt;&#xA;&#xA;&lt;p&gt;This works for copying dates because &lt;code&gt;xlwt&lt;/code&gt; supports writing the record that specifies what datemode is in use.&lt;/p&gt;&#xA;&#xA;&lt;p&gt;&lt;strong&gt;WARNING&lt;/strong&gt; Any new date values that you write into the file by using Worksheet.write() will &lt;strong&gt;NOT&lt;/strong&gt; be written correctly, as &lt;code&gt;xlwt&lt;/code&gt; unfortunately ignores the &lt;code&gt;dates_1904&lt;/code&gt; setting when converting &lt;code&gt;datetime.date&lt;/code&gt; and &lt;code&gt;datetime.datetime&lt;/code&gt; objects to the Excel magic floats.&lt;/p&gt;&#xA;&#xA;&lt;p&gt;I have written and tested a fix which replaces the whole body of the &lt;code&gt;Row.__excel_date_dt&lt;/code&gt; method. It will be committed to the new &lt;code&gt;xlwt&lt;/code&gt; repository on &lt;code&gt;github&lt;/code&gt; soonish. In the meantime here is the code if you are in dire need:&lt;/p&gt;&#xA;&#xA;&lt;pre&gt;&lt;code&gt;def __excel_date_dt(self, date):&#xA;    adj = False&#xA;    if isinstance(date, dt.date):&#xA;        if self.__parent_wb.dates_1904:&#xA;            epoch_tuple = (1904, 1, 1)&#xA;        else:&#xA;            epoch_tuple = (1899, 12, 31)&#xA;            adj = True&#xA;        if isinstance(date, dt.datetime):&#xA;            epoch = dt.datetime(*epoch_tuple)&#xA;        else:&#xA;            epoch = dt.date(*epoch_tuple)&#xA;    else: # it's a datetime.time instance&#xA;        epoch = dt.datetime(1900, 1, 1)            &#xA;        date = dt.datetime.combine(epoch, date)&#xA;    delta = date - epoch&#xA;    xldate = delta.days + delta.seconds / 86400.0&#xA;    # Add a day for Excel's missing leap day in 1900&#xA;    if adj and xldate &amp;gt; 59:&#xA;        xldate += 1&#xA;    return xldate    &#xA;&lt;/code&gt;&lt;/pre&gt;&#xA;&#xA;&lt;p&gt;&lt;strong&gt;WARNING&lt;/strong&gt; Trying to convert your file to the 1900 system by opening it in Excel, unticking the 1904 config item and saving the file &lt;strong&gt;DOESN'T WORK&lt;/strong&gt; -- dates will be 4 years out of whack.&lt;/p&gt;&#xA;&#xA;&lt;p&gt;&lt;em&gt;What appears to work properly is this:&lt;/em&gt;   &lt;/p&gt;&#xA;&#xA;&lt;ul&gt;&#xA;&lt;li&gt;&lt;p&gt;open the file in Excel, save it as &lt;code&gt;XML Spreadsheet 2003 (*.xml)&lt;/code&gt; ...&#xA;this format records dates in text format e.g.&#xA;&lt;code&gt;1999-12-31T23:59:59.999&lt;/code&gt;  &lt;/p&gt;&lt;/li&gt;&#xA;&lt;li&gt;&lt;p&gt;open the XML file in a text editor, find the line that reads&lt;br&gt;&#xA;&lt;code&gt;&amp;lt;Date1904/&amp;gt;&lt;/code&gt; ... yes, the XML is human-readable straight out of the &#xA;box ... and delete it, then save the xml file&lt;/p&gt;&lt;/li&gt;&#xA;&lt;li&gt;&lt;p&gt;open the changed XML file in Excel, all your data and formatting&lt;br&gt;&#xA;should be preserved, the only difference should be that the pesky&lt;br&gt;&#xA;1904 box is not ticked anymore. You can then save it as an XLS file&lt;/p&gt;&lt;/li&gt;&#xA;&lt;/ul&gt;&#xA;</Body>
</answer>
