<question>
<Title>Python admin only decorators</Title>
<Body>&lt;p&gt;Alright This is What i have:&lt;/p&gt;&#xA;&#xA;&lt;p&gt;I'm playing around with authengine by scotch and can't figure out how to make a admin decorator.  heres the code its rather simple:&lt;/p&gt;&#xA;&#xA;&lt;pre&gt;&lt;code&gt;class Jinja2Handler(webapp2.RequestHandler):&#xA;&quot;&quot;&quot;&#xA;    BaseHandler for all requests all other handlers will&#xA;    extend this handler&#xA;&#xA;&quot;&quot;&quot;&#xA;@webapp2.cached_property&#xA;def jinja2(self):&#xA;    return jinja2.get_jinja2(app=self.app)&#xA;&#xA;def get_messages(self, key='_messages'):&#xA;    try:&#xA;        return self.request.session.data.pop(key)&#xA;    except KeyError:&#xA;        return None&#xA;&#xA;def render_template(self, template_name, template_values={}):&#xA;    messages = self.get_messages()&#xA;    if messages:&#xA;        template_values.update({'messages': messages})&#xA;    self.response.write(self.jinja2.render_template(&#xA;        template_name, **template_values))&#xA;&#xA;def render_string(self, template_string, template_values={}):&#xA;    self.response.write(self.jinja2.environment.from_string(&#xA;        template_string).render(**template_values))&#xA;&#xA;def json_response(self, json):&#xA;    self.response.headers.add_header('content-type', 'application/json', charset='utf-     8')&#xA;    self.response.out.write(json)&#xA;&#xA;def UserArea(fuct):&#xA;&#xA;    def Usercheck():&#xA;        return Usercheck&#xA;&#xA;&#xA;class PageHandler(Jinja2Handler):&#xA;&#xA;def root(self):&#xA;    session = self.request.session if self.request.session else None&#xA;    user = self.request.user if self.request.user else None&#xA;    profiles = None&#xA;    emails = None&#xA;    if user:&#xA;        profile_keys = [ndb.Key('UserProfile', p) for p in user.auth_ids]&#xA;        profiles = ndb.get_multi(profile_keys)&#xA;        emails = models.UserEmail.get_by_user(user.key.id())&#xA;    self.render_template('home.html', {&#xA;        'user': user,&#xA;        'session': session,&#xA;        'profiles': profiles,&#xA;        'emails': emails,&#xA;    })&#xA;&#xA;@UserArea&#xA;class UserHandler(Jinja2Handler):&#xA;&#xA;def get(self):&#xA;    self.render_template('index-2.html', {&#xA;&#xA;    })&#xA;&lt;/code&gt;&lt;/pre&gt;&#xA;&#xA;&lt;p&gt;Skipping the indenting errors... i can't seem to figure it out... i've read thought this&#xA;&lt;a href=&quot;https://stackoverflow.com/questions/739654/understanding-python-decorators&quot;&gt;How to make a chain of function decorators?&lt;/a&gt;&#xA;thought i had the basic understanding for it.... but no&lt;/p&gt;&#xA;&#xA;&lt;p&gt;Any help to point me in the right way...&lt;/p&gt;&#xA;&#xA;&lt;p&gt;The error i seam to get alot is &#xA;    TypeError: 'NoneType' object is not callable&lt;/p&gt;&#xA;</Body>
<Tags>python,google-app-engine</Tags>
</question>
<answer>
<Body>&lt;pre&gt;&lt;code&gt;def UserArea(fuct):&#xA;&#xA;    def Usercheck():&#xA;        return Usercheck&#xA;&lt;/code&gt;&lt;/pre&gt;&#xA;&#xA;&lt;p&gt;You're using this as a decorator, but it doesn't return anything, so it returns &lt;code&gt;None&lt;/code&gt;. So when you try to instantiate the decorated class, you are calling &lt;code&gt;None()&lt;/code&gt; and obviously that doesn't work. Also, the wrapper function merely returns itself, which is rarely what you want.&lt;/p&gt;&#xA;&#xA;&lt;p&gt;It's hard to tell what you actually want the decorator to do, but usually decorators are written something like this:&lt;/p&gt;&#xA;&#xA;&lt;pre&gt;&lt;code&gt;import functools&#xA;&#xA;def UserArea(func):&#xA;&#xA;    @functools.wraps(func)&#xA;    def usercheck(*args, **kwargs):&#xA;        if adminuser:   # however this gets defined&#xA;           return func(*args, **kwargs)&#xA;        else:&#xA;           raise Exception(&quot;not authorized&quot;)&#xA;&#xA;    return usercheck&#xA;&lt;/code&gt;&lt;/pre&gt;&#xA;&#xA;&lt;p&gt;Note that the inner function, which will be used as a wrapper for the decorated object, &lt;em&gt;calls&lt;/em&gt; the decorated object and returns its result, allowing it to be used as a direct substitute for the decorated object in client code. If your wrapper function doesn't do this, your decorator is pretty much broken.&lt;/p&gt;&#xA;&#xA;&lt;p&gt;As a further note, I see you're using this as a class decorator, which means it will be called when the class is instantiated. Using a class decorator that returns a function will make subclassing the class difficult because the actual class no longer has a public name. It might make more sense, then, to decorate some or all of the methods of the class rather than the class itself.&lt;/p&gt;&#xA;</Body>
</answer>
