<question>
<Title>Assigning an array size depending on a condition</Title>
<Body>&lt;p&gt;I am trying to assign an array of unsigned short depending on a condition. The problem I encounter is the following (according to the code below) :&lt;/p&gt;&#xA;&#xA;&lt;p&gt;error C2057: constant expression expected&lt;br&gt;&#xA;error C2466: impossible to allocate array with constant size 0&lt;br&gt;&#xA;error C2133: 'packet' : unknown size&lt;/p&gt;&#xA;&#xA;&lt;pre&gt;&lt;code&gt;unsigned int length=4;&#xA;if(...)&#xA;{&#xA;    length = 8;&#xA;}&#xA;else if(...)&#xA;{&#xA;    length = 6;&#xA;}&#xA;else&#xA;{&#xA;    length = 4;&#xA;}&#xA;&#xA;unsigned short packet[length/2];&#xA;&lt;/code&gt;&lt;/pre&gt;&#xA;&#xA;&lt;p&gt;I tried to do some shenanigans like adding this before the array declaration and using it for the array size but it doesn't do the trick:  &lt;/p&gt;&#xA;&#xA;&lt;pre&gt;&lt;code&gt;const unsigned int halfLength=length/2;&#xA;&lt;/code&gt;&lt;/pre&gt;&#xA;&#xA;&lt;p&gt;I can't use vectors to replace my array. Do you have any idea ?&lt;/p&gt;&#xA;</Body>
<Tags>c++,arrays,visual-c++</Tags>
</question>
<answer>
<Body>&lt;p&gt;Yup, dynamically allocated arrays:&lt;/p&gt;&#xA;&#xA;&lt;pre&gt;&lt;code&gt;unsigned short* packet = new unsigned short[length/2];&#xA;&lt;/code&gt;&lt;/pre&gt;&#xA;&#xA;&lt;p&gt;You can't specify the size of an automatic-storage allocated array at run-time.&lt;/p&gt;&#xA;&#xA;&lt;p&gt;You also have to free up the memory yourself:&lt;/p&gt;&#xA;&#xA;&lt;pre&gt;&lt;code&gt;delete[] packet;&#xA;&lt;/code&gt;&lt;/pre&gt;&#xA;</Body>
</answer>
<answer>
<Body>&lt;p&gt;You cannot assign the size of array dynamically.&#xA;You can use a pointer for allocating dynamic size of array.&lt;/p&gt;&#xA;&#xA;&lt;pre&gt;&lt;code&gt;int * t = malloc(a * sizeof(int))&#xA;&lt;/code&gt;&lt;/pre&gt;&#xA;</Body>
</answer>
<answer>
<Body>&lt;p&gt;I would take it to a class to avoid memory leaks:&lt;/p&gt;&#xA;&#xA;&lt;pre&gt;&lt;code&gt;template &amp;lt;class T1&amp;gt; class array&#xA;{&#xA;public:&#xA;  array( size_t size )&#xA;    : addr(0)&#xA;  {&#xA;    if ( size &amp;gt; 0 )&#xA;      this-&amp;gt;addr = new T1[size];&#xA;  };&#xA;  ~array( void )&#xA;  {&#xA;    if ( this-&amp;gt;addr != 0 )&#xA;    {&#xA;      delete [] this-&amp;gt;addr;&#xA;      this-&amp;gt;addr = 0;&#xA;    }&#xA;  };&#xA;  T1 &amp;amp; operator[]( size_t index )&#xA;  {&#xA;    return this-&amp;gt;addr[index];&#xA;  };&#xA;  bool empty( void ) { return (this-&amp;gt;addr != 0); };&#xA;private:&#xA;  T1 * addr;&#xA;};&#xA;&#xA;array&amp;lt;unsigned short&amp;gt; packet(length/2);&#xA;&lt;/code&gt;&lt;/pre&gt;&#xA;</Body>
</answer>
<answer>
<Body>&lt;p&gt;for c programmers:&lt;/p&gt;&#xA;&#xA;&lt;pre&gt;&lt;code&gt;//length value is dynamically assigned&#xA;int length=10;&#xA;&#xA;//runtime allocation&#xA;unsigned short * f = (unsigned short *) malloc (length/2 * sizeof(unsigned short));&#xA;&#xA;//use the vector&#xA;f[0]=1;&#xA;&#xA;...&#xA;&#xA;//free the memory once the program does not need more&#xA;free(f);&#xA;f=NULL;&#xA;&lt;/code&gt;&lt;/pre&gt;&#xA;</Body>
</answer>
<answer>
<Body>&lt;p&gt;The number of elements in a C style array must be an integral constant&#xA;expression in C++.  (C90 has some support for non-constant expressions&#xA;here, but I'm not familiar with it.)  The obvious answer is&#xA;&lt;code&gt;std::vector&lt;/code&gt;, but you say you can't use that.  If that's the case, you&#xA;probably can't use dynamic allocation either; otherwise, a pointer and&#xA;&lt;code&gt;new unsigned short[length / 2]&lt;/code&gt; can be used, although you'll have to&#xA;ensure that a &lt;code&gt;delete[]&lt;/code&gt; also occurs when your done with it, including&#xA;if you leave scope via an exception&amp;mdash;in the end, you're not far&#xA;from having implemented about half of &lt;code&gt;std::vector&lt;/code&gt; locally. &lt;/p&gt;&#xA;&#xA;&lt;p&gt;If your code extract isn't too simplified: why not just reserve the&#xA;maximum length, e.g.:&lt;/p&gt;&#xA;&#xA;&lt;pre&gt;&lt;code&gt;unsigned short packet[8 / 2];&#xA;&lt;/code&gt;&lt;/pre&gt;&#xA;&#xA;&lt;p&gt;In your example, the largest &lt;code&gt;length&lt;/code&gt; is 8, and always reserving for 8&#xA;isn't going to cause any problems.  (Obviously, if the actual &lt;code&gt;length&lt;/code&gt;&#xA;can vary more with values coming from an external function, etc., this&#xA;may not be a realistic solution.  But if it is... Why do complicated&#xA;when you can do simple?)&lt;/p&gt;&#xA;</Body>
</answer>
