<question>
<Title>Why int plus uint returns uint?</Title>
<Body>&lt;p&gt;int plus unsigned int returns an unsigned int. Should it be so?&lt;/p&gt;&#xA;&#xA;&lt;p&gt;Consider this code:&lt;/p&gt;&#xA;&#xA;&lt;pre&gt;&lt;code&gt;#include &amp;lt;boost/static_assert.hpp&amp;gt;&#xA;#include &amp;lt;boost/typeof/typeof.hpp&amp;gt;&#xA;#include &amp;lt;boost/type_traits/is_same.hpp&amp;gt;&#xA;&#xA;class test&#xA;{&#xA;    static const int          si = 0;&#xA;    static const unsigned int ui = 0;&#xA;&#xA;    typedef BOOST_TYPEOF(si + ui) type;&#xA;    BOOST_STATIC_ASSERT( ( boost::is_same&amp;lt;type, int&amp;gt;::value ) ); // fails&#xA;};&#xA;&#xA;&#xA;int main()&#xA;{&#xA;    return 0;&#xA;}&#xA;&lt;/code&gt;&lt;/pre&gt;&#xA;</Body>
<Tags>c++,int,unsigned,integer-arithmetic</Tags>
</question>
<answer>
<Body>&lt;p&gt;If by &quot;should it be&quot; you mean &quot;does my compiler behave according to the standard&quot;: &lt;strong&gt;yes&lt;/strong&gt;.&lt;/p&gt;&#xA;&#xA;&lt;p&gt;C++2003: Clause 5, paragraph 9:&lt;/p&gt;&#xA;&#xA;&lt;blockquote&gt;&#xA;  &lt;p&gt;Many binary operators that expect operands of arithmetic or enumeration type cause conversions and yield&#xA;  result types in a similar way. The purpose is to yield a common type, which is also the type of the result.&#xA;  This pattern is called the usual arithmetic conversions, which are defined as follows:&lt;/p&gt;&#xA;  &#xA;  &lt;ul&gt;&#xA;  &lt;li&gt;&lt;em&gt;blah&lt;/em&gt;&lt;/li&gt;&#xA;  &lt;li&gt;Otherwise, &lt;em&gt;blah&lt;/em&gt;,&lt;/li&gt;&#xA;  &lt;li&gt;Otherise, &lt;em&gt;blah&lt;/em&gt;, ...&lt;/li&gt;&#xA;  &lt;li&gt;Otherwise, if either operand is unsigned, the other shall be converted to unsigned.&lt;/li&gt;&#xA;  &lt;/ul&gt;&#xA;&lt;/blockquote&gt;&#xA;&#xA;&lt;p&gt;If by &quot;should it be&quot; you mean &quot;would the world be a better place if it didn't&quot;: I'm not competent to answer that.&lt;/p&gt;&#xA;</Body>
</answer>
<answer>
<Body>&lt;p&gt;Unsigned integer types mostly behave as members of a wrapping abstract algebraic ring of values which are equivalent mod 2^N; one might view an N-bit unsigned integer not as representing a particular integer, but rather the set of all integers with a particular value in the bottom N bits.  For example, if one adds together two binary numbers whose last 4 digits are &lt;code&gt;...1001&lt;/code&gt; and &lt;code&gt;...0101&lt;/code&gt;, the result will be &lt;code&gt;...1110&lt;/code&gt;.  If one adds &lt;code&gt;...1111&lt;/code&gt; and &lt;code&gt;...0001&lt;/code&gt;, the result will be &lt;code&gt;...0000&lt;/code&gt;; if one subtracts &lt;code&gt;...0001&lt;/code&gt; from &lt;code&gt;...0000&lt;/code&gt; the result will be &lt;code&gt;...1111&lt;/code&gt;.  Note that concepts of overflow or underflow don't really mean anything, since the upper-bit values of the operands are unknown and the upper-bit values of the result are of no interest.  Note also that adding a signed integer whose upper bits are known to one whose upper bits are &quot;don't know/don't care&quot; should yield a number whose upper bits are &quot;don't know/don't care&quot; (which is what unsigned integer types mostly behave as).&lt;/p&gt;&#xA;&#xA;&lt;p&gt;The only places where unsigned integer types fail to behave as members of a wrapping algebraic ring is when they participate in comparisons, are used in numerical division (which implies comparisons), or are promoted to other types.  If the only way to convert an unsigned integer type to something larger was to use an operator or function for that purpose, the use of such an operator or function could make clear that it was making assumptions about the upper bits (e.g. turning &quot;some number whose lower bits are &lt;code&gt;...00010110&lt;/code&gt;&quot; into &quot;the number whose lower bits are &lt;code&gt;...00010110&lt;/code&gt; and whose upper bits are all zeroes).  Unfortunately, C doesn't do that.  Adding a signed value to an unsigned value of equal size yields a like-size unsigned value (which makes sense with the interpretation of unsigned values above), but adding a larger signed integer to an unsigned type will cause the compiler to silently assume that all upper bits of the latter are zeroes.  This behavior can be especially vexing in cases where, depending upon a compilers' promotion rules, some compilers may deem two expressions as having the same size while others may view them as different sizes.&lt;/p&gt;&#xA;</Body>
</answer>
<answer>
<Body>&lt;p&gt;It is likely that the behavior stems from the logic behind a pointer types (memory location, e.g. &lt;code&gt;std::size_t&lt;/code&gt;) plus a memory location difference (&lt;code&gt;std::ptrdiff_t&lt;/code&gt;) is also a memory location.&lt;/p&gt;&#xA;&#xA;&lt;p&gt;In other words, &lt;code&gt;std::size_t = std::size_t + std::ptrdiff_t&lt;/code&gt;.&lt;/p&gt;&#xA;&#xA;&lt;p&gt;When this logic is translated to underlaying types this means, &lt;code&gt;unsigned long = unsigned long + long&lt;/code&gt;, or &lt;code&gt;unsigned = unsigned + int&lt;/code&gt;.&lt;/p&gt;&#xA;&#xA;&lt;p&gt;The &quot;other&quot; explanation from @supercat is also possibly correct.&lt;/p&gt;&#xA;</Body>
</answer>
