<question>
<Title>A new form for each dialog in c++?</Title>
<Body>&lt;p&gt;I was creating sixth form for a simple one digit user input and it got me wandering maybe there is an easier way to do this maybe there is a built in tool that would create dialogs in a similar fashion as error warnings.&lt;/p&gt;&#xA;&#xA;&lt;p&gt;Is there a simplified way to create basic UI dialogs using c++ in Visual Studio? &lt;/p&gt;&#xA;&#xA;&lt;p&gt;P.S. I could use the same form for more than one input operation but I have to get different type and size values so a bit of user input validation is involved.&lt;/p&gt;&#xA;</Body>
<Tags>c++,visual-studio,user-interface</Tags>
</question>
<answer>
<Body>&lt;ul&gt;&#xA;&lt;li&gt;&lt;p&gt;You might create one form which is capable of using a validation&#xA;class or a list of rules which it validates. So you can use the same&#xA;form for different validations.&lt;/p&gt;&lt;/li&gt;&#xA;&lt;li&gt;&lt;p&gt;You might create one form and use this form as base class. Then&#xA;implement the differences in derived classes&lt;/p&gt;&lt;/li&gt;&#xA;&lt;li&gt;&lt;p&gt;You could of course also create a wizard which generates the basic&#xA;code for you. This would be less elegant, but would decrease the time&#xA;you need to create a form. &lt;/p&gt;&lt;/li&gt;&#xA;&lt;/ul&gt;&#xA;&#xA;&lt;p&gt;There is no &quot;out-of-the-box&quot; solution I know of which is capable of what you want, at least without or almost none effort.&lt;/p&gt;&#xA;</Body>
</answer>
