<question>
<Title>Why python multi-threading and Queue does not help accelerate reading a big number of files?</Title>
<Body>&lt;p&gt;I am writing a Python program to read about 110000+ text files from local file system and push  them into MongoDB. Here is my code snippet.&lt;/p&gt;&#xA;&#xA;&lt;p&gt;class EmailProducer (threading.Thread):&lt;/p&gt;&#xA;&#xA;&lt;pre&gt;&lt;code&gt;def __init__(self, threadID, queue, path):&#xA;    self.threadID = threadID&#xA;    self.queue = queue&#xA;    self.path = path&#xA;    threading.Thread.__init__(self)&#xA;&#xA;def run(self):&#xA;    if (queue.empty()):&#xA;        files = os.listdir(self.path)&#xA;        print(len(files))&#xA;        for file in files:&#xA;            queue.put(file)&#xA;&lt;/code&gt;&lt;/pre&gt;&#xA;&#xA;&lt;p&gt;class EmailConsumer (threading.Thread):&lt;/p&gt;&#xA;&#xA;&lt;pre&gt;&lt;code&gt;def __init__(self, threadID, queue, path, mongoConn):&#xA;    self.threadID = threadID&#xA;    self.queue = queue&#xA;    self.mongoConn = mongoConn&#xA;    self.path = path&#xA;    threading.Thread.__init__(self)&#xA;def run(self):&#xA;    while (True):&#xA;        if (queue.empty()):&#xA;            mongoConn.close()&#xA;            break&#xA;        file = queue.get()&#xA;        self.mongoConn.persist(self.path, file)&#xA;&lt;/code&gt;&lt;/pre&gt;&#xA;&#xA;&lt;p&gt;The EmailProducer instance reads files from local filesystem and store them in the queue if the queue is empty; and the EmailConsumer instance fetch files from the queue and push them into Mongo.  I also wrote a sequential version of the same functionality. &#xA;I run both on my ubuntu 12.04 32 bit desktop with an i-5 quad-core processor and timed both of them.  The multithreaded version started with 1 producer and 7 consumer. However, both of them cost approximately 23.7 sec real time and 21.7 sec user time. I thought threading would help here, but numbers told me it does not help. &lt;/p&gt;&#xA;&#xA;&lt;p&gt;Any one has any insightful thoughts on the reason ? &lt;/p&gt;&#xA;</Body>
<Tags>python,multithreading,queue</Tags>
</question>
<answer>
<Body>&lt;p&gt;Threading is not very useful for IO bound operations. Especially not with a Global Interpreter Lock. So there was only ever one thread running at a time. I'm surprised it wasn't faster without threads. Look at reading the files asynchronously using the &lt;a href=&quot;http://docs.python.org/library/select.html&quot; rel=&quot;nofollow&quot;&gt;select module&lt;/a&gt; or a third party library.&lt;/p&gt;&#xA;</Body>
</answer>
<answer>
<Body>&lt;p&gt;Python threading is somewhat limited by the &lt;a href=&quot;http://wiki.python.org/moin/GlobalInterpreterLock&quot; rel=&quot;nofollow&quot;&gt;Global Interpreter Lock&lt;/a&gt; in CPython, which &lt;a href=&quot;https://blip.tv/carlfk/mindblowing-python-gil-2243379&quot; rel=&quot;nofollow&quot;&gt;is considered to be pretty poor in terms of performance&lt;/a&gt;, and probably contributes to your results.&lt;/p&gt;&#xA;&#xA;&lt;p&gt;All C level extensions also require &lt;a href=&quot;http://docs.python.org/c-api/init.html#threads&quot; rel=&quot;nofollow&quot;&gt;specific GIL support to avoid &quot;defeating threads&quot;&lt;/a&gt; by holding the GIL while blocking on an external resource.  That means that if you are using a C layer library to, eg, talk to MongoDB it may block other threads while operating.  (I have no idea if it does - just that it may.)&lt;/p&gt;&#xA;</Body>
</answer>
