<question>
<Title>Windows short path format to long path format</Title>
<Body>&lt;p&gt;Is there a windows API call or some way to translate the paths of the form&lt;/p&gt;&#xA;&#xA;&lt;pre&gt;&lt;code&gt;C:\Progra~1\Users\SomeU~2\&#xA;&lt;/code&gt;&lt;/pre&gt;&#xA;&#xA;&lt;p&gt;to&lt;/p&gt;&#xA;&#xA;&lt;pre&gt;&lt;code&gt;C:\Program Files\Users\SomeUser\&#xA;&lt;/code&gt;&lt;/pre&gt;&#xA;</Body>
<Tags>c++,c,windows,path</Tags>
</question>
<answer>
<Body>&lt;p&gt;You are looking for &lt;a href=&quot;http://msdn.microsoft.com/en-us/library/windows/desktop/aa364980.aspx&quot; rel=&quot;noreferrer&quot;&gt;&lt;code&gt;GetLongPathName()&lt;/code&gt;&lt;/a&gt;.&lt;/p&gt;&#xA;</Body>
</answer>
