<question>
<Title>Python 3: Using a multiprocessing queue for logging</Title>
<Body>&lt;p&gt;I've recently been given the challenge of working multiprocessing into our software. I want a main process to spawn subprocesses, and I need some way of sending logging information back to the main process. This is mainly because a module we use writes warning and error messages to a logging object, and we want these messages to appear in the gui, which runs in the main process. &lt;/p&gt;&#xA;&#xA;&lt;p&gt;The obvious approach was to write a small class with a write() method that puts() onto a queue, and then use this class in a logging stream handler. The main process would then get() from this queue to send the text to the gui. But this didn't seem to work, and I don't know why&lt;/p&gt;&#xA;&#xA;&lt;p&gt;I wrote some sample code to demonstrate the problem. It uses a logging object to write a queue in a subprocess, and then the main process tries to read from the queue, but fails. Can someone help me figure out what is wrong with this?&lt;/p&gt;&#xA;&#xA;&lt;pre&gt;&lt;code&gt;import time, multiprocessing, queue, logging&#xA;&#xA;class FileLikeQueue:&#xA;    &quot;&quot;&quot;A file-like object that writes to a queue&quot;&quot;&quot;&#xA;    def __init__(self, q):&#xA;        self.q = q&#xA;    def write(self, t):&#xA;        self.q.put(t)&#xA;    def flush(self):&#xA;        pass&#xA;&#xA;&#xA;def func(q):&#xA;    &quot;&quot;&quot;This function just writes the time every second for five &#xA;    seconds and then returns. The time is sent to the queue and &#xA;    to a logging object&quot;&quot;&quot;&#xA;&#xA;    stream = FileLikeQueue(q)&#xA;&#xA;    log = logging.getLogger()&#xA;    infohandler = logging.StreamHandler(stream)&#xA;    infohandler.setLevel(logging.INFO)&#xA;    infoformatter = logging.Formatter(&quot;%(message)s&quot;)&#xA;    infohandler.setFormatter(infoformatter)&#xA;    log.addHandler(infohandler)&#xA;&#xA;    t1 = time.time()&#xA;    while time.time() - t1 &amp;lt; 5: #run for five seconds&#xA;        log.info('Logging: ' + str(time.time()))&#xA;        q.put('Put: %s' % str(time.time()))&#xA;        time.sleep(1)&#xA;&#xA;&#xA;&#xA;def main():&#xA;    q = multiprocessing.Queue()&#xA;    p = multiprocessing.Process(target=func, args=(q,))&#xA;    p.start()&#xA;&#xA;    #read the queue until it is empty&#xA;    while True:&#xA;        try:&#xA;            t = q.get()&#xA;        except queue.Empty:&#xA;            break&#xA;        print(t)&#xA;&#xA;&#xA;if __name__ == '__main__':&#xA;    main()&#xA;&lt;/code&gt;&lt;/pre&gt;&#xA;&#xA;&lt;p&gt;I expect the output to be:&lt;/p&gt;&#xA;&#xA;&lt;pre&gt;&lt;code&gt;Logging: 1333629221.01&#xA;Put: 1333629221.01&#xA;Logging: 1333629222.02&#xA;Put: 1333629222.02&#xA;Logging: 1333629223.02&#xA;Put: 1333629223.02&#xA;Logging: 1333629224.02&#xA;Put: 1333629224.02&#xA;Logging: 1333629225.02&#xA;Put: 1333629225.02&#xA;&lt;/code&gt;&lt;/pre&gt;&#xA;&#xA;&lt;p&gt;But what I get is:&lt;/p&gt;&#xA;&#xA;&lt;pre&gt;&lt;code&gt;Put: 1333629221.01&#xA;Put: 1333629222.02&#xA;Put: 1333629223.02&#xA;Put: 1333629224.02&#xA;Put: 1333629225.02&#xA;&lt;/code&gt;&lt;/pre&gt;&#xA;&#xA;&lt;p&gt;So the put() operation in func() works, but the logging doesn't. Why?&lt;/p&gt;&#xA;&#xA;&lt;p&gt;Thank you. &lt;/p&gt;&#xA;</Body>
<Tags>python,logging,python-3.x,queue,multiprocessing</Tags>
</question>
<answer>
<Body>&lt;p&gt;Your problem is with the configuration of the logging module:&lt;/p&gt;&#xA;&#xA;&lt;p&gt;You need to call &lt;code&gt;log.setLevel(logging.INFO)&lt;/code&gt;. The default log level is &lt;code&gt;WARNING&lt;/code&gt;, so your logs have no effect.&lt;/p&gt;&#xA;&#xA;&lt;p&gt;You did call &lt;code&gt;setLevel&lt;/code&gt; on the handler object, but the logged messages never reach the handler because they are filtered by the logger. There is no need to call &lt;code&gt;setLevel&lt;/code&gt; on the handler itself, because it processes all messages by default.&lt;/p&gt;&#xA;</Body>
</answer>
