<question>
<Title>Python why doesn't writing a contextmanager for an sqlite3 cursor work?</Title>
<Body>&lt;p&gt;This is supposed to work yet just says no stocks table - supposed lost the connection somewhere inside the contextmanager?&lt;/p&gt;&#xA;&#xA;&lt;pre&gt;&lt;code&gt;import sqlite3&#xA;from contextlib import contextmanager&#xA;&#xA;@contextmanager&#xA;def doquery(conn, q, params=()):&#xA;    c = conn.cursor()&#xA;    c.execute(q, params)&#xA;    conn.commit()&#xA;    yield c    &#xA;    c.close()&#xA;&#xA;with sqlite3.connect(':memory:') as db:    &#xA;    doquery(db,'''create table stocks&#xA;    (date text, trans text, symbol text,&#xA;    qty real, price real)''')&#xA;&#xA;    doquery(db,&quot;&quot;&quot;insert into stocks&#xA;          values ('2006-01-05','BUY','RHAT',100,35.14)&quot;&quot;&quot;)&#xA;&#xA;    with doquery(db, 'select * from stocks') as r:&#xA;        for row in r:&#xA;            print row&#xA;&lt;/code&gt;&lt;/pre&gt;&#xA;</Body>
<Tags>python,sqlite,connection,contextmanager</Tags>
</question>
<answer>
<Body>&lt;p&gt;It seems that &lt;code&gt;yield&lt;/code&gt; is interfering with the &lt;code&gt;create table&lt;/code&gt; and the &lt;code&gt;insert into&lt;/code&gt; statements.&lt;/p&gt;&#xA;&#xA;&lt;p&gt;In the following I don't use &lt;code&gt;yield&lt;/code&gt; for except for the &lt;code&gt;select&lt;/code&gt; and it works ok:&lt;/p&gt;&#xA;&#xA;&lt;pre&gt;&lt;code&gt;#!/usr/bin/python3&#xA;import sqlite3&#xA;from contextlib import contextmanager&#xA;&#xA;@contextmanager&#xA;def doquery(conn, q, params=()):&#xA;    c = conn.cursor()&#xA;    c.execute(q, params)&#xA;    conn.commit()&#xA;    yield c&#xA;    c.close()&#xA;&#xA;@contextmanager&#xA;def doquery2(conn, q, params=()):&#xA;    c = conn.cursor()&#xA;    c.execute(q, params)&#xA;    conn.commit()&#xA;    c.close()&#xA;&#xA;with sqlite3.connect(':memory:') as db:&#xA;    doquery2(db,'''create table stocks&#xA;    (date text, trans text, symbol text,&#xA;    qty real, price real)''')&#xA;&#xA;    doquery2(db,&quot;&quot;&quot;insert into stocks                                                                                                                &#xA;          values ('2006-01-05','BUY','RHAT',100,35.14)&quot;&quot;&quot;)&#xA;&#xA;    with doquery(db, 'select * from stocks') as r:&#xA;        for row in r:&#xA;            print(row[0])&#xA;&lt;/code&gt;&lt;/pre&gt;&#xA;</Body>
</answer>
<answer>
<Body>&lt;p&gt;The problem is with the way you are using the context manager.  Calling &lt;code&gt;doquery&lt;/code&gt; simply creates a context manager object - you need to use it within a &lt;code&gt;with&lt;/code&gt; statement, which calls its &lt;code&gt;__enter__&lt;/code&gt; and &lt;code&gt;__exit__&lt;/code&gt; methods as appropriate.  For example, try the following:&lt;/p&gt;&#xA;&#xA;&lt;pre&gt;&lt;code&gt;from contextlib import contextmanager&#xA;&#xA;@contextmanager&#xA;def enter_exit(text):&#xA;    print('entering')&#xA;    yield text&#xA;    print('exiting')&#xA;&#xA;print(enter_exit('attempt 1'))&#xA;&#xA;with enter_exit('attempt 2') as t:&#xA;    print(t)&#xA;&lt;/code&gt;&lt;/pre&gt;&#xA;&#xA;&lt;p&gt;The output I get is:&lt;/p&gt;&#xA;&#xA;&lt;pre&gt;&lt;code&gt;&amp;lt;contextlib._GeneratorContextManager object at 0xcf3e90&amp;gt;&#xA;entering&#xA;attempt 2&#xA;exiting&#xA;&lt;/code&gt;&lt;/pre&gt;&#xA;&#xA;&lt;p&gt;You might want to re-read the documentation about &lt;a href=&quot;http://www.python.org/dev/peps/pep-0343/&quot; rel=&quot;noreferrer&quot;&gt;the with statement&lt;/a&gt; and &lt;a href=&quot;http://docs.python.org/library/contextlib.html&quot; rel=&quot;noreferrer&quot;&gt;contextlib&lt;/a&gt;.&lt;/p&gt;&#xA;&#xA;&lt;p&gt;Another problem with your code is that if &lt;code&gt;c.execute&lt;/code&gt; or &lt;code&gt;conn.commit&lt;/code&gt; raises an exception, &lt;code&gt;c.close&lt;/code&gt; will not be called - I don't know if that is actually necessary, but presumably it is the reason why you want to use a context manager rather than a function in the first place.  The following changes should fix both problems:&lt;/p&gt;&#xA;&#xA;&lt;pre&gt;&lt;code&gt;import sqlite3&#xA;from contextlib import contextmanager&#xA;&#xA;@contextmanager&#xA;def doquery(conn, q, params=()):&#xA;    c = conn.cursor()&#xA;    try:&#xA;        c.execute(q, params)&#xA;        conn.commit()&#xA;        yield c&#xA;    finally:&#xA;        c.close()&#xA;&#xA;with sqlite3.connect(':memory:') as db:&#xA;    with doquery(db,'''create table stocks&#xA;                 (date text, trans text, symbol text,&#xA;                 qty real, price real)'''):&#xA;        pass&#xA;&#xA;    with doquery(db,&quot;&quot;&quot;insert into stocks&#xA;                 values ('2006-01-05','BUY','RHAT',100,35.14)&quot;&quot;&quot;):&#xA;        pass&#xA;&#xA;    with doquery(db, 'select * from stocks') as r:&#xA;        for row in r:&#xA;            print(row)&#xA;&lt;/code&gt;&lt;/pre&gt;&#xA;&#xA;&lt;p&gt;However, I don't think this is the cleanest way of doing this.  As far as I can see, there is no reason to create three separate &lt;code&gt;cursor&lt;/code&gt; objects - you can use the same one for each query.  I don't think the call to &lt;code&gt;conn.commit&lt;/code&gt; is actually necessary either - using the database connection as a context manager will automatically commit transactions, or roll them back if an exception is raised (see the &lt;a href=&quot;http://docs.python.org/library/sqlite3.html&quot; rel=&quot;noreferrer&quot;&gt;sqlite3 module documentation&lt;/a&gt;).&lt;/p&gt;&#xA;&#xA;&lt;p&gt;EDIT: Here is a much cleaner version, which still works.  I really don't know what closing the cursor actually does though - it probably isn't necessary (&lt;code&gt;Cursor.close&lt;/code&gt; doesn't even seem to be documented).&lt;/p&gt;&#xA;&#xA;&lt;pre&gt;&lt;code&gt;import sqlite3&#xA;from contextlib import closing&#xA;&#xA;with sqlite3.connect(':memory:') as db:&#xA;    with closing(db.cursor()) as c:&#xA;        c.execute('''create table stocks&#xA;                 (date text, trans text, symbol text,&#xA;                 qty real, price real)''')&#xA;        c.execute(&quot;&quot;&quot;insert into stocks&#xA;                 values ('2006-01-05','BUY','RHAT',100,35.14)&quot;&quot;&quot;)&#xA;        c.execute('select * from stocks')&#xA;        for row in c:&#xA;            print(row)&#xA;&lt;/code&gt;&lt;/pre&gt;&#xA;</Body>
</answer>
