<question>
<Title>No source for msvcr100d.dll!__CrtDumpMemoryLeaks()</Title>
<Body>&lt;p&gt;When debugging a C++ Project using Visual Studio 2010, it cannot find the source for crt. When I am trying to go inside one such module, it displays &quot;No Source Available&quot;. It also does not provide an option to &lt;code&gt;Browse&lt;/code&gt; so that I can help it locate the source location.&lt;/p&gt;&#xA;&#xA;&lt;p&gt;Under the Option Solution-&gt;Common Properties-&gt;Debug Source Files, the proper location to the crt source is updated.&lt;/p&gt;&#xA;&#xA;&lt;p&gt;In lack of source level debugging of crt I have to read through the disassemble which is getting difficult. &lt;/p&gt;&#xA;&#xA;&lt;p&gt;Can anyone help me figure out what might be going wrong?&lt;/p&gt;&#xA;&#xA;&lt;p&gt;Please Note ** I am using an external build system via Visual Studio to build my C++ Project.&lt;/p&gt;&#xA;&#xA;&lt;p&gt;&lt;strong&gt;With the guidance of Hans here how I narrowed down to the problem.&lt;/strong&gt;&lt;/p&gt;&#xA;&#xA;&lt;p&gt;While the breakpoint was still active, I listed all the Symbol Load information. I realized that &lt;code&gt;msvcr100d.i386.pdb&lt;/code&gt; did not match the dll. It actually went all the way down to fetch from the microsoft public symbol store which off course had the symbols stripped off. So that was the root cause of my problem.&lt;/p&gt;&#xA;&#xA;&lt;p&gt;And here is a similar problem in &lt;a href=&quot;http://social.msdn.microsoft.com/Forums/en-US/vsdebug/thread/99383962-0969-4ed0-b42c-34611df307ac/&quot; rel=&quot;nofollow&quot;&gt;social.msdn&lt;/a&gt;&lt;/p&gt;&#xA;</Body>
<Tags>c++,visual-studio,debugging,visual-c++,msvcrt</Tags>
</question>
<answer>
<Body>&lt;p&gt;You can find the sources for the CRT in your installation folder, subfolder VC\CRT\SRC.&lt;/p&gt;&#xA;&#xA;&lt;p&gt;If they're not there, did you install them when installing VS2010? (not sure whether you can really choose this).&lt;/p&gt;&#xA;</Body>
</answer>
<answer>
<Body>&lt;p&gt;You can see the cause of the problem by using Debug + Windows + Modules while you have a break active.  Right-click msvcr100d.dll and select &quot;Symbol Load Information&quot; to get info about the .pdb that the debugger uses.&lt;/p&gt;&#xA;&#xA;&lt;p&gt;For some reason the Microsoft Symbol Server supplies one that has the source info stripped.  It is probably intentional, something to do with service and security patches of the DLL getting out of sync with the source code in vc/crt/scr.  You can get a real answer instead of a guess by posting to connect.microsoft.com&lt;/p&gt;&#xA;&#xA;&lt;p&gt;A workaround of sorts is to compile your code with /MTd instead of /MDd, if that's possible at all.  Project + Properties, C/C++, Code Generation, Runtime Library setting.  The debugger will then use the .pdb file in vc/lib.  Do keep your eyes on the ball, debug your code instead of the CRT's.&lt;/p&gt;&#xA;</Body>
</answer>
