<question>
<Title>c++ iostream - output file is not created</Title>
<Body>&lt;p&gt;I added some commands to produce an output file in methods of a given class. This worked perfectly well, and output file was produced during execution. Now that I made major changes to the code (but not at all to the output file commands), I am not producing output correctly anymore? Where can this come from? The code I changed seems not have any connexion to output commands. Constructor looks like&lt;/p&gt;&#xA;&#xA;&lt;pre&gt;&lt;code&gt;solverMethod::solverMethod(solverInput*inp_):solverMethod(inp_)&#xA;{&#xA;ndim = m_input-&amp;gt;getNbParams(); &#xA;&#xA;bestFuncEval = DBL_MAX;&#xA;&#xA;NMAX = m_input-&amp;gt;getMaxIter();&#xA;&#xA;FTOL = m_input-&amp;gt;getTolerance();&#xA;&#xA;NITER = 0;&#xA;&#xA;logMode = true;&#xA;&#xA;osOutput.open(&quot;F://Output.txt&quot;) ;&#xA;&lt;/code&gt;&lt;/pre&gt;&#xA;&#xA;&lt;p&gt;}&lt;/p&gt;&#xA;&#xA;&lt;p&gt;where member boolean logMode decide whether comments are active or not. &lt;/p&gt;&#xA;&#xA;&lt;p&gt;In different methods, I have code like&lt;/p&gt;&#xA;&#xA;&lt;pre&gt;&lt;code&gt;if(logMode)&#xA;{   &#xA;    osOutput &amp;lt;&amp;lt; &quot;\n&quot;;&#xA;    osOutput &amp;lt;&amp;lt; &quot; - - BUILD  &quot;;&#xA;    osOutput &amp;lt;&amp;lt; &quot;\n&quot;;&#xA;&#xA;&#xA;    osOutput &amp;lt;&amp;lt; &quot;INITIAL&quot;;&#xA;    osOutput &amp;lt;&amp;lt; &quot;\n&quot;;&#xA;    for(int k=0;k&amp;lt;npts;k++)&#xA;    {&#xA;        for(int j=0;j&amp;lt;m_ndim;j++)&#xA;        {&#xA;            osOutput &amp;lt;&amp;lt; s_[k][j]  ;&#xA;            osOutput &amp;lt;&amp;lt; &quot;,  &quot;;&#xA;        }&#xA;    }&#xA;    osOutput &amp;lt;&amp;lt; &quot;\n&quot;;&#xA;}&#xA;&lt;/code&gt;&lt;/pre&gt;&#xA;&#xA;&lt;p&gt;to produce comments&lt;/p&gt;&#xA;&#xA;&lt;p&gt;and then I have at the end of major method: &lt;/p&gt;&#xA;&#xA;&lt;pre&gt;&lt;code&gt;  // ....&#xA;&#xA;&#xA;osOutput.close();&#xA;return true;&#xA; }&#xA;&lt;/code&gt;&lt;/pre&gt;&#xA;&#xA;&lt;p&gt;Do you have any further info&lt;/p&gt;&#xA;</Body>
<Tags>c++,iostream</Tags>
</question>
<answer>
<Body>&lt;p&gt;What is the status of the stream after the &lt;code&gt;open&lt;/code&gt;?  You almost always&#xA;want to check whether the &lt;code&gt;open&lt;/code&gt; succeeded (and whether all of the&#xA;writes succeeded after the close).  You might try something like:&lt;/p&gt;&#xA;&#xA;&lt;pre&gt;&lt;code&gt;osOutput.open(...);&#xA;if ( !osOutput.is_open() ) {&#xA;    std::cerr &amp;lt;&amp;lt; &quot;Cannot create ..., error was: &quot; &amp;lt;&amp;lt; strerror( errno);&#xA;}&#xA;&lt;/code&gt;&lt;/pre&gt;&#xA;&#xA;&lt;p&gt;This will give you more information about what is wrong. &lt;/p&gt;&#xA;</Body>
</answer>
