<question>
<Title>constructor inheriting self python</Title>
<Body>&lt;p&gt;I made a class which looks something like.&lt;/p&gt;&#xA;&#xA;&lt;pre&gt;&lt;code&gt;class NewInt:&#xA;  def __init__(self, x,y):&#xA;    self.holders = {&quot;x&quot;:x,&quot;y&quot;:y}&#xA;&lt;/code&gt;&lt;/pre&gt;&#xA;&#xA;&lt;p&gt;Now, I have a number say a dictionary. So everything is exactly same&lt;/p&gt;&#xA;&#xA;&lt;p&gt;except its not NewInt but a dict.Somethng like&lt;/p&gt;&#xA;&#xA;&lt;pre&gt;&lt;code&gt; A  {&quot;x&quot;: 3,&quot;y&quot;:4}&#xA;&lt;/code&gt;&lt;/pre&gt;&#xA;&#xA;&lt;p&gt;So it is exactly of type NewInt except its a dictionary.&lt;/p&gt;&#xA;&#xA;&lt;p&gt;Is there a way i can do something like &lt;/p&gt;&#xA;&#xA;&lt;pre&gt;&lt;code&gt;this_int = NewInt(A)&#xA;&lt;/code&gt;&lt;/pre&gt;&#xA;&#xA;&lt;p&gt;I forgot but there was a special name to such constructor where assignment is done ??&#xA;Thanks&lt;/p&gt;&#xA;</Body>
<Tags>python</Tags>
</question>
<answer>
<Body>&lt;p&gt;You can use &lt;a href=&quot;http://docs.python.org/tutorial/controlflow.html#keyword-arguments&quot; rel=&quot;nofollow&quot;&gt;keyword arguments&lt;/a&gt;:&lt;/p&gt;&#xA;&#xA;&lt;pre&gt;&lt;code&gt;A = {&quot;x&quot;: 3,&quot;y&quot;:4}&#xA;this_int = NewInt(**A)&#xA;&lt;/code&gt;&lt;/pre&gt;&#xA;&#xA;&lt;p&gt;By the way, it's looking like you're reimplementing &lt;a href=&quot;http://docs.python.org/library/stdtypes.html#typesnumeric&quot; rel=&quot;nofollow&quot;&gt;complex numbers&lt;/a&gt;. Those are already built in to Python, try &lt;code&gt;complex(3,4)&lt;/code&gt; or &lt;code&gt;3+4j&lt;/code&gt;.&lt;/p&gt;&#xA;</Body>
</answer>
