<question>
<Title>visualise unconnected graph in Gephi</Title>
<Body>&lt;p&gt;I have a graphviz file generated in Python as follows:&lt;/p&gt;&#xA;&#xA;&lt;pre&gt;&lt;code&gt;strict graph G {&#xA;    iruo;&#xA;    valentin6232;&#xA;    shockwaver;&#xA;    jojo6938;&#xA;    beahero;&#xA;}&#xA;&lt;/code&gt;&lt;/pre&gt;&#xA;&#xA;&lt;p&gt;Unfortunately, if I open the graph file in Gephi it does not show any of the unconnected nodes. If I connect at least one edge it shows only the nodes of the connected edges. What's going on?&lt;/p&gt;&#xA;</Body>
<Tags>python,graphviz,gephi</Tags>
</question>
<answer>
<Body>&lt;p&gt;I fiddled around a bit and saw that if you introduce an empty attribute, Gephi successfully show all nodes, unconnected or not.&lt;/p&gt;&#xA;&#xA;&lt;pre&gt;&lt;code&gt;strict graph G {&#xA;    iruo [];&#xA;    valentin6232 [];&#xA;    shockwaver [];&#xA;    jojo6938 [];&#xA;    beahero [];&#xA;}&#xA;&lt;/code&gt;&lt;/pre&gt;&#xA;&#xA;&lt;p&gt;However, the &lt;code&gt;dot&lt;/code&gt; program is capable of handling nodes that don't have any attributes, so I guess this issue is something specific to Gephi.&lt;/p&gt;&#xA;</Body>
</answer>
