<question>
<Title>Searching a string and returning only things I specify</Title>
<Body>&lt;p&gt;Hopefully this post goes better..&lt;/p&gt;&#xA;&#xA;&lt;p&gt;So I am stuck on this feature of this program that will return the whole word where a certain keyword is specified.&lt;/p&gt;&#xA;&#xA;&lt;p&gt;ie - If I tell it to look for the word &quot;I=&quot; in the string &quot;blah blah blah blah I=1mV blah blah etc?&quot;, that it returns the whole word where it is found, so in this case, it would return I=1mV.&lt;/p&gt;&#xA;&#xA;&lt;p&gt;I have tried a bunch of different approaches, such as,&lt;/p&gt;&#xA;&#xA;&lt;pre&gt;&lt;code&gt;text = &quot;One of the values, I=1mV is used&quot;&#xA;print(re.split('I=', text))&#xA;&lt;/code&gt;&lt;/pre&gt;&#xA;&#xA;&lt;p&gt;However, this returns the same String without I in it, so it would return &lt;/p&gt;&#xA;&#xA;&lt;pre&gt;&lt;code&gt;['One of the values, ', '1mV is used']&#xA;&lt;/code&gt;&lt;/pre&gt;&#xA;&#xA;&lt;p&gt;If I try regex solutions, I run into the problem where the number could possibly be more then 1 digit, and so this bottom piece of code only works if the number is 1 digit.  If I=10mV was that value, it would only return one, but if i have [/0-9] in twice, the code no longer works with only 1 value.  &lt;/p&gt;&#xA;&#xA;&lt;pre&gt;&lt;code&gt;text = &quot;One of the values, I=1mV is used&quot;&#xA;print(re.findall(&quot;I=[/0-9]&quot;, text))&#xA;&#xA;['I=1'] &#xA;&lt;/code&gt;&lt;/pre&gt;&#xA;&#xA;&lt;p&gt;When I tried using re.match,&lt;/p&gt;&#xA;&#xA;&lt;pre&gt;&lt;code&gt;text = &quot;One of the values, I=1mV is used&quot;&#xA;print(re.search(&quot;I=&quot;, text))&#xA;&#xA;&amp;lt;_sre.SRE_Match object at 0x02408BF0&amp;gt;&#xA;&lt;/code&gt;&lt;/pre&gt;&#xA;&#xA;&lt;p&gt;What is a good way to retrieve the word (In this case, I want to retrieve I=1mV) and cut out the rest of the string?&lt;/p&gt;&#xA;</Body>
<Tags>python,python-3.x</Tags>
</question>
<answer>
<Body>&lt;p&gt;A better way would be to split the text into words first:&lt;/p&gt;&#xA;&#xA;&lt;pre&gt;&lt;code&gt;&amp;gt;&amp;gt;&amp;gt; text = &quot;One of the values, I=1mV is used&quot;&#xA;&amp;gt;&amp;gt;&amp;gt; words = text.split()&#xA;&amp;gt;&amp;gt;&amp;gt; words&#xA;['One', 'of', 'the', 'values,', 'I=1mV', 'is', 'used']&#xA;&lt;/code&gt;&lt;/pre&gt;&#xA;&#xA;&lt;p&gt;And then filter the words to find the one you need:&lt;/p&gt;&#xA;&#xA;&lt;pre&gt;&lt;code&gt;&amp;gt;&amp;gt;&amp;gt; [w for w in words if 'I=' in w]&#xA;['I=1mV']&#xA;&lt;/code&gt;&lt;/pre&gt;&#xA;&#xA;&lt;p&gt;This returns a list of all words with &lt;code&gt;I=&lt;/code&gt; in them. We can then just take the first element found:&lt;/p&gt;&#xA;&#xA;&lt;pre&gt;&lt;code&gt;&amp;gt;&amp;gt;&amp;gt; [w for w in words if 'I=' in w][0]&#xA;'I=1mV'&#xA;&lt;/code&gt;&lt;/pre&gt;&#xA;&#xA;&lt;p&gt;Done! What we can do to clean this up a bit is to just look for the first match, rather then checking every word. We can use a generator expression for that:&lt;/p&gt;&#xA;&#xA;&lt;pre&gt;&lt;code&gt;&amp;gt;&amp;gt;&amp;gt; next(w for w in words if 'I=' in w)&#xA;'I=1mV'&#xA;&lt;/code&gt;&lt;/pre&gt;&#xA;&#xA;&lt;p&gt;Of course you could adapt the &lt;code&gt;if&lt;/code&gt; condition to fit your needs better, you could for example use &lt;a href=&quot;http://docs.python.org/library/stdtypes.html#str.startswith&quot; rel=&quot;nofollow&quot;&gt;&lt;code&gt;str.startswith()&lt;/code&gt;&lt;/a&gt; to check if the words starts with a certain string or &lt;a href=&quot;http://docs.python.org/library/re.html#re.match&quot; rel=&quot;nofollow&quot;&gt;&lt;code&gt;re.match()&lt;/code&gt;&lt;/a&gt; to check if the word matches a pattern.&lt;/p&gt;&#xA;</Body>
</answer>
<answer>
<Body>&lt;pre&gt;&lt;code&gt;import re&#xA;text = &quot;One of the values, I=1mV is used&quot;&#xA;l = (re.split('I=', text))&#xA;print str(l[1]).split(' ') [0]&#xA;&lt;/code&gt;&lt;/pre&gt;&#xA;&#xA;&lt;p&gt;if you have more than one &lt;code&gt;I=&lt;/code&gt; do the above for each odd index in l sice 0 is the first one.&lt;/p&gt;&#xA;&#xA;&lt;p&gt;that is a good way since one can write &quot;One of the values, I= 1mV is used&quot;&#xA;and I guess you want to get that I is 1mv.&lt;/p&gt;&#xA;&#xA;&lt;p&gt;BTW I is current and its units are Ampers and not Volts :)&lt;/p&gt;&#xA;</Body>
</answer>
<answer>
<Body>&lt;p&gt;With your re.findall attempt you would want to add a &lt;code&gt;+&lt;/code&gt; which means one or more.&lt;br&gt;&#xA;Here are some examples:&lt;/p&gt;&#xA;&#xA;&lt;pre&gt;&lt;code&gt;import re&#xA;&#xA;test = &quot;This is a test with I=1mV, I=1.414mv, I=10mv and I=1.618mv.&quot;&#xA;&#xA;result = re.findall(r'I=[\d\.]+m[vV]', test)&#xA;&#xA;print(result)&#xA;&#xA;test = &quot;One of the values, I=1mV is used&quot;&#xA;&#xA;result = re.search(r'I=([\d\.]+m[vV])', test)&#xA;&#xA;print(result.group(1))&#xA;&lt;/code&gt;&lt;/pre&gt;&#xA;&#xA;&lt;p&gt;The first print is: &lt;code&gt;['I=1mV', 'I=1.414mv', 'I=10mv', 'I=1.618mv']&lt;/code&gt;&lt;/p&gt;&#xA;&#xA;&lt;p&gt;I've grouped everything other than &lt;code&gt;I=&lt;/code&gt; in the re.search example,&lt;br&gt;&#xA;so the second print is: &lt;code&gt;1mV&lt;/code&gt;&lt;br&gt;&#xA;incase you are interested in extracting that.&lt;/p&gt;&#xA;</Body>
</answer>
<answer>
<Body>&lt;h1&gt;Using string methods&lt;/h1&gt;&#xA;&#xA;&lt;p&gt;For the record, your attempt to split the string in two halves, using &lt;code&gt;I=&lt;/code&gt; as the separator, was nearly correct. Instead of using &lt;code&gt;str.split()&lt;/code&gt;, which discards the separator, you could have used &lt;code&gt;str.partition()&lt;/code&gt;, which keeps it.&lt;/p&gt;&#xA;&#xA;&lt;pre&gt;&lt;code&gt;&amp;gt;&amp;gt;&amp;gt; my_text = &quot;Loadflow current was I=30.63kA&quot;&#xA;&amp;gt;&amp;gt;&amp;gt; my_text.partition(&quot;I=&quot;)&#xA;('Loadflow current was ', 'I=', '30.63kA')&#xA;&lt;/code&gt;&lt;/pre&gt;&#xA;&#xA;&lt;h1&gt;Using regular expressions&lt;/h1&gt;&#xA;&#xA;&lt;p&gt;A more flexible and robust solution is to use a regular expression:&lt;/p&gt;&#xA;&#xA;&lt;pre&gt;&lt;code&gt;&amp;gt;&amp;gt;&amp;gt; import re&#xA;&amp;gt;&amp;gt;&amp;gt; pattern = r&quot;&quot;&quot;&#xA;... I=             # specific string &quot;I=&quot;&#xA;... \s*            # Possible whitespace&#xA;... -?             # possible minus sign&#xA;... \s*            # possible whitespace&#xA;... \d+            # at least one digit&#xA;... (\.\d+)?       # possible decimal part&#xA;... &quot;&quot;&quot;&#xA;&amp;gt;&amp;gt;&amp;gt; m = re.search(pattern, my_text, re.VERBOSE)&#xA;&amp;gt;&amp;gt;&amp;gt; m&#xA;&amp;lt;_sre.SRE_Match object at 0x044CCFA0&amp;gt;&#xA;&amp;gt;&amp;gt;&amp;gt; m.group()&#xA;'I=30.63'&#xA;&lt;/code&gt;&lt;/pre&gt;&#xA;&#xA;&lt;p&gt;This accounts for a lot more possibilities (negative numbers, integer or decimal numbers).&lt;/p&gt;&#xA;&#xA;&lt;p&gt;Note the use of:&lt;/p&gt;&#xA;&#xA;&lt;ul&gt;&#xA;&lt;li&gt;Quantifiers to say how many of each thing you want.&#xA;&lt;ul&gt;&#xA;&lt;li&gt;&lt;code&gt;a*&lt;/code&gt; - zero or more &lt;code&gt;a&lt;/code&gt;s&lt;/li&gt;&#xA;&lt;li&gt;&lt;code&gt;a+&lt;/code&gt; - at least one &lt;code&gt;a&lt;/code&gt;&lt;/li&gt;&#xA;&lt;li&gt;&lt;code&gt;a?&lt;/code&gt; - &quot;optional&quot; - one or zero &lt;code&gt;a&lt;/code&gt;s&lt;/li&gt;&#xA;&lt;/ul&gt;&lt;/li&gt;&#xA;&lt;li&gt;Verbose regular expression (&lt;code&gt;re.VERBOSE&lt;/code&gt; flag) with comments - much easier to understand the pattern above than the non-verbose equivalent, &lt;code&gt;I=\s?-?\s?\d+(\.\d+)&lt;/code&gt;.&lt;/li&gt;&#xA;&lt;li&gt;Raw strings for regexp patterns, &lt;code&gt;r&quot;...&quot;&lt;/code&gt; instead of plain strings &lt;code&gt;&quot;...&quot;&lt;/code&gt; - means that literal backslashes don't have to be escaped. Not required here because our pattern doesn't use backslashes, but one day you'll need to match &lt;code&gt;C:\Program Files\...&lt;/code&gt; and on that day you will need raw strings.&lt;/li&gt;&#xA;&lt;/ul&gt;&#xA;&#xA;&lt;h2&gt;Exercises&lt;/h2&gt;&#xA;&#xA;&lt;ul&gt;&#xA;&lt;li&gt;&lt;p&gt;Exercise 1: How do you extend this so that it can match the unit as well? And how do you extend this so that it can match the unit as either &lt;code&gt;mA&lt;/code&gt;, &lt;code&gt;A&lt;/code&gt;, or &lt;code&gt;kA&lt;/code&gt;? Hint: &quot;Alternation operator&quot;.&lt;/p&gt;&lt;/li&gt;&#xA;&lt;li&gt;&lt;p&gt;Exercise 2: How do you extend this so that it can match numbers in engineering notation, i.e. &quot;1.00e3&quot;, or &quot;-3.141e-4&quot;?&lt;/p&gt;&lt;/li&gt;&#xA;&lt;/ul&gt;&#xA;</Body>
</answer>
