<question>
<Title>How to get post-call parameters of hooked winapi function?</Title>
<Body>&lt;p&gt;For this example i am talking about hooking BeginPaint() which i hooked fine and i can normally access everything pre-call...&lt;/p&gt;&#xA;&#xA;&lt;pre&gt;&lt;code&gt;HDC WINAPI Mine_BeginPaint(HWND hWnd, LPPAINTSTRUCT lpPaint)&#xA;{&#xA;&#xA;&#xA;   // do stuff here, inspecting PRE-CALL lppaint struct etc...&#xA;&#xA;    return fpBeginPaint(hWnd, lpPaint);&#xA;&#xA;&#xA;}&#xA;&lt;/code&gt;&lt;/pre&gt;&#xA;&#xA;&lt;p&gt;I am looking for a way to inspect this lpPaint struct post-call, how could i do this?&lt;/p&gt;&#xA;</Body>
<Tags>c++,windows,winapi</Tags>
</question>
<answer>
<Body>&lt;pre&gt;&lt;code&gt;HDC WINAPI Mine_BeginPaint(HWND hWnd, LPPAINTSTRUCT lpPaint){&#xA;    // do stuff here, inspecting PRE-CALL lppaint struct etc...&#xA;    HDC result = fpBeginPaint(hWnd, lpPaint);&#xA;    //inspect here whatever you want.&#xA;    return result;&#xA;}&#xA;&lt;/code&gt;&lt;/pre&gt;&#xA;</Body>
</answer>
