<question>
<Title>Python list gives error in one instant but is okay in the other</Title>
<Body>&lt;pre&gt;&lt;code&gt;a=[2,3,4,9a] #error&#xA;a=[2,3,4,9b] # error&#xA;.&#xA;.&#xA;.&#xA;a=[2,3,4,9j] # okay&#xA;a=[2,3,4,9k] # error&#xA;.&#xA;.&#xA;a=[2,3,4,9z] # error&#xA;&lt;/code&gt;&lt;/pre&gt;&#xA;&#xA;&lt;p&gt;I understand why others are giving errors but why is &lt;code&gt;a=[2,3,4,9j]&lt;/code&gt; okay&lt;/p&gt;&#xA;</Body>
<Tags>python,list</Tags>
</question>
<answer>
<Body>&lt;p&gt;&lt;code&gt;9j&lt;/code&gt; is the imaginary number (complex number) so it is a valid literal. Other ones are not. May be you want strings in which case you should write &lt;code&gt;'9a'&lt;/code&gt;, &lt;code&gt;'9b'&lt;/code&gt;, etc. with quotes (single or double).&lt;/p&gt;&#xA;</Body>
</answer>
<answer>
<Body>&lt;p&gt;You've stumbled upon complex number notation in python. For some reason, &lt;code&gt;j&lt;/code&gt; is used instead of &lt;code&gt;i&lt;/code&gt; for imaginary numbers.&lt;/p&gt;&#xA;</Body>
</answer>
<answer>
<Body>&lt;p&gt;See &lt;a href=&quot;http://docs.python.org/library/stdtypes.html#numeric-types-int-float-long-complex&quot; rel=&quot;nofollow&quot;&gt;this section&lt;/a&gt; of the docs:&lt;/p&gt;&#xA;&#xA;&lt;blockquote&gt;&#xA;  &lt;p&gt;There are four distinct numeric types: &lt;strong&gt;plain integers, long integers, floating point numbers, and complex numbers&lt;/strong&gt;. [...]&lt;/p&gt;&#xA;  &#xA;  &lt;p&gt;Numbers are created by numeric literals or as the result of built-in functions and operators. Unadorned integer literals (including binary, hex, and octal numbers) yield plain integers unless the value they denote is too large to be represented as a plain integer, in which case they yield a long integer. Integer literals with an &lt;strong&gt;'L'&lt;/strong&gt; or &lt;strong&gt;'l'&lt;/strong&gt; suffix yield &lt;strong&gt;long integers&lt;/strong&gt; ('L' is preferred because 1l looks too much like eleven!). Numeric literals containing a decimal point or an exponent sign yield floating point numbers. Appending &lt;strong&gt;'j'&lt;/strong&gt; or &lt;strong&gt;'J'&lt;/strong&gt; to a numeric literal yields a &lt;strong&gt;complex number with a zero real part&lt;/strong&gt;. A complex numeric literal is the sum of a real and an imaginary part.&lt;/p&gt;&#xA;&lt;/blockquote&gt;&#xA;&#xA;&lt;p&gt;Therefore, these two are in fact valid expressions:&lt;/p&gt;&#xA;&#xA;&lt;pre&gt;&lt;code&gt;a=[2,3,4,9j] # okay&#xA;a=[2,3,4,9l] # no error&#xA;&lt;/code&gt;&lt;/pre&gt;&#xA;</Body>
</answer>
