<question>
<Title>C++ Expose Already Existing Instance of Objects to a Scripting Language</Title>
<Body>&lt;p&gt;So, I want to be able to modify already instanced C++ objects in a scripting language. I have been looking at Lua with LuaBind and Python with SWIG or Boost::Python, but all I see is how to make new instances of the objects, but I want to modify already existing ones.&#xA;Example: &lt;/p&gt;&#xA;&#xA;&lt;p&gt;C++:&lt;/p&gt;&#xA;&#xA;&lt;pre&gt;&lt;code&gt;Player playerOne = new Player();&#xA;&lt;/code&gt;&lt;/pre&gt;&#xA;&#xA;&lt;p&gt;Scripting Language :&lt;/p&gt;&#xA;&#xA;&lt;pre&gt;&lt;code&gt;playerOne.Transform.x += 5;&#xA;&lt;/code&gt;&lt;/pre&gt;&#xA;&#xA;&lt;p&gt;Is this possible, and if so, wat would you suggest as a good  Language/library to achieve this with?&lt;/p&gt;&#xA;</Body>
<Tags>c++,python,scripting,lua</Tags>
</question>
<answer>
<Body>&lt;p&gt;There is no mechanism that can &lt;em&gt;magic&lt;/em&gt; values into a scripting language from the host language. If you want a particular object instances to be accessible in the scripting language, it must be &lt;em&gt;given&lt;/em&gt; to the scripting language via some function.&lt;/p&gt;&#xA;&#xA;&lt;p&gt;This is no different from any other properly encapsulated C++ type. If object A creates and stores some instance T, then the only way object B can get it is if it calls a function on A that returns T.&lt;/p&gt;&#xA;</Body>
</answer>
<answer>
<Body>&lt;p&gt;In my main project we use LuaBind, and it works pretty well. We do basically what you're asking to do. We have existing C++ objects where we want behavior extended in various ways, but it would be a lot of work and risky to do those changes in behavior in the C++ code for the object itself.&lt;/p&gt;&#xA;&#xA;&lt;p&gt;So in your example, you'd want at least 2 C++ wrapper classes - one that represents the 'Game' that allows you to write an API function to return players, and a wrapper class that wraps the  C++ player class that you can return to lua. Each wrapper function would have api functions/properties that would fiddle with the individual object it's wrapped internally that lua could call and pass values to. Here is a link to an article giving you pretty straightforward examples of using LuaBind and what it looks like:&lt;/p&gt;&#xA;&#xA;&lt;p&gt;&lt;a href=&quot;http://blog.nuclex-games.com/tutorials/cxx/luabind-introduction/&quot; rel=&quot;nofollow&quot;&gt;http://blog.nuclex-games.com/tutorials/cxx/luabind-introduction/&lt;/a&gt;&lt;/p&gt;&#xA;</Body>
</answer>
<answer>
<Body>&lt;p&gt;I recently needed to do the same thing. I also considered (and used) Boost.Python but personally (as much as I love Boost) I felt it was a little overkill to drag in half the Boost library to get one feature.&lt;/p&gt;&#xA;&#xA;&lt;p&gt;So, if you're interested, I recently implemented a very light-weight Python wrapper library called ECS:Python. ECS:Python (Embedded C++ Scripting with Python) is designed specifically for C++ developers that wish to expose objects FROM a C++ application TO an embedded Python interpreter for interactive scripting.&lt;/p&gt;&#xA;&#xA;&lt;p&gt;Its free (BSD) and open source: &lt;a href=&quot;http://sourceforge.net/projects/ecspython&quot; rel=&quot;nofollow&quot;&gt;http://sourceforge.net/projects/ecspython&lt;/a&gt;&lt;/p&gt;&#xA;</Body>
</answer>
<answer>
<Body>&lt;p&gt;I was having the problems in my project. Have a look at my post in the Ogre3d forums:&#xA;&lt;a href=&quot;http://www.ogre3d.org/forums/viewtopic.php?f=5&amp;amp;t=41631&amp;amp;p=332200&amp;amp;hilit=mrmclovin#p405204&quot; rel=&quot;nofollow&quot;&gt;http://www.ogre3d.org/forums/viewtopic.php?f=5&amp;amp;t=41631&amp;amp;p=332200&amp;amp;hilit=mrmclovin#p405204&lt;/a&gt;&lt;/p&gt;&#xA;&#xA;&lt;p&gt;Code example:&lt;/p&gt;&#xA;&#xA;&lt;pre&gt;&lt;code&gt;int main (int argc, char * const argv[])&#xA;{&#xA;  try&#xA;  {&#xA;    // Initialize the python interpreter&#xA;    Py_Initialize();&#xA;&#xA;    // Create a module dynamically&#xA;    object module((handle&amp;lt;&amp;gt;(borrowed(PyImport_AddModule(&quot;NameOfMyModule&quot;)))));&#xA;&#xA;    // Retrieve the module's namespace&#xA;    object main_namespace(module.attr(&quot;__dict__&quot;));&#xA;&#xA;    // Put a c++ class named &quot;Car&quot; exported using boost.python into our module&#xA;    main_namespace[&quot;Car&quot;] = class_&amp;lt;Car&amp;gt;(&quot;Car&quot;)&#xA;                                               .def(&quot;drive&quot;, &amp;amp;Car::drive)......;&#xA;&#xA;   // The class car now exists in a dynamic module&#xA;   // and that module is accessable everywhere as longs as the python interpreter exists&#xA;&#xA;   // Create a instance of Car here&#xA;   Car* myCar = new Car(...);&#xA;&#xA;   // Now simply add it to the module. Make sure you have exposed class Car before adding instances&#xA;   main_namespace[&quot;car_instance&quot;] = object(ptr(myCar)); // the boost python ptr() class make sure not to copy the pointee but only copy pointer adress&#xA;  }&#xA;  catch( error_already_set )&#xA;  {&#xA;    PyErr_Print();&#xA;  }&#xA;&#xA;  return 0;&#xA;}&#xA;&lt;/code&gt;&lt;/pre&gt;&#xA;</Body>
</answer>
