<question>
<Title>Background Process subprocess.Popen with Pipe</Title>
<Body>&lt;p&gt;I'm trying to record and convert a stream with python using arecord.&lt;/p&gt;&#xA;&#xA;&lt;p&gt;In the shell this is a command more or less like:&lt;/p&gt;&#xA;&#xA;&lt;pre&gt;&lt;code&gt;arecord -B 5000 -f dat | lame -m j -q 5 -V 2 - test.mp3 &amp;amp;&#xA;&lt;/code&gt;&lt;/pre&gt;&#xA;&#xA;&lt;p&gt;In Python I tried this with subprocess.Popen:&lt;/p&gt;&#xA;&#xA;&lt;pre&gt;&lt;code&gt;reccmd = [&quot;arecord&quot;, &quot;-B&quot;, &quot;5000&quot;, &quot;-f&quot;, &quot;dat&quot;]&#xA;mp3cmd = [&quot;lame&quot;, &quot;-m&quot;, &quot;j&quot;, &quot;-q&quot;, &quot;5&quot;, &quot;-V&quot;, &quot;2&quot;, &quot;-&quot;, &quot;test.mp3&quot;]&#xA;p = subprocess.Popen(reccmd, stdout=subprocess.PIPE)&#xA;p2 = subprocess.Popen(mp3cmd, stdin=p.stdout)&#xA;p2.communicate()&#xA;&lt;/code&gt;&lt;/pre&gt;&#xA;&#xA;&lt;p&gt;But I don't know how to include the &quot;&amp;amp;&quot; or something similar in the code to be able to stop the recording with a &lt;/p&gt;&#xA;&#xA;&lt;p&gt;&lt;code&gt;killall arecord&lt;/code&gt; command&lt;/p&gt;&#xA;</Body>
<Tags>python,background,subprocess,audio-recording</Tags>
</question>
<answer>
<Body>&lt;p&gt;If you don't want the main Python process to block while executing the subprocesses, simply don't call &lt;code&gt;p2.communicate()&lt;/code&gt;.  The calls to &lt;code&gt;subprocess.Popen()&lt;/code&gt; don't block.&lt;/p&gt;&#xA;</Body>
</answer>
