<question>
<Title>What is the best way to use netlink from C++?</Title>
<Body>&lt;p&gt;What is the best way to send and receive netlink messages from userspace in C++? I don't want to use C. I'm wanting to connect with the inet_diag module.&lt;/p&gt;&#xA;</Body>
<Tags>c++,linux,netlink</Tags>
</question>
<answer>
<Body>&lt;p&gt;&quot;There is no best, you pick the one most suitable for the task at hand.&quot; Possible ways:&lt;/p&gt;&#xA;&#xA;&lt;ul&gt;&#xA;&lt;li&gt;DIY construction of NL messages&lt;/li&gt;&#xA;&lt;li&gt;Aided construction with libmnl&lt;/li&gt;&#xA;&lt;li&gt;libnl3, but the API seems more complex than needed&lt;/li&gt;&#xA;&lt;/ul&gt;&#xA;</Body>
</answer>
