<question>
<Title>Processing pairs of values from two sequences in Clojure</Title>
<Body>&lt;p&gt;I'm trying to get into the Clojure community. I've been working a lot with Python, and one of the features I make extensive use of is the zip() method, for iterating over pairs of values. Is there a (clever and short) way of achieving the same in Clojure?&lt;/p&gt;&#xA;</Body>
<Tags>python,clojure,zip</Tags>
</question>
<answer>
<Body>&lt;pre&gt;&lt;code&gt;(zipmap [:a :b :c] (range 3))&#xA;-&amp;gt; {:c 2, :b 1, :a 0}&#xA;&lt;/code&gt;&lt;/pre&gt;&#xA;&#xA;&lt;p&gt;Iterating over maps happens pairwise, e.g. like this:&lt;/p&gt;&#xA;&#xA;&lt;pre&gt;&lt;code&gt;(doseq [[k v] (zipmap [:a :b :c] (range 3))]&#xA;  (printf &quot;key: %s, value: %s\n&quot; k v))&#xA;&lt;/code&gt;&lt;/pre&gt;&#xA;&#xA;&lt;p&gt;prints:&lt;/p&gt;&#xA;&#xA;&lt;pre&gt;&lt;code&gt;key: :c, value: 2&#xA;key: :b, value: 1&#xA;key: :a, value: 0&#xA;&lt;/code&gt;&lt;/pre&gt;&#xA;</Body>
</answer>
<answer>
<Body>&lt;p&gt;Another way is to simply use map together with some function that collects its arguments in a sequence, like this:&lt;/p&gt;&#xA;&#xA;&lt;pre&gt;&lt;code&gt;user=&amp;gt; (map vector '(1 2 3) &quot;abc&quot;)&#xA;([1 \a] [2 \b] [3 \c])&#xA;&lt;/code&gt;&lt;/pre&gt;&#xA;</Body>
</answer>
<answer>
<Body>&lt;p&gt;The question has been answered, but there's still &lt;code&gt;interleave&lt;/code&gt;, which also handles an arbitrary number of sequences, but does not group the resulting sequence into tuples (but you can use &lt;code&gt;partition&lt;/code&gt; for that).&lt;/p&gt;&#xA;</Body>
</answer>
