<question>
<Title>Python invalid syntax in print</Title>
<Body>&lt;p&gt;Sorry I am not familar with Python...&lt;/p&gt;&#xA;&#xA;&lt;p&gt;It gives me the following error message&lt;/p&gt;&#xA;&#xA;&lt;pre&gt;&lt;code&gt;  File &quot;gen_compile_files_list.py&quot;, line 36&#xA;    print 'java files:', n_src&#xA;                      ^&#xA;SyntaxError: invalid syntax&#xA;&lt;/code&gt;&lt;/pre&gt;&#xA;&#xA;&lt;p&gt;I.e. caret points to last quote. What's wrong with it?&lt;/p&gt;&#xA;&#xA;&lt;p&gt;OS Windows 7, Python version 3.2.2&lt;/p&gt;&#xA;</Body>
<Tags>python,syntax,printing,python-3.x</Tags>
</question>
<answer>
<Body>&lt;p&gt;On Python 3, &lt;a href=&quot;http://docs.python.org/release/3.0.1/whatsnew/3.0.html#print-is-a-function&quot; rel=&quot;nofollow&quot;&gt;print is a function&lt;/a&gt;. You need this:&lt;/p&gt;&#xA;&#xA;&lt;pre&gt;&lt;code&gt;print('java files:', n_src)&#xA;&lt;/code&gt;&lt;/pre&gt;&#xA;</Body>
</answer>
<answer>
<Body>&lt;p&gt;print changed syntax between Python2 and Python3; it is &lt;a href=&quot;http://docs.python.org/release/3.0.1/whatsnew/3.0.html#print-is-a-function&quot; rel=&quot;nofollow&quot;&gt;now a function&lt;/a&gt;.&lt;/p&gt;&#xA;&#xA;&lt;p&gt;You would need to change:&lt;/p&gt;&#xA;&#xA;&lt;pre&gt;&lt;code&gt; print 'java files:', n_src&#xA;&lt;/code&gt;&lt;/pre&gt;&#xA;&#xA;&lt;p&gt;to &lt;/p&gt;&#xA;&#xA;&lt;pre&gt;&lt;code&gt; print('java files:', n_src)&#xA;&lt;/code&gt;&lt;/pre&gt;&#xA;&#xA;&lt;p&gt;Alternatively, you can try converting the code from Python2 to Python3 syntax with the 2to3 tool. &lt;a href=&quot;http://wiki.python.org/moin/PortingPythonToPy3k&quot; rel=&quot;nofollow&quot;&gt;Here is more information on the transition&lt;/a&gt; if you are interested. This way you can maintain a single code base that works on both versions.&lt;/p&gt;&#xA;&#xA;&lt;p&gt;As you are not familiar with python, try installing Python 2 instead and running the code with that.&lt;/p&gt;&#xA;</Body>
</answer>
<answer>
<Body>&lt;p&gt;&lt;code&gt;print&lt;/code&gt; is a function in Python 3+. So:&lt;/p&gt;&#xA;&#xA;&lt;pre&gt;&lt;code&gt;print ('java files:', n_src)&#xA;&lt;/code&gt;&lt;/pre&gt;&#xA;</Body>
</answer>
