<question>
<Title>libmemcached fail over of a cluster's node</Title>
<Body>&lt;p&gt;i use libmemcached in &quot;c&quot; for write data whit MEMCACHED_DISTRIBUTION_CONSISTENT_KETAMA usage. All keys are well distributed along all clusters nodes, but when i shutdown one of these, the keys are not migrated. Searching on google is not clear how to setup libmemcached for doing' that automatically. Any one has some experience on that?&lt;/p&gt;&#xA;</Body>
<Tags>c++,c,memcached,libmemcached</Tags>
</question>
<answer>
<Body>&lt;p&gt;I think you'll have to use: &lt;a href=&quot;http://docs.libmemcached.org/memcached_behavior.html#MEMCACHED_BEHAVIOR_REMOVE_FAILED_SERVERS&quot; rel=&quot;nofollow noreferrer&quot;&gt;http://docs.libmemcached.org/memcached_behavior.html#MEMCACHED_BEHAVIOR_REMOVE_FAILED_SERVERS&lt;/a&gt;&lt;/p&gt;&#xA;&#xA;&lt;p&gt;If you don't allow libmemcached to remove failed servers, they get stuck in the list, hence the keys are not redistributed.&lt;/p&gt;&#xA;&#xA;&lt;p&gt;Note that the dead server would be tested again after MEMCACHED_BEHAVIOR_DEAD_TIMEOUT (see &lt;a href=&quot;http://bazaar.launchpad.net/~tangent-trunk/libmemcached/1.2/view/head:/libmemcached/behavior.cc#L240&quot; rel=&quot;nofollow noreferrer&quot;&gt;1&lt;/a&gt;, &lt;a href=&quot;http://bazaar.launchpad.net/~tangent-trunk/libmemcached/1.2/view/head:/libmemcached/connect.cc#L684&quot; rel=&quot;nofollow noreferrer&quot;&gt;2&lt;/a&gt;) seconds. So if it's up again, it will be brought back into the full servers' list.&lt;/p&gt;&#xA;</Body>
</answer>
<answer>
<Body>&lt;p&gt;Libmemcached does not internally handle key migration in case of memcached server failure. There will be cache miss in this case when the libmemcached tries to retrieve the key which was stored in a failed server. &lt;/p&gt;&#xA;&#xA;&lt;p&gt;If we use MEMCACHED_DISTRIBUTION_CONSISTENT_KETAMA, it will just make sure the cache miss is minimum as the keys are distributed and complete rehashing is not required.&lt;/p&gt;&#xA;&#xA;&lt;p&gt;Solutions:&#xA;You can replicate the keys across multiple nodes which will help you to retrieve the (key, value) pair in case of server failure. But note that it not a strongly consistent solution. There is possibility for stale data.&lt;/p&gt;&#xA;&#xA;&lt;p&gt;EVICT the servers that have failed, so that keys are hashed to new location and it gets removed from cluster.&lt;/p&gt;&#xA;</Body>
</answer>
