<question>
<Title>minimal cross-platform gui lib?</Title>
<Body>&lt;p&gt;I'm looking for a minimal and easy to learn C or C++ cross platform gui library. &lt;/p&gt;&#xA;&#xA;&lt;p&gt;In a nutshell I only need the following functionality:&lt;/p&gt;&#xA;&#xA;&lt;ul&gt;&#xA;&lt;li&gt;application window&lt;/li&gt;&#xA;&lt;li&gt;menu bar&lt;/li&gt;&#xA;&lt;li&gt;some simple dialogs, File-open and save. Maybe a user-written one.&lt;/li&gt;&#xA;&lt;li&gt;user canvas where I can draw lines an circles on.&lt;/li&gt;&#xA;&lt;li&gt;some kind of message/event loop mechanism.&lt;/li&gt;&#xA;&lt;/ul&gt;&#xA;&#xA;&lt;p&gt;Target platforms would be Win32 and linux. MacOS would be nice to have but is not important at the moment.&lt;/p&gt;&#xA;&#xA;&lt;p&gt;Why am I looking for something minimal? I don't want to spend much time to learn a big and full blown abstraction system for a really small application. The easier and leaner, the better. &lt;/p&gt;&#xA;&#xA;&lt;p&gt;Any suggestions?&lt;/p&gt;&#xA;</Body>
<Tags>c++,c,user-interface,frameworks</Tags>
</question>
<answer>
<Body>&lt;p&gt;I don't know about minimal, but &lt;a href=&quot;http://qtsoftware.com/&quot; rel=&quot;noreferrer&quot;&gt;Qt&lt;/a&gt; is pretty easy to learn.&lt;/p&gt;&#xA;&#xA;&lt;p&gt;Its light-weight enough to run on embedded devices, so you be the judge.&lt;/p&gt;&#xA;&#xA;&lt;hr&gt;&#xA;&#xA;&lt;p&gt;EDIT after seeing the comments:&lt;/p&gt;&#xA;&#xA;&lt;p&gt;Yes, Qt is a fullblown application framework, but here's my case: an app with cross platform GUI but other platform-dependent code is not really platform independent. I don't think moving existing C++ code into Qt entails any work at all. If anything, this would allow Nils to use his existing C++ code, and only use Qt for a GUI. But of course, I assume that the existing C++ code is portable.&lt;/p&gt;&#xA;</Body>
</answer>
<answer>
<Body>&lt;p&gt;If you need something small, try &lt;a href=&quot;http://www.fltk.org/&quot; rel=&quot;noreferrer&quot;&gt;FLTK&lt;/a&gt; libs: I used them at work (embedded development) and I think it's a valid option. Maybe apps are not as &quot;cool&quot; as QT-based ones, but developing with FLTK libs is fast and easy.&lt;/p&gt;&#xA;</Body>
</answer>
<answer>
<Body>&lt;p&gt;See &lt;a href=&quot;https://stackoverflow.com/questions/115045/good-c-gui-library-for-windows&quot;&gt;Good C++ GUI library for Windows&lt;/a&gt; for relevant answers.&lt;/p&gt;&#xA;&#xA;&lt;p&gt;Personally, I would go with Qt, now that it's open. You don't necessarily want a &lt;em&gt;minimal&lt;/em&gt; library, you want one that is &lt;em&gt;easy to use&lt;/em&gt;, and quality documentation and community support will give you just that. &lt;/p&gt;&#xA;&#xA;&lt;p&gt;Small projects have the nasty habit of sticking around and picking up scope -- as things get hairier, you don't want to be stuck with some small library that nobody knows about.&lt;/p&gt;&#xA;</Body>
</answer>
<answer>
<Body>&lt;p&gt;wxWidgets (formerly wxWindows) is a widget toolkit for creating graphical user interfaces (GUIs) for cross-platform applications. wxWidgets enables a program's GUI code to compile and run on several computer platforms with minimal or no code changes. It covers systems such as Microsoft Windows, Mac OS X, Linux/Unix (X11, Motif, and GTK+), OpenVMS, OS/2 and AmigaOS. A version for embedded systems is under development. &lt;/p&gt;&#xA;&#xA;&lt;p&gt;&lt;a href=&quot;http://www.wxwidgets.org/&quot; rel=&quot;noreferrer&quot;&gt;http://www.wxwidgets.org/&lt;/a&gt; &lt;/p&gt;&#xA;</Body>
</answer>
