<question>
<Title>ffmpeg use on iOS</Title>
<Body>&lt;p&gt;I understand that to use FFmpeg in an iOS app, you use the ./configure and make to generate the .a files, that you will add to the project.&lt;/p&gt;&#xA;&#xA;&lt;p&gt;My question is, once the .a files show up in the project navigator and in the Link Binary With Libraries section, how do you actually use them in your classes?, I see there is no &quot;framework&quot; to use in an #import statement, so I don't know how to access the classes methods and properties.&lt;/p&gt;&#xA;</Body>
<Tags>iphone,c++,c,ios,ffmpeg</Tags>
</question>
<answer>
<Body>&lt;p&gt;every .a file have some implementation file, every implementation file have a interface file, objc-c the implementation file is .m/.mm, the interface file is .h like C/C++, so if you want use the library, you need import the header file(.h). the header file can tell you classes methods and properties&lt;/p&gt;&#xA;</Body>
</answer>
<answer>
<Body>&lt;p&gt;You just have to import header files (.h) in to your implementation (.m) files and continue. As an example ;&lt;/p&gt;&#xA;&#xA;&lt;pre&gt;&lt;code&gt;#import &quot;avformat.h&quot;&#xA;&#xA;// Some code goes here&#xA;&#xA;    /*&#xA;     *   avformat_open_input(AVFormatContext **ps, const char *filename, AVInputFormat *fmt, AVDictionary **options)&#xA;     */&#xA;    int openInputValue = avformat_open_input(&amp;amp;pFormatCtx, utf8FilePath, inputFormat, nil);&#xA;    NSLog(@&quot;%s - %d # openInputValue = %d&quot;, __PRETTY_FUNCTION__, __LINE__, openInputValue);&#xA;&lt;/code&gt;&lt;/pre&gt;&#xA;</Body>
</answer>
