<question>
<Title>Google Docs API with Python</Title>
<Body>&lt;p&gt;Using Google Document API, I'm trying to create new documents as well as supplying a list of all current documents within a specific folder in my Google Documents. I am starting out with python development, so I'm a little rough around the edges still.&lt;/p&gt;&#xA;&#xA;&lt;p&gt;Things I am trying to do:&lt;/p&gt;&#xA;&#xA;&lt;ol&gt;&#xA;&lt;li&gt;Create a collection (or folder) with name [Folder Name] ONLY if that&#xA;name does not exist yet&lt;/li&gt;&#xA;&lt;li&gt;Create a document inside [Folder Name]&lt;/li&gt;&#xA;&lt;li&gt;From only [Folder Name] get a list of documents along with links to&#xA;the documents themselves&lt;/li&gt;&#xA;&lt;/ol&gt;&#xA;&#xA;&lt;p&gt;I believe I am using Google Docs API 3.0 and am using &lt;strong&gt;gdata-2.0.16&lt;/strong&gt; helper for python.&lt;/p&gt;&#xA;&#xA;&lt;p&gt;Code so far:&lt;/p&gt;&#xA;&#xA;&lt;pre&gt;&#xA;&#xA;    import gdata.docs.data&#xA;    import gdata.docs.client&#xA;&#xA;    class SampleConfig(object):&#xA;        APP_NAME = 'GDataDocumentsListAPISample-v1.0'&#xA;        DEBUG = False&#xA;&#xA;    client = gdata.docs.client.DocsClient()&#xA;    client.ClientLogin('[email_address]','[password]',source=SampleConfig.APP_NAME )&#xA;&#xA;    col = gdata.docs.data.Resource(type='folder', title='Folder Name')&#xA;    col = client.CreateResource(col)&#xA;&#xA;    doc = gdata.docs.data.Resource(type='document', title='I did this')&#xA;    doc = client.CreateResource(doc, collection=col)&#xA;&#xA;&lt;/pre&gt;&#xA;&#xA;&lt;p&gt;So now on to the questions: Where I am hopelessly stuck:&lt;/p&gt;&#xA;&#xA;&lt;ol&gt;&#xA;&lt;li&gt;How do I check if [Folder name] exists?&lt;/li&gt;&#xA;&lt;li&gt;How to retrieve the contents of ONLY [Folder Name]?&lt;/li&gt;&#xA;&lt;li&gt;How do I get hold of absolute links to all documents I create in this folder?&lt;/li&gt;&#xA;&lt;/ol&gt;&#xA;&#xA;&lt;p&gt;I know I'm miles away from completion here, but any help or advice you could give would be great.&lt;/p&gt;&#xA;&#xA;&lt;p&gt;Thanks in advance!&lt;/p&gt;&#xA;</Body>
<Tags>python,gdata-api,google-docs-api</Tags>
</question>
<answer>
<Body>&lt;p&gt;&lt;a href=&quot;https://developers.google.com/google-apps/documents-list/#searching_for_documents_and_files&quot; rel=&quot;nofollow&quot;&gt;You can query for a folder or document&lt;/a&gt;. Once you have the folder you can list its contents. Here is an example with the Python library:&lt;/p&gt;&#xA;&#xA;&lt;pre&gt;&lt;code&gt;# Create a query matching exactly a title, and include collections&#xA;q = gdata.docs.client.DocsQuery(&#xA;    title='EFD',&#xA;    title_exact='true',&#xA;    show_collections='true'&#xA;)&#xA;&#xA;# Execute the query and get the first entry (if there are name clashes with&#xA;# other folders or files, you will have to handle this).&#xA;folder = client.GetResources(q=q).entry[0]&#xA;&#xA;# Get the resources in the folder&#xA;contents = client.GetResources(uri=folder.content.src)&#xA;&#xA;# Print out the title and the absolute link&#xA;for entry in contents.entry:&#xA;    print entry.title.text, entry.GetSelfLink().href&#xA;&lt;/code&gt;&lt;/pre&gt;&#xA;&#xA;&lt;p&gt;Output&lt;/p&gt;&#xA;&#xA;&lt;pre&gt;&lt;code&gt;My posted doc https://docs.google.com/...&#xA;subtestcoll2 https://docs.google.com/...&#xA;guestimates_1 https://docs.google.com/...&#xA;phase 2 delivery plan - draft https://docs.google.com/...&#xA;Meeting agenda June 09 https://docs.google.com/...&#xA;Phase 2 spec for Graeme 2 March 2009 https://docs.google.com/...&#xA;EFD Meeting 2nd June https://docs.google.com/...&#xA;&lt;/code&gt;&lt;/pre&gt;&#xA;</Body>
</answer>
