<question>
<Title>Python - Firefox Headless</Title>
<Body>&lt;p&gt;I've spent the last few days messing around with Selenium, Tor, and Firefox as a combination for multiple tasks. I've managed to write a simple script in Python that takes control of Firefox through Selenium, while Firefox is connected to Tor for privacy.&lt;/p&gt;&#xA;&#xA;&lt;p&gt;Now, I'm looking for a way to save resources, so I thought of running Firefox in headless mode, which I thought was a common feature but it doesn't seem to be that. I'm looking for a method to do just that. The reason for it being Firefox and not some terminal based browser is because of the extension &quot;TorButton&quot; that I'm using within Firefox. It has javascript injections built in to it that help with privacy. &lt;/p&gt;&#xA;&#xA;&lt;p&gt;If anyone has done this before (which I'm sure many have!), some tips would be greatly appreciated, thank you! &lt;/p&gt;&#xA;</Body>
<Tags>python,firefox,selenium,headless,tor</Tags>
</question>
<answer>
<Body>&lt;p&gt;xvfb is a common way of doing this. Searching for &quot;selenium xvfb&quot; should find lots, such as:&lt;/p&gt;&#xA;&#xA;&lt;ul&gt;&#xA;&lt;li&gt;&lt;a href=&quot;https://stackoverflow.com/questions/9207320/is-it-possible-to-run-selenium-scripts-without-having-an-x-server-running-too&quot;&gt;Is it possible to run Selenium scripts without having an X server running, too?&lt;/a&gt;&lt;/li&gt;&#xA;&lt;li&gt;&lt;a href=&quot;https://stackoverflow.com/questions/6183276/how-do-i-run-selenium-in-xvfb&quot;&gt;How do I run Selenium in Xvfb?&lt;/a&gt;&lt;/li&gt;&#xA;&lt;li&gt;&lt;a href=&quot;http://www.alittlemadness.com/2008/03/05/running-selenium-headless/&quot; rel=&quot;nofollow noreferrer&quot;&gt;http://www.alittlemadness.com/2008/03/05/running-selenium-headless/&lt;/a&gt;&lt;/li&gt;&#xA;&lt;/ul&gt;&#xA;</Body>
</answer>
<answer>
<Body>&lt;p&gt;Or alternatively use a true headless browser, like &lt;strong&gt;Phantomjs&lt;/strong&gt; which is light weighted and nicely integrated with selenium&lt;/p&gt;&#xA;&#xA;&lt;pre&gt;&lt;code&gt;from selenium import webdriver&#xA;driver=webdriver.PhantomJS('your pahtomjs exe file locaiton')&#xA;&lt;/code&gt;&lt;/pre&gt;&#xA;</Body>
</answer>
<answer>
<Body>&lt;p&gt;There is progress being made on headless firefox. &lt;/p&gt;&#xA;&#xA;&lt;p&gt;From  April 21st, 2017, &lt;a href=&quot;https://adriftwith.me/coding/2017/04/21/headless-slimerjs-with-firefox/&quot; rel=&quot;nofollow noreferrer&quot;&gt;https://adriftwith.me/coding/2017/04/21/headless-slimerjs-with-firefox/&lt;/a&gt;&lt;/p&gt;&#xA;&#xA;&lt;blockquote&gt;&#xA;  &lt;p&gt;tl;dr Firefox Nightly on Linux supports running SlimerJS headlessly.&lt;br&gt;&#xA;   More platforms and full headless Firefox are coming soon.&lt;/p&gt;&#xA;&lt;/blockquote&gt;&#xA;</Body>
</answer>
<answer>
<Body>&lt;p&gt;if finally find the answer:&lt;/p&gt;&#xA;&#xA;&lt;p&gt;First, of first do these: &lt;br/&gt;&#xA;Take care that you set fire fox drive path correctly.&lt;br/&gt;&lt;/p&gt;&#xA;&#xA;&lt;p&gt;And then:&lt;/p&gt;&#xA;&#xA;&lt;blockquote&gt;&#xA;  &lt;p&gt;sudo apt-add-repository ppa:mozillateam/firefox-next &lt;br/&gt;&#xA;  sudo apt-get update &lt;br/&gt;&#xA;  sudo apt-get install firefox xvfb &lt;br/&gt;&#xA;  Xvfb :10 -ac &amp;amp; &lt;br/&gt;&#xA;  export DISPLAY=:10 &lt;br/&gt;&lt;/p&gt;&#xA;&lt;/blockquote&gt;&#xA;&#xA;&lt;p&gt;And at the end run this command to see that do we have any error in our implementation of not.&lt;/p&gt;&#xA;&#xA;&lt;blockquote&gt;&#xA;  &lt;p&gt;firefox&lt;/p&gt;&#xA;&lt;/blockquote&gt;&#xA;&#xA;&lt;p&gt;and if there no any output just click &lt;b&gt;ctrl+c&lt;/b&gt;.&lt;br/&gt;&#xA;Ok, after that write this codes.&lt;/p&gt;&#xA;&#xA;&lt;pre&gt;&lt;code&gt;from selenium import webdriver&#xA;&#xA;class FireFoxLoadTest:&#xA;    def __init__(self):&#xA;        # 1 - Load a fire fox web driver&#xA;        self.driver = webdriver.Firefox()&#xA;&#xA;    def do_test(self, url):&#xA;        # 2 - Start to check url on the fire fox browser&#xA;        result = self.driver.get(url)&#xA;        self.driver.quit()&#xA;        return self.result&#xA;&#xA;fire_fox = FireFoxLoadTest()&#xA;res = fire_fox.do_test('http://www.google.com')&#xA;print(res)&#xA;&lt;/code&gt;&lt;/pre&gt;&#xA;</Body>
</answer>
<answer>
<Body>&lt;h3&gt;Since version 56 release at September 28, 2017, Firefox headless mode is available in all three main operating system.&lt;/h3&gt;&#xA;&#xA;&lt;p&gt;You can set headless mode through &lt;code&gt;webdriver.FirefoxOptions()&lt;/code&gt;, just like you did with Chrome:&lt;/p&gt;&#xA;&#xA;&lt;pre&gt;&lt;code&gt;from selenium import webdriver&#xA;&#xA;options = webdriver.FirefoxOptions()&#xA;options.add_argument('headless')&#xA;driver = webdriver.Firefox(options=options)&#xA;&lt;/code&gt;&lt;/pre&gt;&#xA;&#xA;&lt;p&gt;P.S. If you use Selenium &amp;lt; 3.8.0, you have to replace &lt;code&gt;webdriver.FirefoxOptions()&lt;/code&gt; with &lt;code&gt;webdriver.firefox.options.Options()&lt;/code&gt; (see PR &lt;a href=&quot;https://github.com/SeleniumHQ/selenium/pull/5120&quot; rel=&quot;noreferrer&quot;&gt;#5120&lt;/a&gt;).&lt;/p&gt;&#xA;&#xA;&lt;p&gt;Besides, use enviroment variable &lt;code&gt;MOZ_HEADLESS&lt;/code&gt; will do the same thing:&lt;/p&gt;&#xA;&#xA;&lt;pre&gt;&lt;code&gt;import os&#xA;from selenium import webdriver&#xA;&#xA;os.environ['MOZ_HEADLESS'] = '1'  # &amp;lt;- this line&#xA;driver = webdriver.Firefox()&#xA;&lt;/code&gt;&lt;/pre&gt;&#xA;</Body>
</answer>
