<question>
<Title>merge a tuple in python</Title>
<Body>&lt;p&gt;I have the following data that I need to merge:&lt;/p&gt;&#xA;&#xA;&lt;pre&gt;&lt;code&gt;tuples = ('ziyao','sa'),('guilog','sa'),('yiping','pe'),('tom','pesa'),('haha','pesa'),('hehe','pesa')&#xA;&lt;/code&gt;&lt;/pre&gt;&#xA;&#xA;&lt;p&gt;The output I want is:&lt;/p&gt;&#xA;&#xA;&lt;pre&gt;&lt;code&gt;tuples = [('ziyao','guilog','sa'),('yiping','pe'),('tom','haha','hehe','pesa')] # or 'ziyao','guilog','sa'\n'yiping','pe'\n...&#xA;&lt;/code&gt;&lt;/pre&gt;&#xA;</Body>
<Tags>python,tuples</Tags>
</question>
<answer>
<Body>&lt;pre&gt;&lt;code&gt;from collections import defaultdict&#xA;by_second = defaultdict(list)&#xA;for first, second in input_tuples:&#xA;    by_second[second].append(first)&#xA;output_tuples = [tuple(v) + (k,) for k,v in by_second.iteritems()]&#xA;&lt;/code&gt;&lt;/pre&gt;&#xA;</Body>
</answer>
<answer>
<Body>&lt;p&gt;I think I understand what he means...&lt;/p&gt;&#xA;&#xA;&lt;pre&gt;&lt;code&gt;&amp;gt;&amp;gt;&amp;gt; from itertools import groupby&#xA;&amp;gt;&amp;gt;&amp;gt; tuples = ('ziyao','sa'),('guilog','sa'),('yiping','pe'),('tom','pesa'),('haha','pesa'),('hehe','pesa')&#xA;&amp;gt;&amp;gt;&amp;gt; [list(zip(*v)[0]) + [k] for k,v in groupby(tuples,lambda x: x[1])]&#xA;[['ziyao', 'guilog', 'sa'], ['yiping', 'pe'], ['tom', 'haha', 'hehe', 'pesa']]&#xA;&lt;/code&gt;&lt;/pre&gt;&#xA;</Body>
</answer>
