<question>
<Title>opencv assertion (general)</Title>
<Body>&lt;p&gt;some (most) of opencv errors are discovered in run time - using CV_64 instead of CV_32, accessing out of range, etc. this makes debugging not an easy task, at least when you can't use debug mode from different reasons..&lt;br&gt;&#xA;When an error occurs, opencv stops on assert (CV::ASSERT macro)  and tell exactly where in the opencv source it happened.&lt;br&gt;&#xA;is there's anyway to tell where that error occurred in the calling code (my code)?&lt;br&gt;&#xA;Assuming of course we are in release mode (no break points - only console output)&lt;br&gt;&#xA;Thanks&lt;/p&gt;&#xA;</Body>
<Tags>c++,opencv</Tags>
</question>
<answer>
<Body>&lt;p&gt;&lt;strong&gt;Yes&lt;/strong&gt;, it's usually easy to tell when OpenCV fails: all you need to do is &lt;strong&gt;check the return of each function call&lt;/strong&gt;, and print an error message when a fail occurs. &lt;/p&gt;&#xA;</Body>
</answer>
