<question>
<Title>Client Server application with PHP and Python</Title>
<Body>&lt;p&gt;I am trying to send data from PHP Client to Python Server.&lt;/p&gt;&#xA;&#xA;&lt;p&gt;&lt;strong&gt;CLIENT&lt;/strong&gt;&lt;/p&gt;&#xA;&#xA;&lt;pre&gt;&lt;code&gt;&amp;lt;?php&#xA;&#xA;$host = &quot;127.0.0.1&quot;;&#xA;$port = 2000;&#xA;&#xA;$output=&quot;datatatatatatta&quot; ;&#xA;&#xA;$socket1 = socket_create(AF_INET, SOCK_STREAM,0) or die(&quot;Could not create socket\n&quot;);&#xA;&#xA;socket_connect ($socket1 , $host,$port ) ;&#xA;&#xA;socket_write($socket1, $output, strlen ($output)) or die(&quot;Could not write output\n&quot;);&#xA;&#xA;socket_close($socket1) ;&#xA;&#xA;&#xA;?&amp;gt;&#xA;&lt;/code&gt;&lt;/pre&gt;&#xA;&#xA;&lt;p&gt;&lt;strong&gt;SERVER&lt;/strong&gt;&lt;/p&gt;&#xA;&#xA;&lt;pre&gt;&lt;code&gt;import socket&#xA;import sys&#xA;s=socket.socket(socket.AF_INET,socket.SOCK_STREAM)&#xA;&#xA;host= 'VAC01.VACLab.com'&#xA;port=int(2000)&#xA;s.bind((host,port))&#xA;s.listen(1)&#xA;&#xA;conn,addr =s.accept()&#xA;&#xA;print (conn,addr)&#xA;&#xA;data=conn.recv(100000)&#xA;data=data.decode(&quot;utf-8&quot;)&#xA;&#xA;s.close&#xA;&#xA;&#xA;FILE = open(&quot;c:/vinod/vin.txt&quot;,&quot;w&quot;)&#xA;FILE.write(str(data))&#xA;FILE.close()&#xA;&lt;/code&gt;&lt;/pre&gt;&#xA;&#xA;&lt;p&gt;On the client side I get the following error ,.&lt;/p&gt;&#xA;&#xA;&lt;pre&gt;&lt;code&gt;Warning: socket_connect() [function.socket-connect]: unable to connect [0]: No connection could be made because the target machine actively refused it. in C:\xampp\htdocs\xampp\socket.php on line 10&#xA;&#xA;Warning: socket_write() [function.socket-write]: unable to write to socket [0]: A request to send or receive data was disallowed because the socket is not connected and (when sending on a datagram socket using a sendto call) no address was supplied. in C:\xampp\htdocs\xampp\socket.php on line 12&#xA;Could not write output &#xA;&lt;/code&gt;&lt;/pre&gt;&#xA;&#xA;&lt;p&gt;Is this possible to connect this way ?&lt;/p&gt;&#xA;</Body>
<Tags>php,python,client</Tags>
</question>
<answer>
<Body>&lt;p&gt;You bind to a host that most likely does &lt;strong&gt;not&lt;/strong&gt; resolve to &lt;code&gt;127.0.0.1&lt;/code&gt; but connect to &lt;code&gt;127.0.0.1&lt;/code&gt;. That cannot work. You have two options:&lt;/p&gt;&#xA;&#xA;&lt;ol&gt;&#xA;&lt;li&gt;Use &lt;code&gt;127.0.0.1&lt;/code&gt; (or &lt;code&gt;localhost&lt;/code&gt;) on both sides&lt;/li&gt;&#xA;&lt;li&gt;Use the hostname &lt;code&gt;VAC01.VACLab.com&lt;/code&gt; on both sides&lt;/li&gt;&#xA;&lt;/ol&gt;&#xA;</Body>
</answer>
