<question>
<Title>Inheritance and Friendship access. C++</Title>
<Body>&lt;p&gt;I have the following query;&lt;/p&gt;&#xA;&#xA;&lt;pre&gt;&lt;code&gt;classB inherits from classA &#xA;classC is friend of classB&#xA;&lt;/code&gt;&lt;/pre&gt;&#xA;&#xA;&lt;p&gt;Doesn't this mean classC should be able to access protected member of classA? Since classB inherits this from classA, an classC can access everything in class classB? &lt;/p&gt;&#xA;</Body>
<Tags>c++,inheritance,friend,access-control</Tags>
</question>
<answer>
<Body>&lt;p&gt;[My original answer was nonsense. Apologies for that. Thank you to @celtschk for pointing that out and providing the better answer.]&lt;/p&gt;&#xA;&#xA;&lt;p&gt;If &lt;code&gt;C&lt;/code&gt; is a friend of &lt;code&gt;B&lt;/code&gt;, it can access all of &lt;code&gt;B&lt;/code&gt;'s members, whether private, public, or protected, and that includes the accessible (public and protected) members that are part of a base subobject:&lt;/p&gt;&#xA;&#xA;&lt;pre&gt;&lt;code&gt;struct A { protected: int a; };&#xA;struct B : A { private: int b; friend struct C; }&#xA;&#xA;struct C&#xA;{&#xA;    B x;&#xA;    A w;&#xA;&#xA;    void f()&#xA;    {&#xA;        x.a = 1; // fine&#xA;        x.b = 2; // fine&#xA;&#xA;        // w.a = 0; /* Error, #1 */&#xA;    }&#xA;&#xA;    friend struct D; // see below&#xA;};&#xA;&lt;/code&gt;&lt;/pre&gt;&#xA;&#xA;&lt;p&gt;However, friendship is neither transitive nor inherited: &lt;code&gt;C&lt;/code&gt; is a friend of &lt;code&gt;B&lt;/code&gt;, but not of &lt;code&gt;A&lt;/code&gt; (see #1). Also, if &lt;code&gt;D&lt;/code&gt; is a friend of &lt;code&gt;C&lt;/code&gt;, then &lt;code&gt;D&lt;/code&gt; doesn't get any of the access that &lt;code&gt;C&lt;/code&gt;'s friendship to &lt;code&gt;B&lt;/code&gt; affords it, so &lt;code&gt;D&lt;/code&gt; cannot access &lt;code&gt;B&lt;/code&gt;'s non-public members. Similarly, if &lt;code&gt;struct E : C&lt;/code&gt; inherits from &lt;code&gt;C&lt;/code&gt;, then &lt;code&gt;E&lt;/code&gt; is also not a friend of &lt;code&gt;B&lt;/code&gt; automatically:&lt;/p&gt;&#xA;&#xA;&lt;pre&gt;&lt;code&gt;struct D&#xA;{&#xA;     B y;&#xA;     void g()&#xA;     {&#xA;         // y.b = 3; /* Error! */&#xA;     }&#xA;};&#xA;&#xA;struct E : C&#xA;{&#xA;     B z;&#xA;     void h()&#xA;     {&#xA;         // y.b = 4; /* Error! */&#xA;     }&#xA;}&#xA;&lt;/code&gt;&lt;/pre&gt;&#xA;&#xA;&lt;p&gt;Perhaps one can summarize what's going on in a few points:&lt;/p&gt;&#xA;&#xA;&lt;ul&gt;&#xA;&lt;li&gt;&lt;p&gt;A derived class has access to all public and protected members of each base class.&lt;/p&gt;&lt;/li&gt;&#xA;&lt;li&gt;&lt;p&gt;A friend of a class has access to all members of that class that are accessible to it (i.e. all members excluding private base members).&lt;/p&gt;&lt;/li&gt;&#xA;&lt;li&gt;&lt;p&gt;Friendship is not inherited: If a class has a friend, that friendship does not apply to any of its base classes nor to any of its derived classes.&lt;/p&gt;&lt;/li&gt;&#xA;&lt;li&gt;&lt;p&gt;A friend of a friend is not a friend.&lt;/p&gt;&lt;/li&gt;&#xA;&lt;/ul&gt;&#xA;</Body>
</answer>
<answer>
<Body>&lt;p&gt;It means that &lt;code&gt;classC&lt;/code&gt; should be able to access the protected &lt;code&gt;classA&lt;/code&gt; subobject part of &lt;code&gt;classB&lt;/code&gt;. It should &lt;em&gt;not&lt;/em&gt; be able to access anything non-public from &lt;code&gt;classA&lt;/code&gt; itself.&lt;/p&gt;&#xA;&#xA;&lt;p&gt;For example:&lt;/p&gt;&#xA;&#xA;&lt;pre&gt;&lt;code&gt;class C;&#xA;&#xA;class A&#xA;{&#xA;protected:&#xA;  int i;&#xA;};&#xA;&#xA;class B:&#xA;  public A&#xA;{&#xA;  friend class C;&#xA;};&#xA;&#xA;class C&#xA;{&#xA;public:&#xA;  void foo(A&amp;amp; a, B&amp;amp; b)&#xA;  {&#xA;    // a.i = 3; // not allowed&#xA;    b.i = 3; // allowed, accesses the `i` of the `A` subobject of `B`&#xA;  }&#xA;};&#xA;&lt;/code&gt;&lt;/pre&gt;&#xA;</Body>
</answer>
