<question>
<Title>Create a list of objects</Title>
<Body>&lt;p&gt;I am working on a little text base resultant game, but I am having troubling creating this list of &lt;code&gt;Food&lt;/code&gt;, I want to put all my &lt;code&gt;Food&lt;/code&gt; (either Burger, or Hotdog) in &lt;code&gt;listOfFood&lt;/code&gt;. In my example I only included two, but they are all &quot;base&quot; on food.&lt;/p&gt;&#xA;&#xA;&lt;p&gt;Later then I will iterate through my &lt;code&gt;listOfFood&lt;/code&gt; to do something. I abstracted my code to ask question (because it has too many lines, and the other information is not related to it).&lt;/p&gt;&#xA;&#xA;&lt;pre&gt;&lt;code&gt;class Food():&#xA;    def __init__(self):&#xA;        self.name = 'Food'&#xA;&#xA;class HotDog(Food):&#xA;    def __init__(self):&#xA;        Food.__init__(self)&#xA;&#xA;class Burger(Food):&#xA;    def __init__(self):&#xA;        Food.__init__(self)&#xA;&#xA;def createFoodList(myOrders):&#xA;    # A list that contain all the food (either Burger or Hotdog)&#xA;    listOfFood = []&#xA;&#xA;    # Depend what is the type of the food, create that many food object&#xA;    # and then append it to the list of food&#xA;    if myOrders[0][0] == 'HotDog':&#xA;        for number in myOrder[0][1]:&#xA;            listOfFood.append(HotDot())&#xA;    if myOrders[0][1] == 'Burger':&#xA;        for number in myOrder[0][1]:&#xA;            listOfFood.append(Burger())&#xA;&#xA;    return listOfFood&#xA;&#xA;&#xA;todayOrders = [['HotDog', 10], ['Burger', 5]]&#xA;print(createFoodList(todayOrders))&#xA;&lt;/code&gt;&lt;/pre&gt;&#xA;&#xA;&lt;p&gt;I wonder if I can use list comprehension or similar method to make my &lt;code&gt;createFoodList&lt;/code&gt; function better? Because my idea is to have many different kind of &lt;code&gt;Food&lt;/code&gt;, so if I can return this list of food, base on &lt;code&gt;todayOrders&lt;/code&gt; list &lt;code&gt;['type of food', count]&lt;/code&gt; and return &lt;code&gt;[food, food, food.. ]&lt;/code&gt;. The way I am doing right now is really complicated and long (I have a feeling this is not the right way). &lt;/p&gt;&#xA;&#xA;&lt;p&gt;Thank you very much.&lt;/p&gt;&#xA;&#xA;&lt;p&gt;&lt;strong&gt;Edit:&lt;/strong&gt; Besides the list comprehension, what can I do to replace the if statements in &lt;code&gt;createFoodList&lt;/code&gt;? It is decide on the &lt;code&gt;[[food, count], [food, count]..]&lt;/code&gt;, and I create that food and append it to my list.&lt;/p&gt;&#xA;</Body>
<Tags>python,list,class</Tags>
</question>
<answer>
<Body>&lt;pre&gt;&lt;code&gt;foodmap = {'HotDog': HotDog, 'Burger': Burger}&#xA;&#xA;print [foodmap[f]() for (f, c) in todayOrders for x in range(c)]&#xA;&lt;/code&gt;&lt;/pre&gt;&#xA;&#xA;&lt;p&gt;&lt;code&gt;foodmap[f]&lt;/code&gt; evaluates to either &lt;code&gt;HotDog&lt;/code&gt; or &lt;code&gt;Burger&lt;/code&gt; (these are classes - not class names, the classes themselves).   Calling &lt;code&gt;someclass()&lt;/code&gt; creates an instance of &lt;code&gt;soemclass&lt;/code&gt; and passes no arguments when calling &lt;code&gt;someclass.__init__&lt;/code&gt;.   Hence &lt;code&gt;foodmap[f]()&lt;/code&gt; combines both of these - it looks up the class in &lt;code&gt;foodmap&lt;/code&gt; and uses the class to create an instance of that class.&lt;/p&gt;&#xA;</Body>
</answer>
<answer>
<Body>&lt;p&gt;This looks more like a factory pattern. You can try the following solution&lt;/p&gt;&#xA;&#xA;&lt;pre&gt;&lt;code&gt;&amp;gt;&amp;gt;&amp;gt; class Food():&#xA;    def __init__(self,name='Food'):&#xA;        self.name = name&#xA;    def __repr__(self):&#xA;    return self.name&#xA;&#xA;&amp;gt;&amp;gt;&amp;gt; class HotDog(Food):&#xA;    def __init__(self):&#xA;        Food.__init__(self,'HotDog')&#xA;&#xA;&#xA;&amp;gt;&amp;gt;&amp;gt; class Burger(Food):&#xA;    def __init__(self):&#xA;        Food.__init__(self,'Burger')&#xA;&#xA;&amp;gt;&amp;gt;&amp;gt; def createFoodList(myOrders):&#xA;    return [apply(order[0]) for order in myOrders for i in xrange(0,order[1]) if callable(order[0])]&#xA;&#xA;&amp;gt;&amp;gt;&amp;gt; todayOrders = [[HotDog, 10], [Burger, 5]]&#xA;&amp;gt;&amp;gt;&amp;gt; print(createFoodList(todayOrders))&#xA;[HotDog, HotDog, HotDog, HotDog, HotDog, HotDog, HotDog, HotDog, HotDog, HotDog, Burger, Burger, Burger, Burger, Burger]&#xA;&lt;/code&gt;&lt;/pre&gt;&#xA;</Body>
</answer>
