<question>
<Title>Accessing items in an collections.OrderedDict by index</Title>
<Body>&lt;p&gt;Lets say I have the following code:&lt;/p&gt;&#xA;&#xA;&lt;pre&gt;&lt;code&gt;import collections&#xA;d = collections.OrderedDict()&#xA;d['foo'] = 'python'&#xA;d['bar'] = 'spam'&#xA;&lt;/code&gt;&lt;/pre&gt;&#xA;&#xA;&lt;p&gt;Is there a way I can access the items in a numbered manner, like: &lt;/p&gt;&#xA;&#xA;&lt;pre&gt;&lt;code&gt;d(0) #foo's Output&#xA;d(1) #bar's Output&#xA;&lt;/code&gt;&lt;/pre&gt;&#xA;</Body>
<Tags>python,collections,dictionary,python-3.x,ordereddictionary</Tags>
</question>
<answer>
<Body>&lt;p&gt;If its an &lt;code&gt;OrderedDict()&lt;/code&gt; you can easily access the elements by indexing by getting the tuples of (key,value) pairs as follows&lt;/p&gt;&#xA;&#xA;&lt;pre&gt;&lt;code&gt;&amp;gt;&amp;gt;&amp;gt; import collections&#xA;&amp;gt;&amp;gt;&amp;gt; d = collections.OrderedDict()&#xA;&amp;gt;&amp;gt;&amp;gt; d['foo'] = 'python'&#xA;&amp;gt;&amp;gt;&amp;gt; d['bar'] = 'spam'&#xA;&amp;gt;&amp;gt;&amp;gt; d.items()&#xA;[('foo', 'python'), ('bar', 'spam')]&#xA;&amp;gt;&amp;gt;&amp;gt; d.items()[0]&#xA;('foo', 'python')&#xA;&amp;gt;&amp;gt;&amp;gt; d.items()[1]&#xA;('bar', 'spam')&#xA;&lt;/code&gt;&lt;/pre&gt;&#xA;&#xA;&lt;p&gt;&lt;strong&gt;Note for Python 3.X&lt;/strong&gt;&lt;/p&gt;&#xA;&#xA;&lt;p&gt;&lt;code&gt;dict.items&lt;/code&gt; would return an &lt;a href=&quot;http://docs.python.org/3.3/library/stdtypes.html#dict-views&quot;&gt;iterable dict view object&lt;/a&gt; rather than a list. We need to wrap the call onto a list in order to make the indexing possible&lt;/p&gt;&#xA;&#xA;&lt;pre&gt;&lt;code&gt;&amp;gt;&amp;gt;&amp;gt; items = list(d.items())&#xA;&amp;gt;&amp;gt;&amp;gt; items&#xA;[('foo', 'python'), ('bar', 'spam')]&#xA;&amp;gt;&amp;gt;&amp;gt; items[0]&#xA;('foo', 'python')&#xA;&amp;gt;&amp;gt;&amp;gt; items[1]&#xA;('bar', 'spam')&#xA;&lt;/code&gt;&lt;/pre&gt;&#xA;</Body>
</answer>
<answer>
<Body>&lt;p&gt;Do you have to use an OrderedDict or do you specifically want a map-like type that's ordered in some way with fast positional indexing? If the latter, then consider one of Python's many sorted dict types (which orders key-value pairs based on key sort order). Some implementations also support fast indexing. For example, the &lt;a href=&quot;http://www.grantjenks.com/docs/sortedcontainers/&quot;&gt;sortedcontainers&lt;/a&gt; project has a &lt;a href=&quot;http://www.grantjenks.com/docs/sortedcontainers/sorteddict.html&quot;&gt;SortedDict&lt;/a&gt; type for just this purpose.&lt;/p&gt;&#xA;&#xA;&lt;pre&gt;&lt;code&gt;&amp;gt;&amp;gt;&amp;gt; from sortedcontainers import SortedDict&#xA;&amp;gt;&amp;gt;&amp;gt; sd = SortedDict()&#xA;&amp;gt;&amp;gt;&amp;gt; sd['foo'] = 'python'&#xA;&amp;gt;&amp;gt;&amp;gt; sd['bar'] = 'spam'&#xA;&amp;gt;&amp;gt;&amp;gt; print sd.iloc[0] # Note that 'bar' comes before 'foo' in sort order.&#xA;'bar'&#xA;&amp;gt;&amp;gt;&amp;gt; # If you want the value, then simple do a key lookup:&#xA;&amp;gt;&amp;gt;&amp;gt; print sd[sd.iloc[1]]&#xA;'python'&#xA;&lt;/code&gt;&lt;/pre&gt;&#xA;</Body>
</answer>
<answer>
<Body>&lt;p&gt;Here is a special case if you want the &lt;em&gt;first&lt;/em&gt; entry (or close to it) in an OrderedDict, without creating a list:&lt;/p&gt;&#xA;&#xA;&lt;pre&gt;&lt;code&gt;&amp;gt;&amp;gt;&amp;gt; from collections import OrderedDict&#xA;&amp;gt;&amp;gt;&amp;gt; &#xA;&amp;gt;&amp;gt;&amp;gt; d = OrderedDict()&#xA;&amp;gt;&amp;gt;&amp;gt; d[&quot;foo&quot;] = &quot;one&quot;&#xA;&amp;gt;&amp;gt;&amp;gt; d[&quot;bar&quot;] = &quot;two&quot;&#xA;&amp;gt;&amp;gt;&amp;gt; d[&quot;baz&quot;] = &quot;three&quot;&#xA;&amp;gt;&amp;gt;&amp;gt; &#xA;&amp;gt;&amp;gt;&amp;gt; d.iteritems().next()&#xA;('foo', 'one')&#xA;&lt;/code&gt;&lt;/pre&gt;&#xA;&#xA;&lt;p&gt;(The first time you say &quot;next()&quot;, it really means &quot;first.&quot;)&lt;/p&gt;&#xA;&#xA;&lt;p&gt;In my informal test in Python 2.7, &lt;code&gt;iteritems().next()&lt;/code&gt; with a small OrderedDict is only a tiny bit faster than &lt;code&gt;items()[0]&lt;/code&gt;.  With an OrderedDict of 10,000 entries, &lt;code&gt;iteritems().next()&lt;/code&gt; was about 200 times faster than &lt;code&gt;items()[0]&lt;/code&gt;. &lt;/p&gt;&#xA;&#xA;&lt;p&gt;&lt;strong&gt;BUT&lt;/strong&gt; if you save the items() list once and then use the list a lot, that could be faster.  Or if you repeatedly { create an iteritems() iterator and step through it to to the position you want }, that could be slower.&lt;/p&gt;&#xA;</Body>
</answer>
<answer>
<Body>&lt;p&gt;It is dramatically more efficient to use &lt;strong&gt;IndexedOrderedDict&lt;/strong&gt; from the &lt;a href=&quot;https://pypi.python.org/pypi/indexed.py&quot; rel=&quot;nofollow noreferrer&quot;&gt;&lt;code&gt;indexed&lt;/code&gt;&lt;/a&gt; package.&lt;/p&gt;&#xA;&#xA;&lt;p&gt;Following Niklas's comment, I have done a benchmark on &lt;strong&gt;OrderedDict&lt;/strong&gt; and &lt;strong&gt;IndexedOrderedDict&lt;/strong&gt; with 1000 entries.&lt;/p&gt;&#xA;&#xA;&lt;pre&gt;&lt;code&gt;In [1]: from numpy import *&#xA;In [2]: from indexed import IndexedOrderedDict&#xA;In [3]: id=IndexedOrderedDict(zip(arange(1000),random.random(1000)))&#xA;In [4]: timeit id.keys()[56]&#xA;1000000 loops, best of 3: 969 ns per loop&#xA;&#xA;In [8]: from collections import OrderedDict&#xA;In [9]: od=OrderedDict(zip(arange(1000),random.random(1000)))&#xA;In [10]: timeit od.keys()[56]&#xA;10000 loops, best of 3: 104 µs per loop&#xA;&lt;/code&gt;&lt;/pre&gt;&#xA;&#xA;&lt;p&gt;&lt;strong&gt;IndexedOrderedDict&lt;/strong&gt; is ~100 times faster in indexing elements at specific position in this specific case.&lt;/p&gt;&#xA;</Body>
</answer>
<answer>
<Body>&lt;p&gt;It's a new era and with Python 3.6.1 dictionaries now retain their order. These semantics aren't explicit because that would require BDFL approval. But Raymond Hettinger is the next best thing (and funnier) and he makes a &lt;a href=&quot;https://www.youtube.com/watch?v=p33CVV29OG8&quot; rel=&quot;nofollow noreferrer&quot;&gt;pretty strong case&lt;/a&gt; that dictionaries will be ordered for a very long time.&lt;/p&gt;&#xA;&#xA;&lt;p&gt;So now it's easy to create slices of a dictionary:&lt;/p&gt;&#xA;&#xA;&lt;pre&gt;&lt;code&gt;test_dict = {&#xA;                'first':  1,&#xA;                'second': 2,&#xA;                'third':  3,&#xA;                'fourth': 4&#xA;            }&#xA;&#xA;list(test_dict.items())[:2]&#xA;&lt;/code&gt;&lt;/pre&gt;&#xA;&#xA;&lt;p&gt;&lt;strong&gt;Note:&lt;/strong&gt; Dictonary insertion-order preservation is now &lt;a href=&quot;https://docs.python.org/3/whatsnew/3.7.html&quot; rel=&quot;nofollow noreferrer&quot;&gt;official in Python 3.7&lt;/a&gt;.&lt;/p&gt;&#xA;</Body>
</answer>
<answer>
<Body>&lt;p&gt;&lt;em&gt;This community wiki attempts to collect existing answers.&lt;/em&gt;&lt;/p&gt;&#xA;&#xA;&lt;p&gt;&lt;strong&gt;Python 2.7&lt;/strong&gt;&lt;/p&gt;&#xA;&#xA;&lt;p&gt;In python 2, the &lt;code&gt;keys()&lt;/code&gt;, &lt;code&gt;values()&lt;/code&gt;, and &lt;code&gt;items()&lt;/code&gt; functions of &lt;code&gt;OrderedDict&lt;/code&gt; return lists. Using &lt;code&gt;values&lt;/code&gt; as an example, the simplest way is&lt;/p&gt;&#xA;&#xA;&lt;pre&gt;&lt;code&gt;d.values()[0]  # &quot;python&quot;&#xA;d.values()[1]  # &quot;spam&quot;&#xA;&lt;/code&gt;&lt;/pre&gt;&#xA;&#xA;&lt;p&gt;For large collections where you only care about a single index, you can avoid creating the full list using the generator versions, &lt;code&gt;iterkeys&lt;/code&gt;, &lt;code&gt;itervalues&lt;/code&gt; and &lt;code&gt;iteritems&lt;/code&gt;:&lt;/p&gt;&#xA;&#xA;&lt;pre&gt;&lt;code&gt;import itertools&#xA;next(itertools.islice(d.itervalues(), 0, 1))  # &quot;python&quot;&#xA;next(itertools.islice(d.itervalues(), 1, 2))  # &quot;spam&quot;&#xA;&lt;/code&gt;&lt;/pre&gt;&#xA;&#xA;&lt;p&gt;The &lt;a href=&quot;https://pypi.python.org/pypi/indexed.py&quot; rel=&quot;noreferrer&quot;&gt;indexed.py&lt;/a&gt; package provides &lt;code&gt;IndexedOrderedDict&lt;/code&gt;, which is designed for this use case and will be the fastest option.&lt;/p&gt;&#xA;&#xA;&lt;pre&gt;&lt;code&gt;from indexed import IndexedOrderedDict&#xA;d = IndexedOrderedDict({'foo':'python','bar':'spam'})&#xA;d.values()[0]  # &quot;python&quot;&#xA;d.values()[1]  # &quot;spam&quot;&#xA;&lt;/code&gt;&lt;/pre&gt;&#xA;&#xA;&lt;p&gt;Using itervalues can be considerably faster for large dictionaries with random access:&lt;/p&gt;&#xA;&#xA;&lt;pre&gt;&lt;code&gt;$ python2 -m timeit -s 'from collections import OrderedDict; from random import randint; size = 1000;   d = OrderedDict({i:i for i in range(size)})'  'i = randint(0, size-1); d.values()[i:i+1]'&#xA;1000 loops, best of 3: 259 usec per loop&#xA;$ python2 -m timeit -s 'from collections import OrderedDict; from random import randint; size = 10000;  d = OrderedDict({i:i for i in range(size)})' 'i = randint(0, size-1); d.values()[i:i+1]'&#xA;100 loops, best of 3: 2.3 msec per loop&#xA;$ python2 -m timeit -s 'from collections import OrderedDict; from random import randint; size = 100000; d = OrderedDict({i:i for i in range(size)})' 'i = randint(0, size-1); d.values()[i:i+1]'&#xA;10 loops, best of 3: 24.5 msec per loop&#xA;&#xA;$ python2 -m timeit -s 'from collections import OrderedDict; from random import randint; size = 1000;   d = OrderedDict({i:i for i in range(size)})' 'i = randint(0, size-1); next(itertools.islice(d.itervalues(), i, i+1))'&#xA;10000 loops, best of 3: 118 usec per loop&#xA;$ python2 -m timeit -s 'from collections import OrderedDict; from random import randint; size = 10000;  d = OrderedDict({i:i for i in range(size)})' 'i = randint(0, size-1); next(itertools.islice(d.itervalues(), i, i+1))'&#xA;1000 loops, best of 3: 1.26 msec per loop&#xA;$ python2 -m timeit -s 'from collections import OrderedDict; from random import randint; size = 100000; d = OrderedDict({i:i for i in range(size)})' 'i = randint(0, size-1); next(itertools.islice(d.itervalues(), i, i+1))'&#xA;100 loops, best of 3: 10.9 msec per loop&#xA;&#xA;$ python2 -m timeit -s 'from indexed import IndexedOrderedDict; from random import randint; size = 1000;   d = IndexedOrderedDict({i:i for i in range(size)})' 'i = randint(0, size-1); d.values()[i]'&#xA;100000 loops, best of 3: 2.19 usec per loop&#xA;$ python2 -m timeit -s 'from indexed import IndexedOrderedDict; from random import randint; size = 10000;  d = IndexedOrderedDict({i:i for i in range(size)})' 'i = randint(0, size-1); d.values()[i]'&#xA;100000 loops, best of 3: 2.24 usec per loop&#xA;$ python2 -m timeit -s 'from indexed import IndexedOrderedDict; from random import randint; size = 100000; d = IndexedOrderedDict({i:i for i in range(size)})' 'i = randint(0, size-1); d.values()[i]'&#xA;100000 loops, best of 3: 2.61 usec per loop&#xA;&#xA;+--------+-----------+----------------+---------+&#xA;|  size  | list (ms) | generator (ms) | indexed |&#xA;+--------+-----------+----------------+---------+&#xA;|   1000 | .259      | .118           | .00219  |&#xA;|  10000 | 2.3       | 1.26           | .00224  |&#xA;| 100000 | 24.5      | 10.9           | .00261  |&#xA;+--------+-----------+----------------+---------+&#xA;&lt;/code&gt;&lt;/pre&gt;&#xA;&#xA;&lt;p&gt;&lt;strong&gt;Python 3.6&lt;/strong&gt;&lt;/p&gt;&#xA;&#xA;&lt;p&gt;Python 3 has the same two basic options (list vs generator), but the dict methods return generators by default.&lt;/p&gt;&#xA;&#xA;&lt;p&gt;List method:&lt;/p&gt;&#xA;&#xA;&lt;pre&gt;&lt;code&gt;list(d.values())[0]  # &quot;python&quot;&#xA;list(d.values())[1]  # &quot;spam&quot;&#xA;&lt;/code&gt;&lt;/pre&gt;&#xA;&#xA;&lt;p&gt;Generator method:&lt;/p&gt;&#xA;&#xA;&lt;pre&gt;&lt;code&gt;import itertools&#xA;next(itertools.islice(d.values(), 0, 1))  # &quot;python&quot;&#xA;next(itertools.islice(d.values(), 1, 2))  # &quot;spam&quot;&#xA;&lt;/code&gt;&lt;/pre&gt;&#xA;&#xA;&lt;p&gt;Python 3 dictionaries are an order of magnitude faster than python 2 and have similar speedups for using generators.&lt;/p&gt;&#xA;&#xA;&lt;pre&gt;&lt;code&gt;+--------+-----------+----------------+---------+&#xA;|  size  | list (ms) | generator (ms) | indexed |&#xA;+--------+-----------+----------------+---------+&#xA;|   1000 | .0316     | .0165          | .00262  |&#xA;|  10000 | .288      | .166           | .00294  |&#xA;| 100000 | 3.53      | 1.48           | .00332  |&#xA;+--------+-----------+----------------+---------+&#xA;&lt;/code&gt;&lt;/pre&gt;&#xA;</Body>
</answer>
<answer>
<Body>&lt;p&gt;for OrderedDict() you can access the elements by indexing by getting the tuples of (key,value) pairs as follows or using  '.values()'&lt;/p&gt;&#xA;&#xA;&lt;pre&gt;&lt;code&gt;&amp;gt;&amp;gt;&amp;gt; import collections&#xA;&amp;gt;&amp;gt;&amp;gt; d = collections.OrderedDict()&#xA;&amp;gt;&amp;gt;&amp;gt; d['foo'] = 'python'&#xA;&amp;gt;&amp;gt;&amp;gt; d['bar'] = 'spam'&#xA;&amp;gt;&amp;gt;&amp;gt; d.items()&#xA;[('foo', 'python'), ('bar', 'spam')]&#xA;&amp;gt;&amp;gt;&amp;gt;d.values()&#xA;odict_values(['python','spam'])&#xA;&amp;gt;&amp;gt;&amp;gt;list(d.values())&#xA;['python','spam']&#xA;&lt;/code&gt;&lt;/pre&gt;&#xA;</Body>
</answer>
