<question>
<Title>A lightweight XML parser efficient for large files?</Title>
<Body>&lt;p&gt;I need to parse potentially huge XML files, so I guess this rules out DOM parsers.&lt;/p&gt;&#xA;&#xA;&lt;p&gt;Is out there any good lightweight SAX parser for C++, comparable with TinyXML on footprint?&#xA;The structure of XML is very simple, no advanced things like namespaces and DTDs are needed. Just elements, attributes and cdata.&lt;/p&gt;&#xA;&#xA;&lt;p&gt;I know about Xerces, but its sheer size of over 50mb gives me shivers.&lt;/p&gt;&#xA;&#xA;&lt;p&gt;Thanks!&lt;/p&gt;&#xA;</Body>
<Tags>c++,xml,parsing,sax,saxparser</Tags>
</question>
<answer>
<Body>&lt;p&gt;If you are using C, then you can use &lt;a href=&quot;http://www.xmlsoft.org/&quot; rel=&quot;nofollow noreferrer&quot;&gt;LibXML&lt;/a&gt; from the &lt;a href=&quot;http://www.gnome.org&quot; rel=&quot;nofollow noreferrer&quot;&gt;Gnome&lt;/a&gt; project.  You can choose from DOM and SAX interfaces to your document, plus lots of additional features that have been developed over years.  If you really want C++, then you can use &lt;a href=&quot;http://libxmlplusplus.sourceforge.net/&quot; rel=&quot;nofollow noreferrer&quot;&gt;libxml++&lt;/a&gt;, which is a C++ OO wrapper around LibXML.&lt;/p&gt;&#xA;&#xA;&lt;p&gt;The library has been proven again and again, is high performance, and can be compiled on almost any platform you can find.&lt;/p&gt;&#xA;</Body>
</answer>
<answer>
<Body>&lt;p&gt;If your XML structure is very simple you can consider building a simple lexer/scanner based on lex/yacc (flex/bison) . The sources at the W3C may inspire you: &lt;a href=&quot;http://www.w3.org/XML/9707/parser.y&quot; rel=&quot;nofollow noreferrer&quot;&gt;http://www.w3.org/XML/9707/parser.y&lt;/a&gt; and &lt;a href=&quot;http://www.w3.org/XML/9707/scanner.l&quot; rel=&quot;nofollow noreferrer&quot;&gt;http://www.w3.org/XML/9707/scanner.l&lt;/a&gt;.&lt;/p&gt;&#xA;&#xA;&lt;p&gt;See also the &lt;a href=&quot;http://www.xmlsoft.org/html/libxml-SAX2.html&quot; rel=&quot;nofollow noreferrer&quot;&gt;SAX2 interface in libxml&lt;/a&gt;&lt;/p&gt;&#xA;</Body>
</answer>
<answer>
<Body>&lt;p&gt;I like ExPat&lt;br&gt;&#xA;&lt;a href=&quot;http://expat.sourceforge.net/&quot; rel=&quot;noreferrer&quot;&gt;http://expat.sourceforge.net/&lt;/a&gt;&lt;/p&gt;&#xA;&#xA;&lt;p&gt;It is C based but there are several C++ wrappers around to help.&lt;/p&gt;&#xA;</Body>
</answer>
<answer>
<Body>&lt;p&gt;&lt;a href=&quot;http://sourceforge.net/projects/wsdlpull&quot; rel=&quot;nofollow noreferrer&quot;&gt;http://sourceforge.net/projects/wsdlpull&lt;/a&gt;  this is a straight c++ port of the java xmlpull api (&lt;a href=&quot;http://www.xmlpull.org/&quot; rel=&quot;nofollow noreferrer&quot;&gt;http://www.xmlpull.org/&lt;/a&gt;)&lt;/p&gt;&#xA;&#xA;&lt;p&gt;I would highly recommend this parser.  I had to customize it for use on my embedded device (no STL support) but I have found it to be very fast with very little overhead.  I had to make my own string and vector classes, and even with those it compiles to about 60k on windows.  &lt;/p&gt;&#xA;&#xA;&lt;p&gt;I think that pull parsing is a lot more intuitive than something like SAX.  The code much more closely mirrors the xml document making it easy to correlate the two.&lt;/p&gt;&#xA;&#xA;&lt;p&gt;The one downside is that it is forward only, meaning that you need to parse the elements as them come.  We have a fairly messed up design for reading our config files, and I need to parse a whole subtree, make some checks, then set some defaults then parse again.  With this parser the only real way to handle something like that is to make a copy of the state, parse with that, then continue on with the original.  It still ends up being a big win in terms of resources vs our old DOM parser.  &lt;/p&gt;&#xA;</Body>
</answer>
<answer>
<Body>&lt;p&gt;I'd look at tools that&lt;a href=&quot;http://www.xmlthunder.com/&quot; rel=&quot;nofollow noreferrer&quot;&gt; generate a DTD/Schema-specific parser&lt;/a&gt; if you want small and fast.   These are very good for huge documents.&lt;/p&gt;&#xA;</Body>
</answer>
<answer>
<Body>&lt;p&gt;firstobject's &lt;a href=&quot;http://www.firstobject.com/dn_markup.htm&quot; rel=&quot;nofollow noreferrer&quot;&gt;CMarkup&lt;/a&gt; is a C++ class that works as a lightweight huge file pull parser (I recommend a pull parser rather than SAX), and huge XML file writer too. It adds up to about 250kb to your executable. When used in-memory it has 1/3 the footprint of tinyxml by one user's report. When used on a huge file it only holds a small buffer (like 16kb) in memory. CMarkup is currently a commercial product so it is supported, documented, and designed to be easy to add to your project with a single cpp and h file.&lt;/p&gt;&#xA;&#xA;&lt;p&gt;The easiest way to try it out is with a script in the free firstobject XML editor such as this:&lt;/p&gt;&#xA;&#xA;&lt;pre&gt;ParseHugeXmlFile()&#xA;{&#xA;  CMarkup xml;&#xA;  xml.Open( &quot;HugeFile.xml&quot;, MDF_READFILE );&#xA;  while ( xml.FindElem(&quot;//record&quot;) )&#xA;  {&#xA;    // process record...&#xA;    str sRecordId = xml.GetAttrib( &quot;id&quot; );&#xA;    xml.IntoElem();&#xA;    xml.FindElem( &quot;description&quot; );&#xA;    str sDescription = xml.GetData();&#xA;  }&#xA;  xml.Close();&#xA;}&lt;/pre&gt;&#xA;&#xA;&lt;p&gt;From the File menu, select New Program, paste this in and modify it for your elements and attributes, press F9 to run it or F10 to step through it line by line.&lt;/p&gt;&#xA;</Body>
</answer>
<answer>
<Body>&lt;p&gt;&lt;a href=&quot;http://rapidxml.sourceforge.net/&quot; rel=&quot;nofollow noreferrer&quot;&gt;RapidXML&lt;/a&gt; is quite a fast parser for XML written in C++.&lt;/p&gt;&#xA;</Body>
</answer>
<answer>
<Body>&lt;p&gt;you can try &lt;a href=&quot;https://github.com/thinlizzy/die-xml&quot; rel=&quot;nofollow noreferrer&quot;&gt;https://github.com/thinlizzy/die-xml&lt;/a&gt; . it seems to be very small and easy to use&lt;/p&gt;&#xA;&#xA;&lt;p&gt;this is a recently made C++0x XML SAX parser open source and the author is willing feedbacks&lt;/p&gt;&#xA;&#xA;&lt;p&gt;it parses an input stream and generates events on callbacks compatible to std::function&lt;/p&gt;&#xA;&#xA;&lt;p&gt;the stack machine uses finite automata as a backend and some events (start tag and text nodes) use iterators in order to minimize buffering, making it pretty lightweight&lt;/p&gt;&#xA;</Body>
</answer>
<answer>
<Body>&lt;p&gt;I highly recommend &lt;a href=&quot;http://pugixml.org/&quot; rel=&quot;nofollow&quot;&gt;pugixml&lt;/a&gt;&lt;/p&gt;&#xA;&#xA;&lt;p&gt;pugixml is a light-weight C++ XML processing library. &lt;/p&gt;&#xA;&#xA;&lt;p&gt;&lt;em&gt;&quot;pugixml is a C++ XML processing library, which consists of a DOM-like interface with rich traversal/modification capabilities, an extremely fast XML parser which constructs the DOM tree from an XML file/buffer, and an XPath 1.0 implementation for complex data-driven tree queries. Full Unicode support is also available, with Unicode interface variants and conversions between different Unicode encodings.&quot;&lt;/em&gt;&lt;/p&gt;&#xA;&#xA;&lt;p&gt;I have tested a few XML parsers including a few expensive ones before choosing and using pugixml in a commercial product.&lt;/p&gt;&#xA;&#xA;&lt;p&gt;pugixml was not only the fastest parser but also had the most mature and friendly API. I highly recommend it. It is very stable product! I have started to use it since version 0.8. Now it is 1.7.&lt;/p&gt;&#xA;&#xA;&lt;p&gt;The great bonus in this parser is XPath 1.0 implementation! For any more complex tree queries the XPath is a God sent feature!&lt;/p&gt;&#xA;&#xA;&lt;p&gt;DOM-like interface with rich traversal/modification capabilities is extremely useful to tackle a real life &quot;heavy&quot; XML files.&lt;/p&gt;&#xA;&#xA;&lt;p&gt;It is small, fast parser. It is good choice even for iOS or Android app if you do not mind linking C++ code.&lt;/p&gt;&#xA;&#xA;&lt;p&gt;Benchmarks can tell a lot. See: &lt;a href=&quot;http://pugixml.org/benchmark.html&quot; rel=&quot;nofollow&quot;&gt;http://pugixml.org/benchmark.html&lt;/a&gt;&lt;/p&gt;&#xA;&#xA;&lt;p&gt;A few examples for (x86): &lt;/p&gt;&#xA;&#xA;&lt;pre&gt;&lt;code&gt;pugixml is more than 38 times faster than TinyXML&#xA;&#xA;                    4.1 times faster than CMarkup,&#xA;&#xA;                    2.7 times faster than expat or libxml&#xA;&lt;/code&gt;&lt;/pre&gt;&#xA;&#xA;&lt;p&gt;For (x64) pugixml is the fastest parser which I know.&lt;/p&gt;&#xA;&#xA;&lt;p&gt;Check also the usage of the memory by your XML parser. Some parsers just gobble precious memory! &lt;/p&gt;&#xA;</Body>
</answer>
