<question>
<Title>Python procedure to populate dictionary from data in 2 separate lists</Title>
<Body>&lt;p&gt;I am trying to create an automated python procedure that uses two separate lists to create a dictionary and so far I am failing. I have two sorted lists where the nth item in the fist list corresponds to the nth item in the second list and I want to combine them into a dictionary.&lt;/p&gt;&#xA;&#xA;&lt;p&gt;For example, a subset of  the 2 lists are as follows;&lt;/p&gt;&#xA;&#xA;&lt;pre&gt;&lt;code&gt;name = ['Adam', 'Alfred', 'Amy', 'Andy', 'Bob']&#xA;year = [1972, 1968, 1985, 1991, 1989]&#xA;&lt;/code&gt;&lt;/pre&gt;&#xA;&#xA;&lt;p&gt;I would want my output to be:&lt;/p&gt;&#xA;&#xA;&lt;pre&gt;&lt;code&gt;birth_years = {'Adam':1972, 'Alfred':1968, 'Amy':1985, 'Andy':1991, 'Bob':1989}&#xA;&lt;/code&gt;&lt;/pre&gt;&#xA;&#xA;&lt;p&gt;I was trying to do this with a for loop, but I could not get it to work. I appreciate any help.&lt;/p&gt;&#xA;</Body>
<Tags>python,dictionary</Tags>
</question>
<answer>
<Body>&lt;p&gt;Use the &lt;code&gt;zip&lt;/code&gt; and &lt;code&gt;dict&lt;/code&gt; functions to construct a dictionary out of a list of tuples:&lt;/p&gt;&#xA;&#xA;&lt;pre&gt;&lt;code&gt;birth_years = dict(zip(name, year))&#xA;&lt;/code&gt;&lt;/pre&gt;&#xA;&#xA;&lt;p&gt;And if you're curious, this would be how I would try to do it with a &lt;code&gt;for&lt;/code&gt; loop:&lt;/p&gt;&#xA;&#xA;&lt;pre&gt;&lt;code&gt;birth_years = {}&#xA;&#xA;for index, n in enumerate(name):&#xA;  birth_years[n] = years[index]&#xA;&lt;/code&gt;&lt;/pre&gt;&#xA;&#xA;&lt;p&gt;I think I like the first example more.&lt;/p&gt;&#xA;</Body>
</answer>
<answer>
<Body>&lt;pre&gt;&lt;code&gt;birth_years = {}&#xA;for i in range(len(name)):&#xA;    birth_years[name[i]] = year[i]&#xA;&lt;/code&gt;&lt;/pre&gt;&#xA;</Body>
</answer>
<answer>
<Body>&lt;p&gt;Your lists would be better named &lt;code&gt;names&lt;/code&gt; and &lt;code&gt;years&lt;/code&gt;. You got off to a good start by trying to do it with a &lt;code&gt;for&lt;/code&gt; loop. Most practical data processing problems involve error checking, which is just a tad difficult with one-liners. Example:&lt;/p&gt;&#xA;&#xA;&lt;pre&gt;&lt;code&gt;birth_years = {}&#xA;for i, name in enumerate(names):&#xA;    if name in birth_years:&#xA;        log_duplicate(i, name, years[i]))&#xA;    else:&#xA;        birth_years[name] = years[i]&#xA;&lt;/code&gt;&lt;/pre&gt;&#xA;</Body>
</answer>
<answer>
<Body>&lt;p&gt;Try a dictionary comprehension:&lt;/p&gt;&#xA;&#xA;&lt;pre&gt;&lt;code&gt;birth_years = {nm:year[idx] for idx, nm in enumerate(name)}&#xA;&lt;/code&gt;&lt;/pre&gt;&#xA;</Body>
</answer>
