<question>
<Title>Efficient Data Structure for Insertion</Title>
<Body>&lt;p&gt;I'm looking for a data structure (array-like) that allows fast (faster than O(N)) arbitrary insertion of values into the structure. The data structure must be able to print out its elements &lt;strong&gt;in the way they were inserted&lt;/strong&gt;. This is similar to something like List.Insert() (which is too slow as it has to shift every element over), except I don't need random access or deletion. Insertion will always be within the size of the 'array'. All values are unique. No other operations are needed.&lt;/p&gt;&#xA;&#xA;&lt;p&gt;For example, if Insert(x, i) inserts value x at index i (0-indexing). Then:&lt;/p&gt;&#xA;&#xA;&lt;ul&gt;&#xA;&lt;li&gt;Insert(1, 0) gives {1}&lt;/li&gt;&#xA;&lt;li&gt;Insert(3, 1) gives {1,3}&lt;/li&gt;&#xA;&lt;li&gt;Insert(2, 1) gives {1,2,3}&lt;/li&gt;&#xA;&lt;li&gt;Insert(5, 0) gives {5,1,2,3}&lt;/li&gt;&#xA;&lt;/ul&gt;&#xA;&#xA;&lt;p&gt;And it'll need to be able to print out {5,1,2,3} at the end.&lt;/p&gt;&#xA;&#xA;&lt;p&gt;I am using C++.&lt;/p&gt;&#xA;</Body>
<Tags>c++,list,data-structures,insertion</Tags>
</question>
<answer>
<Body>&lt;p&gt;Did you consider using &lt;code&gt;std::map&lt;/code&gt;  or &lt;code&gt;std::vector&lt;/code&gt; ?&lt;/p&gt;&#xA;&#xA;&lt;p&gt;You could use a &lt;code&gt;std::map&lt;/code&gt; with the rank of insertion as key. And &lt;a href=&quot;http://www.cplusplus.com/reference/stl/vector/&quot; rel=&quot;nofollow&quot;&gt;vector&lt;/a&gt; has a &lt;code&gt;reserve&lt;/code&gt; member function.&lt;/p&gt;&#xA;</Body>
</answer>
<answer>
<Body>&lt;p&gt;Use &lt;a href=&quot;http://en.wikipedia.org/wiki/Skip_list&quot; rel=&quot;nofollow&quot;&gt;skip list&lt;/a&gt;. Another option should be &lt;a href=&quot;http://www.cs.brown.edu/cgc/jdsl/papers/tiered-vector.pdf&quot; rel=&quot;nofollow&quot;&gt;tiered vector&lt;/a&gt;. The skip list performs inserts at const O(log(n)) and keeps the numbers in order. The tiered vector supports insert in O(sqrt(n)) and again can print the elements in order.&lt;/p&gt;&#xA;&#xA;&lt;p&gt;EDIT: per the comment of amit I will explain how do you find the k-th element in a skip list:&lt;/p&gt;&#xA;&#xA;&lt;p&gt;For each element you have a tower on links to next elements and for each link you know how many elements does it jump over. So looking for the k-th element you start with the head of the list and go down the tower until you find a link that jumps over no more then k elements. You go to the node pointed to by this node and decrease k with the number of elements you have jumped over. Continue doing that until you have k = 0.&lt;/p&gt;&#xA;</Body>
</answer>
<answer>
<Body>&lt;p&gt;In c++ you can just use a map of vectors, like so:&lt;/p&gt;&#xA;&#xA;&lt;pre&gt;&lt;code&gt;int main() {&#xA;  map&amp;lt;int, vector&amp;lt;int&amp;gt; &amp;gt; data;&#xA;  data[0].push_back(1);&#xA;  data[1].push_back(3);&#xA;  data[1].push_back(2);&#xA;  data[0].push_back(5);&#xA;  map&amp;lt;int, vector&amp;lt;int&amp;gt; &amp;gt;::iterator it;&#xA;  for (it = data.begin(); it != data.end(); it++) {&#xA;    vector&amp;lt;int&amp;gt; v = it-&amp;gt;second;&#xA;    for (int i = v.size() - 1; i &amp;gt;= 0; i--) {&#xA;      cout &amp;lt;&amp;lt; v[i] &amp;lt;&amp;lt; ' ';&#xA;    }&#xA;  }&#xA;  cout &amp;lt;&amp;lt; '\n';&#xA;}&#xA;&lt;/code&gt;&lt;/pre&gt;&#xA;&#xA;&lt;p&gt;This prints:&lt;/p&gt;&#xA;&#xA;&lt;pre&gt;&lt;code&gt;5 1 2 3 &#xA;&lt;/code&gt;&lt;/pre&gt;&#xA;&#xA;&lt;p&gt;Just like you want, and inserts are O(log n).&lt;/p&gt;&#xA;</Body>
</answer>
<answer>
<Body>&lt;p&gt;You can use an &lt;code&gt;std::map&lt;/code&gt; mapping (index, insertion-time) pairs to values, where insertion-time is an &quot;autoincrement&quot; integer (in SQL terms). The ordering on the pairs should be&lt;/p&gt;&#xA;&#xA;&lt;pre&gt;&lt;code&gt;(i, t) &amp;lt; (i*, t*)&#xA;&lt;/code&gt;&lt;/pre&gt;&#xA;&#xA;&lt;p&gt;iff&lt;/p&gt;&#xA;&#xA;&lt;pre&gt;&lt;code&gt;i &amp;lt; i* or t &amp;gt; t*&#xA;&lt;/code&gt;&lt;/pre&gt;&#xA;&#xA;&lt;p&gt;In code:&lt;/p&gt;&#xA;&#xA;&lt;pre&gt;&lt;code&gt;struct lt {&#xA;    bool operator()(std::pair&amp;lt;size_t, size_t&amp;gt; const &amp;amp;x,&#xA;                    std::pair&amp;lt;size_t, size_t&amp;gt; const &amp;amp;y)&#xA;    {&#xA;        return x.first &amp;lt; y.first || x.second &amp;gt; y.second;&#xA;    }&#xA;};&#xA;&#xA;typedef std::map&amp;lt;std::pair&amp;lt;size_t, size_t&amp;gt;, int, lt&amp;gt; array_like;&#xA;&#xA;void insert(array_like &amp;amp;a, int value, size_t i)&#xA;{&#xA;    a[std::make_pair(i, a.size())] = value;&#xA;}&#xA;&lt;/code&gt;&lt;/pre&gt;&#xA;</Body>
</answer>
<answer>
<Body>&lt;p&gt;Regarding your comment: &lt;/p&gt;&#xA;&#xA;&lt;blockquote&gt;&#xA;  &lt;p&gt;List.Insert() (which is too slow as it has to shift every element over), &lt;/p&gt;&#xA;&lt;/blockquote&gt;&#xA;&#xA;&lt;p&gt;Lists don't shift their values, they iterate over them to find the location you want to insert, be careful what you say. This can be confusing to newbies like me.&lt;/p&gt;&#xA;</Body>
</answer>
<answer>
<Body>&lt;p&gt;A solution that's included with GCC by default is the &lt;strong&gt;rope&lt;/strong&gt; data structure. Here is the &lt;a href=&quot;http://www.sgi.com/tech/stl/Rope.html&quot; rel=&quot;nofollow&quot;&gt;documentation&lt;/a&gt;. Typically, ropes come to mind when working with long strings of characters. Here we have &lt;code&gt;int&lt;/code&gt;s instead of characters, but it works the same. Just use &lt;code&gt;int&lt;/code&gt; as the template parameter. (Could also be &lt;code&gt;pair&lt;/code&gt;s, etc.)&lt;/p&gt;&#xA;&#xA;&lt;p&gt;Here's the &lt;a href=&quot;https://en.wikipedia.org/wiki/Rope_%28computer_science%29&quot; rel=&quot;nofollow&quot;&gt;description of rope on Wikipedia&lt;/a&gt;.&lt;/p&gt;&#xA;&#xA;&lt;p&gt;Basically, it's a binary tree that maintains how many elements are in the left and right subtrees (or equivalent information, which is what's referred to as &lt;em&gt;order statistics&lt;/em&gt;), and these counts are updated appropriately as subtrees are rotated when elements are inserted and removed. This allows O(lg n) operations.&lt;/p&gt;&#xA;</Body>
</answer>
