<question>
<Title>How to gather personal information (age,gender..) of all the authors of the comments on a specific video, with Python YouTube API</Title>
<Body>&lt;p&gt;I'm using YouTube API with Python. I can already gather all the comments of a specific video, including the name of the authors, the date and the content of the comments.&lt;br&gt;&#xA;I can also with a separate piece of code, extract the personal information (age,gender,interests,...) of a specific author. &#xA;But I can not use them in one place. i.e. I need to gather all the comments of a video, with the name of the comments' authors and having the personal information of all those authors. &#xA;in follow is the code that I developed. But I get an 'RequestError' which I dont know how to handle and where is the problem.&lt;/p&gt;&#xA;&#xA;&lt;pre&gt;&lt;code&gt; import gdata.youtube&#xA;import gdata.youtube.service&#xA;&#xA;yt_service = gdata.youtube.service.YouTubeService()&#xA;f = open('test1.csv','w')&#xA;f.writelines(['UserName',',','Age',',','Date',',','Comment','\n'])&#xA;&#xA;def GetAndPrintVideoFeed(string1):&#xA;&#xA;        yt_service = gdata.youtube.service.YouTubeService()&#xA;        user_entry = yt_service.GetYouTubeUserEntry(username = string1)&#xA;        X = PrintentryEntry(user_entry)&#xA;        return X&#xA;&#xA;def PrintentryEntry(entry):&#xA;&#xA;        # print required fields where we know there will be information&#xA;        Y = entry.age.text&#xA;        return Y&#xA;&#xA;def GetComment(next1):&#xA;&#xA;        yt_service = gdata.youtube.service.YouTubeService()&#xA;        nextPageFeed = yt_service.GetYouTubeVideoCommentFeed(next1)&#xA;&#xA;        for comment_entry in nextPageFeed.entry:&#xA;&#xA;            string1 = comment_entry.author[0].name.text.split(&quot;/&quot;)[-1]&#xA;            Z = GetAndPrintVideoFeed(string1)&#xA;            string2 = comment_entry.updated.text.split(&quot;/&quot;)[-1]&#xA;            string3 = comment_entry.content.text.split(&quot;/&quot;)[-1]&#xA;&#xA;            f.writelines( [str(string1),',',Z,',',string2,',',string3,'\n'])&#xA;&#xA;        next2 = nextPageFeed.GetNextLink().href&#xA;        GetComment(next2)&#xA;&#xA;video_id = '8wxOVn99FTE'&#xA;comment_feed = yt_service.GetYouTubeVideoCommentFeed(video_id=video_id)&#xA;&#xA;for comment_entry in comment_feed.entry:&#xA;&#xA;        string1 = comment_entry.author[0].name.text.split(&quot;/&quot;)[-1]&#xA;        Z = GetAndPrintVideoFeed(string1)&#xA;        string2 = comment_entry.updated.text.split(&quot;/&quot;)[-1]&#xA;        string3 = comment_entry.content.text.split(&quot;/&quot;)[-1]&#xA;&#xA;        f.writelines( [str(string1),',',Z,',',string2,',',string3,'\n'])&#xA;&#xA;next1 = comment_feed.GetNextLink().href&#xA;GetComment(next1)&#xA;&lt;/code&gt;&lt;/pre&gt;&#xA;</Body>
<Tags>python,youtube-api</Tags>
</question>
<answer>
<Body>&lt;p&gt;I think you need a better understanding of the Youtube API and how everything relates together.  I've written wrapper classes which can handle multiple types of Feeds or Entries and &quot;fixes&quot; gdata's inconsistent parameter conventions.&lt;/p&gt;&#xA;&#xA;&lt;p&gt;Here are some snippets showing how the scraping/crawling can be generalized without too much difficulty.&lt;/p&gt;&#xA;&#xA;&lt;p&gt;I know this isn't directly answering your question, It's more high level design but it's worth thinking about if you're going to be doing a large amount of youtube/gdata data pulling.&lt;/p&gt;&#xA;&#xA;&lt;pre&gt;&lt;code&gt;def get_feed(thing=None, feed_type=api.GetYouTubeUserFeed):&#xA;&#xA;    if feed_type == 'user':&#xA;        feed = api.GetYouTubeUserFeed(username=thing)&#xA;&#xA;    if feed_type == 'related':&#xA;        feed = api.GetYouTubeRelatedFeed(video_id=thing)&#xA;&#xA;    if feed_type == 'comments':&#xA;        feed = api.GetYouTubeVideoCommentFeed(video_id=thing)&#xA;&#xA;    feeds = []&#xA;    entries = []&#xA;&#xA;    while feed:&#xA;        feeds.append(feed)&#xA;        feed = api.GetNext(feed)&#xA;&#xA;    [entries.extend(f.entry) for f in feeds]&#xA;&#xA;    return entries&#xA;&lt;/code&gt;&lt;/pre&gt;&#xA;&#xA;&lt;p&gt;...&lt;/p&gt;&#xA;&#xA;&lt;pre&gt;&lt;code&gt;def myget(url,service=None):&#xA;&#xA;    def myconverter(x):&#xA;        logfile = url.replace('/',':')+'.log'&#xA;        logfile = logfile[len('http://gdata.youtube.com/feeds/api/'):]&#xA;        my_logger.info(&quot;myget: %s&quot; % url)&#xA;&#xA;        if service == 'user_feed':&#xA;            return gdata.youtube.YouTubeUserFeedFromString(x)&#xA;&#xA;        if service == 'comment_feed':&#xA;            return gdata.youtube.YouTubeVideoCommentFeedFromString(x)&#xA;&#xA;        if service == 'comment_entry':&#xA;            return gdata.youtube.YouTubeVideoCommentEntryFromString(x)&#xA;&#xA;        if service == 'video_feed':&#xA;            return gdata.youtube.YouTubeVideoFeedFromString(x)&#xA;&#xA;        if service == 'video_entry':&#xA;            return gdata.youtube.YouTubeVideoEntryFromString(x)&#xA;&#xA;&#xA;    return api.GetWithRetries(url,&#xA;            converter=myconverter,&#xA;            num_retries=3,&#xA;            delay=2,&#xA;            backoff=5,&#xA;            logger=my_logger&#xA;            )&#xA;&#xA;&#xA;mapper={}&#xA;mapper[api.GetYouTubeUserFeed]='user_feed'&#xA;mapper[api.GetYouTubeVideoFeed]='video_feed'&#xA;mapper[api.GetYouTubeVideoCommentFeed]='comment_feed'&#xA;&lt;/code&gt;&lt;/pre&gt;&#xA;&#xA;&lt;p&gt;&lt;a href=&quot;https://gist.github.com/2303769&quot; rel=&quot;nofollow&quot;&gt;https://gist.github.com/2303769&lt;/a&gt; data/service.py (routing) &lt;/p&gt;&#xA;</Body>
</answer>
