<question>
<Title>C++ refactoring to add a namespace to all classes and functions?</Title>
<Body>&lt;p&gt;I have a C++ project with hundreds of files, and I need to enclose all its classes and functions in an additional namespace. Is there a tool that can do that automatically? &lt;/p&gt;&#xA;&#xA;&lt;p&gt;(There was a &lt;a href=&quot;https://stackoverflow.com/questions/3883380/namespace-refactoring-tool-for-eclipse&quot;&gt;similar question&lt;/a&gt; before, but it was about Eclipse specifically and it's a year old, so maybe there are some additional answers now?)&lt;/p&gt;&#xA;</Body>
<Tags>c++,ide,refactoring</Tags>
</question>
<answer>
<Body>&lt;p&gt;You can use a shell script for this purpose; see an &lt;a href=&quot;http://blog.xenim.de/moving-c-plus-plus-code-in-namespace/&quot; rel=&quot;nofollow&quot;&gt;example&lt;/a&gt; here&lt;/p&gt;&#xA;&#xA;&lt;p&gt;And here are some &lt;a href=&quot;http://www.gotw.ca/publications/migrating_to_namespaces.htm&quot; rel=&quot;nofollow&quot;&gt;common thoughts&lt;/a&gt; on the issue&lt;/p&gt;&#xA;</Body>
</answer>
