<question>
<Title>Linear size increase ends up increasing by 1 more sometimes</Title>
<Body>&lt;p&gt;I have a flow layout. Inside it I have about 900 tables. Each table is stacked one on top of the other. I have a slider which resizes them and thus causes the flow layout to resize too.&lt;/p&gt;&#xA;&#xA;&lt;p&gt;The problem is, the tables should be linearly resizing. Their base size is 200x200. So when scale = 1.0, the w and h of the tables is 200.&lt;/p&gt;&#xA;&#xA;&lt;p&gt;Here is an example of the problem:&lt;/p&gt;&#xA;&#xA;&lt;p&gt;&lt;img src=&quot;https://i.stack.imgur.com/Cth8C.png&quot; alt=&quot;enter image description here&quot;&gt;&lt;/p&gt;&#xA;&#xA;&lt;p&gt;My issue is when delta is 8 instead of 9. What could I do to make sure my increases are always linear?&lt;/p&gt;&#xA;&#xA;&lt;pre&gt;&lt;code&gt;void LobbyTableManagaer::changeTableScale( double scale )&#xA;    {&#xA;        setTableScale(scale);&#xA;    }&#xA;&#xA;    void LobbyTableManager::setTableScale( double scale )&#xA;    {&#xA;        scale += 0.3;&#xA;        scale *= 2.0;&#xA;&#xA;        float scrollRel = m_vScroll-&amp;gt;getRelativeValue();&#xA;        setScale(scale);&#xA;        rescaleTables();&#xA;        resizeFlow();&#xA;    ...&#xA;&#xA;&#xA;&#xA;    double LobbyTableManager::getTableScale() const&#xA;        {&#xA;            return (getInnerWidth() / 700.0) * getScale();&#xA;        }&#xA;&#xA;    void LobbyFilterManager::valueChanged( agui::Slider* source,int val )&#xA;    {&#xA;        if(source == m_magnifySlider)&#xA;        {&#xA;&#xA;            DISPATCH_LOBBY_EVENT&#xA;            {&#xA;                (*it)-&amp;gt;changeTableScale((double)val / source-&amp;gt;getRange());&#xA;            }&#xA;        }&#xA;    }&#xA;&lt;/code&gt;&lt;/pre&gt;&#xA;&#xA;&lt;p&gt;In short, I would like to ensure that the tables always increase by a linear amount. I cant understand why every few times delta is 8 rather than 9.&lt;/p&gt;&#xA;&#xA;&lt;p&gt;Thanks&lt;/p&gt;&#xA;</Body>
<Tags>c++,windows</Tags>
</question>
<answer>
<Body>&lt;p&gt;Look at your &quot;200 X Table Scale&quot; values, they are going up by about 8.8.  So when it is rounded to an integer, it will be 9 more than the previous value about 80% of the time and 8 more the other 20% of the time.&lt;/p&gt;&#xA;&#xA;&lt;p&gt;If you really need the increases to be the same size every time, you have to do everything with integers.  Otherwise, you have to adjust your scale changes so the result is closer to 9.0.&lt;/p&gt;&#xA;</Body>
</answer>
