<question>
<Title>Running web.py app with custom cmd options</Title>
<Body>&lt;p&gt;I would like to use web.py to build an http interface for some larger library, which also provides a command line script that takes optional parameters.&lt;/p&gt;&#xA;&#xA;&lt;p&gt;When I tried the simple web.py tutorial example in combination with optparse, I have the problem that web.py always takes the first cmd argument as port, which is not what I want. Is there a way to tell web-py not to check the command line args. Here is an example:&lt;/p&gt;&#xA;&#xA;&lt;pre&gt;&lt;code&gt;#!/usr/bin/env python&#xA;# encoding: utf-8&#xA;&quot;&quot;&quot;&#xA;web_interface.py: A simple Web interface&#xA;&#xA;&quot;&quot;&quot;&#xA;&#xA;import optparse&#xA;import web&#xA;&#xA;urls = (&quot;/.*&quot;, &quot;hello&quot;)&#xA;app = web.application(urls, globals())&#xA;&#xA;class hello:&#xA;    def GET(self):&#xA;        return 'Hello, world!\n'&#xA;&#xA;if __name__ == &quot;__main__&quot;:&#xA;    p = optparse.OptionParser()&#xA;    p.add_option('--test', '-t', help=&quot;the number of seed resources&quot;)&#xA;    options, arguments = p.parse_args()&#xA;    print options.test&#xA;    app.run()&#xA;&lt;/code&gt;&lt;/pre&gt;&#xA;&#xA;&lt;p&gt;...which I want to run as follows:&lt;/p&gt;&#xA;&#xA;&lt;pre&gt;&lt;code&gt;python web_interface.py -t 10&#xA;&lt;/code&gt;&lt;/pre&gt;&#xA;</Body>
<Tags>python,web.py</Tags>
</question>
<answer>
<Body>&lt;p&gt;It's a bit of a hack, but I guess you could do:&lt;/p&gt;&#xA;&#xA;&lt;pre&gt;&lt;code&gt;import sys&#xA;...&#xA;&#xA;if __name__ == &quot;__main__&quot;:&#xA;    p = optparse.OptionParser()&#xA;    p.add_option('--test', '-t', help=&quot;the number of seed resources&quot;)&#xA;    options, arguments = p.parse_args()&#xA;    print options.test&#xA;&#xA;    # set sys.argv to the remaining arguments after&#xA;    # everything consumed by optparse&#xA;    sys.argv = arguments&#xA;&#xA;    app.run()&#xA;&lt;/code&gt;&lt;/pre&gt;&#xA;</Body>
</answer>
