<question>
<Title>Qt4.7 -- &quot;QtCore/QFile: No such file or directory&quot;</Title>
<Body>&lt;p&gt;I have to set up a Qt development environment for my GUI class. I am working through a tutorial and was instructed to include the &lt;code&gt;&amp;lt;QTCore/QFile&amp;gt;&lt;/code&gt; header in my implementation file. However, I cannot build the project because the above header file is not found.&lt;/p&gt;&#xA;&#xA;&lt;p&gt;I am not sure what I am missing here -- I installed Qt-Creator and all of the deps from the Debian package manager (currently using Wheezy). The Qt 4.7 documentation in IDE also has a section on the above header files, and yet it can't seem to locate them... odd.&lt;/p&gt;&#xA;&#xA;&lt;p&gt;NOTE: Header should have read &lt;code&gt;&amp;lt;QtCore/QFile&lt;/code&gt;&gt;.&lt;/p&gt;&#xA;</Body>
<Tags>c++,qt,user-interface</Tags>
</question>
<answer>
<Body>&lt;ol&gt;&#xA;&lt;li&gt;Just &lt;code&gt;#include &amp;lt;QFile&amp;gt;&lt;/code&gt; will be more compatible with Qt5. Also note the capital T you have, it should have been &lt;code&gt;#include &amp;lt;QtCore/QFile&amp;gt;&lt;/code&gt; - remember unix/linux file systems are case sensitive.&lt;/li&gt;&#xA;&lt;li&gt;You looked at the library file, not the include files. Those are different things in C/C++.&lt;/li&gt;&#xA;&lt;li&gt;As trojanfoe correctly mentioned - you are probably missing the development packages of Qt4. &lt;/li&gt;&#xA;&lt;/ol&gt;&#xA;</Body>
</answer>
