<question>
<Title>What is correct way to load zlib via LDFLAGS in a Makefile under LLVM?</Title>
<Body>&lt;p&gt;my CFLAGS have &lt;/p&gt;&#xA;&#xA;&lt;pre&gt;&lt;code&gt;-I../../usr/local/sys/usr/include&#xA;&lt;/code&gt;&lt;/pre&gt;&#xA;&#xA;&lt;p&gt;which correctly loads zlib.h&lt;/p&gt;&#xA;&#xA;&lt;p&gt;LDFLAGS are &lt;/p&gt;&#xA;&#xA;&lt;pre&gt;&lt;code&gt;LDFLAGS = -L../../usr/local/sys/usr/lib -lxml2 -lzlib&#xA;&lt;/code&gt;&lt;/pre&gt;&#xA;&#xA;&lt;p&gt;But when linker tries to link following occures&lt;/p&gt;&#xA;&#xA;&lt;pre&gt;&lt;code&gt;1&amp;gt;   + Linking project files...&#xA;1&amp;gt;  ld: library not found for -lzlib&#xA;1&amp;gt;  collect2: ld returned 1 exit status&#xA;1&amp;gt;  make: *** [link] Error 1&#xA;&lt;/code&gt;&lt;/pre&gt;&#xA;&#xA;&lt;p&gt;What could be the problem?&lt;/p&gt;&#xA;&#xA;&lt;p&gt;Environment is iosdevenv under windows7 (so directory structure is different than on mac os)&lt;/p&gt;&#xA;</Body>
<Tags>c++,ios,makefile</Tags>
</question>
<answer>
<Body>&lt;p&gt;&lt;code&gt;libz.dylib&lt;/code&gt; lives in /usr/lib of your iPhone SDK.&lt;/p&gt;&#xA;&#xA;&lt;p&gt;Figure out the proper path to &lt;code&gt;libz.dylib&lt;/code&gt; and then change your &quot;&lt;code&gt;-L&lt;/code&gt;&quot; path in &lt;code&gt;LDFLAGS&lt;/code&gt; to match it.&lt;/p&gt;&#xA;&#xA;&lt;p&gt;On my machine it's &lt;code&gt;/Application/Xcode.app/Contents/Developer/Platforms/iPhoneOS.platform/Developer/SDKs/iPhoneOS5.1.sdk/usr/lib/libz.dylib&lt;/code&gt;&lt;/p&gt;&#xA;</Body>
</answer>
<answer>
<Body>&lt;p&gt;The solution is to use -lz flag instead of -lzlib. &lt;/p&gt;&#xA;&#xA;&lt;p&gt;Tested, project linked.&lt;/p&gt;&#xA;</Body>
</answer>
