<question>
<Title>how an overloaded function is internally represented during compilation process in c++</Title>
<Body>&lt;blockquote&gt;&#xA;  &lt;p&gt;&lt;strong&gt;Possible Duplicate:&lt;/strong&gt;&lt;br&gt;&#xA;  &lt;a href=&quot;https://stackoverflow.com/questions/2227516/in-c-how-is-function-overloading-typically-implemented&quot;&gt;In C++ how is function overloading typically implemented?&lt;/a&gt;  &lt;/p&gt;&#xA;&lt;/blockquote&gt;&#xA;&#xA;&#xA;&#xA;&lt;p&gt;i was going through bruce eckel's book on &lt;code&gt;OOPS&lt;/code&gt; which stated about working about the overloaded functions in case when they have difference in return values and the arguments passed. &lt;/p&gt;&#xA;&#xA;&lt;hr&gt;&#xA;&#xA;&lt;pre&gt;&lt;code&gt;int fun() :: could be represented as __int__fun&#xA;float fun():: could be represented as __float__fun&#xA;int fun(int a):: as _int _fun_int&#xA;&lt;/code&gt;&lt;/pre&gt;&#xA;&#xA;&lt;p&gt;but how does the overloading works in case of blocks in c&lt;/p&gt;&#xA;&#xA;&lt;pre&gt;&lt;code&gt;               {&#xA;                  void fun(){}&#xA;                  ...........&#xA;                  ..&#xA;                  fun()&#xA;               }&#xA;               /......sme code/&#xA;               {&#xA;                   void fun(){}&#xA;               }&#xA;&lt;/code&gt;&lt;/pre&gt;&#xA;&#xA;&lt;p&gt;can anyone explain how does this is represented internally?&lt;/p&gt;&#xA;</Body>
<Tags>c++,c,overloading</Tags>
</question>
<answer>
<Body>&lt;p&gt;Defining functions inside blocks is not legal in C++.&lt;/p&gt;&#xA;&#xA;&lt;p&gt;If we imagine for one brief second such things are legal, your two functions are still not overloaded. They simply have scopes that do not overlap. Your example isn't different from this one:&lt;/p&gt;&#xA;&#xA;&lt;pre&gt;&lt;code&gt;  {&#xA;     int i;&#xA;     ...&#xA;  }&#xA;  {&#xA;     int i;&#xA;     ...&#xA;  }&#xA;&lt;/code&gt;&lt;/pre&gt;&#xA;&#xA;&lt;p&gt;There is no &quot;overloaded variable&quot; here, and no overloaded function in your example.&lt;/p&gt;&#xA;</Body>
</answer>
<answer>
<Body>&lt;p&gt;A block can only happen inside a function. C++ does not support/allow nested functions (i.e., one function defined inside another function) so the question never arises.&lt;/p&gt;&#xA;&#xA;&lt;p&gt;If it was allowed (e.g. by a compiler like gcc as an extension) you still wouldn't get overloading. Overloading requires that two (or more) entities with the same basic name are visible within the same scope. In this case, each name would be in a separate scope, in which case overloading doesn't happen -- you just have normal scoped lookup, which finds the name from the most local scope that matches.&lt;/p&gt;&#xA;&#xA;&lt;p&gt;Edit: As an aside, I should also add that contrary to what you've shown, the return type of a function probably isn't normally included in the mangled/decorated name -- function overloading depends on the function &quot;signature&quot;, which includes the parameter types, but &lt;em&gt;not&lt;/em&gt; the return type.&lt;/p&gt;&#xA;</Body>
</answer>
<answer>
<Body>&lt;blockquote&gt;&#xA;  &lt;p&gt;how an overloaded function is internally represented during compilation process in c++&lt;/p&gt;&#xA;&lt;/blockquote&gt;&#xA;&#xA;&lt;p&gt;Google &quot;C++ &lt;a href=&quot;http://en.wikipedia.org/wiki/Name_mangling&quot; rel=&quot;nofollow&quot;&gt;name mangling&lt;/a&gt;&quot;. It'll be represented like a normal function with a name similar to this &lt;code&gt;writeCDATA@QXmlStreamWriter@@QAEXABVQString@@@Z&lt;/code&gt;&lt;/p&gt;&#xA;&#xA;&lt;blockquote&gt;&#xA;  &lt;p&gt;but how does the overloading works in case of blocks&lt;/p&gt;&#xA;&lt;/blockquote&gt;&#xA;&#xA;&lt;p&gt;Your code example doesn't contain valid C++ code and will not compile.&lt;/p&gt;&#xA;</Body>
</answer>
<answer>
<Body>&lt;p&gt;In C, two functions with the same name in different blocks are named like so:&lt;/p&gt;&#xA;&#xA;&lt;p&gt;&lt;code&gt;functionName.number&lt;/code&gt;&lt;/p&gt;&#xA;&#xA;&lt;p&gt;For example, you might have:&lt;/p&gt;&#xA;&#xA;&lt;p&gt;&lt;code&gt;fun.2051&lt;/code&gt;&lt;/p&gt;&#xA;&#xA;&lt;p&gt;and &lt;/p&gt;&#xA;&#xA;&lt;p&gt;&lt;code&gt;fun.2053&lt;/code&gt;&lt;/p&gt;&#xA;&#xA;&lt;p&gt;I figured this out by compiling a C program with the following command:&lt;/p&gt;&#xA;&#xA;&lt;p&gt;&lt;code&gt;gcc -S -o test.asm test.c&lt;/code&gt;&lt;/p&gt;&#xA;&#xA;&lt;p&gt;I then opened up the assembly file and observed what gcc labeled the functions with.&lt;/p&gt;&#xA;</Body>
</answer>
