<question>
<Title>Descriptor conversion problem</Title>
<Body>&lt;pre&gt;&lt;code&gt;CRSAPublicKey* publicKey;&#xA;&#xA;const CRSAPublicKey &amp;amp;iRSAPublicKey= *publicKey;&#xA;&#xA;iEncryptor = CRSAPKCS1v15Encryptor::NewL(iRSAPublicKey);&#xA;&lt;/code&gt;&lt;/pre&gt;&#xA;&#xA;&lt;p&gt;My problem is on the second line, because I have to pass a reference to function, for that I am creating reference from pointer.&lt;/p&gt;&#xA;&#xA;&lt;p&gt;I don't know whether I am doing this right or wrong. First line compiles but on second line it crashes.&lt;/p&gt;&#xA;</Body>
<Tags>c++,symbian</Tags>
</question>
<answer>
<Body>&lt;p&gt;You are declaring the &lt;code&gt;publicKey&lt;/code&gt; variable but you never initialize it. Using an uninitialized pointer leads easily to KERN-EXEC 3.&lt;/p&gt;&#xA;</Body>
</answer>
<answer>
<Body>&lt;p&gt;If you need to pass a rfeference to a function, there is no need to create an intermediate named value:&lt;/p&gt;&#xA;&#xA;&lt;pre&gt;&lt;code&gt;CRSAPublicKey* publicKey = .... // initialise pointer somehow&#xA;&#xA;iEncryptor = CRSAPKCS1v15Encryptor::NewL( * publickey );&#xA;&lt;/code&gt;&lt;/pre&gt;&#xA;</Body>
</answer>
<answer>
<Body>&lt;p&gt;to avoid confusion, you should only prefix member variables with i. Its important as it allows you to ensure that you destroy them in an appropriate fashion (i.e. in the destructor rather than the clean up stack).&lt;/p&gt;&#xA;&#xA;&lt;p&gt;On topic, your first line of code should be something loosely along the lines of:&lt;/p&gt;&#xA;&#xA;&lt;pre&gt;&lt;code&gt;CRSAPublicKey* publicKey=CRSAPublicKey::NewLC();&#xA;&lt;/code&gt;&lt;/pre&gt;&#xA;</Body>
</answer>
