<question>
<Title>Running two python scripts parallel with boost::python</Title>
<Body>&lt;p&gt;I'm having a problem with my (game) application, which is using Boost.Python, when it comes to the scripting part. I have a client thread and a server thread that runs in the same process if you do not connect to an external server.&lt;/p&gt;&#xA;&#xA;&lt;p&gt;This is where my problems arise: It seems like the Python interpreter can't execute scripts in the client thread parallel with scripts in the server thread, as it causes the application to crash.&lt;/p&gt;&#xA;&#xA;&lt;p&gt;So my question is: Is there any possibility to run two (or more) scripts parallel in the Python interpreter?&#xA;I have been searching all day and found a lot of information regarding Py_NewInterpreter, but this does not solve my problem as it uses GIL, I don't want the interpreter to lock other scripts from executing as it will cause lag on the client and/or the server side.&lt;/p&gt;&#xA;</Body>
<Tags>c++,parallel-processing,boost-python,cpython</Tags>
</question>
<answer>
<Body>&lt;p&gt;As of today, you cannot avoid &lt;code&gt;GIL&lt;/code&gt; interactions when using python threads in the same process.&lt;/p&gt;&#xA;&#xA;&lt;p&gt;You may want to have a look at &lt;code&gt;multiprocessing&lt;/code&gt; module which is meant to easily spawn Python processes, thus not interacting with &lt;code&gt;GIL&lt;/code&gt;.&lt;/p&gt;&#xA;&#xA;&lt;p&gt;Another option is to explicitly release the &lt;code&gt;GIL&lt;/code&gt; when its not needed in your wrapped C/C++ functions. This can be done using &lt;code&gt;PyEval_SaveThread&lt;/code&gt; and &lt;code&gt;PyEval_RestoreThread&lt;/code&gt; functions.&lt;/p&gt;&#xA;</Body>
</answer>
