<question>
<Title>C++ object as return value: copy or reference?</Title>
<Body>&lt;p&gt;I wanted to test how C++ behaves when the return value of a function is an object. I made this little example to watch how many bytes are allocated and determine whether the compiler makes a copy of object (like when object is passed as a parameter) or instead returns some kind of reference. &lt;/p&gt;&#xA;&#xA;&lt;p&gt;However, I couldn't run this very simple program and I have no idea why. Error says: &quot;Debug assertion failed! Expression: BLOCK_TYPE_IS_INVALID&quot; in some dbgdel.cpp file. Project is a win32 console application. But I'm pretty sure that there is something wrong  with this code.&lt;/p&gt;&#xA;&#xA;&lt;pre&gt;&lt;code&gt;class Ctest1&#xA;{&#xA;public:&#xA;   Ctest1(void);&#xA;   ~Ctest1(void);&#xA;&#xA;   char* classSpace;&#xA;};&#xA;&#xA;Ctest1::Ctest1(void)&#xA;{&#xA;   classSpace = new char[100];&#xA;}&#xA;&#xA;Ctest1::~Ctest1(void)&#xA;{&#xA;   delete [] classSpace;&#xA;}&#xA;&#xA;Ctest1 Function(Ctest1* cPtr){&#xA;   return *cPtr;    &#xA;}&#xA;&#xA;int _tmain(int argc, _TCHAR* argv[])&#xA;{&#xA;   Ctest1* cPtr;&#xA;&#xA;   cPtr=new Ctest1();&#xA;&#xA;&#xA;   for(int i=1;i&amp;lt;10;i++)&#xA;      *cPtr = Function(cPtr);&#xA;&#xA;&#xA;   delete cPtr;&#xA;&#xA;   return 0;&#xA;   }&#xA;&lt;/code&gt;&lt;/pre&gt;&#xA;</Body>
<Tags>c++,memory,object,return</Tags>
</question>
<answer>
<Body>&lt;p&gt;You have violated the &lt;a href=&quot;http://en.wikipedia.org/wiki/Rule_of_three_%28C%2B%2B_programming%29&quot;&gt;Rule of Three&lt;/a&gt;.&lt;/p&gt;&#xA;&#xA;&lt;p&gt;Specifically, when you return an object, a copy &lt;em&gt;is&lt;/em&gt; made, and then destroyed. So, you have a sequence of events like&lt;/p&gt;&#xA;&#xA;&lt;pre&gt;&lt;code&gt;Ctest1::Ctest1(void);&#xA;Ctest1::Ctest1(const Ctest1&amp;amp;);&#xA;Ctest1::~Ctest1();&#xA;Ctest1::~Ctest1();&#xA;&lt;/code&gt;&lt;/pre&gt;&#xA;&#xA;&lt;p&gt;That is two objects are created: your original object construction, followed by the implicit copy constructor. Then both of those objects are deleted.&lt;/p&gt;&#xA;&#xA;&lt;p&gt;Since both of those objects contain the &lt;em&gt;same&lt;/em&gt; pointer, you end up calling &lt;code&gt;delete&lt;/code&gt; twice on the same value.  &lt;strong&gt;BOOM&lt;/strong&gt;&lt;/p&gt;&#xA;&#xA;&lt;p&gt;&lt;hr /&gt;&#xA;&lt;em&gt;Extra Credit&lt;/em&gt;: When I investigate issues like &quot;I wonder how the copies get made&quot;, I put print statements in the interesting class methods, like this:&lt;/p&gt;&#xA;&#xA;&lt;pre&gt;&lt;code&gt;#include &amp;lt;iostream&amp;gt;&#xA;&#xA;int serial_source = 0;&#xA;class Ctest1&#xA;{&#xA;#define X(s) (std::cout &amp;lt;&amp;lt; s &amp;lt;&amp;lt; &quot;: &quot; &amp;lt;&amp;lt; serial &amp;lt;&amp;lt; &quot;\n&quot;)&#xA;  const int serial;&#xA;public:&#xA;   Ctest1(void) : serial(serial_source++) {&#xA;     X(&quot;Ctest1::Ctest1(void)&quot;);&#xA;   }&#xA;   ~Ctest1(void) {&#xA;    X(&quot;Ctest1::~Ctest1()&quot;);&#xA;   }&#xA;   Ctest1(const Ctest1&amp;amp; other) : serial(serial_source++) {&#xA;    X(&quot;Ctest1::Ctest1(const Ctest1&amp;amp;)&quot;);&#xA;    std::cout &amp;lt;&amp;lt; &quot; Copied from &quot; &amp;lt;&amp;lt; other.serial &amp;lt;&amp;lt; &quot;\n&quot;;&#xA;   }&#xA;   void operator=(const Ctest1&amp;amp; other) {&#xA;     X(&quot;operator=&quot;);&#xA;     std::cout &amp;lt;&amp;lt; &quot; Assigning from &quot; &amp;lt;&amp;lt; other.serial &amp;lt;&amp;lt; &quot;\n&quot;;&#xA;   }&#xA;#undef X&#xA;};&#xA;&#xA;Ctest1 Function(Ctest1* cPtr){&#xA;   return *cPtr;    &#xA;}&#xA;&#xA;int main()&#xA;{&#xA;   Ctest1* cPtr;&#xA;&#xA;   cPtr=new Ctest1();&#xA;&#xA;&#xA;   for(int i=1;i&amp;lt;10;i++)&#xA;      *cPtr = Function(cPtr);&#xA;&#xA;   delete cPtr;&#xA;&#xA;   return 0;&#xA;}&#xA;&lt;/code&gt;&lt;/pre&gt;&#xA;</Body>
</answer>
<answer>
<Body>&lt;p&gt;As Rob said, you haven't created all three constructor/assignment operators that C++ uses. What the Rule of Three he mentioned means is that if you declare a Destructor, Copy Constructor, or Assignment Operator (&lt;code&gt;operator=()&lt;/code&gt;), you need to use all three.&lt;/p&gt;&#xA;&#xA;&lt;p&gt;If you don't create these functions, then the compiler will create its own version of them for you. However, the compilers copy constructor and assignment operators only do a shallow copy of elements from the original object. This means that the copied object that's created as the return value, and then copied into the object in &lt;code&gt;main()&lt;/code&gt; has a pointer to the same address as the first object you created. So when that original object is destroyed to make room for the copied object, the classSpace array on the heap is freed, causing the copied object's pointer to become invalidated.&lt;/p&gt;&#xA;</Body>
</answer>
<answer>
<Body>&lt;p&gt;If you want to see when a copy of an object is made just do this:&lt;/p&gt;&#xA;&#xA;&lt;pre&gt;&lt;code&gt;struct Foo {&#xA;    Foo() { std::cout &amp;lt;&amp;lt; &quot;default ctor\n&quot;; }&#xA;    Foo(Foo const &amp;amp;) { std::cout &amp;lt;&amp;lt; &quot;copy ctor\n&quot;; }&#xA;    Foo(Foo &amp;amp;&amp;amp;) { std::cout &amp;lt;&amp;lt; &quot;move ctor\n&quot;; }&#xA;    Foo &amp;amp;operator=(Foo const &amp;amp;) { std::cout &amp;lt;&amp;lt; &quot;copy assign\n&quot;; return *this; }&#xA;    Foo &amp;amp;operator=(Foo &amp;amp;&amp;amp;) { std::cout &amp;lt;&amp;lt; &quot;move assign\n&quot;; return *this; }&#xA;    ~Foo() { std::cout &amp;lt;&amp;lt; &quot;dtor\n&quot;; }&#xA;};&#xA;&#xA;Foo Function(Foo* f){&#xA;   return *f;    &#xA;}&#xA;&#xA;int main(int argc,const char *argv[])&#xA;{&#xA;   Foo* f=new Foo;&#xA;&#xA;   for(int i=1;i&amp;lt;10;i++)&#xA;      *f = Function(f);&#xA;&#xA;   delete f;&#xA;}&#xA;&lt;/code&gt;&lt;/pre&gt;&#xA;</Body>
</answer>
<answer>
<Body>&lt;p&gt;Getting (finally) to what you originally intended to ask about, the short answer is that it's rarely a problem. The standard contains a clause that specifically exempts a compiler from having to actually use the copy constructor on a return value, even if the copy constructor has side effects, so the difference is externally visible.&lt;/p&gt;&#xA;&#xA;&lt;p&gt;Depending on whether you're returning a variable, or just a value, this is called either named return value optimization (NRVO) or just return value optimization (RVO). Most reasonably modern compilers implement both (some, such as g++ even do it when you turn off optimization).&lt;/p&gt;&#xA;&#xA;&lt;p&gt;To avoid copying the return value, what the compiler does is pass the address where the copy would go as a hidden parameter to the function. The function then constructs its return value in that place, so after the function returns, the value is already there without being copied.&lt;/p&gt;&#xA;&#xA;&lt;p&gt;This is common enough, and works well enough that Dave Abrahams (a C++ standard committee member) wrote an &lt;a href=&quot;http://cpp-next.com/archive/2009/08/want-speed-pass-by-value/&quot; rel=&quot;nofollow&quot;&gt;article&lt;/a&gt; a few years ago showing that with modern compilers, people's attempts at avoiding the 'extra copying' actually produce code that's slower than if you just write simple, obvious code.&lt;/p&gt;&#xA;</Body>
</answer>
