<question>
<Title>Programmatically getting UID and GID from username in Unix?</Title>
<Body>&lt;p&gt;I'm trying to use setuid() and setgid() to set the respective id's of a program to drop privileges down from root, but to use them I need to know the uid and gid of the user I want to change to.&lt;/p&gt;&#xA;&#xA;&lt;p&gt;Is there a system call to do this? I don't want to hardcode it or parse from /etc/passwd .&lt;/p&gt;&#xA;&#xA;&lt;p&gt;Also I'd like to do this programmatically rather than using:&lt;/p&gt;&#xA;&#xA;&lt;p&gt;id -u USERNAME&lt;/p&gt;&#xA;&#xA;&lt;p&gt;Any help would be greatly appreciated&lt;/p&gt;&#xA;</Body>
<Tags>c++,c,unix,privileges,system-calls</Tags>
</question>
<answer>
<Body>&lt;p&gt;Have a look at the &lt;a href=&quot;http://linux.die.net/man/3/getpwnam&quot; rel=&quot;noreferrer&quot;&gt;getpwnam()&lt;/a&gt; and &lt;a href=&quot;http://linux.die.net/man/3/getgrnam&quot; rel=&quot;noreferrer&quot;&gt;getgrnam()&lt;/a&gt; functions.&lt;/p&gt;&#xA;</Body>
</answer>
<answer>
<Body>&lt;p&gt;You want to use the getpw* family of system calls, generally in &lt;a href=&quot;http://www.opengroup.org/onlinepubs/000095399/basedefs/pwd.h.html&quot; rel=&quot;nofollow noreferrer&quot;&gt;pwd.h&lt;/a&gt;. It's essentially a C-level interface to the information in /etc/passwd.&lt;/p&gt;&#xA;</Body>
</answer>
<answer>
<Body>&lt;p&gt;Look at getpwnam and struct passwd.&lt;/p&gt;&#xA;</Body>
</answer>
<answer>
<Body>&lt;pre&gt;&lt;code&gt;#include &amp;lt;sys/types.h&amp;gt;&#xA;#include &amp;lt;pwd.h&amp;gt;&#xA;#include &amp;lt;stdlib.h&amp;gt;&#xA;#include &amp;lt;unistd.h&amp;gt;&#xA;#include &amp;lt;stdio.h&amp;gt;&#xA;&#xA;int main()&#xA;{&#xA;    char *username = ...&#xA;&#xA;    struct passwd *pwd = calloc(1, sizeof(struct passwd));&#xA;    if(pwd == NULL)&#xA;    {&#xA;        fprintf(stderr, &quot;Failed to allocate struct passwd for getpwnam_r.\n&quot;);&#xA;        exit(1);&#xA;    }&#xA;    size_t buffer_len = sysconf(_SC_GETPW_R_SIZE_MAX) * sizeof(char);&#xA;    char *buffer = malloc(buffer_len);&#xA;    if(buffer == NULL)&#xA;    {&#xA;        fprintf(stderr, &quot;Failed to allocate buffer for getpwnam_r.\n&quot;);&#xA;        exit(2);&#xA;    }&#xA;    getpwnam_r(username, pwd, buffer, buffer_len, &amp;amp;pwd);&#xA;    if(pwd == NULL)&#xA;    {&#xA;        fprintf(stderr, &quot;getpwnam_r failed to find requested entry.\n&quot;);&#xA;        exit(3);&#xA;    }&#xA;    printf(&quot;uid: %d\n&quot;, pwd-&amp;gt;pw_uid);&#xA;    printf(&quot;gid: %d\n&quot;, pwd-&amp;gt;pw_gid);&#xA;&#xA;    free(pwd);&#xA;    free(buffer);&#xA;&#xA;    return 0;&#xA;}&#xA;&lt;/code&gt;&lt;/pre&gt;&#xA;</Body>
</answer>
<answer>
<Body>&lt;p&gt;You can use the following code snippets: &lt;/p&gt;&#xA;&#xA;&lt;pre&gt;&lt;code&gt;#include &amp;lt;pwd.h&amp;gt;&#xA;#include &amp;lt;grp.h&amp;gt;&#xA;&#xA;gid_t Sandbox::getGroupIdByName(const char *name)&#xA;{&#xA;    struct group *grp = getgrnam(name); /* don't free, see getgrnam() for details */&#xA;    if(grp == NULL) {&#xA;        throw runtime_error(string(&quot;Failed to get groupId from groupname : &quot;) + name);&#xA;    } &#xA;    return grp-&amp;gt;gr_gid;&#xA;}&#xA;&#xA;uid_t Sandbox::getUserIdByName(const char *name)&#xA;{&#xA;    struct passwd *pwd = getpwnam(name); /* don't free, see getpwnam() for details */&#xA;    if(pwd == NULL) {&#xA;        throw runtime_error(string(&quot;Failed to get userId from username : &quot;) + name);&#xA;    } &#xA;    return pwd-&amp;gt;pw_uid;&#xA;}&#xA;&lt;/code&gt;&lt;/pre&gt;&#xA;&#xA;&lt;p&gt;Ref: &lt;a href=&quot;http://linux.die.net/man/3/getpwnam&quot; rel=&quot;nofollow&quot;&gt;getpwnam()&lt;/a&gt;   &lt;a href=&quot;http://linux.die.net/man/3/getgrnam&quot; rel=&quot;nofollow&quot;&gt;getgrnam()&lt;/a&gt;&lt;/p&gt;&#xA;</Body>
</answer>
