<question>
<Title>Installing Python c-extensions with buildout</Title>
<Body>&lt;p&gt;A project I'm working on needs avro, which requires python-snappy, which requires snappy. I am having trouble coming up with the right buildout incantation to actually get everything to work together.&lt;/p&gt;&#xA;&#xA;&lt;p&gt;The following buildout.cfg builds successfully, but it installs avro to &lt;em&gt;develop-eggs&lt;/em&gt;, and anything else (such as in the &lt;code&gt;[test]&lt;/code&gt; section) that tries to reference it tries to build it again and fails.&lt;/p&gt;&#xA;&#xA;&lt;h2&gt;buildout.cfg&lt;/h2&gt;&#xA;&#xA;&lt;pre&gt;&lt;code&gt;[buildout]&#xA;eggs-directory = eggs&#xA;extensions =&#xA;    buildout.dumppickedversions&#xA;eggs =&#xA;    avro&#xA;    httplib2&#xA;    pyramid&#xA;parts =&#xA;    avro&#xA;    test&#xA;    mongodb&#xA;&#xA;[snappy]&#xA;# Dependency for avro&#xA;recipe = zc.recipe.cmmi&#xA;url = http://snappy.googlecode.com/files/snappy-1.0.5.tar.gz&#xA;&#xA;[avro]&#xA;recipe = zc.recipe.egg:custom&#xA;egg = avro&#xA;include-dirs = ${snappy:location}/include&#xA;library-dirs = ${snappy:location}/lib&#xA;&#xA;[test]&#xA;recipe = pbp.recipe.noserunner&#xA;script = runtests&#xA;eggs =&#xA;    ${buildout:eggs}&#xA;    pbp.recipe.noserunner&#xA;    WebTest&#xA;&#xA;[mongodb]&#xA;recipe = rod.recipe.mongodb&#xA;base-url = http://downloads.mongodb.org&#xA;version = 2.0.4&#xA;darwin-32bit-url = ${mongodb:base-url}/osx/mongodb-osx-i386-${mongodb:version}.tgz&#xA;darwin-64bit-url = ${mongodb:base-url}/osx/mongodb-osx-x86_64-${mongodb:version}.tgz&#xA;linux2-32bit-url = ${mongodb:base-url}/linux/mongodb-linux-i686-${mongodb:version}.tgz&#xA;linux2-64bit-url = ${mongodb:base-url}/linux/mongodb-linux-x86_64-${mongodb:version}.tgz&#xA;logpath=${buildout:parts-directory}/mongodb/log&#xA;dbpath=${buildout:parts-directory}/mongodb/data&#xA;master=true&#xA;update=true&#xA;&lt;/code&gt;&lt;/pre&gt;&#xA;&#xA;&lt;h2&gt;Output&lt;/h2&gt;&#xA;&#xA;&lt;pre&gt;&lt;code&gt;Uninstalling avro.&#xA;Updating snappy.&#xA;Installing avro.&#xA;zip_safe flag not set; analyzing archive contents...&#xA;Installing test.&#xA;Getting distribution for 'python-snappy'.&#xA;cc1plus: warning: command line option &quot;-Wstrict-prototypes&quot; is valid for Ada/C/ObjC but not for C++&#xA;snappymodule.cc:28:20: error: Python.h: No such file or directory&#xA;snappymodule.cc:31:22: error: snappy-c.h: No such file or directory&#xA;snappymodule.cc:36: error: ISO C++ forbids declaration of ‘PyObject’ with no type&#xA;snappymodule.cc:36: error: expected ‘;’ before ‘*’ token&#xA;snappymodule.cc:54: error: expected initializer before ‘*’ token&#xA;snappymodule.cc:59: error: expected initializer before ‘*’ token&#xA;snappymodule.cc:43: warning: ‘_state’ defined but not used&#xA;error: Setup script exited with error: command 'gcc' failed with exit status 1&#xA;An error occurred when trying to install python-snappy 0.4. Look above this message for any errors that were output by easy_install.&#xA;While:&#xA;  Installing test.&#xA;  Getting distribution for 'python-snappy'.&#xA;Error: Couldn't install: python-snappy 0.4&#xA;&lt;/code&gt;&lt;/pre&gt;&#xA;&#xA;&lt;p&gt;Is there a straightforward approach to handling extension-dependencies with buildout? What should I be doing here?&lt;/p&gt;&#xA;</Body>
<Tags>python,dependency-management,buildout</Tags>
</question>
<answer>
<Body>&lt;p&gt;This error usually indicates missing development libraries, and can be resolved with something like:&lt;/p&gt;&#xA;&#xA;&lt;blockquote&gt;&#xA;  &lt;p&gt;$ aptitude install python-devel&lt;/p&gt;&#xA;&lt;/blockquote&gt;&#xA;&#xA;&lt;p&gt;In other words, it does not appear to be buildout-related.&lt;/p&gt;&#xA;</Body>
</answer>
