<question>
<Title>Making a custom message box using tinter</Title>
<Body>&lt;p&gt;I'm looking to make a three way message box in tkinter. Something like, &quot;do you want chocolate milk, lemonade, or sprite&quot; and then buttons for each of the 3 at the bottom.&#xA;As an aside, is it possible to make python &quot;knock out&quot; numbers when counting. So say I'm adding counting from 10 to 60, could I make python skip over every 7 and 8?&lt;/p&gt;&#xA;</Body>
<Tags>python,tkinter</Tags>
</question>
<answer>
<Body>&lt;p&gt;(1) By message box do you mean something like this?&#xA;&lt;a href=&quot;http://www.java2s.com/Code/Python/GUI-Tk/Creatingasimpledialog.htm&quot; rel=&quot;nofollow&quot;&gt;http://www.java2s.com/Code/Python/GUI-Tk/Creatingasimpledialog.htm&lt;/a&gt;&lt;/p&gt;&#xA;&#xA;&lt;p&gt;(2)&lt;/p&gt;&#xA;&#xA;&lt;pre&gt;&lt;code&gt; for i in range(6):&#xA;    for j in range(10):&#xA;        if j in [7,8]: continue&#xA;        print i*10+j&#xA;&lt;/code&gt;&lt;/pre&gt;&#xA;&#xA;&lt;p&gt;prints all numbers 0-59 skipping if it ends in 7 or 8.&lt;/p&gt;&#xA;</Body>
</answer>
<answer>
<Body>&lt;p&gt;You can use PyMsgBox to do this. Install it with &lt;code&gt;pip install pymsgbox&lt;/code&gt;. The documentation is at &lt;a href=&quot;https://pymsgbox.readthedocs.io/en/latest/&quot; rel=&quot;nofollow noreferrer&quot;&gt;https://pymsgbox.readthedocs.io/en/latest/&lt;/a&gt;&lt;/p&gt;&#xA;&#xA;&lt;p&gt;The code to do your example is:&lt;/p&gt;&#xA;&#xA;&lt;pre&gt;&lt;code&gt;&amp;gt;&amp;gt;&amp;gt; import pymsgbox&#xA;&amp;gt;&amp;gt;&amp;gt; drink_choice = pymsgbox.confirm('What drink do you want?', 'Title', ['Chocolate milk', 'Lemonade', 'Sprite'])&#xA;&lt;/code&gt;&lt;/pre&gt;&#xA;</Body>
</answer>
