<question>
<Title>C++ HEAP error when delete [] is called</Title>
<Body>&lt;p&gt;I keep getting the error in VS 2100 &quot;CRT detected that the application wrote to memory before start of heap buffer&quot;&lt;/p&gt;&#xA;&#xA;&lt;p&gt;Can anyone help? My int Main is all the way on the bottom. The error occur when the &lt;code&gt;delete []&lt;/code&gt; command is run on the operator= function&lt;/p&gt;&#xA;&#xA;&lt;pre&gt;&lt;code&gt;#include &quot;intset.h&quot;&#xA;const int MAXINITIALSIZE = 5;&#xA;int IntSet::numOfArray = 0;&#xA;&#xA;IntSet::IntSet(int a, int b, int c, int d, int e)&#xA;{&#xA;    numOfArray++;&#xA;    int tempArray[] = {a, b, c, d, e};&#xA;    size = determineHighest(tempArray) + 1; //determines largest int&#xA;    cout &amp;lt;&amp;lt; &quot;size is &quot; &amp;lt;&amp;lt; size &amp;lt;&amp;lt; endl;&#xA;&#xA;    arrayPtr = new bool[size]; //creates array of bool&#xA;&#xA;    for (int i = 0; i &amp;lt; size; i++) //fill bool array &#xA;    {&#xA;        arrayPtr[i]= false;  //arrayptr is a bool pointer created in the header&#xA;    }   &#xA;&#xA;    for (int i = 0; i &amp;lt; MAXINITIALSIZE; i++)&#xA;    {&#xA;        arrayPtr[tempArray[i]]= true;&#xA;    }&#xA;&#xA;        for (int i = 0; i &amp;lt; size; i++)&#xA;    {&#xA;        cout &amp;lt;&amp;lt; &amp;amp;arrayPtr[i] &amp;lt;&amp;lt; endl;&#xA;    }&#xA;}&#xA;IntSet::IntSet(const IntSet &amp;amp;intsetObject)&#xA;{&#xA;    numOfArray++;&#xA;    size = intsetObject.size;&#xA;&#xA;    arrayPtr = new bool[size];&#xA;&#xA;    for (int i = 0; i &amp;lt; size; i++)&#xA;    {&#xA;        if (intsetObject.arrayPtr[i])&#xA;            arrayPtr[i] = intsetObject.arrayPtr[i];&#xA;    }&#xA;}&#xA;IntSet::~IntSet()&#xA;{&#xA;    --numOfArray;&#xA;    delete [] arrayPtr;     &#xA;    arrayPtr = NULL;&#xA;}&#xA;&#xA;int IntSet::determineHighest(int tempArray[])&#xA;{&#xA;    int temp = tempArray[0];    &#xA;    for (int i = 1; i &amp;lt; MAXINITIALSIZE; i++)&#xA;    {&#xA;        if (tempArray[i] &amp;gt; temp)&#xA;            temp = tempArray[i];&#xA;        else&#xA;            continue;       &#xA;    }&#xA;    return temp;&#xA;}&#xA;&#xA;IntSet&amp;amp; IntSet::operator=(const IntSet &amp;amp;intsetObject) //ask about IntSet&amp;amp;&#xA;{&#xA;    cout &amp;lt;&amp;lt; &quot;inside operator=&quot; &amp;lt;&amp;lt; endl;&#xA;    if (&amp;amp;intsetObject != this)&#xA;    {&#xA;        for (int i = 0; i &amp;lt; size; i++)&#xA;        {&#xA;            cout &amp;lt;&amp;lt; &amp;amp;arrayPtr[i] &amp;lt;&amp;lt; endl;&#xA;        }&#xA;        delete [] arrayPtr;   //HEAP ERROR HERE!&#xA;        for (int i = 0; i &amp;lt; size; i++)&#xA;        {&#xA;            cout &amp;lt;&amp;lt; &amp;amp;arrayPtr[i] &amp;lt;&amp;lt; endl;&#xA;        }&#xA;        size = intsetObject.size&#xA;        arrayPtr = new bool[size]();&#xA;        for (int i = 0; i &amp;lt; size; i++)&#xA;        {&#xA;            if (intsetObject.arrayPtr[i])&#xA;                arrayPtr[i] = intsetObject.arrayPtr[i];&#xA;        }&#xA;    }&#xA;    return *this;&#xA;}&#xA;ostream&amp;amp; operator&amp;lt;&amp;lt;(ostream &amp;amp;output, const IntSet &amp;amp;intsetObject)&#xA;{&#xA;    output &amp;lt;&amp;lt; &quot;{ &quot;;&#xA;    for (int i = 0; i &amp;lt; intsetObject.size; i++)&#xA;    {&#xA;        if (intsetObject.arrayPtr[i] == true)&#xA;        {&#xA;            output &amp;lt;&amp;lt; i &amp;lt;&amp;lt; &quot; &quot;;&#xA;        }&#xA;        else &#xA;            continue;&#xA;    }&#xA;    output &amp;lt;&amp;lt; &quot;}&quot;;&#xA;    return output;&#xA;}&#xA;&#xA;&#xA;//main&#xA;&#xA;#include &quot;intset.h&quot;&#xA;&#xA;int main() {&#xA;&#xA;    IntSet object2(9);   &#xA;&#xA;    IntSet object4(3,6);&#xA;&#xA;    object4 = object2;&#xA;&#xA;   return 0;&#xA;}&#xA;&lt;/code&gt;&lt;/pre&gt;&#xA;</Body>
<Tags>c++,arrays,heap,delete-operator</Tags>
</question>
<answer>
<Body>&lt;p&gt;This can only happen if arrayPtr is accessed with a negative index.  I suspect your defaults for a,b,c,d,e are -1 in the declaration for &lt;code&gt;IntSet::IntSet&lt;/code&gt;, so it is writing to arrayPtr[-1] in the set-true loop.  Check for &lt;code&gt;tempArray[i] &amp;gt;= 0&lt;/code&gt; there.&lt;/p&gt;&#xA;&#xA;&lt;p&gt;Also, you can't print the array after you have deleted it, so you should remove those lines after the delete, although they should be &quot;harmless&quot; in that only garbage will be printed, but who knows - the OS could release the page containing the array and it could segfault your program.&lt;/p&gt;&#xA;&#xA;&lt;p&gt;Finally, you should not test &lt;code&gt;if (intsetObject.arrayPtr[i])&lt;/code&gt; in the copy &amp;amp; &lt;code&gt;=&lt;/code&gt; operators.  Otherwise all &quot;false&quot; elements in the source array become uninitialized in the destination array (&lt;code&gt;new bool[size]&lt;/code&gt; does &lt;strong&gt;not&lt;/strong&gt; initialize the array to all &lt;code&gt;false&lt;/code&gt;).&lt;/p&gt;&#xA;</Body>
</answer>
