<question>
<Title>send a time value from jquery to a python server</Title>
<Body>&lt;p&gt;Say there is an event on 2nd August 2005 at 8:30 PM UTC. &#xA;I want to send this value from jquery to django or webapp server, through a post request and update the server with the same value. &#xA;How do i do it?&lt;/p&gt;&#xA;&#xA;&lt;p&gt;the way i tried doing it was:&lt;/p&gt;&#xA;&#xA;&lt;pre&gt;&lt;code&gt;$.post(&#xA;    url :&quot;http://localhost:8080/m_post_data&quot;,&#xA;    data : {'start_date': &quot;4/4/2012&quot;,&#xA;    'start_time': &quot;14:30:00&quot;})&#xA;&lt;/code&gt;&lt;/pre&gt;&#xA;&#xA;&lt;p&gt;and in the views (currently webapp2, on appengine) i try the following:&lt;/p&gt;&#xA;&#xA;&lt;pre&gt;&lt;code&gt;class PostDataMatch(webapp2.RequestHandler):&#xA;  def post(self):&#xA;    mat = Match(&#xA;      start_date = self.request.get('start_date'),&#xA;      start_time = self.request.get('start_time'),&#xA;    )&#xA;    mat.put()&#xA;&#xA;    self.response.write(self.request.get('start_time'))&#xA;&lt;/code&gt;&lt;/pre&gt;&#xA;&#xA;&lt;p&gt;The model definition is as follows:&lt;/p&gt;&#xA;&#xA;&lt;pre&gt;&lt;code&gt;class Match(db.Model):&#xA;    start_date = db.DateProperty()&#xA;    start_time = db.TimeProperty()  &#xA;&lt;/code&gt;&lt;/pre&gt;&#xA;&#xA;&lt;p&gt;but this gives an error: &lt;/p&gt;&#xA;&#xA;&lt;pre&gt;&lt;code&gt;BadValueError: Property start_time must be a time&#xA;&lt;/code&gt;&lt;/pre&gt;&#xA;&#xA;&lt;p&gt;How should i try fixing it?&lt;/p&gt;&#xA;</Body>
<Tags>javascript,jquery,python,django,google-app-engine</Tags>
</question>
<answer>
<Body>&lt;ol&gt;&#xA;&lt;li&gt;You should use the DateTime property instead of two properties&lt;/li&gt;&#xA;&lt;li&gt;You should &lt;a href=&quot;http://docs.python.org/library/datetime.html#datetime.datetime.strptime&quot; rel=&quot;nofollow&quot;&gt;parse the string into datetime object&lt;/a&gt; (using strptime)&lt;/li&gt;&#xA;&lt;/ol&gt;&#xA;</Body>
</answer>
<answer>
<Body>&lt;p&gt;Better this: &lt;/p&gt;&#xA;&#xA;&lt;pre&gt;&lt;code&gt;from dateutil import parser&#xA;start_date = self.request.get('start_date')&#xA;start_time = self.request.get('start_time')&#xA;tm = start_date + &quot; &quot; + start_time&#xA;parser.parse(tm)&#xA;&lt;/code&gt;&lt;/pre&gt;&#xA;&#xA;&lt;p&gt;sample output:&lt;/p&gt;&#xA;&#xA;&lt;pre&gt;&lt;code&gt;In [28]: strn = '4/5/2012 14:30:00'&#xA;&#xA;In [29]: parser.parse(strn)&#xA;Out[29]: datetime.datetime(2012, 4, 5, 14, 30)&#xA;&lt;/code&gt;&lt;/pre&gt;&#xA;&#xA;&lt;p&gt;or without dateutil:&lt;/p&gt;&#xA;&#xA;&lt;pre&gt;&lt;code&gt;In [62]: start_date&#xA;Out[62]: '4/4/2012'&#xA;&#xA;In [63]: start_time&#xA;Out[63]: '14:30:00'&#xA;&#xA;In [64]: date_time = start_date+&quot; &quot;+start_time&#xA;&#xA;In [65]: datetime.strptime(date_time, '%m/%d/%Y %H:%M:%S')&#xA;Out[65]: datetime.datetime(2012, 4, 4, 14, 30)&#xA;&lt;/code&gt;&lt;/pre&gt;&#xA;</Body>
</answer>
