<question>
<Title>Transpose values and key in python dictionary when values are not unique</Title>
<Body>&lt;p&gt;I want to change keys to values in a python dictionary, but the values in the original dictionary are not unique.&lt;/p&gt;&#xA;&#xA;&lt;p&gt;Here is what I have:&lt;/p&gt;&#xA;&#xA;&lt;pre&gt;&lt;code&gt;year_person = {2000: ‘Linda’, 2001: ‘Ron’, 2002: ‘Bruce’, 2003: ‘Linda’, 2004: ‘Bruce’, 2005 ‘Gary’, 2006: ‘Linda’}&#xA;&lt;/code&gt;&lt;/pre&gt;&#xA;&#xA;&lt;p&gt;This is what I want to change it to:&lt;/p&gt;&#xA;&#xA;&lt;pre&gt;&lt;code&gt;person_year = {‘Linda’: 2000, ‘Ron’: 2001, ‘Bruce’: 2002, ‘Linda’, 2003: ‘Bruce’, 2004 ‘Gary’, 2005: ‘Linda’: 2006}&#xA;&lt;/code&gt;&lt;/pre&gt;&#xA;&#xA;&lt;p&gt;When I tried to convert it using a for loop, I only got one matching pair for each person.&lt;/p&gt;&#xA;</Body>
<Tags>python,dictionary</Tags>
</question>
<answer>
<Body>&lt;p&gt;What you wan't to achieve is technically not feasible. Key to a dictionary cannot be duplicate because if so you cannot uniquely index a dictionary with a key. &lt;/p&gt;&#xA;&#xA;&lt;p&gt;What you can do, is to create a dictionary of (key,value) pair where value is the list of all items which has the same key. To achieve it you can do something as follows&lt;/p&gt;&#xA;&#xA;&lt;pre&gt;&lt;code&gt;&amp;gt;&amp;gt;&amp;gt; person_year={}&#xA;&amp;gt;&amp;gt;&amp;gt; [person_year.setdefault(v,[]).append(k) for (k,v) in year_person.iteritems()]&#xA;[None, None, None, None, None, None, None]&#xA;&amp;gt;&amp;gt;&amp;gt; person_year&#xA;{'Bruce': [2002, 2004], 'Linda': [2000, 2003, 2006], 'Ron': [2001], 'Gary': [2005]}&#xA;&amp;gt;&amp;gt;&amp;gt; &#xA;&lt;/code&gt;&lt;/pre&gt;&#xA;&#xA;&lt;p&gt;Note, if you are only interested in the key value pair and not a dictionary per se' you can just store as a list of tuples as follows&lt;/p&gt;&#xA;&#xA;&lt;pre&gt;&lt;code&gt;&amp;gt;&amp;gt;&amp;gt; [(v,k) for k,v in year_person.iteritems()]&#xA;[('Linda', 2000), ('Ron', 2001), ('Bruce', 2002), ('Linda', 2003), ('Bruce', 2004), ('Gary', 2005), ('Linda', 2006)]&#xA;&amp;gt;&amp;gt;&amp;gt;&#xA;&lt;/code&gt;&lt;/pre&gt;&#xA;</Body>
</answer>
<answer>
<Body>&lt;p&gt;You can also do it with a defaultdict:&lt;/p&gt;&#xA;&#xA;&lt;pre&gt;&lt;code&gt;year_person = {2000: 'Linda', 2001: 'Ron', 2002: 'Bruce', 2003: 'Linda', 2004: 'Bruce', 2005: 'Gary', 2006: 'Linda'}&#xA;&#xA;from collections import defaultdict&#xA;d = defaultdict(list)&#xA;for k, v in year_person.items():&#xA;    d[v].append(k)&#xA;&#xA;print dict(d)&#xA;&amp;gt;&amp;gt;&amp;gt; {'Bruce': [2002, 2004], 'Linda': [2000, 2003, 2006], 'Ron': [2001], 'Gary': [2005]}&#xA;&lt;/code&gt;&lt;/pre&gt;&#xA;</Body>
</answer>
<answer>
<Body>&lt;p&gt;Just to present some other options and information that may be missing from the current answers:&lt;/p&gt;&#xA;&#xA;&lt;p&gt;If you are sure your values are unique, and therefore can become keys, the simplest method is a dict comprehension:&lt;/p&gt;&#xA;&#xA;&lt;pre&gt;&lt;code&gt;year_person = {2000: 'Linda', 2001: 'Ron', 2002: 'Bruce', 2003: 'Linda', 2004: 'Bruce', 2005: 'Gary', 2006: 'Linda'}&#xA;person_year = {key: value for (value, key) in year_person.items()}&#xA;&lt;/code&gt;&lt;/pre&gt;&#xA;&#xA;&lt;p&gt;Of course, in your case, they are not, so this doesn't work (as it only gives the last value found):&lt;/p&gt;&#xA;&#xA;&lt;pre&gt;&lt;code&gt;person_year = {'Bruce': 2004, 'Linda': 2006, 'Ron': 2001, 'Gary': 2005}&#xA;&lt;/code&gt;&lt;/pre&gt;&#xA;&#xA;&lt;p&gt;Instead, we can use a nested list comp inside a dict comp:&lt;/p&gt;&#xA;&#xA;&lt;pre&gt;&lt;code&gt;{key: [value for value, check_key in year_person.items() if check_key==key] for key in year_person.values()}&#xA;&lt;/code&gt;&lt;/pre&gt;&#xA;&#xA;&lt;p&gt;Giving us:&lt;/p&gt;&#xA;&#xA;&lt;pre&gt;&lt;code&gt;{'Bruce': [2002, 2004], 'Linda': [2000, 2003, 2006], 'Ron': [2001], 'Gary': [2005]}&#xA;&lt;/code&gt;&lt;/pre&gt;&#xA;&#xA;&lt;p&gt;This works, but isn't efficient due to having to loop over the entire dictionary for every entry. A much better solution is &lt;a href=&quot;https://stackoverflow.com/a/10036839/722121&quot;&gt;the &lt;code&gt;defaultdict&lt;/code&gt; solution&lt;/a&gt; given by alan, which requires only a single loop.&lt;/p&gt;&#xA;</Body>
</answer>
<answer>
<Body>&lt;p&gt;IMO, &lt;code&gt;defaultdict&lt;/code&gt; is unnecessary here and doing it as a list comprehension sacrifices readability (though that's not generally the case). Unless profiling indicates that this is really a bottleneck, I would do it as follows:&lt;/p&gt;&#xA;&#xA;&lt;pre&gt;&lt;code&gt;def invert_to_lists(dct):&#xA;    inverted_dict = {}&#xA;    for key in dct:&#xA;        inverted_dict.setdefault(dct[key], []).append(key)&#xA;    return inverted_dict&#xA;&lt;/code&gt;&lt;/pre&gt;&#xA;&#xA;&lt;p&gt;&lt;code&gt;defaultdict&lt;/code&gt; is one more complication. Using &lt;code&gt;setdefault&lt;/code&gt; is fine in this case because it only needs to be typed out once. After going through the rigmarole of importing and instantiating a &lt;code&gt;defaultdict&lt;/code&gt;, you will have typed more than making the one call to &lt;code&gt;setdefault&lt;/code&gt;. &lt;/p&gt;&#xA;</Body>
</answer>
