<question>
<Title>python RegOpenKeyEx() HKEY_LOCAL_MACHINE not defined error</Title>
<Body>&lt;p&gt;I have been trying to manupulate registry key from python using the win32api module however&#xA;when I run this three lines of code&lt;/p&gt;&#xA;&#xA;&lt;pre&gt;&lt;code&gt;import win32api&#xA;import win32con&#xA;&#xA;reghandle = win32api.RegOpenKeyEx(HKEY_LOCAL_MACHINE,&quot;SOFTWARE\\Google\\&quot;,0,       win32con.KEY_READ)&#xA;&lt;/code&gt;&lt;/pre&gt;&#xA;&#xA;&lt;p&gt;it gives me back the following error&lt;/p&gt;&#xA;&#xA;&lt;p&gt;Traceback (most recent call last):&#xA;   File &quot;C:\EclipseWorkspaces\csse120\MMS-auto\key.py&quot;, line 4, in &#xA;   reghandle = win32api.RegOpenKeyEx(HKEY_LOCAL_MACHINE,&quot;SOFTWARE\Google\&quot;,0,                    win32con.KEY_READ) &#xA;   NameError: name 'HKEY_LOCAL_MACHINE' is not defined&lt;/p&gt;&#xA;&#xA;&lt;p&gt;I've looked up the win32api documentation and I reckon I gave the functinon the right argument...&#xA;Can anyone pleae help out or give me any hint?&#xA;thanks in advance&lt;/p&gt;&#xA;</Body>
<Tags>python,python-2.7,pywin32</Tags>
</question>
<answer>
<Body>&lt;p&gt;&lt;code&gt;HKEY_LOCAL_MACHINE&lt;/code&gt; is a constant defined in the &lt;code&gt;win32con&lt;/code&gt; module.  You need to use the fully-qualified name.  Try this:&lt;/p&gt;&#xA;&#xA;&lt;pre&gt;&lt;code&gt;reghandle = win32api.RegOpenKeyEx(win32con.HKEY_LOCAL_MACHINE,&quot;SOFTWARE\\Google\\&quot;,0,win32con.KEY_READ)&#xA;&lt;/code&gt;&lt;/pre&gt;&#xA;</Body>
</answer>
