<question>
<Title>&quot;Connecting&quot; SDL_Surface to shared_ptr</Title>
<Body>&lt;p&gt;I'd like to know how can I connect SDL_Surface* with shared_ptr?&lt;br&gt;&#xA;I need to call &lt;code&gt;SDL_FreeSurface(SDL_Surface*)&lt;/code&gt; before I delete &lt;code&gt;SDL_Surface&lt;/code&gt;. How can I &quot;modify deletion process&quot; in shared_ptr?&lt;/p&gt;&#xA;</Body>
<Tags>c++,sdl,shared-ptr</Tags>
</question>
<answer>
<Body>&lt;p&gt;Just pass SDL_FreeSurface to the constructor:&lt;/p&gt;&#xA;&#xA;&lt;pre&gt;&lt;code&gt;std::shared_ptr&amp;lt;SDL_Surface&amp;gt; shared_surf(SDL_LoadBMP(&quot;foo.bmp&quot;), SDL_FreeSurface);&#xA;&lt;/code&gt;&lt;/pre&gt;&#xA;&#xA;&lt;p&gt;Just be sure you don't do this with the pointer returned by &lt;code&gt;SDL_SetVideoMode&lt;/code&gt; or &lt;code&gt;SDL_GetVideoSurface&lt;/code&gt;.&lt;/p&gt;&#xA;</Body>
</answer>
