<question>
<Title>Parsing something similar to C++</Title>
<Body>&lt;p&gt;I want to parse an input file that has syntax similar to c++ source.  The file will have components such as these:&lt;/p&gt;&#xA;&#xA;&lt;pre&gt;&lt;code&gt;//It will have comments.&#xA;//It will be able to recursively open other files.&#xA;include OtherInputFile.txt&#xA;//It will resolve scope&#xA;ObjectName::MemberVariable = 0.0;&#xA;OtherObjectName&#xA;{&#xA;  MemberVariable1 = 1.0;&#xA;  MemberVariable2 = 2.0;&#xA;}&#xA;&lt;/code&gt;&lt;/pre&gt;&#xA;&#xA;&lt;p&gt;The trouble is, I have no idea what I'm doing.  I suppose what I need is a textbook chapter on parsing to orient myself to what technologies or algorithms are available.&lt;/p&gt;&#xA;</Body>
<Tags>c++,parsing</Tags>
</question>
<answer>
<Body>&lt;blockquote&gt;&#xA;  &lt;p&gt;I want to parse an input file that has syntax similar to c++ source&lt;/p&gt;&#xA;&lt;/blockquote&gt;&#xA;&#xA;&lt;p&gt;Pray it doesn't have templates, preprocessor, operator overloading and multiple inheritance. Otherwise you're in trouble.&lt;/p&gt;&#xA;&#xA;&lt;blockquote&gt;&#xA;  &lt;p&gt;I have no idea what I'm doing&lt;/p&gt;&#xA;&lt;/blockquote&gt;&#xA;&#xA;&lt;p&gt;Investigate Lex/Yacc. Read book about the parsing or google the subject (&quot;how to make a language&quot;). Some of those tools have tutorials and documentation links. I could swear I saw either bison or yacc or lexx tutorial that had mentioned book that was called &quot;how to write a compiler&quot; or something like that, but that was so long ago, that I don't remember what tool was that, or what was the book called.&lt;/p&gt;&#xA;&#xA;&lt;p&gt;The principle is basically the same: you define language grammar (C++ standard has language grammar example in one of appendices), split input file into tokens (throwing errors if tokens don't match grammar), then classify tokens (what is it? opening bracket, identifier, function name ?) and build a tree out of those tokens which is then converted into corresponding language objects/function calls etc. Depending on complexity of your language, you might skip most of the steps and wrestle input file into submission using bunch of regexps. &lt;/p&gt;&#xA;</Body>
</answer>
<answer>
<Body>&lt;p&gt;Lots of tools exist to build parsers:&lt;/p&gt;&#xA;&#xA;&lt;ul&gt;&#xA;&lt;li&gt;&lt;p&gt;&lt;a href=&quot;http://en.wikipedia.org/wiki/Lex_%28software%29&quot; rel=&quot;nofollow noreferrer&quot;&gt;lex&lt;/a&gt; and &lt;a href=&quot;http://en.wikipedia.org/wiki/Yacc&quot; rel=&quot;nofollow noreferrer&quot;&gt;yacc&lt;/a&gt;&lt;/p&gt;&lt;/li&gt;&#xA;&lt;li&gt;&lt;p&gt;&lt;a href=&quot;http://westes.github.io/flex/manual/&quot; rel=&quot;nofollow noreferrer&quot;&gt;flex&lt;/a&gt; and &lt;a href=&quot;http://www.gnu.org/software/bison/&quot; rel=&quot;nofollow noreferrer&quot;&gt;bison&lt;/a&gt;&lt;/p&gt;&lt;/li&gt;&#xA;&lt;li&gt;&lt;p&gt;&lt;a href=&quot;http://www.antlr.org/&quot; rel=&quot;nofollow noreferrer&quot;&gt;antlr&lt;/a&gt;&lt;/p&gt;&lt;/li&gt;&#xA;&lt;li&gt;&lt;p&gt;&lt;a href=&quot;http://boost-spirit.com/home/&quot; rel=&quot;nofollow noreferrer&quot;&gt;boost::spirit&lt;/a&gt;&lt;/p&gt;&lt;/li&gt;&#xA;&lt;li&gt;&lt;p&gt;&lt;a href=&quot;http://www.ssw.uni-linz.ac.at/Research/Projects/Coco/&quot; rel=&quot;nofollow noreferrer&quot;&gt;Coco/R&lt;/a&gt;&lt;/p&gt;&lt;/li&gt;&#xA;&lt;/ul&gt;&#xA;</Body>
</answer>
