<question>
<Title>std::function with non-static member functions</Title>
<Body>&lt;p&gt;i'm trying to understand a concept and an error. what's wrong with this?&lt;/p&gt;&#xA;&#xA;&lt;pre&gt;&lt;code&gt;class A&#xA;{&#xA;public:&#xA;    A()&#xA;    {&#xA;        std::function&amp;lt;void(int)&amp;gt; testFunc(&amp;amp;A::func);&#xA;    }&#xA;&#xA;private:&#xA;    void func(int) {}&#xA;}&#xA;&lt;/code&gt;&lt;/pre&gt;&#xA;&#xA;&lt;p&gt;my question, is it possible to create any sort of object that is able to call a member of a specific instance where std::function acts like a member function pointer, except without the wacky type definition that can't be used as function parameters in inheriting classes. for example:&lt;/p&gt;&#xA;&#xA;&lt;pre&gt;&lt;code&gt;class A&#xA;{&#xA;public:&#xA;    A()&#xA;    {&#xA;         index[WM_CREATE] = &amp;amp;A::close;&#xA;         index[WM_DESTROY] = &amp;amp;A::destroy;&#xA;    }&#xA;&#xA;protected:&#xA;    map&amp;lt;UINT msg, void (A::*)(HWND, UINT , WPARAM, LPARAM)&amp;gt; index;&#xA;    void close(HWND,UINT, WPARAM, LPARAM);&#xA;    void destroy(HWND, UINT, WPARAM, LPARAM);&#xA;};&#xA;&#xA;class B : public A&#xA;{&#xA;public:&#xA;    B()&#xA;    {&#xA;        index[WM_CREATE] = &amp;amp;B::create; // error because it's not a pointer of type A::*&#xA;    }&#xA;private:&#xA;    void create(HWND, UINT, WPARAM, LPARAM);&#xA;&#xA;};&#xA;&lt;/code&gt;&lt;/pre&gt;&#xA;&#xA;&lt;p&gt;I'm thinking i'm on the right track of using std::functions like so:&lt;/p&gt;&#xA;&#xA;&lt;pre&gt;&lt;code&gt;class A&#xA;{&#xA;public:             //         Gigantic stl error with these two&#xA;    A()             //                         |&#xA;    {               //                         V&#xA;         index[WM_CREATE] = std::function&amp;lt;void(HWND, UINT, WPARAM, LPARAM&amp;gt;(&amp;amp;A::close);&#xA;         index[WM_DESTROY] = std::function&amp;lt;void(HWND, UINT, WPARAM, LPARAM&amp;gt;(&amp;amp;A::destroy);&#xA;    }&#xA;&#xA;protected:&#xA;    map&amp;lt;UINT msg, std::function&amp;lt;void(HWND, UINT, WPARAM, LPARAM)&amp;gt; &amp;gt; index;&#xA;    void close(HWND,UINT, WPARAM, LPARAM);&#xA;    void destroy(HWND, UINT, WPARAM, LPARAM);&#xA;};&#xA;&#xA;class B : public A&#xA;{&#xA;public:                    //               and this one&#xA;    B()                    //                     |&#xA;    {                      //                     V&#xA;        index[WM_CREATE] = std::function&amp;lt;void(HWND, UINT, WPARAM, LPARAM)&amp;gt;(&amp;amp;B::create);&#xA;    }&#xA;private:&#xA;    void create(HWND, UINT, WPARAM, LPARAM);&#xA;&#xA;};&#xA;&lt;/code&gt;&lt;/pre&gt;&#xA;&#xA;&lt;p&gt;if someone could explain what these giant cryptic errors mean and how to fix them, i would greatly appreciate it.&lt;/p&gt;&#xA;</Body>
<Tags>c++,winapi,visual-studio-2010</Tags>
</question>
<answer>
<Body>&lt;blockquote&gt;&#xA;  &lt;p&gt;my question, is it possible to create any sort of object that is able to call a member of a specific instance&lt;/p&gt;&#xA;&lt;/blockquote&gt;&#xA;&#xA;&lt;p&gt;In this case the only information that is missing is in fact what specific instance the &lt;code&gt;std::function&lt;/code&gt; object should use: &lt;code&gt;&amp;amp;A::func&lt;/code&gt; can't be used on its own (for instance &lt;code&gt;(this-&amp;gt;*&amp;amp;A::func)(0)&lt;/code&gt; uses &lt;code&gt;&amp;amp;A::func&lt;/code&gt; with instance &lt;code&gt;*this&lt;/code&gt;). Try:&lt;/p&gt;&#xA;&#xA;&lt;pre&gt;&lt;code&gt;std::function&amp;lt;void(int)&amp;gt; testFunc = std::bind(&amp;amp;A::func, this);&#xA;&lt;/code&gt;&lt;/pre&gt;&#xA;&#xA;&lt;p&gt;(Be careful that &lt;code&gt;std::bind(&amp;amp;A::func, *this)&lt;/code&gt; and &lt;code&gt;std::bind(&amp;amp;A::func, this)&lt;/code&gt; have slightly different semantics.)&lt;/p&gt;&#xA;</Body>
</answer>
<answer>
<Body>&lt;p&gt;I think the problem you are having is that a member function requires not only a function pointer, but a pointer to the calling object.  In other words, member functions have an additional implicit argument that is the pointer to the calling object. &lt;/p&gt;&#xA;&#xA;&lt;p&gt;To set a member function to a std::function, you need to use std::bind like this:&lt;/p&gt;&#xA;&#xA;&lt;pre&gt;&lt;code&gt;std::function&amp;lt;void(int)&amp;gt; testFunc(std::bind(&amp;amp;A::func, this, _1));&#xA;&lt;/code&gt;&lt;/pre&gt;&#xA;&#xA;&lt;p&gt;This binds the this pointer of the current A instance to the function so it has the function pointer and the object instance, which is enough information to properly call the function.  The _1 argument indicates that the first explicit argument will be provided when the function is called.&lt;/p&gt;&#xA;</Body>
</answer>
<answer>
<Body>&lt;p&gt;With c++11 you can also use lambdas which are slightly easier to read than &lt;code&gt;std::bind&lt;/code&gt;:&lt;/p&gt;&#xA;&#xA;&lt;pre&gt;&lt;code&gt;index[WM_CREATE] = [this](HWND h, UINT u, WPARAM w, LPARAM l)&#xA;{&#xA;  create(h, u, w, l);&#xA;}&#xA;&lt;/code&gt;&lt;/pre&gt;&#xA;</Body>
</answer>
