<question>
<Title>How do I build a static library and executable with Qt?</Title>
<Body>&lt;p&gt;To simplify the situation, lets say that there are 2 files: &lt;code&gt;core.cpp&lt;/code&gt; and &lt;code&gt;main.cpp&lt;/code&gt;. &lt;/p&gt;&#xA;&#xA;&lt;p&gt;&lt;code&gt;core.cpp&lt;/code&gt; contains the functionality of the program and &lt;code&gt;main.cpp&lt;/code&gt; contains the basic &lt;code&gt;main()&lt;/code&gt; implementation. &lt;/p&gt;&#xA;&#xA;&lt;p&gt;I want Qt (using qmake and the .pro files) to &lt;/p&gt;&#xA;&#xA;&lt;ul&gt;&#xA;&lt;li&gt;first build &lt;code&gt;core.a&lt;/code&gt; and then &lt;/li&gt;&#xA;&lt;li&gt;use that and &lt;code&gt;main.cpp&lt;/code&gt; to build &lt;code&gt;main.exe&lt;/code&gt;. &lt;/li&gt;&#xA;&lt;/ul&gt;&#xA;&#xA;&lt;p&gt;How do I set this up in the qmake file?&lt;/p&gt;&#xA;</Body>
<Tags>c++,qt,qmake</Tags>
</question>
<answer>
<Body>&lt;p&gt;Filesystem layout:&lt;/p&gt;&#xA;&#xA;&lt;pre&gt;&lt;code&gt;MyProject&#xA;|_ myproject.pro&#xA;|_ core&#xA;   |_ core.cpp&#xA;   |_ core.h&#xA;   |_ core.pro&#xA;|_ app&#xA;   |_ main.cpp&#xA;   |_ app.pro&#xA;&lt;/code&gt;&lt;/pre&gt;&#xA;&#xA;&lt;p&gt;myproject.pro:&lt;/p&gt;&#xA;&#xA;&lt;pre&gt;&lt;code&gt;TEMPLATE = subdirs&#xA;CONFIG += ordered&#xA;SUBDIRS = core \&#xA;          app&#xA;app.depends = core&#xA;&lt;/code&gt;&lt;/pre&gt;&#xA;&#xA;&lt;p&gt;core.pro:&lt;/p&gt;&#xA;&#xA;&lt;pre&gt;&lt;code&gt;TEMPLATE = lib&#xA;CONFIG += staticlib&#xA;HEADERS = core.h&#xA;SOURCES = core.cpp&#xA;&lt;/code&gt;&lt;/pre&gt;&#xA;&#xA;&lt;p&gt;app.pro:&lt;/p&gt;&#xA;&#xA;&lt;pre&gt;&lt;code&gt;TEMPLATE = app&#xA;SOURCES = main.cpp&#xA;LIBS += -L../core -lcore&#xA;TARGET = ../app-exe # move executable one dire up&#xA;&lt;/code&gt;&lt;/pre&gt;&#xA;</Body>
</answer>
<answer>
<Body>&lt;p&gt;If you are utilizing resources in your static library you should import them in your application as well. &lt;code&gt;Q_INIT_RESOURCE&lt;/code&gt; is the way of importing a resource file into the application. &lt;/p&gt;&#xA;&#xA;&lt;p&gt;Assume that you have a resources file with file name as &lt;code&gt;myResources.qrc&lt;/code&gt; in static library. Then, you should initialize this in the app as given below:&lt;/p&gt;&#xA;&#xA;&lt;pre&gt;&lt;code&gt;QApplication a(argc, argv);&#xA;&#xA;Q_INIT_RESOURCE(resources); //Magic is here.&#xA;&#xA;MainWindow w;&#xA;w.show();&#xA;a.exec();&#xA;&lt;/code&gt;&lt;/pre&gt;&#xA;&#xA;&lt;p&gt;The .pro file might be modified as given below for the great example given by Masci:&lt;/p&gt;&#xA;&#xA;&lt;pre&gt;&lt;code&gt;TEMPLATE = lib&#xA;CONFIG += staticlib&#xA;HEADERS = core.h&#xA;SOURCES = core.cpp&#xA;RESOURCES += myResources.qrc&#xA;&lt;/code&gt;&lt;/pre&gt;&#xA;</Body>
</answer>
