<question>
<Title>Decode JPEG to obtain uncompressed data </Title>
<Body>&lt;p&gt;I want to decode JPEG files and obtain uncompressed decoded output in BMP/RGB format.I am using GNU/Linux, and C/C++.&lt;/p&gt;&#xA;&#xA;&lt;p&gt;I had a look at libjpeg, but there seemed not to be any good documentation available.&#xA;So my questions are:&lt;/p&gt;&#xA;&#xA;&lt;ol&gt;&#xA;&lt;li&gt;Where is documentation on libjpeg?&lt;/li&gt;&#xA;&lt;li&gt;Can you suggest other C-based jpeg-decompression libraries?&lt;/li&gt;&#xA;&lt;/ol&gt;&#xA;</Body>
<Tags>c++,c,linux,jpeg,decode</Tags>
</question>
<answer>
<Body>&lt;p&gt;MagickWand is the C API for ImageMagick:&lt;/p&gt;&#xA;&#xA;&lt;p&gt;&lt;a href=&quot;http://imagemagick.org/script/magick-wand.php&quot; rel=&quot;nofollow noreferrer&quot;&gt;http://imagemagick.org/script/magick-wand.php&lt;/a&gt;&lt;/p&gt;&#xA;&#xA;&lt;p&gt;I have not used it, but the documentation looks quite extensive.&lt;/p&gt;&#xA;</Body>
</answer>
<answer>
<Body>&lt;p&gt;You should check out Qt's QImage.  It has a pretty easy interface that makes this task really easy.  Setup is pretty simple for every platform.&lt;/p&gt;&#xA;&#xA;&lt;p&gt;If Qt is overkill, you can try Magick++ &lt;a href=&quot;http://www.imagemagick.org/Magick++/&quot; rel=&quot;nofollow noreferrer&quot;&gt;http://www.imagemagick.org/Magick++/&lt;/a&gt;.  It supports similar operations and is also well suited for that sort of task.  The last time I used it, I struggled a bit with dependencies for it on Windows, but don't recall much trouble on Linux.&lt;/p&gt;&#xA;&#xA;&lt;p&gt;For Magick++'s Image class, the function you probably want is getConstPixels.&lt;/p&gt;&#xA;</Body>
</answer>
<answer>
<Body>&lt;p&gt;The documentation for libjpeg comes with the source-code. Since you haven't found it yet: &lt;/p&gt;&#xA;&#xA;&lt;p&gt;Download the source-code archive and open the file &lt;strong&gt;libjpeg.doc&lt;/strong&gt;. It's a plain ASCII file, not a word document, so better open it in notepad or another ASCII editor.&lt;/p&gt;&#xA;&#xA;&lt;p&gt;There are some other .doc files as well. Most of them aren't that interesting though.&lt;/p&gt;&#xA;&#xA;&lt;p&gt;Unfortunately I cannot recommend any other library besides libjpeg. I tried a couple of alternatives, but Libjpeg always won. Is pretty easy to work with once you have the basics done. Also it's  the most complete and most stable jpeg library out there.&lt;/p&gt;&#xA;</Body>
</answer>
<answer>
<Body>&lt;p&gt;I have code that you can copy ( or just use as a reference ) for loading a jpeg image using the libjpeg library.&lt;BR&gt;&lt;BR&gt;&#xA;You can browse the code here: &lt;a href=&quot;http://code.google.com/p/kgui/source/browse/trunk/kguiimage.cpp&quot; rel=&quot;nofollow noreferrer&quot;&gt;http://code.google.com/p/kgui/source/browse/trunk/kguiimage.cpp&lt;/a&gt;&lt;BR&gt;&lt;BR&gt;&#xA;Just look for the function &lt;strong&gt;LoadJPGImage&lt;/strong&gt;.&lt;BR&gt;&lt;BR&gt;&#xA;The code is setup to handle c++ binding of my &lt;strong&gt;DataHandle&lt;/strong&gt; class to it for loading the image, that way the image can be a file or data already in memory or whatever.&lt;BR&gt; &lt;/p&gt;&#xA;</Body>
</answer>
<answer>
<Body>&lt;p&gt;A slightly out of the box solution is to acquire a copy of the &lt;a href=&quot;http://netpbm.sourceforge.net/&quot; rel=&quot;nofollow noreferrer&quot;&gt;netpbm&lt;/a&gt; tools, which transform images from pretty much any format to any other format via one of several very simple intermediate formats. They work well from the shell, and are most often used in pipes to read some arbitrary image, perform an operation on it, and write it out to some other format.&lt;/p&gt;&#xA;&#xA;&lt;p&gt;The pbm formats can be as simple as a plain ASCII header followed by the RGB data in ASCII or binary. They are intended to be simple enough to use without required a library to implement.&lt;/p&gt;&#xA;&#xA;&lt;p&gt;JPEG is supported in netpbm by read and write filters that are implemented on top of libjpeg.&lt;/p&gt;&#xA;</Body>
</answer>
