<question>
<Title>Replace the same string several times with different strings in a file using bash</Title>
<Body>&lt;p&gt;I have a file with this content&lt;/p&gt;&#xA;&#xA;&lt;pre&gt;&lt;code&gt;  import os&#xA;  import sys&#xA;&#xA;  sys.path.append('/home/user/dj/project/')&#xA;  sys.path.append('/home/user/dj/')&#xA;&#xA;  os.environ.setdefault(&quot;DJANGO_SETTINGS_MODULE&quot;, &quot;proj.settings&quot;)&#xA;&#xA;  import django.core.handlers.wsgi&#xA;  application = django.core.handlers.wsgi.WSGIHandler()&#xA;&lt;/code&gt;&lt;/pre&gt;&#xA;&#xA;&lt;p&gt;&lt;code&gt;/home/user/dj/proj/&lt;/code&gt; and &lt;code&gt;/home/user/dj/&lt;/code&gt; could be other, unknown values.&lt;/p&gt;&#xA;&#xA;&lt;p&gt;I have a bash script to do an installation, and in there I want to execute something to change those lines to this&lt;/p&gt;&#xA;&#xA;&lt;pre&gt;&lt;code&gt;  import os&#xA;  import sys&#xA;&#xA;  sys.path.append('/var/django/proj/')&#xA;  sys.path.append('/var/django/')&#xA;&#xA;  os.environ.setdefault(&quot;DJANGO_SETTINGS_MODULE&quot;, &quot;proj.settings&quot;)&#xA;&#xA;  import django.core.handlers.wsgi&#xA;  application = django.core.handlers.wsgi.WSGIHandler()&#xA;&lt;/code&gt;&lt;/pre&gt;&#xA;&#xA;&lt;p&gt;I tried with &lt;code&gt;sed&lt;/code&gt; but I had troubles with greediness in regex.&lt;/p&gt;&#xA;&#xA;&lt;p&gt;I tried with &lt;code&gt;perl -pi -e s/str1/str2/&lt;/code&gt; but I had troubles because perl repaces all occurences.&lt;/p&gt;&#xA;&#xA;&lt;p&gt;&lt;strong&gt;EDIT:&lt;/strong&gt; &#xA;To clarify, I want to replace only the values inside the single quotes. i.e:&lt;/p&gt;&#xA;&#xA;&lt;p&gt;&lt;code&gt;sys.path.append('foo')&lt;/code&gt; with &lt;code&gt;sys.path.append('what I want')&lt;/code&gt; and&lt;/p&gt;&#xA;&#xA;&lt;p&gt;&lt;code&gt;sys.path.append('bar')&lt;/code&gt; with &lt;code&gt;sys.path.append('the second thing I want')&lt;/code&gt;&lt;/p&gt;&#xA;&#xA;&lt;p&gt;and &lt;code&gt;bar&lt;/code&gt; could be different or equal to &lt;code&gt;foo&lt;/code&gt;&lt;/p&gt;&#xA;</Body>
<Tags>python,regex,perl,bash,replace</Tags>
</question>
<answer>
<Body>&lt;pre&gt;&lt;code&gt;sed 's@home/user/[^/]*@var/django@' file&#xA;&lt;/code&gt;&lt;/pre&gt;&#xA;&#xA;&lt;p&gt;is it what you are looking for? &lt;/p&gt;&#xA;&#xA;&lt;p&gt;it will replace /home/user/any_user to /var/django&lt;/p&gt;&#xA;</Body>
</answer>
<answer>
<Body>&lt;p&gt;As a basis for your solution: &lt;/p&gt;&#xA;&#xA;&lt;pre&gt;&lt;code&gt; replStr=&quot;/var/django&quot;&#xA; echo &quot;sys.path.append('/home/user/dj/project/')&quot; \&#xA;| sed &quot;s@sys.path.append('[^'][^']*[']@sys.path.append('${replStr}'@&quot;&#xA;&lt;/code&gt;&lt;/pre&gt;&#xA;&#xA;&lt;p&gt;&lt;strong&gt;output&lt;/strong&gt;&lt;/p&gt;&#xA;&#xA;&lt;pre&gt;&lt;code&gt;sys.path.append('/var/django')&#xA;&lt;/code&gt;&lt;/pre&gt;&#xA;&#xA;&lt;p&gt;The trick to getting a non-greedy solution, is to say &quot;[^']&quot; (any char not a sngl-quote).&#xA;Adding the second &quot;[^']*&quot; (and the star), make the whole setting say, &quot;at least 1 char that is not a single-quote&quot;. Then you add a single-quote (I use the char-class container to make it more visible, it may not be needed).&lt;/p&gt;&#xA;&#xA;&lt;p&gt;When a search target is known, I prefer just to match it, and then type it out again in my replacment string, rather than try to capture the value inside of ()s and reference with \1. again, just that it makes what is happening a little more obvious to a maintenance coder. &lt;/p&gt;&#xA;&#xA;&lt;p&gt;I hope this helps&lt;/p&gt;&#xA;</Body>
</answer>
<answer>
<Body>&lt;p&gt;I ran this on the bash command line against a carbon copy of your code (&lt;code&gt;filename&lt;/code&gt;) and it worked a treat;&lt;/p&gt;&#xA;&#xA;&lt;pre&gt;&lt;code&gt;sed s/sys\.path\.append\(\'.*\'\)/sys\.path\.append\(\'\\/var\\/django\\/proj\\/\'\)/ filename&#xA;&lt;/code&gt;&lt;/pre&gt;&#xA;&#xA;&lt;p&gt;There's a lot of escaping but works a treat if you're wanting to affect all sys.path.append() calls in your programs.  Obviously, it's easy to tweak to work with other function/method calls.&lt;/p&gt;&#xA;</Body>
</answer>
<answer>
<Body>&lt;p&gt;If you want a bash script that you can run against any program to change the string passed into any given function then you could use this;&lt;/p&gt;&#xA;&#xA;&lt;pre&gt;&lt;code&gt;#!/bin/bash&#xA;&#xA;# Usage:  replacer.bash funcname repstring inputfile&#xA;#         funcname - function/method to affect&#xA;#         repstring - replacement string that you want passed into the function/method&#xA;#         inputfile - program/script to process&#xA;&#xA;function main&#xA;{&#xA;    fun=$1&#xA;    shift&#xA;    text=$1&#xA;    shift&#xA;&#xA;    sed &quot;s@\\($fun\\)(\'.*\')@\\1\(\'$text\'\)@&quot; $1&#xA;}&#xA;&#xA;main $* &#xA;&lt;/code&gt;&lt;/pre&gt;&#xA;&#xA;&lt;p&gt;Example;&lt;/p&gt;&#xA;&#xA;&lt;pre&gt;&lt;code&gt;replacer.bash sys.path.append /var/django/proj/ myprog &amp;gt; myprog.new&#xA;&lt;/code&gt;&lt;/pre&gt;&#xA;</Body>
</answer>
<answer>
<Body>&lt;p&gt;I finally used this&lt;/p&gt;&#xA;&#xA;&lt;pre&gt;&lt;code&gt;sed -i &quot;1,/sys.path.append/ {/sys.path.append/i sys.path.append('$HOMEDIR/')\nsys.path.append('/home/$SYS_USER/')&#xA;}&quot; $HOMEDIR/wsgi.py&#xA;&lt;/code&gt;&lt;/pre&gt;&#xA;&#xA;&lt;p&gt;with that carriage return before the &lt;code&gt;}&lt;/code&gt;&lt;/p&gt;&#xA;&#xA;&lt;p&gt;is the only thing that worked for me.&lt;/p&gt;&#xA;</Body>
</answer>
