<question>
<Title>Opengl linux undefined reference to basic functions</Title>
<Body>&lt;p&gt;I wrote a program on Ubuntu 11.04 that uses freeglut. It worked fine. Then I got another computer and tried to run the program on a fresh install of Ubuntu 11.04. Doesn't work. So I installed&lt;/p&gt;&#xA;&#xA;&lt;p&gt;&lt;code&gt;&lt;code&gt;sudo apt-get install freeglut3 freeglut3-dev libglew1.5 libglew1.5-dev libglu1-mesa libglu&lt;/code&gt;1-mesa-dev libgl1-mesa-glx libgl1-mesa-dev mesa-common-dev gcc&lt;/code&gt;&lt;/p&gt;&#xA;&#xA;&lt;p&gt;and tried to run the program, which imports&lt;/p&gt;&#xA;&#xA;&lt;pre&gt;&lt;code&gt;&#xA;&#xA;    #include &amp;lt;GL/freeglut.h&amp;gt;&#xA;    #include &amp;lt;GL/gl.h&amp;gt;&#xA;    #include &amp;lt;GL/glu.h&amp;gt;&#xA;&lt;/code&gt;&lt;/pre&gt;&#xA;&#xA;&lt;p&gt;using the command&lt;/p&gt;&#xA;&#xA;&lt;p&gt;&lt;code&gt;g++ -lGL -lGLU -lglut Driver.cpp -o a&lt;/code&gt;&lt;/p&gt;&#xA;&#xA;&lt;p&gt;However the linker or whatever spits out like 200 errors of the form:&lt;/p&gt;&#xA;&#xA;&lt;pre&gt;&lt;code&gt;&#xA;&#xA;    Driver.cpp:(.text+0x3c6b): undefined reference to `glutSolidSphere'&#xA;    Driver.cpp:(.text+0x3c75): undefined reference to `glEnable'&#xA;    Driver.cpp:(.text+0x3c9a): undefined reference to `glColor4f'&#xA;    Driver.cpp:(.text+0x3cb5): undefined reference to `glRotatef'&#xA;    Driver.cpp:(.text+0x3d02): undefined reference to `glutSolidSphere'&#xA;    Driver.cpp:(.text+0x3d07): undefined reference to `glutSwapBuffers'&#xA;&#xA;&lt;/code&gt;&lt;/pre&gt;&#xA;&#xA;&lt;p&gt;What is the cause of the problem?&lt;/p&gt;&#xA;</Body>
<Tags>c++,linux,opengl</Tags>
</question>
<answer>
<Body>&lt;p&gt;The order in which you specify the objects you want to link to (including static and dynamic libraries) can matter.&lt;/p&gt;&#xA;&#xA;&lt;p&gt;Try with:&lt;/p&gt;&#xA;&#xA;&lt;pre&gt;&lt;code&gt;g++ Driver.cpp -lGL -lGLU -lglut  -o a&#xA;&lt;/code&gt;&lt;/pre&gt;&#xA;&#xA;&lt;p&gt;(Not sure about the order of the libs, but that looks ok.)&lt;/p&gt;&#xA;&#xA;&lt;p&gt;The idea when you build your command line is that if &lt;code&gt;a&lt;/code&gt; requires a symbol from &lt;code&gt;b&lt;/code&gt;, &lt;code&gt;b&lt;/code&gt; must appear &lt;em&gt;after&lt;/em&gt; &lt;code&gt;a&lt;/code&gt; in the command line.&lt;/p&gt;&#xA;&#xA;&lt;p&gt;The link order problem happens (or not) with GCC/ld for shared libraries depending on (most likely among other things - I'm no expert here) whether the &lt;code&gt;--as-needed&lt;/code&gt; link flag is set or not. (See for instance the before-last item in Gentoo's &lt;a href=&quot;http://www.gentoo.org/proj/en/qa/asneeded.xml&quot; rel=&quot;noreferrer&quot;&gt;as-needed&lt;/a&gt; transition guide.)&lt;br&gt;&#xA;The linking process eliminates un-needed symbols ASAP when &lt;code&gt;--as-needed&lt;/code&gt; is active, which causes problems if the link order is not &quot;correct&quot;. This is done to reduce the number of un-necessary dependencies present in final executables.&lt;br&gt;&#xA;This doesn't happen (or less so) if &lt;code&gt;--as-needed&lt;/code&gt; is not active - all symbols are kept in that case, and link order doesn't matter as much (more or less - again, I'm no expert.)&lt;/p&gt;&#xA;&#xA;&lt;p&gt;Since different distributions use different defaults for that flag, the behavior of GCC might seem inconsistent, but that's just an impression.&lt;/p&gt;&#xA;</Body>
</answer>
