<question>
<Title>int([x[, base]]). Square brackets in functions in Python documentation?</Title>
<Body>&lt;p&gt;What is the meaning of the square brackets inside the round brackets of a function in the Python documentation?&lt;/p&gt;&#xA;&#xA;&lt;p&gt;E.g.: &lt;/p&gt;&#xA;&#xA;&lt;p&gt;&lt;a href=&quot;http://docs.python.org/library/functions.html#help&quot; rel=&quot;noreferrer&quot;&gt;&lt;strong&gt;help&lt;/strong&gt;&lt;/a&gt;(&lt;b&gt;[&lt;/b&gt;&lt;em&gt;object&lt;/em&gt;&lt;b&gt;]&lt;/b&gt;)&lt;/p&gt;&#xA;&#xA;&lt;p&gt;or &lt;/p&gt;&#xA;&#xA;&lt;p&gt;&lt;a href=&quot;http://docs.python.org/library/functions.html#int&quot; rel=&quot;noreferrer&quot;&gt;&lt;strong&gt;int&lt;/strong&gt;&lt;/a&gt;(&lt;b&gt;[&lt;/b&gt;&lt;em&gt;x&lt;/em&gt;&lt;b&gt;[&lt;/b&gt;, &lt;em&gt;base&lt;/em&gt;&lt;b&gt;]]&lt;/b&gt;)&lt;/p&gt;&#xA;</Body>
<Tags>python,function,brackets</Tags>
</question>
<answer>
<Body>&lt;p&gt;These are optional arguments. You need not specify them, but you may want to use them for specific functionality.&lt;/p&gt;&#xA;&#xA;&lt;blockquote&gt;&#xA;  &lt;p&gt;When one or more top-level parameters have the form parameter =&#xA;  expression, the function is said to have “default parameter values.”&#xA;  For a parameter with a default value, the corresponding argument may&#xA;  be omitted from a call, in which case the parameter’s default value is&#xA;  substituted. If a parameter has a default value, all following&#xA;  parameters must also have a default value — this is a syntactic&#xA;  restriction that is not expressed by the grammar.&lt;/p&gt;&#xA;&lt;/blockquote&gt;&#xA;&#xA;&lt;p&gt;&lt;a href=&quot;http://docs.python.org/reference/compound_stmts.html#function-definitions&quot; rel=&quot;nofollow&quot;&gt;source&lt;/a&gt;&lt;/p&gt;&#xA;</Body>
</answer>
<answer>
<Body>&lt;p&gt;Everything that is in square brackets is optional, i.e. you can omit it. If the square brackets contain more than 1 argument, you can't choose which ones to omit, you must either specify all of them, or none.&lt;br&gt;&#xA;That's where nested brackets come in handy:&lt;/p&gt;&#xA;&#xA;&lt;pre&gt;int(&lt;b&gt;[&lt;/b&gt;&lt;i&gt;x&lt;/i&gt;&lt;b&gt;[&lt;/b&gt;, &lt;i&gt;base&lt;/i&gt;&lt;b&gt;]]&lt;/b&gt;)&lt;/pre&gt;&#xA;&#xA;&lt;p&gt;Here, for example, you can use &lt;code&gt;int()&lt;/code&gt; without arguments (by omitting the whole outer bracket) or &lt;code&gt;int(x)&lt;/code&gt; (by omitting the inner bracket) or &lt;code&gt;int(x, base)&lt;/code&gt;. But not &lt;code&gt;int(base)&lt;/code&gt; (well, that would just mean &lt;code&gt;int(x)&lt;/code&gt;).&lt;/p&gt;&#xA;&#xA;&lt;p&gt;This isn't actual Python syntax, just a way for documentation to be clearer. Python 3's documentation tries to avoid these brackets.&lt;/p&gt;&#xA;</Body>
</answer>
