<question>
<Title>Hashing an immutable dictionary in Python</Title>
<Body>&lt;p&gt;&lt;strong&gt;Short version:&lt;/strong&gt; What's the best hashing  algorithm for a multiset implemented as a dictionary of unordered items?&lt;/p&gt;&#xA;&#xA;&lt;p&gt;I'm trying to hash an immutable multiset (which is a bag or multiset in other languages: like a mathematical set except that it can hold more than one of each element) implemented as a dictionary. I've created a subclass of the standard library class &lt;code&gt;collections.Counter&lt;/code&gt;, similar to the advice here: &lt;a href=&quot;https://stackoverflow.com/questions/1151658/python-hashable-dicts&quot;&gt;Python hashable dicts&lt;/a&gt;, which recommends a hash function like so:&lt;/p&gt;&#xA;&#xA;&lt;pre class=&quot;lang-python prettyprint-override&quot;&gt;&lt;code&gt;class FrozenCounter(collections.Counter):&#xA;    # ...&#xA;    def __hash__(self):&#xA;        return hash(tuple(sorted(self.items())))&#xA;&lt;/code&gt;&lt;/pre&gt;&#xA;&#xA;&lt;p&gt;Creating the full tuple of items takes up a lot of memory (relative to, say, using a generator) and hashing will occur in an extremely memory intensive part of my application. More importantly, my dictionary keys (multiset elements) probably won't be order-able.&lt;/p&gt;&#xA;&#xA;&lt;p&gt;I'm thinking of using this algorithm:&lt;/p&gt;&#xA;&#xA;&lt;pre class=&quot;lang-python prettyprint-override&quot;&gt;&lt;code&gt;def __hash__(self):&#xA;    return functools.reduce(lambda a, b: a ^ b, self.items(), 0)&#xA;&lt;/code&gt;&lt;/pre&gt;&#xA;&#xA;&lt;p&gt;I figure using bitwise XOR means &lt;strong&gt;order doesn't matter for the hash value unlike in the hashing of a tuple?&lt;/strong&gt; I suppose I could semi-implement the Python tuple-hashing alogrithm on the unordered stream of tuples of my data. See &lt;a href=&quot;https://github.com/jonashaag/cpython/blob/master/Include/tupleobject.h&quot; rel=&quot;nofollow noreferrer&quot;&gt;https://github.com/jonashaag/cpython/blob/master/Include/tupleobject.h&lt;/a&gt; (search in the page for the word 'hash') -- but I barely know enough C to read it.&lt;/p&gt;&#xA;&#xA;&lt;p&gt;&lt;strong&gt;Thoughts? Suggestions? Thanks.&lt;/strong&gt;&#xA;&lt;hr /&gt;&#xA;(&lt;em&gt;If you're wondering why I'm messing around with trying to hash a multiset:&lt;/em&gt; The input data for my problem are sets of multisets, and within each set of multisets, each multiset must be unique. I'm working on a deadline and I'm not an experienced coder, so I wanted to avoid inventing new algorithms where possible. It seems like the most Pythonic way to make sure I have unique of a bunch of things is to put them in a &lt;code&gt;set()&lt;/code&gt;, but the things must be hashable.)&#xA;&lt;hr /&gt;&lt;/p&gt;&#xA;&#xA;&lt;h1&gt;What I've gathered from the comments&lt;/h1&gt;&#xA;&#xA;&lt;p&gt;Both @marcin and @senderle gave pretty much the same answer: use &lt;code&gt;hash(frozenset(self.items()))&lt;/code&gt;. This makes sense because &lt;a href=&quot;http://docs.python.org/py3k/library/stdtypes.html#dictionary-view-objects&quot; rel=&quot;nofollow noreferrer&quot;&gt;&lt;code&gt;items()&lt;/code&gt; &quot;views&quot; are set-like&lt;/a&gt;. @marcin was first but I gave the check mark to @senderle because of the good research on the big-O running times for different solutions. @marcin also reminds me to &lt;a href=&quot;http://docs.python.org/py3k/reference/datamodel.html#object.__hash__&quot; rel=&quot;nofollow noreferrer&quot;&gt;include an &lt;code&gt;__eq__&lt;/code&gt; method&lt;/a&gt; -- but the one inherited from &lt;code&gt;dict&lt;/code&gt; will work just fine. This is how I'm implementing everything -- further comments and suggestions based on this code are welcome:&lt;/p&gt;&#xA;&#xA;&lt;pre class=&quot;lang-python prettyprint-override&quot;&gt;&lt;code&gt;class FrozenCounter(collections.Counter):&#xA;    # Edit: A previous version of this code included a __slots__ definition.&#xA;    # But, from the Python documentation: &quot;When inheriting from a class without&#xA;    # __slots__, the __dict__ attribute of that class will always be accessible,&#xA;    # so a __slots__ definition in the subclass is meaningless.&quot;&#xA;    # http://docs.python.org/py3k/reference/datamodel.html#notes-on-using-slots&#xA;    # ...&#xA;    def __hash__(self):&#xA;        &quot;Implements hash(self) -&amp;gt; int&quot;&#xA;        if not hasattr(self, '_hash'):&#xA;            self._hash = hash(frozenset(self.items()))&#xA;        return self._hash&#xA;&lt;/code&gt;&lt;/pre&gt;&#xA;</Body>
<Tags>python,dictionary,hash,immutability,python-3.2</Tags>
</question>
<answer>
<Body>&lt;p&gt;Since the dictionary is immutable, you can create the hash when the dictionary is created and return it directly. My suggestion would be to create a &lt;a href=&quot;http://docs.python.org/library/stdtypes.html#frozenset&quot; rel=&quot;nofollow noreferrer&quot;&gt;&lt;code&gt;frozenset&lt;/code&gt;&lt;/a&gt; from &lt;code&gt;items&lt;/code&gt; (in 3+; &lt;code&gt;iteritems&lt;/code&gt; in 2.7), hash it, and store the hash. &lt;/p&gt;&#xA;&#xA;&lt;p&gt;To provide an explicit example: &lt;/p&gt;&#xA;&#xA;&lt;pre&gt;&lt;code&gt;&amp;gt;&amp;gt;&amp;gt;&amp;gt; frozenset(Counter([1, 1, 1, 2, 3, 3, 4]).iteritems())&#xA;frozenset([(3, 2), (1, 3), (4, 1), (2, 1)])&#xA;&amp;gt;&amp;gt;&amp;gt;&amp;gt; hash(frozenset(Counter([1, 1, 1, 2, 3, 3, 4]).iteritems()))&#xA;-3071743570178645657&#xA;&amp;gt;&amp;gt;&amp;gt;&amp;gt; hash(frozenset(Counter([1, 1, 1, 2, 3, 4]).iteritems()))&#xA;-6559486438209652990&#xA;&lt;/code&gt;&lt;/pre&gt;&#xA;&#xA;&lt;p&gt;To clarify why I prefer a &lt;code&gt;frozenset&lt;/code&gt; to a tuple of sorted items: a &lt;code&gt;frozenset&lt;/code&gt; doesn't have to sort the items, and so the initial hash completes in O(n) time rather than O(n log n) time. This can be seen from the &lt;a href=&quot;http://hg.python.org/cpython/file/5fd1ac1c9474/Objects/setobject.c#l766&quot; rel=&quot;nofollow noreferrer&quot;&gt;&lt;code&gt;frozenset_hash&lt;/code&gt;&lt;/a&gt; and &lt;a href=&quot;http://hg.python.org/cpython/file/5fd1ac1c9474/Objects/setobject.c#l531&quot; rel=&quot;nofollow noreferrer&quot;&gt;&lt;code&gt;set_next&lt;/code&gt;&lt;/a&gt; implementations. &lt;/p&gt;&#xA;&#xA;&lt;p&gt;See also this &lt;a href=&quot;https://stackoverflow.com/a/20931478&quot;&gt;great answer&lt;/a&gt; from Raymond Hettinger describing his implementation of the &lt;code&gt;frozenset&lt;/code&gt; hash function. There he explicitly explains how the hash function avoids having to sort values to get a stable, order insensitive value.&lt;/p&gt;&#xA;</Body>
</answer>
<answer>
<Body>&lt;p&gt;Have you considered &lt;code&gt;hash(sorted(hash(x) for x in self.items()))&lt;/code&gt;? That way, you are only sorting integers, and don't have to build a list.&lt;/p&gt;&#xA;&#xA;&lt;p&gt;You could also xor the element hashes together, but frankly I don't how well that would work (would you have a lot of collisions?). Speaking of collisions, don't you have to implement the &lt;code&gt;__eq__&lt;/code&gt; method?&lt;/p&gt;&#xA;&#xA;&lt;p&gt;Alternatively, similar to my answer &lt;a href=&quot;https://stackoverflow.com/a/9997296/21640&quot;&gt;here&lt;/a&gt;, &lt;code&gt;hash(frozenset(self.items()))&lt;/code&gt;.&lt;/p&gt;&#xA;</Body>
</answer>
