<question>
<Title>UnicodeDecodeError when using pymssql with freetds</Title>
<Body>&lt;p&gt;I want to get a field in SQL server 2008 from python 2.6. Here is my freeTDS .conf file:&lt;/p&gt;&#xA;&#xA;&lt;pre&gt;&lt;code&gt;[ARGSERVER03]&#xA;    host = 192.168.1.3&#xA;    port = 1433&#xA;    tds version = 7.0&#xA;&lt;/code&gt;&lt;/pre&gt;&#xA;&#xA;&lt;p&gt;Here is the code:&lt;/p&gt;&#xA;&#xA;&lt;pre&gt;&lt;code&gt;conn = pymssql.connect(host='192.168.1.3', user='****', password='****', database='TrafficMonitor', as_dict=True, charset='UTF-8')&#xA;i = 0&#xA;cur.execute('SELECT * FROM dbo.tblTrafficCounterData')&#xA;while i &amp;lt; 10:&#xA;    car = cur.fetchone_asdict()&#xA;    if car is None:&#xA;        break&#xA;    c = car['Class']&#xA;    print c&#xA;    i = i + 1&#xA;&lt;/code&gt;&lt;/pre&gt;&#xA;&#xA;&lt;p&gt;But it gives:&lt;/p&gt;&#xA;&#xA;&lt;pre&gt;&lt;code&gt;UnicodeDecodeError: 'utf8' codec can't decode byte 0xd3 in position 0: invalid continuation byte&#xA;&lt;/code&gt;&lt;/pre&gt;&#xA;&#xA;&lt;p&gt;The Unicode field is in Persian. The trace back is for line &lt;code&gt;car = cur.fetchone_asdict()&lt;/code&gt;&lt;/p&gt;&#xA;&#xA;&lt;p&gt;&lt;strong&gt;[Edit]&lt;/strong&gt;&lt;/p&gt;&#xA;&#xA;&lt;p&gt;I have checked for database collation in database properties from sql server management studio and it is:&lt;/p&gt;&#xA;&#xA;&lt;pre&gt;&lt;code&gt;Arabic_CI_AS&#xA;&lt;/code&gt;&lt;/pre&gt;&#xA;&#xA;&lt;p&gt;But when I use that in charset it gives:&lt;/p&gt;&#xA;&#xA;&lt;pre&gt;&lt;code&gt;LookupError: unknown encoding: Arabic_CI_AS&#xA;&lt;/code&gt;&lt;/pre&gt;&#xA;</Body>
<Tags>python,unicode,freetds,pymssql</Tags>
</question>
<answer>
<Body>&lt;p&gt;Are you extremely sure that SQL Server is using UTF-8 (indicated by your &lt;code&gt;charset='UTF-8'&lt;/code&gt;)?  Typically most SQL Server instances I have run into use a Microsoft encoding (not UTF-8), such as cp1252 (in the U.S.).&lt;/p&gt;&#xA;&#xA;&lt;p&gt;A few things that may help you discover the correct encoding:&lt;/p&gt;&#xA;&#xA;&lt;p&gt;&lt;code&gt;SELECT DATABASEPROPERTYEX('dbname', 'Collation') SQLCollation&lt;/code&gt;&lt;/p&gt;&#xA;&#xA;&lt;ul&gt;&#xA;&lt;li&gt;&lt;a href=&quot;http://msdn.microsoft.com/en-us/library/ms143508.aspx&quot; rel=&quot;nofollow&quot;&gt;http://msdn.microsoft.com/en-us/library/ms143508.aspx&lt;/a&gt; &lt;/li&gt;&#xA;&lt;li&gt;&lt;a href=&quot;http://docs.python.org/library/codecs.html#standard-encodings&quot; rel=&quot;nofollow&quot;&gt;Python Encodings Table&lt;/a&gt;&lt;/li&gt;&#xA;&lt;/ul&gt;&#xA;</Body>
</answer>
