<question>
<Title>Is there any bug inducing feature when reading and writing using the same fstream object in c++</Title>
<Body>&lt;p&gt;I am trying to learn C++ fstream, ifstream, ofstream. On Half way through my project I learnt that if we are accessing  the same file with ofstream and ifstream for read &amp;amp; write, its better to close the streams, before using another. &lt;/p&gt;&#xA;&#xA;&lt;p&gt;Like&#xA;      ofstream write_stream(...);&#xA;      ifstream read_stream(....);&lt;/p&gt;&#xA;&#xA;&lt;pre&gt;&lt;code&gt; // Accessing pointers using both read_stream, write_stream interchangebly &#xA;&#xA;  read_stream.read(....);&#xA;  write_stream.write(....);&#xA;&#xA;  read_stream.close(); &#xA;  write_stream.close();&#xA;&lt;/code&gt;&lt;/pre&gt;&#xA;&#xA;&lt;p&gt;///&lt;/p&gt;&#xA;&#xA;&lt;p&gt;In the above case, I guess both the stream use the same pointer in the file, so I need to be aware of the pointer movement, so I have to seek each and every time I try to read() or write().&lt;/p&gt;&#xA;&#xA;&lt;p&gt;I guess, I am right, so far.&lt;/p&gt;&#xA;&#xA;&lt;p&gt;To avoid any more confusion, I have decided to use this format&lt;/p&gt;&#xA;&#xA;&lt;pre&gt;&lt;code&gt; fstream read_write_stream(&quot;File.bin&quot;,ios::in|ios::out|ios::binary);&#xA; read_write_stream.seekp(pos);&#xA; read_write_stream.seekg(pos);&#xA; read_write_stream.tellp();&#xA; read_write_stream.tellg()&#xA;&#xA; read_write_stream.read(...);&#xA; read_write_stream.write(...);&#xA;&#xA; read_write_stream.close()&#xA;&lt;/code&gt;&lt;/pre&gt;&#xA;&#xA;&lt;p&gt;Is there any bug inducing feature, that I should be aware of in the above program??? Please advice&lt;/p&gt;&#xA;</Body>
<Tags>c++,file,stream,fstream</Tags>
</question>
<answer>
<Body>&lt;p&gt;Though I don't know if the standard explicitly refers to this case, I don't think that a C++ compiler can promise you what will happen in the case where you use several streams to change the same external resource (file in this case). In addition to the fstream internal implementation, it depends on the OS and the hardware you're writing to. If I'm correct, it makes this operations, by default, undefined behavior.&lt;/p&gt;&#xA;&#xA;&lt;p&gt;If you use two different streams, most likely each will manage its own put and get pointer, each will have buffering which means that if you don't use flush(), you won't be able to determine what is the order the operations will be done on the file.&lt;/p&gt;&#xA;&#xA;&lt;p&gt;If you use one stream to both read and write, I think the behavior will be predictable and more trivial understand.&lt;/p&gt;&#xA;</Body>
</answer>
