<question>
<Title>Calculating round trip distance in python</Title>
<Body>&lt;p&gt;My task is to calculate the round trip distance from the start location to all of the event locations that I have grabbed from Facebook in miles and back to the start.&#xA;My code so far:&lt;/p&gt;&#xA;&#xA;&lt;pre&gt;&lt;code&gt;import json&#xA;import re&#xA;from urllib import urlopen&#xA;import math&#xA;&#xA;def getLatRad(latitude):&#xA;    return float(latitude) * (math.pi/180.0)&#xA;def getLongRad(longitude):&#xA;    return float(longitude) * (math.pi/180.0)&#xA;tuplist =[]&#xA;finaltuplist = []&#xA;#start_latitude = float(input('Pls enter the latitude co-ordinate of your starting location:'))&#xA;#start_longitude = float(input('Pls enter the longitude co-ordinate of your starting location:'))&#xA;start_latitude = 41.721194054071&#xA;start_longitude = -73.934258235003&#xA;longRad1= getLongRad(start_longitude)&#xA;latRad1 = getLatRad(start_latitude)&#xA;def main():&#xA;&#xA;    eventids = [&#xA;                '264100516989470',&#xA;                '129843580476568',&#xA;                '158475914271199',&#xA;               ]&#xA;    for event in eventids:&#xA;        f = urlopen('http://graph.facebook.com/%s' % event)&#xA;        d = json.load(f)&#xA;        name = d['name']&#xA;        longitude = d[&quot;venue&quot;][&quot;longitude&quot;]&#xA;        latitude = d[&quot;venue&quot;][&quot;latitude&quot;]&#xA;        tuplist.append((name,longitude,latitude))&#xA;    for coordinates in tuplist:&#xA;        longRad2= getLongRad(coordinates[1])&#xA;        latRad2= getLatRad(coordinates[2])&#xA;        dlon = longRad2 - longRad1 &#xA;        dlat = latRad2 - latRad1&#xA;        a = math.sin(dlat/2)**2 + math.cos(latRad1) * math.cos(latRad2) * math.sin(dlon/2)**2&#xA;        c = 2 * math.asin(math.sqrt(a)) &#xA;        m = 3960 * c&#xA;        sum = m + m&#xA;        print sum&#xA;if __name__ == '__main__':&#xA;    main()&#xA;&lt;/code&gt;&lt;/pre&gt;&#xA;&#xA;&lt;p&gt;This is as far as I know how to do on my own. Is there any chance someone could point me in the right direction to get the total round trip distance instead of the individual distances from the start location?&lt;/p&gt;&#xA;</Body>
<Tags>python,graph-algorithm</Tags>
</question>
<answer>
<Body>&lt;p&gt;So decompose your problem vs your solution.&#xA;Currently you can get the distance between start and event1, but you cant get the distance between event1 and event2.  You can also get the distance between start and event2.  What do you need to change in your calculation to get the distance from event1 to event2?&lt;/p&gt;&#xA;&#xA;&lt;p&gt;&lt;strong&gt;Edit for Elaboration Request:&lt;/strong&gt;&lt;/p&gt;&#xA;&#xA;&lt;p&gt;latRad1 = getLatRad(start_latitude)&#xA;longRad1= getLongRad(start_longitude)&lt;/p&gt;&#xA;&#xA;&lt;p&gt;dlon = longRad2 - longRad1&#xA;a = math.sin(dlat/2)**2 + math.cos(latRad1) * math.cos(latRad2) * math.sin(dlon/2)**2&lt;/p&gt;&#xA;&#xA;&lt;p&gt;The upper 2 are outside of your for loop and are not changed (that I noticed).  Therefore when you move to a new location to calculate the distance, your still calculating it against the starting coords.&lt;/p&gt;&#xA;</Body>
</answer>
