<question>
<Title>How to put variables on the stack/context in Python</Title>
<Body>&lt;p&gt;In essence, I want to put a variable on the stack, that will be reachable by all calls below that part on the stack until the block exits. In Java I would solve this using a static thread local with support methods, that then could be accessed from methods.&lt;/p&gt;&#xA;&#xA;&lt;p&gt;Typical example: you get a request, and open a database connection. Until the request is complete, you want all code to use this database connection. After finishing and closing the request, you close the database connection.&lt;/p&gt;&#xA;&#xA;&lt;p&gt;What I need this for, is a report generator. Each report consist of multiple parts, each part can rely on different calculations, sometimes different parts relies in part on the same calculation. As I don't want to repeat heavy calculations, I need to cache them. My idea is to decorate methods with a cache decorator. The cache creates an id based on the method name and module, and it's arguments, looks if it has this allready calculated in a stack variable, and executes the method if not.&lt;/p&gt;&#xA;&#xA;&lt;p&gt;I will try and clearify by showing my current implementation. Want I want to do is to simplify the code for those implementing calculations.&lt;/p&gt;&#xA;&#xA;&lt;p&gt;First, I have the central cache access object, which I call MathContext:&lt;/p&gt;&#xA;&#xA;&lt;pre&gt;&lt;code&gt;class MathContext(object):&#xA;    def __init__(self, fn): &#xA;        self.fn = fn&#xA;        self.cache = dict()&#xA;    def get(self, calc_config):&#xA;        id = create_id(calc_config)&#xA;        if id not in self.cache:&#xA;            self.cache[id] = calc_config.exec(self)&#xA;        return self.cache[id]&#xA;&lt;/code&gt;&lt;/pre&gt;&#xA;&#xA;&lt;p&gt;The fn argument is the filename the context is created in relation to, from where data can be read to be calculated.&lt;/p&gt;&#xA;&#xA;&lt;p&gt;Then we have the Calculation class:&lt;/p&gt;&#xA;&#xA;&lt;pre&gt;&lt;code&gt; class CalcBase(object):&#xA;     def exec(self, math_context):&#xA;         raise NotImplementedError&#xA;&lt;/code&gt;&lt;/pre&gt;&#xA;&#xA;&lt;p&gt;And here is a stupid Fibonacci example. Non of the methods are actually recursive, they work on large sets of data instead, but it works to demonstrate how you would depend on other calculations:&lt;/p&gt;&#xA;&#xA;&lt;pre&gt;&lt;code&gt;class Fibonacci(CalcBase):&#xA;    def __init__(self, n): self.n = n&#xA;    def exec(self, math_context):&#xA;        if self.n &amp;lt; 2: return 1&#xA;        a = math_context.get(Fibonacci(self.n-1))&#xA;        b = math_context.get(Fibonacci(self.n-2))&#xA;        return a+b&#xA;&lt;/code&gt;&lt;/pre&gt;&#xA;&#xA;&lt;p&gt;What I want Fibonacci to be instead, is just a decorated method:&lt;/p&gt;&#xA;&#xA;&lt;pre&gt;&lt;code&gt;@cache&#xA;def fib(n):&#xA;    if n&amp;lt;2: return 1&#xA;    return fib(n-1)+fib(n-2)&#xA;&lt;/code&gt;&lt;/pre&gt;&#xA;&#xA;&lt;p&gt;With the math_context example, when math_context goes out of scope, so does all it's cached values. I want the same thing for the decorator. Ie. at point X, everything cached by @cache is dereferrenced to be gced.&lt;/p&gt;&#xA;</Body>
<Tags>python,thread-local,contextmanager</Tags>
</question>
<answer>
<Body>&lt;p&gt;You could use a global variable wrapped in a getter function:&lt;/p&gt;&#xA;&#xA;&lt;pre&gt;&lt;code&gt;def getConnection():&#xA;    global connection&#xA;    if connection:&#xA;        return connection&#xA;    connection=createConnection()&#xA;    return connection&#xA;&lt;/code&gt;&lt;/pre&gt;&#xA;</Body>
</answer>
<answer>
<Body>&lt;p&gt;this question seems to be two question&lt;/p&gt;&#xA;&#xA;&lt;ul&gt;&#xA;&lt;li&gt;a) sharing db connection&lt;/li&gt;&#xA;&lt;li&gt;b) caching/Memoizing&lt;/li&gt;&#xA;&lt;/ul&gt;&#xA;&#xA;&lt;p&gt;b) you have answered yourselves&lt;/p&gt;&#xA;&#xA;&lt;p&gt;a) I don't seem to understand why you need to put it on stack?&#xA;you can do one of these&lt;/p&gt;&#xA;&#xA;&lt;ol&gt;&#xA;&lt;li&gt;you can use a class and connection&#xA;    could be attribute of it&lt;/li&gt;&#xA;&lt;li&gt;you can decorate all your function&#xA;so that they get a connection from&#xA;central location&lt;/li&gt;&#xA;&lt;li&gt;each function can explicitly use a&#xA;global connection method&lt;/li&gt;&#xA;&lt;li&gt;you can create a connection and pass&#xA;around it, or create a context&#xA;object and pass around&#xA;context,connection can be a part of&#xA;context&lt;/li&gt;&#xA;&lt;/ol&gt;&#xA;&#xA;&lt;p&gt;etc, etc&lt;/p&gt;&#xA;</Body>
</answer>
<answer>
<Body>&lt;p&gt;&lt;strong&gt;&quot;you get a request, and open a database connection.... you close the database connection.&quot;&lt;/strong&gt;&lt;/p&gt;&#xA;&#xA;&lt;p&gt;This is what objects are for.  Create the connection object, pass it to other objects, and then close it when you're done.  Globals are not appropriate.  Simply pass the value around as a parameter to the other objects that are doing the work.&lt;/p&gt;&#xA;&#xA;&lt;p&gt;&lt;strong&gt;&quot;Each report consist of multiple parts, each part can rely on different calculations, sometimes different parts relies in part on the same calculation.... I need to cache them&quot;&lt;/strong&gt;&lt;/p&gt;&#xA;&#xA;&lt;p&gt;This is what objects are for.  Create a dictionary with useful calculation results and pass that around from report part to report part.  &lt;/p&gt;&#xA;&#xA;&lt;p&gt;You don't need to mess with &quot;stack variables&quot;, &quot;static thread local&quot; or anything like that.&#xA;Just pass ordinary variable arguments to ordinary method functions.  You'll be a lot happier.&lt;/p&gt;&#xA;&#xA;&lt;hr&gt;&#xA;&#xA;&lt;pre&gt;&lt;code&gt;class MemoizedCalculation( object ):&#xA;    pass&#xA;&#xA;class Fibonacci( MemoizedCalculation ):&#xA;    def __init__( self ):&#xA;       self.cache= { 0: 1, 1: 1 }&#xA;    def __call__( self, arg ):&#xA;       if arg not in self.cache:&#xA;           self.cache[arg]= self(arg-1) + self(arg-2)&#xA;       return self.cache[arg]&#xA;&#xA;class MathContext( object ):&#xA;    def __init__( self ):&#xA;        self.fibonacci = Fibonacci()&#xA;&lt;/code&gt;&lt;/pre&gt;&#xA;&#xA;&lt;p&gt;You can use it like this&lt;/p&gt;&#xA;&#xA;&lt;pre&gt;&lt;code&gt;&amp;gt;&amp;gt;&amp;gt; mc= MathContext()&#xA;&amp;gt;&amp;gt;&amp;gt; mc.fibonacci( 4 )&#xA;5&#xA;&lt;/code&gt;&lt;/pre&gt;&#xA;&#xA;&lt;p&gt;You can define any number of calculations and fold them all into a single container object.&lt;/p&gt;&#xA;&#xA;&lt;p&gt;If you want, you can make the MathContext into a formal Context Manager so that it work with the &lt;strong&gt;with&lt;/strong&gt; statement.  Add these two methods to MathContext.&lt;/p&gt;&#xA;&#xA;&lt;pre&gt;&lt;code&gt;def __enter__( self ):&#xA;    print &quot;Initialize&quot;&#xA;    return self&#xA;def __exit__( self, type_, value, traceback ):&#xA;    print &quot;Release&quot;&#xA;&lt;/code&gt;&lt;/pre&gt;&#xA;&#xA;&lt;p&gt;Then you can do this.&lt;/p&gt;&#xA;&#xA;&lt;pre&gt;&lt;code&gt;with  MathContext() as mc:&#xA;    print mc.fibonacci( 4 )&#xA;&lt;/code&gt;&lt;/pre&gt;&#xA;&#xA;&lt;p&gt;At the end of the &lt;strong&gt;with&lt;/strong&gt; statement, you can guaranteed that the &lt;code&gt;__exit__&lt;/code&gt; method was called.&lt;/p&gt;&#xA;</Body>
</answer>
<answer>
<Body>&lt;p&gt;I went ahead and made something that might just do what you want. It can be used as both a decorator and a context manager:&lt;/p&gt;&#xA;&#xA;&lt;pre&gt;&lt;code&gt;from __future__ import with_statement&#xA;try:&#xA;    import cPickle as pickle&#xA;except ImportError:&#xA;    import pickle&#xA;&#xA;&#xA;class cached(object):&#xA;    &quot;&quot;&quot;Decorator/context manager for caching function call results.&#xA;    All results are cached in one dictionary that is shared by all cached&#xA;    functions.&#xA;&#xA;    To use this as a decorator:&#xA;        @cached&#xA;        def function(...):&#xA;            ...&#xA;&#xA;    The results returned by a decorated function are not cleared from the&#xA;    cache until decorated_function.clear_my_cache() or cached.clear_cache()&#xA;    is called&#xA;&#xA;    To use this as a context manager:&#xA;&#xA;        with cached(function) as function:&#xA;            ...&#xA;            function(...)&#xA;            ...&#xA;&#xA;    The function's return values will be cleared from the cache when the&#xA;    with block ends&#xA;&#xA;    To clear all cached results, call the cached.clear_cache() class method&#xA;    &quot;&quot;&quot;&#xA;&#xA;    _CACHE = {}&#xA;&#xA;    def __init__(self, fn):&#xA;        self._fn = fn&#xA;&#xA;    def __call__(self, *args, **kwds):&#xA;        key = self._cache_key(*args, **kwds)&#xA;        function_cache = self._CACHE.setdefault(self._fn, {})&#xA;        try:&#xA;            return function_cache[key]&#xA;        except KeyError:&#xA;            function_cache[key] = result = self._fn(*args, **kwds)&#xA;            return result&#xA;&#xA;    def clear_my_cache(self):&#xA;        &quot;&quot;&quot;Clear the cache for a decorated function&#xA;        &quot;&quot;&quot;&#xA;        try:&#xA;            del self._CACHE[self._fn]&#xA;        except KeyError:&#xA;            pass # no cached results&#xA;&#xA;    def __enter__(self):&#xA;        return self&#xA;&#xA;    def __exit__(self, type, value, traceback):&#xA;        self.clear_my_cache()&#xA;&#xA;    def _cache_key(self, *args, **kwds):&#xA;        &quot;&quot;&quot;Create a cache key for the given positional and keyword&#xA;        arguments. pickle.dumps() is used because there could be&#xA;        unhashable objects in the arguments, but passing them to &#xA;        pickle.dumps() will result in a string, which is always hashable.&#xA;&#xA;        I used this to make the cached class as generic as possible. Depending&#xA;        on your requirements, other key generating techniques may be more&#xA;        efficient&#xA;        &quot;&quot;&quot;&#xA;        return pickle.dumps((args, sorted(kwds.items())), pickle.HIGHEST_PROTOCOL)&#xA;&#xA;    @classmethod&#xA;    def clear_cache(cls):&#xA;        &quot;&quot;&quot;Clear everything from all functions from the cache&#xA;        &quot;&quot;&quot;&#xA;        cls._CACHE = {}&#xA;&#xA;&#xA;if __name__ == '__main__':&#xA;    # used as decorator&#xA;    @cached&#xA;    def fibonacci(n):&#xA;        print &quot;calculating fibonacci(%d)&quot; % n&#xA;        if n == 0:&#xA;            return 0&#xA;        if n == 1:&#xA;            return 1&#xA;        return fibonacci(n - 1) + fibonacci(n - 2)&#xA;&#xA;    for n in xrange(10):&#xA;        print 'fibonacci(%d) = %d' % (n, fibonacci(n))&#xA;&#xA;&#xA;    def lucas(n):&#xA;        print &quot;calculating lucas(%d)&quot; % n&#xA;        if n == 0:&#xA;            return 2&#xA;        if n == 1:&#xA;            return 1&#xA;        return lucas(n - 1) + lucas(n - 2)&#xA;&#xA;    # used as context manager&#xA;    with cached(lucas) as lucas:&#xA;        for i in xrange(10):&#xA;            print 'lucas(%d) = %d' % (i, lucas(i))&#xA;&#xA;    for n in xrange(9, -1, -1):&#xA;        print 'fibonacci(%d) = %d' % (n, fibonacci(n))&#xA;&#xA;    cached.clear_cache()&#xA;&#xA;    for n in xrange(9, -1, -1):&#xA;        print 'fibonacci(%d) = %d' % (n, fibonacci(n))&#xA;&lt;/code&gt;&lt;/pre&gt;&#xA;</Body>
</answer>
