<question>
<Title>Remove a key from a C++ map</Title>
<Body>&lt;p&gt;I would like to remove a key from a STL map. However,   &lt;code&gt;map.erase()&lt;/code&gt; doesn't do anything.&#xA;How would I go about doing this&lt;/p&gt;&#xA;</Body>
<Tags>c++,map</Tags>
</question>
<answer>
<Body>&lt;p&gt;It depends entirely on how you're calling it but it sounds like you may be using the &lt;code&gt;first,last&lt;/code&gt; option. If you are, you need to keep in mind that it erase elements starting at &lt;code&gt;first&lt;/code&gt;, up to but &lt;em&gt;excluding&lt;/em&gt; &lt;code&gt;last&lt;/code&gt;. Provided you follow that rule, iterator-based removal should work fine, either as a single element or a range.&lt;/p&gt;&#xA;&#xA;&lt;p&gt;If you're erasing by key, then it should also work, assuming the key is in there of course.&lt;/p&gt;&#xA;&#xA;&lt;p&gt;The following sample code shows all three methods in action:&lt;/p&gt;&#xA;&#xA;&lt;pre&gt;&lt;code&gt;#include &amp;lt;iostream&amp;gt;&#xA;#include &amp;lt;map&amp;gt;&#xA;&#xA;int main (void) {&#xA;    std::map&amp;lt;char,char&amp;gt; mymap;&#xA;    std::map&amp;lt;char,char&amp;gt;::iterator it;&#xA;&#xA;    mymap['a'] = 'A'; mymap['b'] = 'B'; mymap['c'] = 'C';&#xA;    mymap['d'] = 'D'; mymap['e'] = 'E'; mymap['f'] = 'F';&#xA;    mymap['g'] = 'G'; mymap['h'] = 'H'; mymap['i'] = 'I';&#xA;&#xA;    it = mymap.find ('b');             // by iterator (b), leaves acdefghi.&#xA;    mymap.erase (it);&#xA;&#xA;    it = mymap.find ('e');             // by range (e-i), leaves acd.&#xA;    mymap.erase (it, mymap.end());&#xA;&#xA;    mymap.erase ('a');                 // by key (a), leaves cd.&#xA;&#xA;    mymap.erase ('z');                 // invalid key (none), leaves cd.&#xA;&#xA;    for (it = mymap.begin(); it != mymap.end(); it++)&#xA;        std::cout &amp;lt;&amp;lt; (*it).first &amp;lt;&amp;lt; &quot; =&amp;gt; &quot; &amp;lt;&amp;lt; (*it).second &amp;lt;&amp;lt; '\n';&#xA;&#xA;    return 0;&#xA;}&#xA;&lt;/code&gt;&lt;/pre&gt;&#xA;&#xA;&lt;p&gt;which outputs:&lt;/p&gt;&#xA;&#xA;&lt;pre&gt;&lt;code&gt;c =&amp;gt; C&#xA;d =&amp;gt; D&#xA;&lt;/code&gt;&lt;/pre&gt;&#xA;</Body>
</answer>
<answer>
<Body>&lt;p&gt;You would have to &lt;em&gt;find the iterator&lt;/em&gt; first&lt;/p&gt;&#xA;&#xA;&lt;pre&gt;&lt;code&gt;map.erase( ITERATOR ) ;&#xA;&lt;/code&gt;&lt;/pre&gt;&#xA;&#xA;&lt;p&gt;To make this safe, you need to make sure that ITERATOR exists, however.  Par example:&lt;/p&gt;&#xA;&#xA;&lt;pre&gt;&lt;code&gt;#include &amp;lt;stdio.h&amp;gt;&#xA;#include &amp;lt;map&amp;gt;&#xA;using namespace std ;&#xA;&#xA;int main()&#xA;{&#xA;  map&amp;lt;int,int&amp;gt; m ;&#xA;  m.insert( make_pair( 1,1 ) ) ;&#xA;  map&amp;lt;int,int&amp;gt;::iterator iter = m.find(1) ;&#xA;  if( iter != m.end() )&#xA;    m.erase( iter );&#xA;  else puts( &quot;not found&quot; ) ;&#xA;&#xA;}&#xA;&lt;/code&gt;&lt;/pre&gt;&#xA;</Body>
</answer>
