<question>
<Title>Showing progress of python's XML parser when loading a huge file</Title>
<Body>&lt;p&gt;Im using Python's built in XML parser to load a 1.5 gig XML file and it takes all day.&lt;/p&gt;&#xA;&#xA;&lt;pre&gt;&lt;code&gt;from xml.dom import minidom&#xA;xmldoc = minidom.parse('events.xml')&#xA;&lt;/code&gt;&lt;/pre&gt;&#xA;&#xA;&lt;p&gt;I need to know how to get inside that and measure its progress so I can show a progress bar.&#xA; any ideas?&lt;/p&gt;&#xA;&#xA;&lt;p&gt;minidom has another method called parseString() that returns a DOM tree assuming the string you pass it is valid XML, If I were to split up the file myself into chunks and pass them to parseString one at a time, could I possibly merge all the DOM trees back together at the end?&lt;/p&gt;&#xA;</Body>
<Tags>python,xml,pyqt</Tags>
</question>
<answer>
<Body>&lt;p&gt;Merging the tree at the end would be pretty easy.  You could just create a new DOM, and basically append the individual trees to it one by one.  This would give you pretty finely tuned control over the progress of the parsing too.  You could even parallelize it if you wanted by spawning different processes to parse each section.  You just have to make sure you split it intelligently (not splitting in the middle of a tag, etc.).&lt;/p&gt;&#xA;</Body>
</answer>
<answer>
<Body>&lt;p&gt;Did you consider to use other means of parsing XML? Building a tree of such big XML files will always be slow and memory intensive. If you don't need the whole tree in memory, stream based parsing will be &lt;em&gt;much&lt;/em&gt; faster. It can be a little daunting if you're used to tree based XML manipulation, but it will pay of in form of a huge speed increase (minutes instead of hours).&lt;/p&gt;&#xA;&#xA;&lt;p&gt;&lt;a href=&quot;http://docs.python.org/library/xml.sax.html&quot; rel=&quot;noreferrer&quot;&gt;http://docs.python.org/library/xml.sax.html&lt;/a&gt;&lt;/p&gt;&#xA;</Body>
</answer>
<answer>
<Body>&lt;p&gt;I have something very similar for PyGTK, not PyQt, using the pulldom api.  It gets called a little bit at a time using Gtk idle events (so the GUI doesn't lock up) and Python generators (to save the parsing state).&lt;/p&gt;&#xA;&#xA;&lt;pre&gt;&lt;code&gt;def idle_handler (fn):&#xA;  fh = open (fn)  # file handle&#xA;  doc = xml.dom.pulldom.parse (fh)&#xA;  fsize = os.stat (fn)[stat.ST_SIZE]&#xA;  position = 0&#xA;&#xA;  for event, node in doc:&#xA;    if position != fh.tell ():&#xA;      position = fh.tell ()&#xA;      # update status: position * 100 / fsize&#xA;&#xA;    if event == ....&#xA;&#xA;    yield True   # idle handler stays until False is returned&#xA;&#xA; yield False&#xA;&#xA;def main:&#xA;  add_idle_handler (idle_handler, filename)&#xA;&lt;/code&gt;&lt;/pre&gt;&#xA;</Body>
</answer>
<answer>
<Body>&lt;p&gt;you usecase requires that you use sax parser instead of dom, dom loads everything in memory , sax instead will do line by line parsing and you write handlers for events as you need&#xA;so could be effective and you would be able to write progress indicator also&lt;/p&gt;&#xA;&#xA;&lt;p&gt;I also recommend trying expat parser sometime it is very useful&#xA;&lt;a href=&quot;http://docs.python.org/library/pyexpat.html&quot; rel=&quot;nofollow noreferrer&quot;&gt;http://docs.python.org/library/pyexpat.html&lt;/a&gt;&lt;/p&gt;&#xA;&#xA;&lt;p&gt;for progress using sax:&lt;/p&gt;&#xA;&#xA;&lt;p&gt;as sax reads file incrementally you can wrap the file object you pass with your own and keep track how much have been read.&lt;/p&gt;&#xA;&#xA;&lt;p&gt;edit:&#xA;I also don't like idea of splitting file yourselves and joining DOM at end, that way you are better writing your own xml parser, i recommend instead using sax parser &#xA;I also wonder what your purpose of reading 1.5 gig file in DOM tree?&#xA;look like sax would be better here&lt;/p&gt;&#xA;</Body>
</answer>
