<question>
<Title>Python: (sampling with replacement): efficient algorithm to extract the set of DISSIMILAR N-tuples from a set</Title>
<Body>&lt;p&gt;I have a set of items, from which I want to select DISSIMILAR tuples (more on the definition of dissimilar touples later). The set could contain potentially several thousand items, although typically, it would contain only a few hundreds.&lt;/p&gt;&#xA;&#xA;&lt;p&gt;I am trying to write a generic algorithm that will allow me to select N items to form an N-tuple, from the original set. The new set of selected N-tuples should be &lt;strong&gt;DISSIMILAR&lt;/strong&gt;.&lt;/p&gt;&#xA;&#xA;&lt;p&gt;A N-tuple &lt;strong&gt;A&lt;/strong&gt; is said to be DISSIMILAR to another N-tuple &lt;strong&gt;B&lt;/strong&gt; if and only if:&lt;/p&gt;&#xA;&#xA;&lt;ul&gt;&#xA;&lt;li&gt;Every pair (2-tuple) that occurs in A DOES NOT appear in B&lt;/li&gt;&#xA;&lt;/ul&gt;&#xA;&#xA;&lt;p&gt;Note: For this algorithm, A 2-tuple (pair) is considered SIMILAR/IDENTICAL if it contains the same elements, i.e. (x,y) is considered the same as (y,x).&lt;/p&gt;&#xA;&#xA;&lt;p&gt;This is a (possible variation on the) classic &lt;a href=&quot;http://en.wikipedia.org/wiki/Urn_problem&quot; rel=&quot;nofollow&quot;&gt;Urn Problem&lt;/a&gt;. A trivial (pseudocode) implementation of this algorithm would be something along the lines of&lt;/p&gt;&#xA;&#xA;&lt;pre&gt;&lt;code&gt;def fetch_unique_tuples(original_set, tuple_size):&#xA;    while True:&#xA;        # randomly select [tuple_size] items from the set to create first set&#xA;        # create a key or hash from the N elements and store in a set&#xA;        # store selected N-tuple in a container&#xA;        if end_condition_met:&#xA;            break&#xA;&lt;/code&gt;&lt;/pre&gt;&#xA;&#xA;&lt;p&gt;I don't think this is the most efficient way of doing this - and though I am no algorithm theorist, I suspect that the time for this algorithm to run is NOT &lt;strong&gt;&lt;em&gt;O(n)&lt;/em&gt;&lt;/strong&gt; - in fact, its probably more likely to be &lt;strong&gt;&lt;em&gt;O(n!)&lt;/em&gt;&lt;/strong&gt;. I am wondering if there is a more efficient way of implementing such an algo, and preferably, reducing the time to &lt;strong&gt;&lt;em&gt;O(n)&lt;/em&gt;&lt;/strong&gt;.&lt;/p&gt;&#xA;&#xA;&lt;p&gt;Actually, as Mark Byers pointed out there is a second variable &lt;code&gt;m&lt;/code&gt;, which is the size of the number of elements being selected. This (i.e. &lt;code&gt;m&lt;/code&gt;) will typically be between 2 and 5.&lt;/p&gt;&#xA;&#xA;&lt;p&gt;Regarding examples, here would be a typical (albeit shortened) example:&lt;/p&gt;&#xA;&#xA;&lt;pre&gt;&lt;code&gt;original_list = ['CAGG', 'CTTC', 'ACCT', 'TGCA', 'CCTG', 'CAAA', 'TGCC', 'ACTT', 'TAAT', 'CTTG', 'CGGC', 'GGCC', 'TCCT', 'ATCC', 'ACAG', 'TGAA', 'TTTG', 'ACAA', 'TGTC', 'TGGA', 'CTGC', 'GCTC', 'AGGA', 'TGCT', 'GCGC', 'GCGG', 'AAAG', 'GCTG', 'GCCG', 'ACCA', 'CTCC', 'CACG', 'CATA', 'GGGA', 'CGAG', 'CCCC', 'GGTG', 'AAGT', 'CCAC', 'AACA', 'AATA', 'CGAC', 'GGAA', 'TACC', 'AGTT', 'GTGG', 'CGCA', 'GGGG', 'GAGA', 'AGCC', 'ACCG', 'CCAT', 'AGAC', 'GGGT', 'CAGC', 'GATG', 'TTCG']&#xA;&#xA;&#xA;# Select 3-tuples from the original list should produce a list (or set) similar to:&#xA;&#xA;    [('CAGG', 'CTTC', 'ACCT')&#xA;     ('CAGG', 'TGCA', 'CCTG')&#xA;     ('CAGG', 'CAAA', 'TGCC')&#xA;     ('CAGG', 'ACTT', 'ACCT')&#xA;     ('CAGG', 'CTTG', 'CGGC')&#xA;     ....&#xA;     ('CTTC', 'TGCA', 'CAAA')&#xA;    ]&#xA;&lt;/code&gt;&lt;/pre&gt;&#xA;&#xA;&lt;p&gt;&lt;strong&gt;[[Edit]]&lt;/strong&gt;&lt;/p&gt;&#xA;&#xA;&lt;p&gt;Actually, in constructing the example output, I have realized that the earlier definition I gave for UNIQUENESS was incorrect. I have updated my definition and have introduced a new metric of DISSIMILARITY instead, as a result of this finding.&lt;/p&gt;&#xA;</Body>
<Tags>python,algorithm,big-o</Tags>
</question>
<answer>
<Body>&lt;p&gt;This is a trivial implementation of the algorithm. I'm not a theorist either but I love algorithms. I think this simple implementation is O(n^m) where m is the dimensions + something for the combinations, which should be less than O(n!).&lt;/p&gt;&#xA;&#xA;&lt;pre&gt;&lt;code&gt;def combine(elements,n=3):&#xA;    from itertools import combinations,product,ifilter&#xA;&#xA;    hashes=[]&#xA;    combs=[]&#xA;    for p in combinations(elements,n):&#xA;        if len(set(p)) == 3 and not any(i in hashes for i in [sorted(i) for i in combinations(p,2)]):&#xA;            combs.append(p)&#xA;            hashes.extend([sorted(i) for i in combinations(p,2)])&#xA;    return combs&#xA;&#xA;elements = ['CAGG', 'CTTC', 'ACCT', 'TGCA', 'CCTG', 'CAAA', 'TGCC', 'ACTT', 'TAAT', 'CTTG', 'CGGC', 'GGCC', 'TCCT', 'ATCC', 'ACAG', 'TGAA', 'TTTG', 'ACAA', 'TGTC', 'TGGA', 'CTGC', 'GCTC', 'AGGA', 'TGCT', 'GCGC', 'GCGG', 'AAAG', 'GCTG', 'GCCG', 'ACCA', 'CTCC', 'CACG', 'CATA', 'GGGA', 'CGAG', 'CCCC', 'GGTG', 'AAGT', 'CCAC', 'AACA', 'AATA', 'CGAC', 'GGAA', 'TACC', 'AGTT', 'GTGG', 'CGCA', 'GGGG', 'GAGA', 'AGCC', 'ACCG', 'CCAT', 'AGAC', 'GGGT', 'CAGC', 'GATG', 'TTCG']&#xA;print combine(elements)&#xA;&lt;/code&gt;&lt;/pre&gt;&#xA;</Body>
</answer>
<answer>
<Body>&lt;p&gt;I tried another approach--combinations of combinations.  It seems to work pretty swiftly:&lt;/p&gt;&#xA;&#xA;&lt;pre&gt;&lt;code&gt;def fetch_unique_tuples(original_set, tuple_size):&#xA;    from itertools import combinations&#xA;&#xA;    good = []&#xA;    used = []&#xA;    for i in combinations(original_set,tuple_size):&#xA;        lst = list([tuple(sorted(j)) for j in combinations(i,2)])&#xA;        if not any(l in used for l in lst):&#xA;            used.extend(lst)&#xA;            good.append(tuple(sorted(i)))&#xA;    return sorted(good)&#xA;&#xA;elements = ['CAGG', 'CTTC', 'ACCT', 'TGCA', 'CCTG', 'CAAA', 'TGCC', 'ACTT', 'TAAT', 'CTTG', 'CGGC', 'GGCC', 'TCCT', 'ATCC', 'ACAG', 'TGAA', 'TTTG', 'ACAA', 'TGTC', 'TGGA', 'CTGC', 'GCTC', 'AGGA', 'TGCT', 'GCGC', 'GCGG', 'AAAG', 'GCTG', 'GCCG', 'ACCA', 'CTCC', 'CACG', 'CATA', 'GGGA', 'CGAG', 'CCCC', 'GGTG', 'AAGT', 'CCAC', 'AACA', 'AATA', 'CGAC', 'GGAA', 'TACC', 'AGTT', 'GTGG', 'CGCA', 'GGGG', 'GAGA', 'AGCC', 'ACCG', 'CCAT', 'AGAC', 'GGGT', 'CAGC', 'GATG', 'TTCG']&#xA;uniques = fetch_unique_tuples(elements, 3)&#xA;print len(uniques)&#xA;&lt;/code&gt;&lt;/pre&gt;&#xA;&#xA;&lt;p&gt;Easily converted into a generator if you're willing to lose the capability of len().&lt;/p&gt;&#xA;&#xA;&lt;p&gt;&lt;em&gt;edit&lt;/em&gt;: added additional sorted() to make all tuples and ultimate list alpha.&lt;/p&gt;&#xA;</Body>
</answer>
<answer>
<Body>&lt;p&gt;Assuming you mean that the set of M N-tuples must be pairwise dissimilar, it seems like using a graph to keep track of 'forbidden' pairs is the way to go.&lt;/p&gt;&#xA;&#xA;&lt;pre&gt;&lt;code&gt;import random&#xA;def select_tuples(original, N, M):&#xA;  used = {}&#xA;  first = random.sample(original, N)&#xA;  updateUsed(used, first)&#xA;  answer = [first]&#xA;  for i in xrange(M):&#xA;    notFound = True&#xA;    while notFound:&#xA;      remaining = set(original)&#xA;      thisTuple = []&#xA;      for j in xrange(N):&#xA;        if not remaining:&#xA;          break&#xA;        candidate = random.choice(remaining)&#xA;        remaining.remove(candidate)&#xA;        for adjacent in used[candidate]:&#xA;          remaining.remove(adjacent)&#xA;      else:&#xA;        notFound = False&#xA;    answer.append(thisTuple)&#xA;    updateUsed(used, thisTuple)&#xA;  return answer&#xA;&#xA;def updateUsed(used, selected):&#xA;  for x in selected:&#xA;    if x not in used:&#xA;      used[x] = []&#xA;    for y in selected:&#xA;      if y != x:&#xA;        used[x].append(y)&#xA;&lt;/code&gt;&lt;/pre&gt;&#xA;&#xA;&lt;p&gt;This is something like &lt;code&gt;O(MN^2)&lt;/code&gt;  I think. I doubt you'll be able to do much better than that as for each of the &lt;code&gt;M&lt;/code&gt; tuples you're introducing &lt;code&gt;N*(N-1)/2&lt;/code&gt; forbidden pairs which you can't use any more.&lt;/p&gt;&#xA;</Body>
</answer>
