<question>
<Title>Segmentation fault Python</Title>
<Body>&lt;p&gt;I have the Enthought Python Distribution installed.&#xA;Before that I installed Python2.7 and installed other modules (e.g. opencv). &#xA;Enthought establishes itself as the default python. &#xA;Called 7.2, but it is 2.7. &#xA;Now if i want to import cv in the Enthought Python it always gives me the Segmentation fault Error.&#xA;Is there anyway to import cv in the Enthought Python ?&#xA;That would be awesome.&#xA;Also installing any new module into Enthought, seems to have the same error. &#xA;Any solution for that would be great. &lt;/p&gt;&#xA;&#xA;&lt;p&gt;Thanks! &lt;/p&gt;&#xA;</Body>
<Tags>python,segmentation-fault,enthought</Tags>
</question>
<answer>
<Body>&lt;p&gt;Python only SEGFAULTs if &lt;/p&gt;&#xA;&#xA;&lt;ul&gt;&#xA;&lt;li&gt;&lt;p&gt;There is error in a native extension DLL code loaded&lt;/p&gt;&lt;/li&gt;&#xA;&lt;li&gt;&lt;p&gt;Virtual machine has bugs (it has not)&lt;/p&gt;&lt;/li&gt;&#xA;&lt;/ul&gt;&#xA;&#xA;&lt;p&gt;Run Python in -vvv mode to see more information about import issues.&lt;/p&gt;&#xA;&#xA;&lt;p&gt;You probably need to recompile the modules you need against the Python build you are using. Python major versions and architecture (32-bit vs. 64-bit) native extensions are not compatible between versions.&lt;/p&gt;&#xA;&#xA;&lt;p&gt;Also you can use gdb to extract a C stack trace needed to give the exact data where and why it crashes. &lt;/p&gt;&#xA;&#xA;&lt;p&gt;There are only tips what you should do; because the problem is specific to your configuration only and not repeatable people can only give you information how to further troubleshoot the issue.  Because it is very likely that methods to troubleshoot issue given here might be too advanced, I just recommend reinstall everything.&lt;/p&gt;&#xA;</Body>
</answer>
