<question>
<Title>Interpreting session activity</Title>
<Body>&lt;p&gt;I am looking at my table for &lt;code&gt;django_session&lt;/code&gt; and would like to know what this essentially means. &lt;/p&gt;&#xA;&#xA;&lt;p&gt;If I have 100 session entries in the past hour, does that mean 100 people have logged in in the past hour? Or does it mean something else?&lt;/p&gt;&#xA;</Body>
<Tags>python,django</Tags>
</question>
<answer>
<Body>&lt;p&gt;If you put some data in &lt;code&gt;request.session&lt;/code&gt; it automatically creates a record in &lt;code&gt;django_session&lt;/code&gt; on &lt;code&gt;process_response&lt;/code&gt; of session middleware. So if you put nothing in the session, and it stores only login data - then it will be number of logins (also by the same user - logount clears session data so it's being recreated if anyone logs in)&lt;/p&gt;&#xA;</Body>
</answer>
<answer>
<Body>&lt;p&gt;It means there are 100 unique visting during which the request.session got modified. The unique visiting is based on per-user-browser: a user who uses Firefox and then Chrome to access your site &lt;strong&gt;AND&lt;/strong&gt; having request.session modified during the process will be identified as two or more visting. Normally, there is no modification upon request.session thus no session entry will be generated. The default login page sets test flag in request.session, thus session entry will be generated for visitor, no matter whether he can log in successfully . Also, if a visitor denies cookie, his every access to the login page would generate a session entry.&lt;/p&gt;&#xA;</Body>
</answer>
