<question>
<Title>How to verify that serialized JSON is correct in Python/C# in a unit test?</Title>
<Body>&lt;p&gt;I'm writing some code that will serialize a C# object to JSON, send it over the wire and deserialize the JSON to a Python object. &lt;/p&gt;&#xA;&#xA;&lt;p&gt;The reverse will also be done, i.e. serialize a Python object to JSON, send it over the wire and deserialize the JSON to a C# object.&lt;/p&gt;&#xA;&#xA;&lt;p&gt;On the C# side, I use the ServiceStack JSON libraries. In Python, I'm using the built-in json libraries. The C# library can be changed easily if necessary, the Python one far less so. &lt;/p&gt;&#xA;&#xA;&lt;pre&gt;&#xA;&#xA;// C#&#xA;var serializer = new JsonSerializer();&#xA;var json = serializer.SerializeToString(request);&#xA;&#xA;// Python&#xA;// JsonCodec inherits from JSONEncoder and hooks to 'default' and just &#xA;// returns obj.__dict__ where obj is the object to be serialized&#xA;actualSerializedResponse = JsonCodec().encode(response)&#xA;&#xA;&lt;/pre&gt;&#xA;&#xA;&lt;p&gt;I've written a unit test in C# to verify that the ServiceStack serialized JSON is as expected by the Python side. In the test, an instance of Foo is created, populated with some hardcoded values, then serialized. To ensure validity, I compare the serialized JSON to some JSON saved in a file, where the contents of the file represent what the Python side expects.&lt;/p&gt;&#xA;&#xA;&lt;p&gt;Similarly, there's a unit test in Python to verify that the built-in json library's serialized JSON is as expected by the C# side. Again, to ensure validity, I compare the actual serialized JSON to some JSON saved in a file.&lt;/p&gt;&#xA;&#xA;&lt;p&gt;In both cases, the fact that I'm comparing the serialized JSON to some JSON saved in a file implies that the order in which properties are serialized to JSON must be consistent every time and every where the tests are run.&lt;/p&gt;&#xA;&#xA;&lt;p&gt;My questions:&lt;/p&gt;&#xA;&#xA;&lt;ul&gt;&#xA;&lt;li&gt;&lt;p&gt;In the C# unit test, it seems that the order of the properties in the JSON match the order in which the properties were defined in the C# class whose instance is being serialized. Can this be relied on?&lt;/p&gt;&lt;/li&gt;&#xA;&lt;li&gt;&lt;p&gt;In the Python unit test, the order of the properties is consistent but arbitrary. This makes sense since it relies on &lt;strong&gt;dict&lt;/strong&gt; and the Python dictionaries are unordered. But can this be relied every time/where?&lt;/p&gt;&lt;/li&gt;&#xA;&lt;li&gt;&lt;p&gt;Is there a better way to do all this? &lt;/p&gt;&lt;/li&gt;&#xA;&lt;/ul&gt;&#xA;&#xA;&lt;p&gt;Many thanks in advance.&lt;/p&gt;&#xA;</Body>
<Tags>c#,python,json,serialization,servicestack</Tags>
</question>
<answer>
<Body>&lt;p&gt;Regarding the Python side: you can pass the JSON decoder an option to use an &quot;ordered dictionary&quot; (requires python 2.7 however):&lt;/p&gt;&#xA;&#xA;&lt;p&gt;from &lt;a href=&quot;http://docs.python.org/library/json.html#json.load&quot; rel=&quot;nofollow&quot;&gt;http://docs.python.org/library/json.html#json.load&lt;/a&gt;:&lt;/p&gt;&#xA;&#xA;&lt;blockquote&gt;&#xA;  &lt;p&gt;object_pairs_hook is an optional function that will be called with the result of any object literal decoded with an ordered list of pairs. The return value of object_pairs_hook will be used instead of the dict. This feature can be used to implement custom decoders that rely on the order that the key and value pairs are decoded (for example, collections.OrderedDict() will remember the order of insertion). If object_hook is also defined, the object_pairs_hook takes priority.&lt;/p&gt;&#xA;&lt;/blockquote&gt;&#xA;</Body>
</answer>
<answer>
<Body>&lt;p&gt;Your first two questions are easy to address. You should not rely on undocumented, implementation specific behavior whenever you can avoid it. I think you can avoid doing so here. To flesh out this answer a bit more, I'll spend some time on your last question.&lt;/p&gt;&#xA;&#xA;&lt;blockquote&gt;&#xA;  &lt;p&gt;Is there a better way to do all this?&lt;/p&gt;&#xA;&lt;/blockquote&gt;&#xA;&#xA;&lt;p&gt;The first step is recognizing that what you've currently written are &lt;a href=&quot;http://www.artima.com/weblogs/viewpost.jsp?thread=126923&quot; rel=&quot;nofollow&quot;&gt;not unit tests&lt;/a&gt;.&lt;/p&gt;&#xA;&#xA;&lt;p&gt;Specifically:&lt;/p&gt;&#xA;&#xA;&lt;blockquote&gt;&#xA;  &lt;p&gt;A test is not a unit test if:&lt;/p&gt;&#xA;  &#xA;  &lt;ul&gt;&#xA;  &lt;li&gt;It communicates across the network &lt;/li&gt;&#xA;  &lt;li&gt;It touches the file system &lt;/li&gt;&#xA;  &lt;/ul&gt;&#xA;&lt;/blockquote&gt;&#xA;&#xA;&lt;p&gt;Your tests are doing both of these. That's not to say that your tests aren't worth anything, but it's important to note that they are not unit tests. The level that these tests are working at is &lt;a href=&quot;http://en.wikipedia.org/wiki/Integration_testing&quot; rel=&quot;nofollow&quot;&gt;integration testing&lt;/a&gt;. Integration testing is:&lt;/p&gt;&#xA;&#xA;&lt;blockquote&gt;&#xA;  &lt;p&gt;The phase in software testing in which individual software modules are&#xA;  combined and tested as a group. It occurs after unit testing and&#xA;  before validation testing&lt;/p&gt;&#xA;&lt;/blockquote&gt;&#xA;&#xA;&lt;p&gt;I think your problem is that you're trying to mix the tasks of integration and unit testing. &lt;/p&gt;&#xA;&#xA;&lt;p&gt;When writing your unit tests you want each test to rely on as few components as possible, and address as specific of a case as possible. In your case, that would mean tests in both C# and Python, neither of which rely on output from the other. In both programs, have your serialization code work on the simplest cases you require it to work for, and validate that you get the JSON loading/dumping that you want. This could mean hand writing JSON as strings in your unit testing code (you want your tests to be small enough that this wouldn't be a pain).&lt;/p&gt;&#xA;&#xA;&lt;p&gt;For your integration tests, you just want to check that nothing blows up when your different pieces talk to each other. Here, you don't have to worry that the serialization and reading is correct, since you've already covered that with your unit tests. If they talk well, great!&lt;/p&gt;&#xA;&#xA;&lt;p&gt;Then, if you run in to bugs, fix them and document them with an appropriate test case. In the end you should have &lt;em&gt;lots&lt;/em&gt; of &lt;em&gt;little&lt;/em&gt; unit tests and a &lt;em&gt;few&lt;/em&gt; slightly bigger integration tests.&lt;/p&gt;&#xA;</Body>
</answer>
