<question>
<Title>Reading from .txt</Title>
<Body>&lt;p&gt;I'm trying to solve Problem 13 of project euler, which involves the sum of 100 50 digit numbers. I figured there would be a better way than the paste that whole chunk of numbers into my code. So I searched around and found that you could paste the chunk into a .txt file and read it from there.&lt;/p&gt;&#xA;&#xA;&lt;p&gt;So, how would I go about reading from a .txt file in C++ and more importantly getting the 50 digit strings individually from it?&lt;/p&gt;&#xA;</Body>
<Tags>c++</Tags>
</question>
<answer>
<Body>&lt;p&gt;Something like this?&lt;/p&gt;&#xA;&#xA;&lt;pre&gt;&lt;code&gt;// reading a text file&#xA;#include &amp;lt;iostream&amp;gt;&#xA;#include &amp;lt;fstream&amp;gt;&#xA;#include &amp;lt;string&amp;gt;&#xA;using namespace std;&#xA;&#xA;int main () {&#xA;  string line;&#xA;  ifstream myfile (&quot;numbers.txt&quot;);&#xA;  if (myfile.is_open())&#xA;  {&#xA;    while ( myfile.good() )&#xA;    {&#xA;      getline (myfile,line);&#xA;      int i = atoi(line.c_str());&#xA;      // do here something with 'i'&#xA;      cout &amp;lt;&amp;lt; i&#xA;    }&#xA;    myfile.close();&#xA;  }&#xA;&#xA;  else cout &amp;lt;&amp;lt; &quot;Unable to open file&quot;; &#xA;&#xA;  return 0;&#xA;}&#xA;&lt;/code&gt;&lt;/pre&gt;&#xA;</Body>
</answer>
