<question>
<Title>How does gtest compare the values in two arrays?</Title>
<Body>&lt;p&gt;I have read &lt;a href=&quot;https://github.com/google/googletest/blob/master/googletest/docs/primer.md#assertions&quot; rel=&quot;nofollow noreferrer&quot;&gt;this official document&lt;/a&gt;, learn how to do Binary Comparison and String Comparison.&lt;/p&gt;&#xA;&#xA;&lt;p&gt;The ASSERT_EQ and ASSERT_STREQ could not work in the array comparison case.&lt;/p&gt;&#xA;&#xA;&lt;p&gt;For example&lt;/p&gt;&#xA;&#xA;&lt;pre&gt;&lt;code&gt;li@li:~/poc$ g++ -I${GTEST_DIR}/include insertion_sort.cpp insertion_sort_unittest.cpp /home/li/libgtest.a -lpthread -o inser_unit&#xA;li@li:~/poc$ ./inser_unit &#xA;[==========] Running 1 test from 1 test case.&#xA;[----------] Global test environment set-up.&#xA;[----------] 1 test from InsertionSortTest&#xA;[ RUN      ] InsertionSortTest.Two&#xA;insertion_sort_unittest.cpp:18: Failure&#xA;Value of: two_sorted&#xA;  Actual: { 2, 5 }&#xA;Expected: two&#xA;Which is: { 2, 5 }&#xA;[  FAILED  ] InsertionSortTest.Two (1 ms)&#xA;[----------] 1 test from InsertionSortTest (1 ms total)&#xA;&#xA;[----------] Global test environment tear-down&#xA;[==========] 1 test from 1 test case ran. (1 ms total)&#xA;[  PASSED  ] 0 tests.&#xA;[  FAILED  ] 1 test, listed below:&#xA;[  FAILED  ] InsertionSortTest.Two&#xA;&#xA; 1 FAILED TEST&#xA;&lt;/code&gt;&lt;/pre&gt;&#xA;&#xA;&lt;p&gt;insertion_sort_unittest.cpp&lt;/p&gt;&#xA;&#xA;&lt;pre&gt;&lt;code&gt;#include &amp;lt;limits.h&amp;gt;&#xA;#include &quot;insertionsort.h&quot;&#xA;#include &quot;gtest/gtest.h&quot;&#xA;&#xA;namespace{&#xA;    class InsertionSortTest : public ::testing::Test{&#xA;        protected:&#xA;            InsertionSortTest() {}&#xA;            virtual ~InsertionSortTest() {}&#xA;            virtual void SetUp() {}&#xA;            virtual void TearDown() {}&#xA;    };&#xA;&#xA;    TEST(InsertionSortTest, Two){&#xA;        int two[] = {5, 2};&#xA;        int two_sorted[] = {2, 5};&#xA;        insertionSort(two, 2);&#xA;        EXPECT_EQ(two, two_sorted);&#xA;    }&#xA;}&#xA;&#xA;int main(int argc, char **argv){&#xA;    ::testing::InitGoogleTest(&amp;amp;argc, argv);&#xA;    return RUN_ALL_TESTS();&#xA;}&#xA;&lt;/code&gt;&lt;/pre&gt;&#xA;&#xA;&lt;p&gt;insertion_sort.cpp&lt;/p&gt;&#xA;&#xA;&lt;pre&gt;&lt;code&gt;#include &quot;insertionsort.h&quot;&#xA;void insertionSort(int *data, int size){&#xA;    for (int i=1,j; i&amp;lt;size; i++){&#xA;        int key = data[i];&#xA;        for (j=i-1; j&amp;gt;=0; j--){&#xA;            if (data[j] &amp;gt; key){&#xA;                data[j+1]=data[j];&#xA;                data[j]=key;&#xA;            }&#xA;        }&#xA;    }&#xA;}&#xA;&lt;/code&gt;&lt;/pre&gt;&#xA;&#xA;&lt;p&gt;insertionsort.h&lt;/p&gt;&#xA;&#xA;&lt;pre&gt;&lt;code&gt;#ifndef INSERTIONSORT_H_&#xA;#define INSERTIONSORT_H_&#xA;void insertionSort(int *data, int size);&#xA;#endif&#xA;&lt;/code&gt;&lt;/pre&gt;&#xA;</Body>
<Tags>c++,googletest</Tags>
</question>
<answer>
<Body>&lt;p&gt;You don't need to add a dependency on googlemock if you don't want, you could write your own simple function that returns a &lt;code&gt;testing::AssertionResult&lt;/code&gt;, e.g.&lt;/p&gt;&#xA;&#xA;&lt;pre&gt;&lt;code&gt;    template&amp;lt;typename T, size_t size&amp;gt;&#xA;    ::testing::AssertionResult ArraysMatch(const T (&amp;amp;expected)[size],&#xA;                                           const T (&amp;amp;actual)[size]){&#xA;        for (size_t i(0); i &amp;lt; size; ++i){&#xA;            if (expected[i] != actual[i]){&#xA;                return ::testing::AssertionFailure() &amp;lt;&amp;lt; &quot;array[&quot; &amp;lt;&amp;lt; i&#xA;                    &amp;lt;&amp;lt; &quot;] (&quot; &amp;lt;&amp;lt; actual[i] &amp;lt;&amp;lt; &quot;) != expected[&quot; &amp;lt;&amp;lt; i&#xA;                    &amp;lt;&amp;lt; &quot;] (&quot; &amp;lt;&amp;lt; expected[i] &amp;lt;&amp;lt; &quot;)&quot;;&#xA;            }&#xA;        }&#xA;&#xA;        return ::testing::AssertionSuccess();&#xA;    }&#xA;&lt;/code&gt;&lt;/pre&gt;&#xA;&#xA;&lt;p&gt;Then in your test, call:&lt;/p&gt;&#xA;&#xA;&lt;pre&gt;&lt;code&gt;    EXPECT_TRUE(ArraysMatch(two_sorted, two));&#xA;&lt;/code&gt;&lt;/pre&gt;&#xA;</Body>
</answer>
<answer>
<Body>&lt;p&gt;&lt;code&gt;ASSERT_EQ&lt;/code&gt; compares its arguments using &lt;code&gt;operator==&lt;/code&gt;. Comparing with &lt;code&gt;operator==&lt;/code&gt; works for &lt;code&gt;std::vector&lt;/code&gt;'s but not for C-arrays in C++. The reason is, when you try to use a value of a C-array in an expression, in most circumstances the value decays into a pointer pointing to the beginning of the memory where the array is stored. You end up comparing two pointers. In case of two different C-arrays those pointers will never have the same value.&lt;/p&gt;&#xA;&#xA;&lt;p&gt;Your easiest way out is to use Google Mock's &lt;code&gt;ASSERT_THAT&lt;/code&gt; macro and the &lt;a href=&quot;https://github.com/google/googletest/blob/master/googlemock/docs/CheatSheet.md#container-matchers&quot; rel=&quot;noreferrer&quot;&gt;ContainerEq&lt;/a&gt; matcher. Instead of &lt;code&gt;ASSERT_EQ&lt;/code&gt;, write&lt;/p&gt;&#xA;&#xA;&lt;pre&gt;&lt;code&gt;ASSERT_THAT(two, ContainerEq(two_sorted));&#xA;&lt;/code&gt;&lt;/pre&gt;&#xA;</Body>
</answer>
<answer>
<Body>&lt;p&gt;I think it is enough to write just like this.&lt;/p&gt;&#xA;&#xA;&lt;p&gt;&lt;code&gt;EXPECT_EQ(memcmp(two, two_sorted, 2 * sizeof(int)), 0);&#xA;&lt;/code&gt;&lt;/p&gt;&#xA;</Body>
</answer>
