<question>
<Title>List Slicing python</Title>
<Body>&lt;p&gt;I have a list like &lt;/p&gt;&#xA;&#xA;&lt;pre&gt;&lt;code&gt;myl = ['A','B','C','D','E','F'] #length always even&#xA;&lt;/code&gt;&lt;/pre&gt;&#xA;&#xA;&lt;p&gt;Now my desired output is &lt;code&gt;'AB','CD','EF'&lt;/code&gt;&lt;/p&gt;&#xA;&#xA;&lt;p&gt;I tried&lt;/p&gt;&#xA;&#xA;&lt;pre&gt;&lt;code&gt;&amp;gt;&amp;gt;&amp;gt; myl = ['A','B','C','D','E','F']&#xA;&amp;gt;&amp;gt;&amp;gt; even_pos = myl[::2]&#xA;&amp;gt;&amp;gt;&amp;gt; odd_pos = myl[::-2]&#xA;&amp;gt;&amp;gt;&amp;gt; odd_pos.reverse()&#xA;&amp;gt;&amp;gt;&amp;gt; newlist = zip(even_pos,odd_pos)&#xA;&amp;gt;&amp;gt;&amp;gt; for x in newlist:&#xA;...     print &quot;&quot;.join(list(x))&#xA;...&#xA;...&#xA;AB&#xA;CD&#xA;EF&#xA;&amp;gt;&amp;gt;&amp;gt;&#xA;&lt;/code&gt;&lt;/pre&gt;&#xA;&#xA;&lt;p&gt;I don't like this way because I think this is too much.&lt;/p&gt;&#xA;&#xA;&lt;p&gt;So, is there any better way to achieve my output.&lt;/p&gt;&#xA;</Body>
<Tags>python</Tags>
</question>
<answer>
<Body>&lt;p&gt;You can do this concisely using a list comprehension or generator expression:&lt;/p&gt;&#xA;&#xA;&lt;pre&gt;&lt;code&gt;&amp;gt;&amp;gt;&amp;gt; myl = ['A','B','C','D','E','F']&#xA;&amp;gt;&amp;gt;&amp;gt; [''.join(myl[i:i+2]) for i in range(0, len(myl), 2)]&#xA;['AB', 'CD', 'EF']&#xA;&amp;gt;&amp;gt;&amp;gt; print '\n'.join(''.join(myl[i:i+2]) for i in range(0, len(myl), 2))&#xA;AB&#xA;CD&#xA;EF&#xA;&lt;/code&gt;&lt;/pre&gt;&#xA;&#xA;&lt;p&gt;You could replace &lt;code&gt;''.join(myl[i:i+2])&lt;/code&gt; with &lt;code&gt;myl[i] + myl[i+1]&lt;/code&gt; for this particular case, but using the &lt;code&gt;''.join()&lt;/code&gt; method is easier for when you want to do groups of three or more.&lt;/p&gt;&#xA;&#xA;&lt;p&gt;Or an alternative that comes from the documentation for &lt;a href=&quot;http://docs.python.org/library/functions.html#zip&quot; rel=&quot;nofollow&quot;&gt;&lt;code&gt;zip()&lt;/code&gt;&lt;/a&gt;:&lt;/p&gt;&#xA;&#xA;&lt;pre&gt;&lt;code&gt;&amp;gt;&amp;gt;&amp;gt; map(''.join, zip(*[iter(myl)]*2))&#xA;['AB', 'CD', 'EF']&#xA;&lt;/code&gt;&lt;/pre&gt;&#xA;</Body>
</answer>
<answer>
<Body>&lt;p&gt;How about this?&lt;/p&gt;&#xA;&#xA;&lt;pre&gt;&lt;code&gt;&amp;gt;&amp;gt;&amp;gt; [&quot;%s%s&quot; % (myl[c], myl[c+1]) for c in range(0, 6, 2)]&#xA;['AB', 'CD', 'EF']&#xA;&lt;/code&gt;&lt;/pre&gt;&#xA;</Body>
</answer>
<answer>
<Body>&lt;p&gt;Why is your method so complicated? You could do basically what you did, but in one line, like so:&lt;/p&gt;&#xA;&#xA;&lt;pre&gt;&lt;code&gt;[ &quot;&quot;.join(t) for t in zip(myl[::2], myl[1::2]) ]&#xA;&lt;/code&gt;&lt;/pre&gt;&#xA;&#xA;&lt;p&gt;F.J's answer is more efficient though.&lt;/p&gt;&#xA;</Body>
</answer>
<answer>
<Body>&lt;p&gt;I'd probably write:&lt;/p&gt;&#xA;&#xA;&lt;pre&gt;&lt;code&gt;[myl[i] + myl[i + 1] for i in xrange(len(myl), step=2)]&#xA;&lt;/code&gt;&lt;/pre&gt;&#xA;</Body>
</answer>
