<question>
<Title>Finding float in s string- Python</Title>
<Body>&lt;p&gt;This one is hopefully simple, I have a string &lt;em&gt;&quot;voltage is E=200V and the current is I=4.5A&quot;&lt;/em&gt;. I need to extract both float values. I have tried to use the float() function (with a sub-string of 11 to 16 in the parameters) but i get an error. I realize this probably is not good coding, I am in the beginning stages of trying to learn Python. Any help is much appreciated.&lt;/p&gt;&#xA;&#xA;&lt;p&gt;edit: Here is the code&lt;/p&gt;&#xA;&#xA;&lt;pre&gt;&lt;code&gt;I = 0.0     &#xA;if((currentString.find('I=')) != -1):&#xA;            I = float(currentString[(currentString.find('I=')):(currentString.find('A'))])&#xA;&lt;/code&gt;&lt;/pre&gt;&#xA;&#xA;&lt;p&gt;again, im new to this language and i know that looks ugly.&lt;/p&gt;&#xA;</Body>
<Tags>python,string,floating-point</Tags>
</question>
<answer>
<Body>&lt;p&gt;I'm reluctant to mention regular expressions, as it is often a confusing tool for novices, but  for your use and reference, here is a snippet that should help you get those values.  IIRC voltage is unlikely to be float(instead int?), so this matching operating returns int later, but can be float if that is really required.&lt;/p&gt;&#xA;&#xA;&lt;pre&gt;&lt;code&gt;&amp;gt;&amp;gt;&amp;gt; import re&#xA;&amp;gt;&amp;gt;&amp;gt; regex = re.compile(r'.*?E=([\d.]+).*?I=([\d.]+)')&#xA;&amp;gt;&amp;gt;&amp;gt; re.match('voltage is E=200V and the current is I=4.5A')&#xA;&amp;gt;&amp;gt;&amp;gt; matches = regex.match('voltage is E=200V and the current is I=4.5A')&#xA;&amp;gt;&amp;gt;&amp;gt; int(matches.group(1))&#xA;200&#xA;&amp;gt;&amp;gt;&amp;gt; float(matches.group(2))&#xA;4.5&#xA;&lt;/code&gt;&lt;/pre&gt;&#xA;&#xA;&lt;p&gt;A method to extract such numbers using more simple tools is:&lt;/p&gt;&#xA;&#xA;&lt;pre&gt;&lt;code&gt;&amp;gt;&amp;gt;&amp;gt; s.find('E=')&#xA;11&#xA;&amp;gt;&amp;gt;&amp;gt; s.find('V', 11)&#xA;16&#xA;&amp;gt;&amp;gt;&amp;gt; s[11:16]&#xA;'E=200'&#xA;&amp;gt;&amp;gt;&amp;gt; s[11+2:16]&#xA;'200'&#xA;&amp;gt;&amp;gt;&amp;gt; int(s[11+2:16])&#xA;200&#xA;&lt;/code&gt;&lt;/pre&gt;&#xA;</Body>
</answer>
