<question>
<Title>Initializing std::auto_ptr: &quot;error: no match for call to ‘(std::auto_ptr&lt;int&gt;) (int*)’&quot;</Title>
<Body>&lt;p&gt;I'm having trouble using &lt;code&gt;std::auto_ptr&lt;/code&gt;. I try to compile the following on Ubuntu 11.10 using GCC 4.6.1, and I get the error message &lt;code&gt;error: no match for call to ‘(std::auto_ptr&amp;lt;int&amp;gt;) (int*)’&lt;/code&gt;. &lt;/p&gt;&#xA;&#xA;&lt;pre&gt;&lt;code&gt;#include &amp;lt;memory&amp;gt;&#xA;#include &amp;lt;iostream&amp;gt;&#xA;&#xA;class Toy  {&#xA;&#xA;public:&#xA;    std::auto_ptr&amp;lt;int&amp;gt; foo;&#xA;&#xA;    Toy() {&#xA;        foo(new int(3));&#xA;    }&#xA;};&#xA;&#xA;int main() {&#xA;&#xA;    Toy toy;&#xA;&#xA;    std::cout &amp;lt;&amp;lt; *toy.foo &amp;lt;&amp;lt; std::endl;&#xA;&#xA;    return 0;&#xA;}&#xA;&lt;/code&gt;&lt;/pre&gt;&#xA;&#xA;&lt;p&gt;I was pretty sure a &lt;code&gt;std::auto_ptr&amp;lt; T &amp;gt;&lt;/code&gt; takes in a &lt;code&gt;T*&lt;/code&gt; as its constructor arguments, but apparently not... My apologies if this is a trivial or duplicate question, but I searched the archives, and haven't found an answer. Places like &lt;a href=&quot;http://www.cprogramming.com/tutorial/auto_ptr.html&quot; rel=&quot;nofollow&quot;&gt;this&lt;/a&gt; seem to suggest that the above code should work. Anyway, any help would be appreciated!&lt;/p&gt;&#xA;</Body>
<Tags>c++,raii,auto-ptr</Tags>
</question>
<answer>
<Body>&lt;p&gt;You are not calling a constructor. Instead, you try to call a non-existent function-call operator. These would call the constructor:&lt;/p&gt;&#xA;&#xA;&lt;pre&gt;&lt;code&gt;Toy() : line(new int(3)) {&#xA;&lt;/code&gt;&lt;/pre&gt;&#xA;&#xA;&lt;p&gt;or (not exactly what you want)&lt;/p&gt;&#xA;&#xA;&lt;pre&gt;&lt;code&gt;Toy() {&#xA;    auto_ptr&amp;lt;int&amp;gt; line(new int(3));&#xA;&lt;/code&gt;&lt;/pre&gt;&#xA;&#xA;&lt;p&gt;or (as above, not what you want)&lt;/p&gt;&#xA;&#xA;&lt;pre&gt;&lt;code&gt;Toy() {&#xA;    auto_ptr&amp;lt;int&amp;gt;(new int(3));&#xA;&lt;/code&gt;&lt;/pre&gt;&#xA;</Body>
</answer>
<answer>
<Body>&lt;p&gt;Your trouble isn't with &lt;code&gt;auto_ptr&lt;/code&gt;, but with constructors in C++. You need to &lt;em&gt;initialize&lt;/em&gt; class members in the constructor initializer list:&lt;/p&gt;&#xA;&#xA;&lt;pre&gt;&lt;code&gt;Toy() : line(new int(3)) { }&#xA;&lt;/code&gt;&lt;/pre&gt;&#xA;&#xA;&lt;p&gt;Note that this creates a single dynamic &lt;code&gt;int&lt;/code&gt; with value &lt;code&gt;3&lt;/code&gt;.&lt;/p&gt;&#xA;</Body>
</answer>
<answer>
<Body>&lt;p&gt;That's not where you construct member variables.  You want to use an initializer list.&lt;/p&gt;&#xA;&#xA;&lt;pre&gt;&lt;code&gt;Toy() &#xA;    : line(new int(3))&#xA;{ }&#xA;&lt;/code&gt;&lt;/pre&gt;&#xA;&#xA;&lt;p&gt;Members are constructed &lt;em&gt;just before&lt;/em&gt; your classes constructor code runs.  You can assign them in the constructor code though.  They are constructed in the order they appear in the class definition, &lt;em&gt;not in the order they appear in this list&lt;/em&gt;.  Most compilers will warn you if this list is out of order, just because that avoids confusion.  You can also construct parent objects in the same way, by using the parent class' type (since it has no name)&lt;/p&gt;&#xA;&#xA;&lt;pre&gt;&lt;code&gt;class Toy : public Thing {&#xA;   Toy() : Thing(&quot;APPLE&quot;) {}&#xA;};&#xA;&lt;/code&gt;&lt;/pre&gt;&#xA;</Body>
</answer>
<answer>
<Body>&lt;p&gt;To initialize the fields of a class you use the initialization list syntax:&lt;/p&gt;&#xA;&#xA;&lt;pre&gt;&lt;code&gt;class Toy  {&#xA;&#xA;public:&#xA;    std::auto_ptr&amp;lt;int&amp;gt; line;&#xA;&#xA;    Toy() : line(new int(3))&#xA;    {&#xA;&#xA;    }&#xA;};&#xA;&lt;/code&gt;&lt;/pre&gt;&#xA;&#xA;&lt;p&gt;otherwise, you may get a default-initialized &lt;code&gt;line&lt;/code&gt; and reseat it with its &lt;code&gt;reset&lt;/code&gt; method:&lt;/p&gt;&#xA;&#xA;&lt;pre&gt;&lt;code&gt;class Toy  {&#xA;&#xA;public:&#xA;    std::auto_ptr&amp;lt;int&amp;gt; line;&#xA;&#xA;    Toy()&#xA;    {&#xA;        line.reset(new int(3));&#xA;    }&#xA;};&#xA;&lt;/code&gt;&lt;/pre&gt;&#xA;&#xA;&lt;p&gt;But there are more problems with this code; first of all, &lt;code&gt;new int(3)&lt;/code&gt; does not create an array of three &lt;code&gt;int&lt;/code&gt;s (as I think you think), but it creates a single &lt;code&gt;int&lt;/code&gt; initialized to &lt;code&gt;3&lt;/code&gt;. What you probably meant was &lt;code&gt;new int[3]&lt;/code&gt;.&lt;/p&gt;&#xA;&#xA;&lt;p&gt;&lt;em&gt;But&lt;/em&gt;: &lt;code&gt;new int[3]&lt;/code&gt; would need a &lt;code&gt;delete[]&lt;/code&gt; to be freed, but &lt;code&gt;auto_ptr&lt;/code&gt; uses plain &lt;code&gt;delete&lt;/code&gt;, i.e. it's not intended to manage arrays. This because the solution provided by the standard library to manage arrays is &lt;code&gt;std::vector&lt;/code&gt;, which you should probably use instead of your homebrew solution, since &lt;code&gt;std::vector&lt;/code&gt; has virtually no overhead over a &quot;normal&quot; dynamic array.&lt;/p&gt;&#xA;</Body>
</answer>
