<question>
<Title>What's the best way of implementation QProcess, which reading stdout and stderr in &quot;real time&quot;?</Title>
<Body>&lt;p&gt;This questions is often asked. Many recommend use &lt;code&gt;readyReadStandardOutput&lt;/code&gt; for this purpose&#xA;What's the best way of implementation QProcess, which reading stdout and stderr in &quot;real time&quot;? I want to add messages in DisplayEdit. What i must change in my code (you can see it below )? May be use QThread for writing in DisplayEdit?&#xA;I've already the following code:&lt;/p&gt;&#xA;&#xA;&lt;pre&gt;&lt;code&gt;#include &quot;mainwindow.h&quot;&#xA;#include &quot;ui_mainwindow.h&quot;&#xA;#include &amp;lt;QProcess&amp;gt;&#xA;#include &amp;lt;QDebug&amp;gt;&#xA;#include &amp;lt;QCloseEvent&amp;gt;&#xA;&#xA;MainWindow::MainWindow(QWidget *parent) :&#xA;    QMainWindow(parent),&#xA;    ui(new Ui::MainWindow)&#xA;{&#xA;    ui-&amp;gt;setupUi(this);&#xA;    process = new QProcess(this);&#xA;    connect(process, SIGNAL(readyReadStandardOutput()),SLOT(slotDataOnStdout()));&#xA;    connect(process, SIGNAL(readyReadStandardError()), SLOT(slotProcessError()));&#xA;    connect(process, SIGNAL(error(QProcess::ProcessError)),SLOT(slotProcessError()));&#xA;    connect(process, SIGNAL(started()),SLOT(slotProcessStart()));&#xA;    connect(process, SIGNAL(finished(int)),SLOT(slotProcessFinish(int)));&#xA;}&#xA;&#xA;MainWindow::~MainWindow()&#xA;{&#xA;    delete ui;&#xA;}&#xA;&#xA;void MainWindow::on_EnterButton_clicked()&#xA;{&#xA;    QStringList args = ui-&amp;gt;ArgsEdit-&amp;gt;text().split(&quot; &quot;);&#xA;    QString cmd = ui-&amp;gt;CommandEdit-&amp;gt;text();&#xA;    process-&amp;gt;start(cmd, args);&#xA;&#xA;}&#xA;&#xA;void MainWindow::slotDataOnStdout()&#xA;{&#xA;    qDebug() &amp;lt;&amp;lt; &quot;slotDataOnStdout&quot;;&#xA;    ui-&amp;gt;DisplayEdit-&amp;gt;append(process-&amp;gt;readAllStandardOutput() + '\n');&#xA;}&#xA;&#xA;void MainWindow::slotStderr()&#xA;{&#xA;    qDebug() &amp;lt;&amp;lt; &quot;std error&quot;;&#xA;}&#xA;&#xA;void MainWindow::slotProcessError()&#xA;{&#xA;    qDebug() &amp;lt;&amp;lt; &quot;error&quot;;&#xA;}&#xA;&#xA;void MainWindow::slotProcessStart()&#xA;{&#xA;    qDebug() &amp;lt;&amp;lt; &quot;start&quot;;&#xA;}&#xA;&#xA;void MainWindow::slotProcessFinish(int exitCode)&#xA;{&#xA;    qDebug() &amp;lt;&amp;lt; &quot;finish: &quot; &amp;lt;&amp;lt; exitCode;&#xA;    QString str = process-&amp;gt;readAllStandardOutput();&#xA;    qDebug() &amp;lt;&amp;lt; str;&#xA;}&#xA;&lt;/code&gt;&lt;/pre&gt;&#xA;&#xA;&lt;p&gt;And i want to execude the binary file of countdown timer. The code of my timer (i have took it from &lt;a href=&quot;http://www.cplusplus.com/reference/clibrary/ctime/clock/&quot; rel=&quot;nofollow&quot;&gt;clock reference&lt;/a&gt;:&lt;/p&gt;&#xA;&#xA;&lt;pre&gt;&lt;code&gt;#include &amp;lt;stdio.h&amp;gt;&#xA;#include &amp;lt;time.h&amp;gt;&#xA;&#xA;void wait ( int seconds )&#xA;{&#xA;  clock_t endwait;&#xA;  endwait = clock () + seconds * CLOCKS_PER_SEC ;&#xA;  while (clock() &amp;lt; endwait) {}&#xA;}&#xA;&#xA;int main ()&#xA;{&#xA;  int n;&#xA;  printf (&quot;Starting countdown...\n&quot;);&#xA;  for (n=10; n&amp;gt;0; n--)&#xA;  {&#xA;    printf (&quot;%d\n&quot;,n);&#xA;    wait (1);&#xA;  }&#xA;  printf (&quot;FIRE!!!\n&quot;);&#xA;  return 0;&#xA;}&#xA;&lt;/code&gt;&lt;/pre&gt;&#xA;</Body>
<Tags>c++,multithreading,qt</Tags>
</question>
<answer>
<Body>&lt;p&gt;Looks mostly right. You did forgot to clean up the process, or think about what to do when the process isn't finished yet.&lt;/p&gt;&#xA;&#xA;&lt;p&gt;As for the timer, use the &lt;code&gt;QTimer::timeout&lt;/code&gt; signal. &lt;/p&gt;&#xA;</Body>
</answer>
