<question>
<Title>Bool always evaluating as true</Title>
<Body>&lt;p&gt;I'm making a program where you need to use a bool function to find out if three numbers are in ascending order when the user inputs them. However, the bool function always evaluates as true. What am I missing? Here is my code:&lt;/p&gt;&#xA;&#xA;&lt;pre&gt;&lt;code&gt;#include &amp;lt;iostream&amp;gt;&#xA;#include &amp;lt;string&amp;gt;&#xA;&#xA;using namespace std;&#xA;&#xA;bool inOrder(int first, int second, int third)&#xA;{&#xA;    if ((first &amp;lt;= second) &amp;amp;&amp;amp; (second &amp;lt;= third))&#xA;    {&#xA;        return true;&#xA;    }&#xA;&#xA;    else&#xA;    {&#xA;        return false;&#xA;    }&#xA;}&#xA;&#xA;int main()&#xA;{&#xA;    int first, second, third;&#xA;&#xA;    cout &amp;lt;&amp;lt; &quot;You will be prompted to enter three numbers.&quot; &amp;lt;&amp;lt; endl;&#xA;    cout &amp;lt;&amp;lt; &quot;Please enter your first number: &quot;;&#xA;    cin &amp;gt;&amp;gt; first;&#xA;    cout &amp;lt;&amp;lt; &quot;Please enter your second number: &quot;;&#xA;    cin &amp;gt;&amp;gt; second;&#xA;    cout &amp;lt;&amp;lt; &quot;Please enter your third and final number: &quot;;&#xA;    cin &amp;gt;&amp;gt; third;&#xA;    cout &amp;lt;&amp;lt; endl;&#xA;&#xA;    inOrder(first, second, third);&#xA;&#xA;    if (inOrder)&#xA;    {&#xA;        cout &amp;lt;&amp;lt; &quot;Your numbers were in ascending order!&quot; &amp;lt;&amp;lt; endl;&#xA;    }&#xA;&#xA;    else&#xA;    {&#xA;        cout &amp;lt;&amp;lt; &quot;Your numbers were not in ascdending order.&quot; &amp;lt;&amp;lt; endl;&#xA;    }&#xA;&#xA;    return 0;&#xA;}&#xA;&lt;/code&gt;&lt;/pre&gt;&#xA;</Body>
<Tags>c++,boolean</Tags>
</question>
<answer>
<Body>&lt;p&gt;You'll have to store the return value of the function, and test that - or just test the function directly. So:&lt;/p&gt;&#xA;&#xA;&lt;pre&gt;&lt;code&gt;bool result = inOrder(first, second, third);&#xA;&#xA;if (result)&#xA;{&#xA;(...)&#xA;&lt;/code&gt;&lt;/pre&gt;&#xA;&#xA;&lt;p&gt;or:&lt;/p&gt;&#xA;&#xA;&lt;pre&gt;&lt;code&gt;if (inOrder(first, second, third)&#xA;{&#xA;(...)&#xA;&lt;/code&gt;&lt;/pre&gt;&#xA;&#xA;&lt;p&gt;And the reason for &lt;code&gt;if(inOrder)&lt;/code&gt; always evaluating to true is that it checks the address of the &lt;code&gt;inOrder()&lt;/code&gt; function, which is non-zero.&lt;/p&gt;&#xA;</Body>
</answer>
<answer>
<Body>&lt;p&gt;You need to actually call the function:&lt;/p&gt;&#xA;&#xA;&lt;pre&gt;&lt;code&gt;if (inOrder(first, second, third))&#xA;&lt;/code&gt;&lt;/pre&gt;&#xA;&#xA;&lt;p&gt;This&lt;/p&gt;&#xA;&#xA;&lt;pre&gt;&lt;code&gt;if (inOrder)&#xA;&lt;/code&gt;&lt;/pre&gt;&#xA;&#xA;&lt;p&gt;always evaluates to true, as it really checks, whether the function pointer is non-null.&lt;/p&gt;&#xA;</Body>
</answer>
<answer>
<Body>&lt;p&gt;May be you meant&lt;/p&gt;&#xA;&#xA;&lt;pre&gt;&lt;code&gt;if (inOrder(first, second, third))&#xA;&lt;/code&gt;&lt;/pre&gt;&#xA;&#xA;&lt;p&gt;instead of&lt;/p&gt;&#xA;&#xA;&lt;pre&gt;&lt;code&gt;inOrder(first, second, third);&#xA;&#xA;if (inOrder)&#xA;&lt;/code&gt;&lt;/pre&gt;&#xA;&#xA;&lt;p&gt;when you say &lt;code&gt;if (inOrder)&lt;/code&gt; you are actually not calling the function and checking the result, instead you are using the variable inOrder as a condition which is nothing more than the pointer to the entry point of the function which always evaluates to true.&lt;/p&gt;&#xA;</Body>
</answer>
<answer>
<Body>&lt;p&gt;It's always &lt;code&gt;true&lt;/code&gt; because you are passing the address of the function into your if condition. Since the function will never be at address 0, the condition is always true. You need to either store the return value of the function:&lt;/p&gt;&#xA;&#xA;&lt;pre&gt;&lt;code&gt;bool ordered = inOrder(first, second, third);&#xA;&lt;/code&gt;&lt;/pre&gt;&#xA;&#xA;&lt;p&gt;or call the function in the if:&lt;/p&gt;&#xA;&#xA;&lt;pre&gt;&lt;code&gt;if (inOrder(first, second, third))&#xA;&lt;/code&gt;&lt;/pre&gt;&#xA;</Body>
</answer>
<answer>
<Body>&lt;p&gt;Try this:&lt;/p&gt;&#xA;&#xA;&lt;pre&gt;&lt;code&gt;bool b = inOrder(first, second, third);&#xA;if(b){.....}&#xA;&lt;/code&gt;&lt;/pre&gt;&#xA;&#xA;&lt;p&gt;you are not taking result from &lt;code&gt;inOrder&lt;/code&gt; function&lt;/p&gt;&#xA;</Body>
</answer>
<answer>
<Body>&lt;p&gt;Here is working copy. You need to store the o/p from your function call.&lt;/p&gt;&#xA;&#xA;&lt;pre&gt;&lt;code&gt;#include &amp;lt;iostream&amp;gt;&#xA;#include &amp;lt;string&amp;gt;&#xA;&#xA;using namespace std;&#xA;&#xA;bool inOrder(int first, int second, int third)&#xA;{&#xA;    if ((first &amp;lt;= second) &amp;amp;&amp;amp; (second &amp;lt;= third))&#xA;    {&#xA;        return true;&#xA;    }&#xA;&#xA;    else&#xA;    {&#xA;        return false;&#xA;    }&#xA;}&#xA;&#xA;int main()&#xA;{&#xA;    int first, second, third;&#xA;&#xA;    cout &amp;lt;&amp;lt; &quot;You will be prompted to enter three numbers.&quot; &amp;lt;&amp;lt; endl;&#xA;    cout &amp;lt;&amp;lt; &quot;Please enter your first number: &quot;;&#xA;    cin &amp;gt;&amp;gt; first;&#xA;    cout &amp;lt;&amp;lt; &quot;Please enter your second number: &quot;;&#xA;    cin &amp;gt;&amp;gt; second;&#xA;    cout &amp;lt;&amp;lt; &quot;Please enter your third and final number: &quot;;&#xA;    cin &amp;gt;&amp;gt; third;&#xA;    cout &amp;lt;&amp;lt; endl;&#xA;    bool isordered;&#xA;    isordered = inOrder(first, second, third);&#xA;&#xA;    if (isordered)&#xA;    {&#xA;        cout &amp;lt;&amp;lt; &quot;Your numbers were in ascending order!&quot; &amp;lt;&amp;lt; endl;&#xA;    }&#xA;&#xA;    else&#xA;    {&#xA;        cout &amp;lt;&amp;lt; &quot;Your numbers were not in ascdending order.&quot; &amp;lt;&amp;lt; endl;&#xA;    }&#xA;&#xA;    return 0;&#xA;}&#xA;&lt;/code&gt;&lt;/pre&gt;&#xA;</Body>
</answer>
