<question>
<Title>Assign calculated value to variable within generator expression?</Title>
<Body>&lt;p&gt;a short question: is it possible to assign the result of a calculation within a generator expression to a referrer?&lt;/p&gt;&#xA;&#xA;&lt;p&gt;Let's assume I have an expression like this:&lt;/p&gt;&#xA;&#xA;&lt;p&gt;&lt;code&gt;m = (float(i.dist) - float(base) for i in met_obj if str(i.code) != '90')&lt;/code&gt;&lt;/p&gt;&#xA;&#xA;&lt;p&gt;&lt;code&gt;i.dist&lt;/code&gt; is an attribute of an object which I want to chance. I tried: &lt;/p&gt;&#xA;&#xA;&lt;p&gt;&lt;code&gt;m = (float(i.dist) -= float(base) for i in met_obj if str(i.code) != '90')&lt;/code&gt;&lt;/p&gt;&#xA;&#xA;&lt;p&gt;Or would I need to use a generator instead?&lt;/p&gt;&#xA;&#xA;&lt;p&gt;Thanks!&#xA;LarsVegas   &lt;/p&gt;&#xA;</Body>
<Tags>python,generator</Tags>
</question>
<answer>
<Body>&lt;p&gt;I thinks there is an error in your code. &lt;/p&gt;&#xA;&#xA;&lt;p&gt;As you can see, &lt;code&gt;float()&lt;/code&gt; is a function, and   the statement &lt;code&gt;float(i.dist) -= float(base)&lt;/code&gt; means assigning to function call, so it will be a syntax error :)&lt;/p&gt;&#xA;</Body>
</answer>
<answer>
<Body>&lt;p&gt;A short answer: no, it is not possible.&lt;/p&gt;&#xA;</Body>
</answer>
<answer>
<Body>&lt;p&gt;If you want to destructively update objects in a loop, then use a loop, not a generator expression:&lt;/p&gt;&#xA;&#xA;&lt;pre&gt;&lt;code&gt;for i in met_obj if str(i.code) != '90':&#xA;   i.dist -= float(base)&#xA;&lt;/code&gt;&lt;/pre&gt;&#xA;&#xA;&lt;p&gt;Generator expressions are useful when programming in a &lt;a href=&quot;https://en.wikipedia.org/wiki/Functional_programming&quot; rel=&quot;nofollow&quot;&gt;functional&lt;/a&gt; style, while doing assignments to existing variables/members is typically an imperative construct.&lt;/p&gt;&#xA;</Body>
</answer>
