<question>
<Title>Python Base64 string shorter than Botan Base64 string</Title>
<Body>&lt;p&gt;I've managed to get AES/Rijndael [256bit key / 128bit block size] symmetric encryption working: encrypt with pycrypto and decrypting with Botan in C++.&lt;/p&gt;&#xA;&#xA;&lt;p&gt;However, when I try to base64 encode the encryption result in python, the resulting string is shorter than the same string generated by Botan using a Base64_Encoder. Example:&lt;/p&gt;&#xA;&#xA;&lt;p&gt;Botan Base64:&lt;/p&gt;&#xA;&#xA;&lt;blockquote&gt;&#xA;  &lt;p&gt;zjjxmJf5KPs183I/EvC+JuNbOdmbm4bWyhLsdZI8fuVUnKQAeSj0ivmKIYu7HBjM7gLgLV+xtSKcsCeQD7Gy4w==&lt;/p&gt;&#xA;&lt;/blockquote&gt;&#xA;&#xA;&lt;p&gt;Py-3k Base64:&lt;/p&gt;&#xA;&#xA;&lt;blockquote&gt;&#xA;  &lt;p&gt;zjjxmJf5KPs183I/EvC+JuNbOdmbm4bWyhLsdZI8fuVUnKQAeSj0ivmKIYu7HBjM&lt;/p&gt;&#xA;&lt;/blockquote&gt;&#xA;&#xA;&lt;p&gt;You can see that the strings are exactly the same up until the 64 character mark. If I try to decrypt the Python base64 string in Botan it complains about &quot;not enough input&quot;.&lt;/p&gt;&#xA;&#xA;&lt;p&gt;How do I get the Python base64 string to be acceptable by Botan?&lt;/p&gt;&#xA;&#xA;&lt;p&gt;-- EDIT --&#xA;When decoding the Botan base64 encoded string in Python:&lt;/p&gt;&#xA;&#xA;&lt;pre&gt;&lt;code&gt;Botan Decoded:[b'\xce8\xf1\x98\x97\xf9(\xfb5\xf3r?\x12\xf0\xbe&amp;amp;\xe3[9\xd9\x9b\x9b\x86\xd6\xca\x12\xecu\x92&amp;lt;~\xe5T\x9c\xa4\x00y(\xf4\x8a\xf9\x8a!\x8b\xbb\x1c\x18\xcc\xee\x02\xe0-_\xb1\xb5&quot;\x9c\xb0\'\x90\x0f\xb1\xb2\xe3']&#xA;Botan Encoded:[b'zjjxmJf5KPs183I/EvC+JuNbOdmbm4bWyhLsdZI8fuVUnKQAeSj0ivmKIYu7HBjM7gLgLV+xtSKcsCeQD7Gy4w==']&#xA;&lt;/code&gt;&lt;/pre&gt;&#xA;&#xA;&lt;p&gt;Thus, the Python pycrypto result:&lt;/p&gt;&#xA;&#xA;&lt;pre&gt;&lt;code&gt;Encryption result: b'\xce8\xf1\x98\x97\xf9(\xfb5\xf3r?\x12\xf0\xbe&amp;amp;\xe3[9\xd9\x9b\x9b\x86\xd6\xca\x12\xecu\x92&amp;lt;~\xe5T\x9c\xa4\x00y(\xf4\x8a\xf9\x8a!\x8b\xbb\x1c\x18\xcc'&#xA;&#xA;Base64 encoded: b'zjjxmJf5KPs183I/EvC+JuNbOdmbm4bWyhLsdZI8fuVUnKQAeSj0ivmKIYu7HBjM&#xA;&lt;/code&gt;&lt;/pre&gt;&#xA;&#xA;&lt;p&gt;Python seems to be &quot;omitting&quot; something. But what?&lt;/p&gt;&#xA;&#xA;&lt;p&gt;-- EDIT 2 --&lt;/p&gt;&#xA;&#xA;&lt;p&gt;When I try to base64decode &amp;amp; decrypt the pycrypto result, Botan throws this:&lt;/p&gt;&#xA;&#xA;&lt;pre&gt;&lt;code&gt;Botan exception caught: Buffered_Operation::final - not enough input&#xA;&lt;/code&gt;&lt;/pre&gt;&#xA;&#xA;&lt;p&gt;So pycrypto is not producing &quot;enough&quot; output such that it can be decrypted by Botan.&lt;/p&gt;&#xA;&#xA;&lt;p&gt;-- EDIT 3 ---&#xA;Code examples:&lt;/p&gt;&#xA;&#xA;&lt;p&gt;Python: changed sensitive info.&lt;/p&gt;&#xA;&#xA;&lt;pre&gt;&lt;code&gt;import sys&#xA;import base64&#xA;import binascii&#xA;from Crypto.Cipher import AES&#xA;&#xA;plaintext = &quot;097807897-340284-083-08-8034-0843324890098324948&quot;&#xA;&#xA;hex_key = b'xxxxxxxxxxxxxxxxxxxxxxxxxxxxxxxxxxxxxxxxxxxxxxxxxxxxxxxxxxxxxxxx'&#xA;key = binascii.unhexlify( hex_key )&#xA;hex_iv = b'xxxxxxxxxxxxxxxxxxxxxxxxxxxxxxx'&#xA;iv = binascii.unhexlify( hex_iv )&#xA;&#xA;aes_enc_bytes = AES.new(key, AES.MODE_CBC, iv).encrypt( plaintext )&#xA;aes_enc = base64.encodebytes(aes_enc_bytes )&#xA;&#xA;print( &quot;Encrypted:[{}]&quot;.format( aes_enc ) )&#xA;&#xA;aes_dec = AES.new(key, AES.MODE_CBC, iv).decrypt( binascii.a2b_base64( aes_enc ) )&#xA;print( &quot;Decrypted:[{}]&quot;.format( aes_dec ) )&#xA;&lt;/code&gt;&lt;/pre&gt;&#xA;&#xA;&lt;p&gt;C++ (Qt + Botan)&lt;/p&gt;&#xA;&#xA;&lt;pre&gt;&lt;code&gt;void botanDecryptor::decrypt()&#xA;{&#xA;    Botan::SymmetricKey key( private_key );&#xA;    Botan::InitializationVector iv( iv_value );&#xA;    try&#xA;    {&#xA;        // Now decrypt...&#xA;        Botan::Pipe dec_pipe(new Base64_Decoder, get_cipher(&quot;AES-256/CBC&quot;, key, iv, Botan::DECRYPTION));&#xA;&#xA;        dec_pipe.process_msg( ciphertext );&#xA;&#xA;        string decrypted = dec_pipe.read_all_as_string();&#xA;&#xA;        cout &amp;lt;&amp;lt; &quot;Decrypted:[&quot; &amp;lt;&amp;lt; decrypted &amp;lt;&amp;lt; &quot;]&quot; &amp;lt;&amp;lt; endl;&#xA;    }&#xA;    catch(Botan::Exception&amp;amp; e)&#xA;    {&#xA;        cout &amp;lt;&amp;lt; &quot;Botan exception caught: &quot; &amp;lt;&amp;lt; e.what() &amp;lt;&amp;lt; endl;&#xA;        return;&#xA;    }&#xA;&lt;/code&gt;&lt;/pre&gt;&#xA;&#xA;&lt;p&gt;-- EDIT 4 --&lt;/p&gt;&#xA;&#xA;&lt;p&gt;I decided to try and decrypt the Botan encrypted, base64 encoded string in python and it worked, but it added a bunch of what looks like padding:&lt;/p&gt;&#xA;&#xA;&lt;pre&gt;&lt;code&gt;Decrypted:[b'097807897-340284-083-08-8034-0843324890098324948\x10\x10\x10\x10\x10\x10\x10\x10\x10\x10\x10\x10\x10\x10\x10\x10']&#xA;&lt;/code&gt;&lt;/pre&gt;&#xA;&#xA;&lt;p&gt;I then proceeded to add that padding to my pycrypto result before base64 encoding to produce the following, which Botan refuses to decrypt ;(&lt;/p&gt;&#xA;&#xA;&lt;pre&gt;&lt;code&gt;zjjxmJf5KPs183I/EvC+JuNbOdmbm4bWyhLsdZI8fuVUnKQAeSj0ivmKIYu7HBjMEBAQEBAQEBAQ\nEBAQEBAQEA==&#xA;&lt;/code&gt;&lt;/pre&gt;&#xA;&#xA;&lt;p&gt;-- ANSWER -- &#xA;(system wouldn't allow me to self answer for another 5 hours!)&lt;/p&gt;&#xA;&#xA;&lt;p&gt;I've finally schlepped through all the documentation and found the answer! One needs to specify what padding method is to be used for the mode. I specified NoPadding e.g.&lt;/p&gt;&#xA;&#xA;&lt;pre&gt;&lt;code&gt;Pipe dec_pipe(new Base64_Decoder, get_cipher(&quot;AES-256/CBC/NoPadding&quot;, key, iv, Botan::DECRYPTION));&#xA;&lt;/code&gt;&lt;/pre&gt;&#xA;&#xA;&lt;p&gt;and viola! The output matches the pycrypto exactly. For reference: [http://botan.randombit.net/filters.html][1]&lt;/p&gt;&#xA;&#xA;&lt;p&gt;[1]: Botan Docs: Cipher Filters&lt;/p&gt;&#xA;</Body>
<Tags>python,base64,botan</Tags>
</question>
<answer>
<Body>&lt;p&gt;Base64 can have a padding at the end (see &lt;a href=&quot;https://en.wikipedia.org/wiki/Base64#Decoding_Base64_with_padding&quot; rel=&quot;nofollow&quot;&gt;https://en.wikipedia.org/wiki/Base64#Decoding_Base64_with_padding&lt;/a&gt;)&lt;/p&gt;&#xA;&#xA;&lt;p&gt;Apparently Botans decoder doesn't support this. &lt;/p&gt;&#xA;&#xA;&lt;p&gt;Perhaps the binascii module can help you; alternatively you could add/remove the padding yourself.&lt;/p&gt;&#xA;</Body>
</answer>
<answer>
<Body>&lt;p&gt;I've finally schlepped through all the documentation and found the answer! &lt;/p&gt;&#xA;&#xA;&lt;p&gt;One needs to specify what padding method is to be used for the mode. I specified NoPadding e.g.&lt;/p&gt;&#xA;&#xA;&lt;pre&gt;&lt;code&gt;Pipe dec_pipe(new Base64_Decoder, get_cipher(&quot;AES-256/CBC/NoPadding&quot;, key, iv, Botan::DECRYPTION));&#xA;&lt;/code&gt;&lt;/pre&gt;&#xA;&#xA;&lt;p&gt;and voila! The output matches the pycrypto exactly. &lt;a href=&quot;http://botan.randombit.net/filters.html&quot; rel=&quot;nofollow&quot;&gt;Here&lt;/a&gt;'s the reference.&lt;/p&gt;&#xA;</Body>
</answer>
