<question>
<Title>boost shared_ptr operator =</Title>
<Body>&lt;p&gt;Here is code example   &lt;/p&gt;&#xA;&#xA;&lt;pre&gt;&lt;code&gt;class A{&#xA;  int i;&#xA;public:&#xA;  A(int i) : i(i) {}&#xA;  void f() { prn(i); }&#xA;};&#xA;&#xA;int main()&#xA;{&#xA;  A* pi = new A(9);&#xA;  A* pi2= new A(87);&#xA;  boost::shared_ptr&amp;lt;A&amp;gt; spi(pi);&#xA;  boost::shared_ptr&amp;lt;A&amp;gt; spi2(pi2);&#xA;  spi=spi2;&#xA;  spi-&amp;gt;f();&#xA;  spi2-&amp;gt;f();&#xA;  pi-&amp;gt;f();&#xA;  pi2-&amp;gt;f();&#xA;}&#xA;&lt;/code&gt;&lt;/pre&gt;&#xA;&#xA;&lt;p&gt;output:&lt;/p&gt;&#xA;&#xA;&lt;pre&gt;&lt;code&gt;87&#xA;87&#xA;0&#xA;87&#xA;&lt;/code&gt;&lt;/pre&gt;&#xA;&#xA;&lt;p&gt;The question is why is 0 in the output? &lt;/p&gt;&#xA;&#xA;&lt;p&gt;Note from documentation: Effects: Equivalent to shared_ptr(r).swap(*this).&lt;/p&gt;&#xA;&#xA;&lt;p&gt;But if &lt;code&gt;shared_ptr&lt;/code&gt; objects just swapped, the result should be 9. And if the first object is deleted, there should be Segmentation fault.&lt;/p&gt;&#xA;&#xA;&lt;p&gt;So why 0?&lt;/p&gt;&#xA;</Body>
<Tags>c++,boost,shared-ptr</Tags>
</question>
<answer>
<Body>&lt;p&gt;&lt;code&gt;pi&lt;/code&gt; has been deleted. Accessing a member of a deleted object is undefined behavior; you could get 0, some other value, or a segmentation fault.&lt;/p&gt;&#xA;</Body>
</answer>
<answer>
<Body>&lt;blockquote&gt;&#xA;  &lt;p&gt;So why 0?&lt;/p&gt;&#xA;&lt;/blockquote&gt;&#xA;&#xA;&lt;p&gt;So anything!&lt;/p&gt;&#xA;&#xA;&lt;p&gt;Assigning a new value to &lt;code&gt;spi&lt;/code&gt; will delete the previous object it is pointing to. The makes &lt;code&gt;pi&lt;/code&gt; a dangling pointer that cannot be used anymore. Calling &lt;code&gt;pi-&amp;gt;f()&lt;/code&gt; is undefined behaviour and can have any result.&lt;/p&gt;&#xA;</Body>
</answer>
<answer>
<Body>&lt;p&gt;&lt;code&gt;pi&lt;/code&gt; object is deleted after &lt;code&gt;spi = spi2&lt;/code&gt; and who know what your runtime does for freed memory. For me it prints -572662307 in Debug and 1315904 in Release.&lt;/p&gt;&#xA;</Body>
</answer>
<answer>
<Body>&lt;p&gt;Pay careful attention to what is being swapped:&lt;/p&gt;&#xA;&#xA;&lt;pre&gt;&lt;code&gt;shared_ptr(r).swap(*this)&#xA;// ^^^^^^^^^^&#xA;&lt;/code&gt;&lt;/pre&gt;&#xA;&#xA;&lt;p&gt;That's a &lt;em&gt;temporary&lt;/em&gt; object constructed from &lt;code&gt;r&lt;/code&gt;. The temporary goes out of scope immediately and dies, with whichever effects this has on the owned resource. Since in your code &lt;code&gt;spi&lt;/code&gt; was the only owner of &lt;code&gt;*spi&lt;/code&gt;, the object is deleted, and your subsequent access of &lt;code&gt;pi-&amp;gt;f()&lt;/code&gt; is simply undefined behaviour.&lt;/p&gt;&#xA;</Body>
</answer>
