<question>
<Title>Limits of parallelization regarding the core number</Title>
<Body>&lt;p&gt;I'm developing a parallel algorithm on a Intel i5-core machine, which has two cores, four threads.&lt;/p&gt;&#xA;&#xA;&lt;p&gt;n defines the size of the matrix, on which I perform my calculations on. As you can see from the table below there is almost 50% reduction from 1 thread to 2 threads utilization, but almost no difference between 2 threads and 4 threads. The numbers denote the seconds passed&lt;/p&gt;&#xA;&#xA;&lt;p&gt;&lt;img src=&quot;https://i.stack.imgur.com/diuke.png&quot; alt=&quot;#of threads - computation time&quot;&gt;&lt;/p&gt;&#xA;&#xA;&lt;p&gt;My compiler is mingw-gcc on windows platform. My parallelization tool is openmp. I'm defining number of threads by &lt;code&gt;omp_set_num_threads(numThreads);&lt;/code&gt;in the beginning of the parallel routine.&lt;/p&gt;&#xA;&#xA;&lt;p&gt;I have no means to test the algorithm on a &quot;real&quot; 8 core machine. On my i5 machine, At 1 thread, task manager shows 25% of the total cpu power is used. At 2 threads, it's 50%, and at 4 threads, it's 96-99% as expected.&lt;/p&gt;&#xA;&#xA;&lt;p&gt;So what might be the reason for that situation? Why doesn't the computation time get halved?&lt;/p&gt;&#xA;&#xA;&lt;p&gt;The parallel code segment is to be found below:&lt;/p&gt;&#xA;&#xA;&lt;pre&gt;&lt;code&gt;    #pragma omp parallel for schedule(guided) shared(L,A) \&#xA;    private(i)&#xA;    for (i=k+1;i&amp;lt;row;i++){&#xA;        double dummy = 0;&#xA;        for (int nn=0;nn&amp;lt;k;nn++){&#xA;            dummy += L[i][nn]*L[k][nn];&#xA;            L[i][k] = (A[i][k] - dummy)/L[k][k];&#xA;        }&#xA;    }&#xA;&lt;/code&gt;&lt;/pre&gt;&#xA;</Body>
<Tags>c++,gcc,parallel-processing,openmp</Tags>
</question>
<answer>
<Body>&lt;p&gt;Well, your machine has &lt;strong&gt;&lt;em&gt;2 cores&lt;/em&gt;&lt;/strong&gt; and &lt;strong&gt;&lt;em&gt;4 threads&lt;/em&gt;&lt;/strong&gt;.&lt;/p&gt;&#xA;&#xA;&lt;p&gt;You only have 2 &lt;strong&gt;&lt;em&gt;cores&lt;/em&gt;&lt;/strong&gt;, so you won't get 4x speedup from 1 - 4 threads.&lt;/p&gt;&#xA;&#xA;&lt;p&gt;Secondly, as you scale to more threads, you will likely start hitting resource contention such as maxing out your memory bandwidth.&lt;/p&gt;&#xA;</Body>
</answer>
