<question>
<Title>Input popup window for input into interactive python game</Title>
<Body>&lt;p&gt;I am a newcomer to Python and is in need of programming a simple game that requires the user to input some values into an input screen (afterwhich the Python code would do something with that input). What is the best API to use in this case? I know that pygame gives a very nice GUI on which users can interact with object on the screen but I do not know if this would be the best thing to use in a formal project. Otherwise, I've heard about Tkinter and various other applications but really have no idea what would be best. &lt;/p&gt;&#xA;</Body>
<Tags>python,input,popup,pygame</Tags>
</question>
<answer>
<Body>&lt;pre&gt;&lt;code&gt;from Tkinter import *&#xA;&#xA;class MyDialog:&#xA;&#xA;    def __init__(self, parent):&#xA;&#xA;        top = self.top = Toplevel(parent)&#xA;&#xA;        Label(top, text=&quot;Value&quot;).pack()&#xA;&#xA;        self.e = Entry(top)&#xA;        self.e.pack(padx=5)&#xA;&#xA;        b = Button(top, text=&quot;OK&quot;, command=self.ok)&#xA;        b.pack(pady=5)&#xA;&#xA;    def ok(self):&#xA;&#xA;        print &quot;value is&quot;, self.e.get()&#xA;&#xA;        self.top.destroy()&#xA;&#xA;&#xA;root = Tk()&#xA;Button(root, text=&quot;Hello!&quot;).pack()&#xA;root.update()&#xA;&#xA;d = MyDialog(root)&#xA;&#xA;root.wait_window(d.top)&#xA;root.mainloop()&#xA;&lt;/code&gt;&lt;/pre&gt;&#xA;&#xA;&lt;p&gt;&lt;a href=&quot;http://www.pythonware.com/library/tkinter/introduction/dialog-windows.htm&quot; rel=&quot;nofollow&quot;&gt;Sauce&lt;/a&gt;&lt;/p&gt;&#xA;</Body>
</answer>
