<question>
<Title>Complex matrix exponential in C++</Title>
<Body>&lt;p&gt;Is it actually possible to calculate the Matrix Exponential of a Complex Matrix in c / c++?&lt;/p&gt;&#xA;&#xA;&lt;p&gt;I've managed to take the product of two complex matrices using blas functions from the GNU Science Library. for matC = matA * matB:&lt;/p&gt;&#xA;&#xA;&lt;pre&gt;&lt;code&gt;gsl_blas_zgemm (CblasNoTrans, CblasNoTrans, GSL_COMPLEX_ONE, matA, matB, GSL_COMPLEX_ZERO, matC);&#xA;&lt;/code&gt;&lt;/pre&gt;&#xA;&#xA;&lt;p&gt;And I've managed to get the matrix exponential of a matrix by using the undocumented&lt;/p&gt;&#xA;&#xA;&lt;pre&gt;&lt;code&gt;gsl_linalg_exponential_ss(&amp;amp;m.matrix, &amp;amp;em.matrix, .01);&#xA;&lt;/code&gt;&lt;/pre&gt;&#xA;&#xA;&lt;p&gt;But this doesn't seems to accept complex arguments. &lt;/p&gt;&#xA;&#xA;&lt;p&gt;Is there anyway to do this? I used to think c++ was capable of anything. Now I think its outdated and cryptic... &lt;/p&gt;&#xA;</Body>
<Tags>c++,c,matrix,blas,gsl</Tags>
</question>
<answer>
<Body>&lt;p&gt;&quot;I used to think c++ was capable of anything&quot; - if a general-purpose language has built-in complex math in its core, then something is wrong with that language.&lt;/p&gt;&#xA;&#xA;&lt;p&gt;Fur such very specific tasks there is a well-accepted solution: libraries. Either write your own, or much better, use an already existing one.&lt;/p&gt;&#xA;&#xA;&lt;p&gt;I myself rarely need complex matrices in C++, I always used Matlab and similar tools for that. However, this &lt;a href=&quot;http://www.mathtools.net/C_C__/Mathematics/index.html&quot; rel=&quot;nofollow&quot;&gt;http://www.mathtools.net/C_C__/Mathematics/index.html&lt;/a&gt; might be of interest to you if you know Matlab.&lt;/p&gt;&#xA;&#xA;&lt;p&gt;There are a couple other libraries which might be of help:&lt;/p&gt;&#xA;&#xA;&lt;ul&gt;&#xA;&lt;li&gt;&lt;a href=&quot;http://eigen.tuxfamily.org/index.php?title=Main_Page&quot; rel=&quot;nofollow&quot;&gt;http://eigen.tuxfamily.org/index.php?title=Main_Page&lt;/a&gt;&lt;/li&gt;&#xA;&lt;li&gt;&lt;a href=&quot;http://math.nist.gov/lapack++/&quot; rel=&quot;nofollow&quot;&gt;http://math.nist.gov/lapack++/&lt;/a&gt;&lt;/li&gt;&#xA;&lt;/ul&gt;&#xA;</Body>
</answer>
<answer>
<Body>&lt;p&gt;Several options:&lt;/p&gt;&#xA;&#xA;&lt;ol&gt;&#xA;&lt;li&gt;&lt;p&gt;modify the &lt;code&gt;gsl_linalg_exponential_ss&lt;/code&gt; code to accept complex matrices&lt;/p&gt;&lt;/li&gt;&#xA;&lt;li&gt;&lt;p&gt;write your complex NxN matrix as real 2N x 2N matrix&lt;/p&gt;&lt;/li&gt;&#xA;&lt;li&gt;&lt;p&gt;Diagonalize the matrix, take the exponential of the eigenvalues, and rotate the matrix back to the original basis&lt;/p&gt;&lt;/li&gt;&#xA;&lt;li&gt;&lt;p&gt;Using the complex matrix product that is available, implement the matrix exponential according to it's definition: &lt;code&gt;exp(A) = sum_(n=0)^(n=infinity) A^n/(n!)&lt;/code&gt;&lt;/p&gt;&lt;/li&gt;&#xA;&lt;/ol&gt;&#xA;&#xA;&lt;p&gt;You have to check which methods are appropriate for your problem. &lt;/p&gt;&#xA;&#xA;&lt;p&gt;C++ is a general purpose language. As mentioned above, if you need specific functionality you have to find a library that can do it or implement it yourself. Alternatively you could use software like MatLab and Mathematica. If that's too expensive there are open source alternatives, e.g. Sage and Octave. &lt;/p&gt;&#xA;</Body>
</answer>
<answer>
<Body>&lt;p&gt;I was also thinking to do the same, writing your complex NxN matrix as real 2N x 2N matrix is the best way to solve the problem, then use &lt;code&gt;gsl_linalg_exponential_ss()&lt;/code&gt;.&lt;/p&gt;&#xA;&#xA;&lt;p&gt;Suppose &lt;strong&gt;&lt;code&gt;A=Ar+i*Ai&lt;/code&gt;,&lt;/strong&gt; where &lt;code&gt;A&lt;/code&gt; is the complex matrix and &lt;code&gt;Ar&lt;/code&gt; and &lt;code&gt;Ai&lt;/code&gt; are the real matrices. Then write the new matrix &lt;strong&gt;&lt;code&gt;B=[Ar Ai ;-Ai Ar]&lt;/code&gt;&lt;/strong&gt; (Here the matrix is written in matlab notation). Now calculate the exponential of &lt;strong&gt;&lt;code&gt;B&lt;/code&gt;&lt;/strong&gt;, that is  &lt;strong&gt;&lt;code&gt;eB=[eB1 eB2 ;eB3 eB4]&lt;/code&gt;&lt;/strong&gt;, then exponential of &lt;code&gt;A&lt;/code&gt; is given by, &lt;strong&gt;&lt;code&gt;eA=eB1+1i.*eB2&lt;/code&gt;&lt;/strong&gt;&lt;br&gt;&#xA;(summing the matrices &lt;strong&gt;&lt;code&gt;eB1&lt;/code&gt;&lt;/strong&gt; and &lt;strong&gt;&lt;code&gt;1i.*eB2&lt;/code&gt;&lt;/strong&gt;).&lt;/p&gt;&#xA;</Body>
</answer>
<answer>
<Body>&lt;p&gt;I have written a code to calculate the matrix exponential of the complex matrices with the gsl function, gsl_linalg_exponential_ss(&amp;amp;m.matrix, &amp;amp;em.matrix, .01);&#xA;Here you have the complete code, and the compilation results. I have checked the result with the Matlab and  result agrees.&lt;/p&gt;&#xA;&#xA;&lt;pre&gt;&lt;code&gt;#include &amp;lt;stdio.h&amp;gt;&#xA;#include &amp;lt;gsl/gsl_matrix.h&amp;gt;&#xA;#include &amp;lt;gsl/gsl_linalg.h&amp;gt;&#xA;#include &amp;lt;gsl/gsl_complex.h&amp;gt;&#xA;#include &amp;lt;gsl/gsl_complex_math.h&amp;gt;&#xA;void my_gsl_complex_matrix_exponential(gsl_matrix_complex *eA, gsl_matrix_complex *A, int dimx)&#xA;{&#xA;    int j,k=0;&#xA;    gsl_complex temp;&#xA;    gsl_matrix *matreal =gsl_matrix_alloc(2*dimx,2*dimx);&#xA;    gsl_matrix *expmatreal =gsl_matrix_alloc(2*dimx,2*dimx);&#xA;    //Converting the complex matrix into real one using A=[Areal, Aimag;-Aimag,Areal]&#xA;    for (j = 0; j &amp;lt; dimx;j++)&#xA;        for (k = 0; k &amp;lt; dimx;k++)&#xA;        {&#xA;            temp=gsl_matrix_complex_get(A,j,k);&#xA;            gsl_matrix_set(matreal,j,k,GSL_REAL(temp));&#xA;            gsl_matrix_set(matreal,dimx+j,dimx+k,GSL_REAL(temp));&#xA;            gsl_matrix_set(matreal,j,dimx+k,GSL_IMAG(temp));&#xA;            gsl_matrix_set(matreal,dimx+j,k,-GSL_IMAG(temp));&#xA;        }&#xA;&#xA;    gsl_linalg_exponential_ss(matreal,expmatreal,.01);&#xA;&#xA;    double realp;&#xA;    double imagp;&#xA;    for (j = 0; j &amp;lt; dimx;j++)&#xA;        for (k = 0; k &amp;lt; dimx;k++)&#xA;        {&#xA;            realp=gsl_matrix_get(expmatreal,j,k);&#xA;            imagp=gsl_matrix_get(expmatreal,j,dimx+k);&#xA;            gsl_matrix_complex_set(eA,j,k,gsl_complex_rect(realp,imagp));&#xA;        }&#xA;    gsl_matrix_free(matreal);&#xA;    gsl_matrix_free(expmatreal);&#xA;}&#xA;&#xA;int main()&#xA;{&#xA;    int dimx=4;&#xA;    int i, j ;&#xA;    gsl_matrix_complex *A = gsl_matrix_complex_alloc (dimx, dimx);&#xA;    gsl_matrix_complex *eA = gsl_matrix_complex_alloc (dimx, dimx);&#xA;&#xA;    for (i = 0; i &amp;lt; dimx;i++)&#xA;    {&#xA;        for (j = 0; j &amp;lt; dimx;j++)&#xA;        {&#xA;            gsl_matrix_complex_set(A,i,j,gsl_complex_rect(i+j,i-j));&#xA;            if ((i-j)&amp;gt;=0)&#xA;            printf(&quot;%d+%di &quot;,i+j,i-j);&#xA;            else&#xA;            printf(&quot;%d%di  &quot;,i+j,i-j);&#xA;&#xA;        }&#xA;        printf(&quot;;\n&quot;);&#xA;    }&#xA;    my_gsl_complex_matrix_exponential(eA,A,dimx);&#xA;    printf(&quot;\n Printing the complex matrix exponential\n&quot;);&#xA;    gsl_complex compnum;&#xA;    for (i = 0; i &amp;lt; dimx;i++)&#xA;    {&#xA;        for (j = 0; j &amp;lt; dimx;j++)&#xA;        {&#xA;            compnum=gsl_matrix_complex_get(eA,i,j);&#xA;            if (GSL_IMAG(compnum)&amp;gt;=0)&#xA;                printf(&quot;%f+%fi\t &quot;,GSL_REAL(compnum),GSL_IMAG(compnum));&#xA;            else&#xA;                printf(&quot;%f%fi\t &quot;,GSL_REAL(compnum),GSL_IMAG(compnum));&#xA;        }&#xA;        printf(&quot;\n&quot;);&#xA;    }&#xA;    return(0);&#xA;}&#xA;&lt;/code&gt;&lt;/pre&gt;&#xA;</Body>
</answer>
