<question>
<Title>Using Python telnet lib w/o logout command</Title>
<Body>&lt;p&gt;I am trying to use python's telnetlib module to get information from a remote device.  Unfortunately, it looks like the remote device does not have a &quot;logout&quot; type of command.  So you have to manually close the connection with CTRL-] (when manually telnetting).  I tried using Telnet.close() but doesn't seem to return any data.&lt;/p&gt;&#xA;&#xA;&lt;p&gt;Suggestions?&lt;/p&gt;&#xA;&#xA;&lt;pre&gt;&lt;code&gt;HOST = &quot;172.16.7.37&quot;&#xA;user = &quot;Netcrypt&quot;&#xA;password = &quot;Netcrypt&quot;&#xA;&#xA;tn = telnetlib.Telnet(HOST)&#xA;&#xA;tn.read_until(&quot;User: &quot;)&#xA;tn.write(user + &quot;\n&quot;)&#xA;if password:&#xA;   tn.read_until(&quot;Password: &quot;)&#xA;   tn.write(password + &quot;\n&quot;)&#xA;&#xA;tn.write(&quot;session \n&quot;)&#xA;&#xA;print tn.read_until(&quot;NC_HOST&amp;gt; &quot;)&#xA;&#xA;tn.close()&#xA;&lt;/code&gt;&lt;/pre&gt;&#xA;</Body>
<Tags>python,telnetlib</Tags>
</question>
<answer>
<Body>&lt;p&gt;Have you tried writing the ASCII character for &lt;em&gt;&lt;strong&gt;&lt;kbd&gt;CTRL&lt;/kbd&gt;+&lt;kbd&gt;]&lt;/kbd&gt;&lt;/strong&gt;&lt;/em&gt; to the telnet connection? &lt;/p&gt;&#xA;&#xA;&lt;p&gt;&lt;code&gt;tn.write('\x1d')&lt;/code&gt; &lt;/p&gt;&#xA;</Body>
</answer>
<answer>
<Body>&lt;p&gt;I ended up not needing any of that. The deal was I had to read to the prompt, issue my command, read until the next prompt. Never needed to read_all().&lt;/p&gt;&#xA;&#xA;&lt;p&gt;Here's the working code:&lt;/p&gt;&#xA;&#xA;&lt;pre&gt;&lt;code&gt;import telnetlib&#xA;&#xA;HOST = &quot;172.16.7.37&quot;&#xA;user = &quot;Netcrypt&quot;&#xA;password = &quot;Netcrypt&quot;&#xA;&#xA;tn = telnetlib.Telnet(HOST)&#xA;&#xA;tn.read_until(&quot;User: &quot;)&#xA;tn.write(user + &quot;\n&quot;)&#xA;if password:&#xA;    tn.read_until(&quot;Password: &quot;)&#xA;    tn.write(password + &quot;\n&quot;)&#xA;&#xA;    tn.read_until('NC_HOST&amp;gt;')&#xA;&#xA;    tn.write(&quot;session\n&quot;)&#xA;&#xA;    data = tn.read_until('NC_HOST&amp;gt;')&#xA;&#xA;print data&#xA;&lt;/code&gt;&lt;/pre&gt;&#xA;</Body>
</answer>
