<question>
<Title>Regular expression in python to capture multiple forms of badly formatted addresses</Title>
<Body>&lt;p&gt;I have been tweaking a regular expression over several days to try to capture, with a single definition, several cases of inconsistent format in the address field of a database. &lt;/p&gt;&#xA;&#xA;&lt;p&gt;I am new to Python and regular expressions, and have gotten great feedback here is stackoverflow, and with my new knowledge, I built a RegEx that is getting close to the final result, but still can't spot the problem.&lt;/p&gt;&#xA;&#xA;&lt;pre&gt;&lt;code&gt;import re&#xA;&#xA;r1 = r&quot;([\w\s+]+),?\s*\(?([\w\s+\\/]+)\)?\s*\(?([\w\s+\\/]+)\)?&quot;&#xA;&#xA;match1 = re.match(r1, 'caracas, venezuela')&#xA;match2 = re.match(r1, 'caracas (venezuela)')&#xA;match3 = re.match(r1, 'caracas, (venezuela) (df)')&#xA;&#xA;group1 = match1.groups()&#xA;group2 = match2.groups()&#xA;group3 = match3.groups()&#xA;&#xA;print group1&#xA;print group2&#xA;print group3&#xA;&lt;/code&gt;&lt;/pre&gt;&#xA;&#xA;&lt;p&gt;This thing should return 'caracas, venezuela' for groups 1 and 2, and 'caracas, venezuela, df' for group 3, instead, it returns:&lt;/p&gt;&#xA;&#xA;&lt;pre&gt;&lt;code&gt;('caracas', 'venezuel' 'a') &#xA;('caracas ', 'venezuel' 'a')&#xA;('caracas', 'venezuela', 'df')&#xA;&lt;/code&gt;&lt;/pre&gt;&#xA;&#xA;&lt;p&gt;The only perfect match is group 3. The other 2 are isolating the 'a' at the end, and the 2nd one has an extra space at the end of 'caracas '.&#xA;Thanks in advance for any insight.&lt;/p&gt;&#xA;&#xA;&lt;p&gt;Cheers!&lt;/p&gt;&#xA;</Body>
<Tags>python,regex</Tags>
</question>
<answer>
<Body>&lt;p&gt;Could you not just find all the words in the text?&lt;/p&gt;&#xA;&#xA;&lt;p&gt;E.g.:&lt;/p&gt;&#xA;&#xA;&lt;pre&gt;&lt;code&gt;&amp;gt;&amp;gt;&amp;gt; import re&#xA;&amp;gt;&amp;gt;&amp;gt; samples = ['caracas, venezuela','caracas (venezuela)','caracas, (venezuela) (df)']&#xA;&amp;gt;&amp;gt;&amp;gt;&#xA;&amp;gt;&amp;gt;&amp;gt; def find_words(text):&#xA;...   return re.findall('\w+',text)&#xA;...&#xA;&amp;gt;&amp;gt;&amp;gt; for sample in samples:&#xA;...   print find_words(sample)&#xA;...&#xA;['caracas', 'venezuela']&#xA;['caracas', 'venezuela']&#xA;['caracas', 'venezuela', 'df']&#xA;&lt;/code&gt;&lt;/pre&gt;&#xA;</Body>
</answer>
<answer>
<Body>&lt;p&gt;Regular expressions might be overkill... what exactly is your problem statement? What do you need to capture?&lt;/p&gt;&#xA;&#xA;&lt;p&gt;Some things I caught (in order of appearance in your regex; sometimes it helps to read it out, left-to-right, English-style):&lt;/p&gt;&#xA;&#xA;&lt;pre&gt;&lt;code&gt;([\w\s+]+)&#xA;&lt;/code&gt;&lt;/pre&gt;&#xA;&#xA;&lt;p&gt;This says, &quot;capture one or more (letter or one or more spaces)&quot;&lt;/p&gt;&#xA;&#xA;&lt;p&gt;Do you really want to capture the spaces at the end of the city name? Also, you don't need (indeed, shouldn't have) the 1-or-more symbol &lt;code&gt;+&lt;/code&gt; inside your brackets &lt;code&gt;[ ]&lt;/code&gt;, since your regex will already be matching one or more of them based on the outer &lt;code&gt;+&lt;/code&gt;. I'd rewrite this part like this:&lt;/p&gt;&#xA;&#xA;&lt;pre&gt;&lt;code&gt;([\w\s]*\w)&#xA;&lt;/code&gt;&lt;/pre&gt;&#xA;&#xA;&lt;p&gt;Which will match eagerly up to the last alphanumeric character (&quot;zero or more (letter or space) followed by a letter&quot;). This does assume you have at least one character, but is better than your assumption that a single space would work as well.&lt;/p&gt;&#xA;&#xA;&lt;p&gt;Next you have:&lt;/p&gt;&#xA;&#xA;&lt;pre&gt;&lt;code&gt;,?\s*\(?&#xA;&lt;/code&gt;&lt;/pre&gt;&#xA;&#xA;&lt;p&gt;which looks okay to me except that it doesn't guarantee that you'll see either a comma or an open paren anymore. What about:&lt;/p&gt;&#xA;&#xA;&lt;pre&gt;&lt;code&gt;(?:,\s*\(|,\s*|\s*\()&#xA;&lt;/code&gt;&lt;/pre&gt;&#xA;&#xA;&lt;p&gt;which says, &quot;non-capturingly match either (a comma with maybe some spaces and then an open paren) OR (a comma with maybe some spaces) OR (maybe some spaces and then an open paren)&quot;. This enforces that you must have either a comma or a paren or both.&lt;/p&gt;&#xA;&#xA;&lt;p&gt;Next you have the capturing expression, very similar to the first:&lt;/p&gt;&#xA;&#xA;&lt;pre&gt;&lt;code&gt;([\w\s+\\/]+)&#xA;&lt;/code&gt;&lt;/pre&gt;&#xA;&#xA;&lt;p&gt;Again, you don't want the spaces (or slashes in this case) at the end of the city name, and you don't want the &lt;code&gt;+&lt;/code&gt; inside the &lt;code&gt;[ ]&lt;/code&gt;:&lt;/p&gt;&#xA;&#xA;&lt;pre&gt;&lt;code&gt;([\w\s\\/]*\w)&#xA;&lt;/code&gt;&lt;/pre&gt;&#xA;&#xA;&lt;p&gt;The next expression is probably where you're getting your &lt;code&gt;venezuel&lt;/code&gt; &lt;code&gt;a&lt;/code&gt; problem; let's take a look:&lt;/p&gt;&#xA;&#xA;&lt;pre&gt;&lt;code&gt;\)?\s*\(?([\w\s+\\/]+)\)?&#xA;&lt;/code&gt;&lt;/pre&gt;&#xA;&#xA;&lt;p&gt;This is a rather long one, so let's break it down:&lt;/p&gt;&#xA;&#xA;&lt;pre&gt;&lt;code&gt;\)?\s*\(?&#xA;&lt;/code&gt;&lt;/pre&gt;&#xA;&#xA;&lt;p&gt;says to &quot;maybe match a close paren, and then maybe some spaces, and then maybe an open paren&quot;. This is okay I guess, let's move on to the real problem:&lt;/p&gt;&#xA;&#xA;&lt;pre&gt;&lt;code&gt;([\w\s+\\/]+)&#xA;&lt;/code&gt;&lt;/pre&gt;&#xA;&#xA;&lt;p&gt;This capturing group MUST match at least one character. If the matcher sees &quot;venezuela&quot; at the end of your address, it will &lt;strong&gt;eagerly&lt;/strong&gt; match the characters &lt;code&gt;venezuel&lt;/code&gt; and then need to satisfy this final expression with what it has left, &lt;code&gt;a&lt;/code&gt;. Try instead:&lt;/p&gt;&#xA;&#xA;&lt;pre&gt;&lt;code&gt;\)?\s*&#xA;&lt;/code&gt;&lt;/pre&gt;&#xA;&#xA;&lt;p&gt;Followed by making your entire final expression optional, and the outer expression non-capturing:&lt;/p&gt;&#xA;&#xA;&lt;pre&gt;&lt;code&gt;(?:\(?([\w\s+\\/]+)\)?)?&#xA;&lt;/code&gt;&lt;/pre&gt;&#xA;&#xA;&lt;p&gt;The final expression would be:&lt;/p&gt;&#xA;&#xA;&lt;pre&gt;&lt;code&gt;([\w\s]*\w)(?:,\s*\(|,\s*|\s*\()([\w\s\\/]*\w)\)?\s*(?:\(?([\w\s+\\/]+)\)?)?&#xA;&lt;/code&gt;&lt;/pre&gt;&#xA;&#xA;&lt;p&gt;&lt;strong&gt;Edit:&lt;/strong&gt; fixed a problem that made the final group capture twice, once with the parens, once without. Now it should only capture the text inside the parens.&lt;/p&gt;&#xA;&#xA;&lt;p&gt;Testing it on your examples:&lt;/p&gt;&#xA;&#xA;&lt;pre&gt;&lt;code&gt;&amp;gt;&amp;gt;&amp;gt; re.match(r, 'caracas, venezuela').groups()&#xA;('caracas', 'venezuela', None)&#xA;&amp;gt;&amp;gt;&amp;gt; re.match(r, 'caracas (venezuela)').groups()&#xA;('caracas', 'venezuela', None)&#xA;&amp;gt;&amp;gt;&amp;gt; re.match(r, 'caracas, (venezuela) (df)').groups()&#xA;('caracas', 'venezuela', 'df')&#xA;&lt;/code&gt;&lt;/pre&gt;&#xA;</Body>
</answer>
