<question>
<Title>importing pywiiuse to test out</Title>
<Body>&lt;h2&gt;This is probably a simple problem. But I downloaded the pywiiuse library from &lt;a href=&quot;http://code.google.com/p/pywiiuse/&quot; rel=&quot;nofollow&quot;&gt;here&lt;/a&gt; and I also downloaded the examples. However when I try to run one of the examples I end up with import issues. I'm not certain I have everything configured properly to run. One error I receive when trying to run example.py:&lt;/h2&gt;&#xA;&#xA;&lt;pre&gt;&lt;code&gt;Press 1&amp;amp;2&#xA;Traceback (most recent call last):&#xA;  File &quot;example.py&quot;, line 73, in &amp;lt;module&amp;gt;&#xA;    wiimotes = wiiuse.init(nmotes)&#xA;  File &quot;/home/thed0ctor/Descargas/wiiuse-0.12/wiiuse/__init__.py&quot;, line 309, in init&#xA;    dll = ctypes.cdll.LoadLibrary('libwiiuse.so')&#xA;  File &quot;/usr/lib/python2.7/ctypes/__init__.py&quot;, line 431, in LoadLibrary&#xA;    return self._dlltype(name)&#xA;  File &quot;/usr/lib/python2.7/ctypes/__init__.py&quot;, line 353, in __init__&#xA;    self._handle = _dlopen(self._name, mode)&#xA;OSError: libwiiuse.so: cannot open shared object file: No such file or directory&#xA;&lt;/code&gt;&lt;/pre&gt;&#xA;&#xA;&lt;hr&gt;&#xA;&#xA;&lt;p&gt;I'm really just starting out with this library and don't really see any documentation on how to configure pywiiuse so any help is much appreciated.&lt;/p&gt;&#xA;</Body>
<Tags>python,python-2.7</Tags>
</question>
<answer>
<Body>&lt;p&gt;The pywiiuse library is a Python wrapper for the &lt;a href=&quot;http://sourceforge.net/projects/wiiuse/&quot; rel=&quot;nofollow&quot;&gt;wiiuse C library&lt;/a&gt;.&lt;/p&gt;&#xA;&#xA;&lt;p&gt;Before you can use the wrapper you will first need to install the library it wraps, choose the newest version from &lt;a href=&quot;http://sourceforge.net/projects/wiiuse/files/wiiuse/&quot; rel=&quot;nofollow&quot;&gt;this download page&lt;/a&gt; and download the appropriate installation package for you system (probably the .tar.gz since you appear to be on Linux).&lt;/p&gt;&#xA;</Body>
</answer>
<answer>
<Body>&lt;p&gt;add the link of libwiiuse.so to /usr/local/lib.&lt;/p&gt;&#xA;&#xA;&lt;p&gt;I also ran into this situation, I konw why it happies, but I don't konw the deep reason.&lt;/p&gt;&#xA;</Body>
</answer>
