<question>
<Title>Is it possible to convert a member function such as bool T::operator &lt; (const T&amp; right) to a binary_function?</Title>
<Body>&lt;p&gt;I want to avoid code duplication as much as possible. Suppose I have a class such as,&#xA;&lt;/p&gt;&#xA;&#xA;&lt;pre&gt;&lt;code&gt;class T {&#xA;    int val;&#xA;    bool operator &amp;lt; (const T&amp;amp; right) const { return val &amp;lt; right.val; }&#xA;}&#xA;&lt;/code&gt;&lt;/pre&gt;&#xA;&#xA;&lt;p&gt;I want to be able to call std::sort() like this,&#xA;&lt;/p&gt;&#xA;&#xA;&lt;pre&gt;&lt;code&gt;std::sort( SomeContainer.begin(), SomeContainer.end(), FuncAdaptedFromOp );&#xA;&lt;/code&gt;&lt;/pre&gt;&#xA;&#xA;&lt;p&gt;This is my very first question in StackOverflow. Please be forgiving.&lt;/p&gt;&#xA;&#xA;&lt;p&gt;&lt;strong&gt;EDIT&lt;/strong&gt;&lt;/p&gt;&#xA;&#xA;&lt;p&gt;The problem is that the class may have multiple &lt;code&gt;bool T::Compare (const T&amp;amp; right)&lt;/code&gt; functions. I would still like an adapter. Take this example,&#xA;&lt;/p&gt;&#xA;&#xA;&lt;pre&gt;&lt;code&gt;class Edge {&#xA;    Vertex u, v;&#xA;    bool CompareSrc (const Edge&amp;amp; right) const { return u &amp;lt; right.u; }&#xA;    bool CompareDest (const Edge&amp;amp; right) const { return v &amp;lt; right.v; }&#xA;}&#xA;&lt;/code&gt;&lt;/pre&gt;&#xA;&#xA;&lt;p&gt;Sometimes I want to sort by source &lt;code&gt;Vertex&lt;/code&gt; and sometimes by destination &lt;code&gt;Vertex&lt;/code&gt;. I just want to know if this is possible or not.&lt;/p&gt;&#xA;</Body>
<Tags>c++,stl</Tags>
</question>
<answer>
<Body>&lt;p&gt;If you don't provide a third parameter, then the &amp;lt; operator will be used.&lt;/p&gt;&#xA;&#xA;&lt;p&gt;&lt;a href=&quot;http://www.cplusplus.com/reference/algorithm/sort/&quot; rel=&quot;nofollow&quot;&gt;http://www.cplusplus.com/reference/algorithm/sort/&lt;/a&gt;&lt;/p&gt;&#xA;&#xA;&lt;p&gt;&quot;The elements are compared using operator&amp;lt; for the first version, and comp for the second.&quot;&lt;/p&gt;&#xA;</Body>
</answer>
<answer>
<Body>&lt;p&gt;You just duplicate STL functor &lt;code&gt;std::less&lt;/code&gt; &lt;a href=&quot;http://www.cplusplus.com/reference/std/functional/less/&quot; rel=&quot;nofollow&quot;&gt;http://www.cplusplus.com/reference/std/functional/less/&lt;/a&gt;&lt;/p&gt;&#xA;&#xA;&lt;pre&gt;&lt;code&gt;template &amp;lt;class T&amp;gt; struct less : binary_function &amp;lt;T,T,bool&amp;gt; {&#xA;  bool operator() (const T&amp;amp; x, const T&amp;amp; y) const&#xA;    {return x&amp;lt;y;}&#xA;};&#xA;&lt;/code&gt;&lt;/pre&gt;&#xA;&#xA;&lt;p&gt;Example with less:&lt;/p&gt;&#xA;&#xA;&lt;pre&gt;&lt;code&gt;#include &amp;lt;iostream&amp;gt;&#xA;#include &amp;lt;functional&amp;gt;&#xA;#include &amp;lt;algorithm&amp;gt;&#xA;&#xA;struct my_struct {&#xA;   int a;&#xA;   bool operator&amp;lt; (const my_struct &amp;amp;s) const {&#xA;      return a &amp;lt; s.a;&#xA;   }&#xA;};&#xA;&#xA;int main() {&#xA;   my_struct array[10];&#xA;&#xA;   for (int i = 0; i &amp;lt; 10; ++i)&#xA;      array[i].a = 10 - i;&#xA;&#xA;   std::sort(array, array + 10, std::less&amp;lt;my_struct&amp;gt;());&#xA;&#xA;   for (int i = 0; i &amp;lt; 10; ++i)&#xA;      std::cout &amp;lt;&amp;lt; array[i].a &amp;lt;&amp;lt; &quot;, &quot;;&#xA;}&#xA;&lt;/code&gt;&lt;/pre&gt;&#xA;&#xA;&lt;p&gt;You don't need to write it.&#xA;Algorithm &lt;code&gt;std::sort&lt;/code&gt; has two versions:&lt;/p&gt;&#xA;&#xA;&lt;pre&gt;&lt;code&gt;template &amp;lt;class RandomAccessIterator&amp;gt;&#xA;  void sort ( RandomAccessIterator first, RandomAccessIterator last );&#xA;&#xA;template &amp;lt;class RandomAccessIterator, class Compare&amp;gt;&#xA;  void sort ( RandomAccessIterator first, RandomAccessIterator last, Compare comp );&#xA;&lt;/code&gt;&lt;/pre&gt;&#xA;&#xA;&lt;p&gt;First version may be used when your class provides &lt;code&gt;operator &amp;lt;&lt;/code&gt; (is comparable). Second version is used if you don't want use &lt;code&gt;operator &amp;lt;&lt;/code&gt; or it doesn't exist.&lt;/p&gt;&#xA;&#xA;&lt;p&gt;Example without less:&lt;/p&gt;&#xA;&#xA;&lt;pre&gt;&lt;code&gt;#include &amp;lt;iostream&amp;gt;&#xA;#include &amp;lt;functional&amp;gt;&#xA;#include &amp;lt;algorithm&amp;gt;&#xA;&#xA;struct my_struct {&#xA;   int a;&#xA;   bool operator&amp;lt; (const my_struct &amp;amp;s) const {&#xA;      return a &amp;lt; s.a;&#xA;   }&#xA;};&#xA;&#xA;int main() {&#xA;   my_struct array[10];&#xA;&#xA;   for (int i = 0; i &amp;lt; 10; ++i)&#xA;      array[i].a = 10 - i;&#xA;&#xA;   std::sort(array, array + 10);&#xA;&#xA;   for (int i = 0; i &amp;lt; 10; ++i)&#xA;      std::cout &amp;lt;&amp;lt; array[i].a &amp;lt;&amp;lt; &quot;, &quot;;&#xA;}&#xA;&lt;/code&gt;&lt;/pre&gt;&#xA;&#xA;&lt;p&gt;The examples have the same result. &lt;/p&gt;&#xA;&#xA;&lt;p&gt;Also you can use others functors to change behavior of sort algorithms such as &lt;code&gt;std::greater&lt;/code&gt;.&lt;/p&gt;&#xA;</Body>
</answer>
<answer>
<Body>&lt;pre&gt;&lt;code&gt;using namespace std::placeholders;&#xA;std::sort(SomeContainer.begin(), SomeContainer.end()&#xA;    // or use &amp;amp;Edge::CompareDest if you want that instead&#xA;    , std::bind(&amp;amp;Edge::CompareSrc, _1, _2) );&#xA;&lt;/code&gt;&lt;/pre&gt;&#xA;&#xA;&lt;p&gt;&lt;code&gt;std::bind&lt;/code&gt; is C++11 though, so you may want to use &lt;code&gt;boost::bind&lt;/code&gt; (in which case you shouldn't use the preceding using directive) or the &lt;code&gt;bind&lt;/code&gt; from TR1 if your implementation has that. Otherwise I'd advise you to handroll your own functor.&lt;/p&gt;&#xA;</Body>
</answer>
