<question>
<Title>Failed to Login as 'Domain\ComputerName' pyodbc with py2exe</Title>
<Body>&lt;p&gt;Ok so I have a script that connects to a mssql db and i need to run as a service which I have already accomplished but when I run it as a service it overrides my credentials that I have put in when i connect to the db with the ad computer account.&lt;/p&gt;&#xA;&#xA;&lt;p&gt;It runs perfect when i run it on its own and not as a service.&lt;/p&gt;&#xA;&#xA;&lt;p&gt;My Connection String is:&lt;/p&gt;&#xA;&#xA;&lt;p&gt;&lt;code&gt;&#xA;'DRIVER={SQL Server};SERVER=MyServer;DATABASE=MyDB;UID=DOMAIN\myusername;PWD=A;Trusted_Connection=True'&#xA;&lt;/code&gt;&lt;/p&gt;&#xA;&#xA;&lt;p&gt;The Error is:&lt;/p&gt;&#xA;&#xA;&lt;p&gt;&lt;code&gt;&#xA;Error: ('28000', &quot;[28000] [Microsoft][ODBC SQL Server Driver][SQL Server]Login failed for user 'DOMAIN\COMPUTERNAME')&#xA;&lt;/code&gt;&lt;/p&gt;&#xA;&#xA;&lt;p&gt;Any Advice?&lt;/p&gt;&#xA;</Body>
<Tags>python,sql-server,py2exe,pyodbc</Tags>
</question>
<answer>
<Body>&lt;p&gt;The following connection string will use Windows authentication, using the account running the service to authenticate with the database. Change the service account to one that has database access:&lt;/p&gt;&#xA;&#xA;&lt;p&gt;&lt;code&gt;'DRIVER={SQL Server};SERVER=SERVERNAME;DATABASE=DBName;Trusted_Connection=yes'&lt;/code&gt;&lt;/p&gt;&#xA;&#xA;&lt;p&gt;To change service account:&lt;/p&gt;&#xA;&#xA;&lt;ul&gt;&#xA;&lt;li&gt;Start -&gt; Run -&gt; services.msc&lt;/li&gt;&#xA;&lt;li&gt;Right-click service -&gt; Properties&lt;/li&gt;&#xA;&lt;li&gt;Log On tab&lt;/li&gt;&#xA;&lt;li&gt;OK/Apply to save changes&lt;/li&gt;&#xA;&lt;/ul&gt;&#xA;&#xA;&lt;p&gt;&lt;img src=&quot;https://i.stack.imgur.com/vZLCq.png&quot; alt=&quot;Screenshot of window to change service account&quot;&gt;&lt;/p&gt;&#xA;</Body>
</answer>
<answer>
<Body>&lt;p&gt;In the last project I worked on, I found that &lt;code&gt;DRIVER={SQL Server};SERVER=SERVERNAME;DATABASE=DBName&lt;/code&gt; is sufficient to initiate a db connection in trusted mode.&lt;/p&gt;&#xA;&#xA;&lt;p&gt;If it still does not work, it is probably either&lt;/p&gt;&#xA;&#xA;&lt;p&gt;1) the account &lt;code&gt;DEEPTHOUGHT&lt;/code&gt;  on mssql server is not set up properly. &lt;/p&gt;&#xA;&#xA;&lt;p&gt;2) the runAs in the service is not set up properly (why error message mentions 'ComputerName' instead of 'DEEPTHOUGHT'?)&lt;/p&gt;&#xA;</Body>
</answer>
