<question>
<Title>Slow video-capturing with opencv 2.3.1</Title>
<Body>&lt;p&gt;Is there a way to stream video with opencv faster?&lt;/p&gt;&#xA;&#xA;&lt;p&gt;i'm using&lt;/p&gt;&#xA;&#xA;&lt;pre&gt;&lt;code&gt;Mat img;&#xA;VideoCapture cap(.../video.avi);&#xA;for (;;) {&#xA;    cap &amp;gt;&amp;gt; img;&#xA;    ...&#xA;    here is some calculations&#xA;}&#xA;&lt;/code&gt;&lt;/pre&gt;&#xA;&#xA;&lt;p&gt;Thanks&lt;/p&gt;&#xA;</Body>
<Tags>c++,opencv</Tags>
</question>
<answer>
<Body>&lt;p&gt;Since the frame grabbing procedure is pretty straightforward, the slowness you are experiencing could caused by &lt;em&gt;some calculations&lt;/em&gt; consuming your CPU, decreasing the FPS displayed by your application.&lt;/p&gt;&#xA;&#xA;&lt;p&gt;It's hard to tell without looking at the code that does this. &lt;/p&gt;&#xA;&#xA;&lt;p&gt;But a simple test to pinpoint the origin of the problem would be to simply remove &lt;em&gt;some calculations&lt;/em&gt; and make a simple application that read the frames from the video and displays them. Simple as that! If this test works perfectly, then you know that the performance is being affected by the calculations that are being done.&lt;/p&gt;&#xA;&#xA;&lt;p&gt;Good luck.&lt;/p&gt;&#xA;</Body>
</answer>
