<question>
<Title>Generating a unique data store key from a federated identity</Title>
<Body>&lt;p&gt;I need a unique datastore key for users authenticated via openid with the python 2.7 runtime for the google apps engine.  &lt;/p&gt;&#xA;&#xA;&lt;p&gt;Should I use &lt;code&gt;User.federated_identity()&lt;/code&gt; or &lt;code&gt;User.federated_provider() + User.federated_identity()&lt;/code&gt;?  &lt;/p&gt;&#xA;&#xA;&lt;p&gt;In other words is &lt;code&gt;User.federated_identity()&lt;/code&gt; unique for ALL providers or just one specific provider?  &lt;/p&gt;&#xA;</Body>
<Tags>python,google-app-engine,authentication</Tags>
</question>
<answer>
<Body>&lt;p&gt;&lt;code&gt;User.federated_identity()&lt;/code&gt; &quot;Returns the user's OpenID identifier.&quot;, which is unique by definition (it's a URL that uniquely identifies the user).&lt;/p&gt;&#xA;</Body>
</answer>
