<question>
<Title>GAE SDK 1.6.4 dev_appserver datastore flush</Title>
<Body>&lt;p&gt;Hoping to get a comment from the GAE python team on this one.&lt;/p&gt;&#xA;&#xA;&lt;p&gt;Has something changed between 1.6.3, 1.6.4 with regards to the way the dev_appserver datastore is flushed to disk on app exit?&lt;/p&gt;&#xA;&#xA;&lt;p&gt;I'm using django-nonrel, and on 1.6.3, and before, I used to be able to load up a python shell:&#xA;    python manage.py shell (manage.py is provided by django-nonrel)&lt;/p&gt;&#xA;&#xA;&lt;p&gt;I could then import my models and acceess the datastore, modify entities, and quit.&lt;/p&gt;&#xA;&#xA;&lt;p&gt;On 1.6.4, I'm able to do that, but when I quit, changes are not saved to the datastore.  When I run django-nonrel as a WSGI app, it saves properly, and I see a message on exit (&quot;Applying all pending transactions and saving the datastore&quot;).&lt;/p&gt;&#xA;</Body>
<Tags>python,google-app-engine,django-nonrel</Tags>
</question>
<answer>
<Body>&lt;p&gt;It looks like there have been some changes.  I've been able to hack around the problem with the following:&lt;/p&gt;&#xA;&#xA;&lt;pre&gt;&lt;code&gt;from google.appengine.tools import dev_appserver&#xA;import atexit&#xA;atexit.register(dev_appserver.TearDownStubs)&#xA;&lt;/code&gt;&lt;/pre&gt;&#xA;&#xA;&lt;p&gt;This ensures the datastore is flushed on exit.&lt;/p&gt;&#xA;</Body>
</answer>
<answer>
<Body>&lt;p&gt;Before 1.6.4, we saved the datastore after every write. This method does not work when simulating the transactional model found in the High Replication Datastore (you would lose the last couple writes). It is also horribly inefficient. We changed it so the datastore dev stub flushs all writes and saves it's state on shut down.&lt;/p&gt;&#xA;&#xA;&lt;p&gt;Following the code:&lt;/p&gt;&#xA;&#xA;&lt;ol&gt;&#xA;&lt;li&gt;&lt;a href=&quot;https://bitbucket.org/wkornewald/djangoappengine/src/60c2b3339a9f/management/commands/runserver.py#cl-154&quot; rel=&quot;nofollow&quot;&gt;https://bitbucket.org/wkornewald/djangoappengine/src/60c2b3339a9f/management/commands/runserver.py#cl-154&lt;/a&gt;&lt;/li&gt;&#xA;&lt;li&gt;&lt;a href=&quot;http://code.google.com/p/googleappengine/source/browse/trunk/python/google/appengine/tools/dev_appserver_main.py#683&quot; rel=&quot;nofollow&quot;&gt;http://code.google.com/p/googleappengine/source/browse/trunk/python/google/appengine/tools/dev_appserver_main.py#683&lt;/a&gt;&lt;/li&gt;&#xA;&lt;/ol&gt;&#xA;&#xA;&lt;p&gt;It looks like manage.py should work if the server is shut down cleanly (with a TERM signal or KeyInterrupt).&lt;/p&gt;&#xA;</Body>
</answer>
<answer>
<Body>&lt;p&gt;Thanks to dragonx for his solution and info.&#xA;I run my devserver from eclipse, and I was amazed to see my data not beeing saved after upgrading to 1.6.4&#xA;I added a flush to the database after every web request, to do that I implemented a base class for all requests and override dispatch:&lt;/p&gt;&#xA;&#xA;&lt;pre&gt;&lt;code&gt;developmentServer = False&#xA;&#xA;if os.environ.get('SERVER_SOFTWARE','').startswith('Development'):&#xA;    developmentServer = True&#xA;&#xA;class BaseRequestHandler(webapp2.RequestHandler):&#xA;    def dispatch(self):&#xA;        retValue = super(BaseRequestHandler, self).dispatch()&#xA;        if developmentServer:&#xA;                from google.appengine.tools import dev_appserver &#xA;                dev_appserver.TearDownStubs()&#xA;&#xA;        return retValue&#xA;&lt;/code&gt;&lt;/pre&gt;&#xA;&#xA;&lt;p&gt;informing about a change in behavior like that in the release notes, would have saved me two days of searching what went wrong in my upgrade.&lt;/p&gt;&#xA;</Body>
</answer>
