<question>
<Title>QComboBox EventFilter to popup</Title>
<Body>&lt;p&gt;I have a little problem, I need to set my event filter to QComboBox popup.&#xA;I need to catch events when left and right keys are pressed.&#xA;How can I do this?&lt;/p&gt;&#xA;&#xA;&lt;p&gt;Thank you!&lt;/p&gt;&#xA;</Body>
<Tags>c++,linux,qt,events,qcombobox</Tags>
</question>
<answer>
<Body>&lt;p&gt;You may need to add following code somewhere in your code.&lt;/p&gt;&#xA;&#xA;&lt;pre&gt;&lt;code&gt; void MyComboBox::keyPressEvent (QKeyEvent *event)&#xA; {&#xA;     if (event-&amp;gt;button() ==  Qt::Key_Left) &#xA;     {&#xA;         // handle left key press&#xA;     } &#xA;     if (event-&amp;gt;button() ==  Qt::Key_Right) &#xA;     {&#xA;         // handle right key press&#xA;     }&#xA; }&#xA;&lt;/code&gt;&lt;/pre&gt;&#xA;&#xA;&lt;p&gt;Hope this helps!&lt;/p&gt;&#xA;</Body>
</answer>
<answer>
<Body>&lt;p&gt;You need to set the eventFilter on QComboBox's view() (http://qt-project.org/doc/qt-4.8/qcombobox.html#view).&lt;/p&gt;&#xA;</Body>
</answer>
