<question>
<Title>Getting Loki Singleton to work in DLLs in VS 2008 C++</Title>
<Body>&lt;p&gt;I'm pretty sure this problem isn't new, and pretty sure it's hard to solve.  Hopefully I'm wrong about the latter.&lt;/p&gt;&#xA;&#xA;&lt;p&gt;I'm trying to use the Loki::Singleton from Modern C++ Design in a program of mine.&lt;/p&gt;&#xA;&#xA;&lt;p&gt;However, I can't seem to get it to work across DLLs.  I think I know why this is happening:  the templated code gets instantiated in every source module, so instead of there being one global variable, each module has its own.&lt;/p&gt;&#xA;&#xA;&lt;p&gt;Obviously, this makes the Singleton very much non-single.&lt;/p&gt;&#xA;&#xA;&lt;p&gt;Is there any way to get around this behavior?&lt;/p&gt;&#xA;</Body>
<Tags>c++,visual-studio-2008,loki</Tags>
</question>
<answer>
<Body>&lt;p&gt;You are probably correct that each DLL has its own instance of the singleton.  I'm not that familiar with the Loki implementation and the &lt;a href=&quot;http://loki-lib.cvs.sourceforge.net/loki-lib/loki/include/loki/Singleton.h?view=markup&quot; rel=&quot;nofollow noreferrer&quot;&gt;source code&lt;/a&gt; isn't a lot of fun to figure out.&lt;/p&gt;&#xA;&#xA;&lt;p&gt;Possible solutions are:&lt;/p&gt;&#xA;&#xA;&lt;ul&gt;&#xA;&lt;li&gt;Not using singletons.  This is actually my usual preference because you can avoid whole classes of issues by changing your design to not need them.  For a long rant on why Singletons may be harmful see &lt;a href=&quot;http://steve.yegge.googlepages.com/singleton-considered-stupid&quot; rel=&quot;nofollow noreferrer&quot;&gt;this&lt;/a&gt; Yegge post.  I'm not THAT vehemently against them but 95% of the time Singletons cause many more problems than they solve (if they actually solve any)&lt;/li&gt;&#xA;&lt;li&gt;Copying static members across DLL boundaries.  I've also done this as a hack, where the DLL gets a pointer from an application or another DLL, and resets its own copy of the static class member to the pointer passed from outside.  It's evil, it's dirty, you can't clean up after it, but it does work.&lt;/li&gt;&#xA;&lt;/ul&gt;&#xA;</Body>
</answer>
<answer>
<Body>&lt;p&gt;Note this is not going to address the question.   An explicitly instantiated and exported singleton should do the trick...&lt;/p&gt;&#xA;&#xA;&lt;p&gt;-Rick&lt;/p&gt;&#xA;&#xA;&lt;p&gt;Check out #pragma data_seg &lt;a href=&quot;http://msdn.microsoft.com/en-us/library/h90dkhs0(VS.80).aspx&quot; rel=&quot;nofollow noreferrer&quot;&gt;here&lt;/a&gt; basically, you need to declare an instance of the singleton in a shared section of your code.  By default statics are scoped to the dll.  &lt;/p&gt;&#xA;&#xA;&lt;p&gt;It may get tricky with templates, but this is the path to success here that doesn't involve passing / copying static data around.&lt;/p&gt;&#xA;</Body>
</answer>
<answer>
<Body>&lt;p&gt;I see in the Loki source directory that they have a specific &lt;a href=&quot;http://loki-lib.svn.sourceforge.net/viewvc/loki-lib/trunk/test/SingletonDll/&quot; rel=&quot;nofollow noreferrer&quot;&gt;SingletonDLL directory&lt;/a&gt; under test, looks like they use an exported, explicitly instantiated template (which would work). Hopefully that contains the code you want.&lt;/p&gt;&#xA;</Body>
</answer>
