<question>
<Title>Django: AttributeError when calling own model method</Title>
<Body>&lt;p&gt;I recently added a new method to my model &quot;News&quot;:&lt;/p&gt;&#xA;&#xA;&lt;pre&gt;&lt;code&gt;def slug(self):&#xA;    return slugify(self.title)&#xA;&lt;/code&gt;&lt;/pre&gt;&#xA;&#xA;&lt;p&gt;However I can't seem to call it from anywhere. Imagine I have a News object called n. When trying to call&lt;/p&gt;&#xA;&#xA;&lt;pre&gt;&lt;code&gt;n.slug()&#xA;&lt;/code&gt;&lt;/pre&gt;&#xA;&#xA;&lt;p&gt;I always get an error like:&lt;/p&gt;&#xA;&#xA;&lt;pre&gt;&lt;code&gt;AttributeError: 'News' object has no attribute 'slug'&#xA;&lt;/code&gt;&lt;/pre&gt;&#xA;&#xA;&lt;p&gt;I'm a total beginner at Django and Python and I'm sure this is just a stupid mistake on my side. By the way I tried restarting the dev server and syncing the db after I added the method, both don't change a thing. Note that I have used model methods like this before without a problem :S&lt;/p&gt;&#xA;&#xA;&lt;p&gt;&lt;strong&gt;Edit:&lt;/strong&gt;&lt;/p&gt;&#xA;&#xA;&lt;p&gt;Here is the model:&lt;/p&gt;&#xA;&#xA;&lt;pre&gt;&lt;code&gt;from django.template.defaultfilters import slugify&#xA;&#xA;class News(models.Model):&#xA;    title = models.CharField(max_length=100)&#xA;    [...]&#xA;    def slug(self):&#xA;        return slugify(self.title)&#xA;&lt;/code&gt;&lt;/pre&gt;&#xA;&#xA;&lt;p&gt;Here is some example code on how I call the method. I first tried to call it in a template, but it didn't work. Then I changed my view so it just returns the slug, but the error remains. Same when I try it in the shell.&lt;/p&gt;&#xA;&#xA;&lt;pre&gt;&lt;code&gt;from fbki.models import News&#xA;&#xA;def news_detail(request, slug, news_id):&#xA;    news = News.objects.get(id = news_id)&#xA;    return HttpResponse(news.slug())&#xA;&lt;/code&gt;&lt;/pre&gt;&#xA;</Body>
<Tags>python,django,django-models</Tags>
</question>
<answer>
<Body>&lt;p&gt;There are, no errors. Please check what class you by &lt;/p&gt;&#xA;&#xA;&lt;pre&gt;&lt;code&gt;  from fbki.models import News&#xA;&lt;/code&gt;&lt;/pre&gt;&#xA;&#xA;&lt;p&gt;it looks like you have two copies in project, and modify other class. You check by renaming your class News to News1. It you will same error - I'm right.  &lt;/p&gt;&#xA;</Body>
</answer>
<answer>
<Body>&lt;p&gt;I've had some errors similar to this.&lt;/p&gt;&#xA;&#xA;&lt;p&gt;I believe that the problem is an inconsistency between your model and the actual schema in your database.&lt;/p&gt;&#xA;&#xA;&lt;p&gt;Run &lt;code&gt;manage.py sql myapp&lt;/code&gt; and verify the contents match what is in sql&gt; show schema (etc.)&lt;/p&gt;&#xA;&#xA;&lt;p&gt;If they don't match, you have to use your SQL client and drop the old table so that you can re-run &lt;code&gt;manage.py syncdb&lt;/code&gt; to make them match again.&lt;/p&gt;&#xA;&#xA;&lt;p&gt;Your method should work once the schema are present.&lt;/p&gt;&#xA;</Body>
</answer>
