<question>
<Title>Where to put templates in Django 1.4?</Title>
<Body>&lt;p&gt;I got a bit confused, because when I use the generic ListView class, Django is looking for &quot;appname/objectname_list.html&quot; inside the &quot;appname/templates&quot; folder. This results in:&lt;/p&gt;&#xA;&#xA;&lt;pre&gt;&lt;code&gt;appname/templates/appname/objectname_list.html&#xA;&lt;/code&gt;&lt;/pre&gt;&#xA;&#xA;&lt;p&gt;If I supply &quot;template_name&quot;, it does not require the subfolder inside the templates folder anymore. &lt;/p&gt;&#xA;&#xA;&lt;p&gt;Why doesn't it find the objectname_list.html inside the &quot;templates&quot; folder like before in 1.3 ? Did I configure something wrong or did they change the place where I'm supposed to put my templates as well ? In 1.3 I used to place template html files inside &quot;appname/templates&quot; directly instead of using a subfolder.&lt;/p&gt;&#xA;&#xA;&lt;p&gt;For me it does not make sense to use another subfolder with the name of the app, where the templates folder is already in. Or am I missing something useful ?&lt;/p&gt;&#xA;&#xA;&lt;p&gt;I could not find anything about it in the release notes.&lt;/p&gt;&#xA;</Body>
<Tags>python,django,frameworks</Tags>
</question>
<answer>
<Body>&lt;p&gt;I don't think this is 1.4 specific.  If you will want your template in a subfolder, specify &lt;code&gt;template_name = 'subfolde/template.html'&lt;/code&gt;&lt;/p&gt;&#xA;&#xA;&lt;p&gt;Regarding template dirs, from the &lt;a href=&quot;https://docs.djangoproject.com/en/dev/ref/templates/api/#loader-types&quot; rel=&quot;noreferrer&quot;&gt;docs&lt;/a&gt;:&lt;/p&gt;&#xA;&#xA;&lt;blockquote&gt;&#xA;  &lt;p&gt;... For each app in&#xA;  INSTALLED_APPS, the loader looks for a templates subdirectory. If the&#xA;  directory exists, Django looks for templates in there.&lt;/p&gt;&#xA;&lt;/blockquote&gt;&#xA;&#xA;&lt;p&gt;So the actual dir is:&lt;/p&gt;&#xA;&#xA;&lt;pre&gt;&lt;code&gt;projectname/appname/templates/appname/objectname_list.html&#xA;            ^^^               ^^^&#xA;&lt;/code&gt;&lt;/pre&gt;&#xA;&#xA;&lt;p&gt;This helps you keep everything inside the app folder and does not require you to configure anything,  &lt;/p&gt;&#xA;&#xA;&lt;p&gt;This also means that if you have apps &lt;code&gt;foo&lt;/code&gt;, &lt;code&gt;bar&lt;/code&gt; and &lt;code&gt;baz&lt;/code&gt;, you can still have one &lt;code&gt;templates&lt;/code&gt; dir under one of the apps:&lt;/p&gt;&#xA;&#xA;&lt;pre&gt;&lt;code&gt;myproj/foo/templates/foo/...&#xA;myproj/foo/templates/bar/...&#xA;myproj/foo/templates/baz/...&#xA;&lt;/code&gt;&lt;/pre&gt;&#xA;</Body>
</answer>
