<question>
<Title>Visual Studio 2010 can't find iostream</Title>
<Body>&lt;p&gt;I just installed Visual Studio 2010, and wanted to test it out by writing a hello world application. &lt;/p&gt;&#xA;&#xA;&lt;pre&gt;&lt;code&gt;#include &amp;lt;iostream&amp;gt;&#xA;&#xA;using namespace std;&#xA;&#xA;int main()&#xA;{&#xA;    cout &amp;lt;&amp;lt; &quot;Hello World!&quot; &amp;lt;&amp;lt; endl;&#xA;&#xA;    return 0;&#xA;}&#xA;&lt;/code&gt;&lt;/pre&gt;&#xA;&#xA;&lt;p&gt;After trying to compile this I get this error&lt;/p&gt;&#xA;&#xA;&lt;blockquote&gt;&#xA;  &lt;p&gt;error C1083: Cannot open include file: 'iostream': No such file or directory   &lt;/p&gt;&#xA;&lt;/blockquote&gt;&#xA;&#xA;&lt;p&gt;Here are my visual studio include directories     &lt;/p&gt;&#xA;&#xA;&lt;blockquote&gt;&#xA;  &lt;p&gt;$(VCInstallDir)include; $(VCInstallDir)atlmfc\include; $(WindowsSdkDir)include; $(FrameworkSDKDir)\include;&lt;/p&gt;&#xA;&lt;/blockquote&gt;&#xA;&#xA;&lt;p&gt;And my library directories&lt;/p&gt;&#xA;&#xA;&lt;blockquote&gt;&#xA;  &lt;p&gt;$(VCInstallDir)lib;$(VCInstallDir)atlmfc\lib;$(WindowsSdkDir)lib;$(FrameworkSDKDir)\lib&lt;/p&gt;&#xA;&lt;/blockquote&gt;&#xA;</Body>
<Tags>c++,visual-studio</Tags>
</question>
<answer>
<Body>&lt;p&gt;The pages given below may help you:&lt;/p&gt;&#xA;&#xA;&lt;p&gt;1.) &lt;a href=&quot;http://msdn.microsoft.com/en-us/library/8z9z0bx6.aspx&quot; rel=&quot;nofollow&quot;&gt;http://msdn.microsoft.com/en-us/library/8z9z0bx6.aspx&lt;/a&gt;&lt;/p&gt;&#xA;&#xA;&lt;p&gt;2.) &lt;a href=&quot;http://msdn.microsoft.com/en-US/library/hdkef6tk.aspx&quot; rel=&quot;nofollow&quot;&gt;http://msdn.microsoft.com/en-US/library/hdkef6tk.aspx&lt;/a&gt;&lt;/p&gt;&#xA;&#xA;&lt;p&gt;&lt;code&gt;&amp;lt;iostream&amp;gt;&lt;/code&gt; is normally stored in the C:\Program Files\Microsoft Visual Studio 10\VC\include folder.  First check if it is still there.&lt;/p&gt;&#xA;&#xA;&lt;p&gt;the /P compiler option is uese to preprocess &lt;code&gt;helloWorld.cpp&lt;/code&gt;(say),this will generate helloWorld.i, and then you check to see where &lt;code&gt;iostream&lt;/code&gt; is getting included.&#xA;and the builded log should be helpful as well as using the /showincludes option to show the paths to the include files.&lt;/p&gt;&#xA;</Body>
</answer>
<answer>
<Body>&lt;p&gt;Go through the normal easy process of creating a new Project --&gt; Templates: Visual C++ --&gt; Win32 Console Application. If not, search your HDD for iostream and set the include path manually.&lt;/p&gt;&#xA;</Body>
</answer>
<answer>
<Body>&lt;p&gt;If you are unable to build a simple hello world application then it suggests that either Visual Studio or the Windows SDK isn't installed correctly. Have you downloaded and installed the &lt;a href=&quot;http://msdn.microsoft.com/en-US/windows/desktop/bg162891&quot; rel=&quot;nofollow&quot;&gt;Windows SDK&lt;/a&gt;? (note: if you need to build for XP you might need to use the Win7 SDK instead)&lt;/p&gt;&#xA;&#xA;&lt;p&gt;I seem to recall that after installing the Windows SDK you may need to 'integrate' it for use with VS2010.  Each version of Visual Studio can have a different default SDK that it builds against.  You &lt;em&gt;may&lt;/em&gt; need to run the &lt;a href=&quot;http://blogs.msdn.com/b/windowssdk/archive/2008/03/01/integrating-windows-sdk-and-vs-with-new-sdk-configuration-tool.aspx&quot; rel=&quot;nofollow&quot;&gt;SDK Configuration Tool&lt;/a&gt; to register it for use with VS2010.  Alternatively, you might need to check the '&lt;code&gt;Platform Toolset&lt;/code&gt;' settings in the project, as described &lt;a href=&quot;http://geekswithblogs.net/rob/archive/2010/09/17/integrate-the-windows-sdk-v7.1-with-vs2010.aspx&quot; rel=&quot;nofollow&quot;&gt;here&lt;/a&gt;&lt;/p&gt;&#xA;&#xA;&lt;p&gt;Ultimately, once that is correctly setup then you should be able to build simple C++ apps without any further configuration.&lt;/p&gt;&#xA;</Body>
</answer>
