<question>
<Title>Initialization order of static data inside class template</Title>
<Body>&lt;pre&gt;&lt;code&gt;// File: InitFirst.h&#xA;&#xA;#pragma once&#xA;&#xA;template &amp;lt;int val&amp;gt;&#xA;struct InitFirst&#xA;{&#xA;    static float s_dividedByThree;&#xA;};&#xA;&#xA;template &amp;lt;int val&amp;gt;&#xA;float InitFirst&amp;lt;val&amp;gt;::s_dividedByThree = val / 3.0;&#xA;&lt;/code&gt;&lt;/pre&gt;&#xA;&#xA;&lt;hr&gt;&#xA;&#xA;&lt;pre&gt;&lt;code&gt;// File: Test.h&#xA;&#xA;#include &amp;lt;conio.h&amp;gt;&#xA;#include &amp;lt;tchar.h&amp;gt;&#xA;&#xA;#include &quot;InitFirst.h&quot;&#xA;&#xA;float g_shouldBeOneThird = InitFirst&amp;lt;1&amp;gt;::s_dividedByThree;&#xA;&#xA;int _tmain(int argc, _TCHAR* argv[])&#xA;{&#xA;    _cprintf(&quot;%f\n&quot;, g_shouldBeOneThird);&#xA;    getch();&#xA;    return 0;&#xA;}&#xA;&lt;/code&gt;&lt;/pre&gt;&#xA;&#xA;&lt;p&gt;Is g_shouldBeOneThird guaranteed to be initialized to around 0.333? In other words, is the statically initialized InitFirst&amp;lt;1&gt;::s_dividedByThree guaranteed to be initialized by the time it's used for statically initializing g_shouldBeOneThird?&lt;/p&gt;&#xA;</Body>
<Tags>c++,templates,static,initialization,static-initialization</Tags>
</question>
<answer>
<Body>&lt;p&gt;From the standard (3.6.2):&lt;/p&gt;&#xA;&#xA;&lt;blockquote&gt;&#xA;  &lt;p&gt;Objects with static storage duration (3.7.1) shall be zero-initialized&#xA;  (8.5) before any other initialization takes place. A reference with&#xA;  static storage duration and an object of POD type with static storage&#xA;  duration can be initialized with a constant expression (5.19); this is&#xA;  called constant initialization. Together, zero-initialization and&#xA;  constant initialization are called static initialization; all other&#xA;  initialization is dynamic initialization. Static initialization shall&#xA;  be performed before any dynamic initialization takes place. Dynamic&#xA;  initialization of an object is either ordered or unordered.&#xA;  Definitions of explicitly specialized class template static data&#xA;  members have ordered initialization. Other class template static data&#xA;  members (i.e., implicitly or explicitly instantiated specializations)&#xA;  have unordered initialization. Other objects defined in namespace&#xA;  scope have ordered initialization. Objects defined within a single&#xA;  translation unit and with ordered initialization shall be initialized&#xA;  in the order of their definitions in the translation unit. The order&#xA;  of initialization is unspecified for objects with unordered&#xA;  initialization and for objects defined in different translation units.&lt;/p&gt;&#xA;&lt;/blockquote&gt;&#xA;&#xA;&lt;p&gt;In your case here, since you're initializing &lt;code&gt;float InitFirst&amp;lt;val&amp;gt;::s_dividedByThree&lt;/code&gt; with a constant expression, this will happen before any dynamic initialization (f.x &lt;code&gt;float g_shouldBeOneThird&lt;/code&gt;). Though I have a feeling this simplified example might be a simplification of a case where you have dynamic initialization, then the relevant part is: &quot;Objects defined within a single translation unit and with ordered initialization shall be initialized in the order of their definitions in the translation unit.&quot;.&lt;/p&gt;&#xA;&#xA;&lt;p&gt;There is a trick to make sure that global variables (sort of) are initialised by the time you use them. The trick is to keep them as a static local variable in a global function. Since local static variables are initialised the first time they're accessed, initialisation order is not an issue anymore:&lt;/p&gt;&#xA;&#xA;&lt;pre&gt;&lt;code&gt;template &amp;lt;int val&amp;gt;&#xA;struct InitFirst&#xA;{&#xA;    static float &amp;amp; s_dividedByThree();&#xA;};&#xA;&#xA;template &amp;lt;int val&amp;gt;&#xA;float &amp;amp; InitFirst&amp;lt;val&amp;gt;::s_dividedByThree(){&#xA;    static float staticVariable = val / 3.0;&#xA;    return staticVariable;&#xA;}&#xA;&lt;/code&gt;&lt;/pre&gt;&#xA;&#xA;&lt;p&gt;You can then access those variables &lt;strong&gt;almost&lt;/strong&gt; as before:&lt;/p&gt;&#xA;&#xA;&lt;pre&gt;&lt;code&gt;float g_shouldBeOneThird = InitFirst&amp;lt;1&amp;gt;::s_dividedByThree();&#xA;&lt;/code&gt;&lt;/pre&gt;&#xA;&#xA;&lt;p&gt;Beware though, initialization of local static variables are not safe under multiple threads (it's not in the standard that they should be safe). If that is a concern for you, you might want to protect the initializations with &#xA;some locks. The compilers are of course allowed to generate safe code, which is what gcc does by default (probably others too).&lt;/p&gt;&#xA;</Body>
</answer>
