<question>
<Title>How to measure the memory used by C/C++/Java Program while during execution?</Title>
<Body>&lt;p&gt;I am trying to create a programming judge like &lt;a href=&quot;http://spoj.pl&quot; rel=&quot;nofollow&quot;&gt;spoj.pl&lt;/a&gt;. I have to measure the time and memory a C/C++/Java program is using. I want to set a maximum memory limit for the program that I wish to execute. Can you please suggest how I can do that.&lt;/p&gt;&#xA;</Body>
<Tags>java,c++,c,memory,memory-management</Tags>
</question>
<answer>
<Body>&lt;p&gt;In order to analyze time and memory consumption you can use callgrind:&#xA;&lt;a href=&quot;http://valgrind.org/docs/manual/cl-manual.html&quot; rel=&quot;nofollow&quot;&gt;http://valgrind.org/docs/manual/cl-manual.html&lt;/a&gt;&lt;/p&gt;&#xA;</Body>
</answer>
<answer>
<Body>&lt;p&gt;On Windows you can use &lt;a href=&quot;http://msdn.microsoft.com/en-us/library/windows/desktop/ms684161%28v=vs.85%29.aspx&quot; rel=&quot;nofollow&quot;&gt;jobs&lt;/a&gt;, which are kernel objects that allow you to sandbox any process not currently in another job. You can apply all different types of restrictions, including maximum processing time and memory/working set restrictions.&lt;/p&gt;&#xA;&#xA;&lt;p&gt;There are a few steps&lt;br&gt;&#xA;1. Call &lt;a href=&quot;http://msdn.microsoft.com/en-us/library/windows/desktop/ms682409%28v=vs.85%29.aspx&quot; rel=&quot;nofollow&quot;&gt;&lt;code&gt;CreateJobObject&lt;/code&gt;&lt;/a&gt; to get a handle to the kernel object&lt;br&gt;&#xA;2. Call &lt;a href=&quot;http://msdn.microsoft.com/en-us/library/windows/desktop/ms686216%28v=vs.85%29.aspx&quot; rel=&quot;nofollow&quot;&gt;&lt;code&gt;SetInformationJobObject&lt;/code&gt;&lt;/a&gt; to set up your restrictions&lt;br&gt;&#xA;3. Create a suspended process that you want to place restrictions on&lt;br&gt;&#xA;4. Call &lt;a href=&quot;http://msdn.microsoft.com/en-us/library/windows/desktop/ms681949%28v=vs.85%29.aspx&quot; rel=&quot;nofollow&quot;&gt;&lt;code&gt;AssignProcessToJobObject&lt;/code&gt;&lt;/a&gt; with the job and process handles&lt;br&gt;&#xA;5. Resume the process's main thread by calling &lt;code&gt;ResumeThread&lt;/code&gt;&lt;/p&gt;&#xA;</Body>
</answer>
<answer>
<Body>&lt;p&gt;System-, where-, how-, what-,...- dependent.&lt;/p&gt;&#xA;&#xA;&lt;hr&gt;&#xA;&#xA;&lt;p&gt;To limit, i.e.:&lt;/p&gt;&#xA;&#xA;&lt;p&gt;Linux command line: &gt; &lt;code&gt;$ ulimit -v NNN &amp;amp;&amp;amp; ./tha_prog&lt;/code&gt;, &lt;code&gt;$ man ulimit&lt;/code&gt;, &lt;code&gt;$ ulimit -a&lt;/code&gt;.&lt;/p&gt;&#xA;&#xA;&lt;p&gt;Linux C coded: &gt; &lt;code&gt;setrlimit()&lt;/code&gt; linux.die: &lt;a href=&quot;http://linux.die.net/man/2/setrlimit&quot; rel=&quot;nofollow&quot;&gt;setrlimit&lt;/a&gt;, opengroup:&lt;a href=&quot;http://pubs.opengroup.org/onlinepubs/9699919799/functions/setrlimit.html&quot; rel=&quot;nofollow&quot;&gt;setrlimit&lt;/a&gt;&lt;/p&gt;&#xA;&#xA;&lt;p&gt;Windows: &lt;code&gt;CreateJobObject&lt;/code&gt;, &lt;a href=&quot;http://msdn.microsoft.com/en-us/library/ms684161%28VS.85%29.aspx&quot; rel=&quot;nofollow&quot;&gt;Job Objects&lt;/a&gt;&lt;/p&gt;&#xA;&#xA;&lt;p&gt;Then the question also becomes what to limit. Static vs dynamic libraries etc.&lt;/p&gt;&#xA;&#xA;&lt;hr&gt;&#xA;&#xA;&lt;p&gt;To profile:&lt;/p&gt;&#xA;&#xA;&lt;p&gt;Valgrind with callgrind, - and ie &lt;a href=&quot;http://kcachegrind.sourceforge.net/html/Home.html&quot; rel=&quot;nofollow&quot;&gt;kcachegrind&lt;/a&gt;, +++. &lt;/p&gt;&#xA;</Body>
</answer>
