<question>
<Title>random number generation of doubles between two intervals [a,b]</Title>
<Body>&lt;p&gt;I need to generate &lt;code&gt;X&lt;/code&gt; random double numbers uniformly distributed between two intervals [a,b], where &lt;code&gt;a&lt;/code&gt; and &lt;code&gt;b&lt;/code&gt; are also double numbers.&lt;/p&gt;&#xA;&#xA;&lt;p&gt;Those &lt;code&gt;X&lt;/code&gt; numbers need to be generated inside of a class function, say &lt;code&gt;myclass::doSomething(a,b)&lt;/code&gt;. The thing is that the intervals &lt;code&gt;[a,b]&lt;/code&gt; passed to the &lt;code&gt;doSomething(a,b)&lt;/code&gt; function change each time the &lt;code&gt;doSomething(a,b)&lt;/code&gt; function is called by another class function, say &lt;code&gt;doThat()&lt;/code&gt;.&lt;/p&gt;&#xA;&#xA;&lt;p&gt;I would like a solution that allows me to:&lt;br&gt;&#xA;1. Have an &lt;code&gt;engine&lt;/code&gt; with a higher scope, ideally, it should be seeded only once per application run.&lt;br&gt;&#xA;2. The &lt;code&gt;X&lt;/code&gt; random double numbers generated inside of each single call to the &lt;code&gt;doSomething()&lt;/code&gt; function, should be uniformly distributed.&lt;/p&gt;&#xA;&#xA;&lt;p&gt;My solution below does not allow a higher scope for the &lt;code&gt;engine&lt;/code&gt; and it seems that the generated numbers are not necessarily uniformly distributed.&lt;/p&gt;&#xA;&#xA;&lt;pre&gt;&lt;code&gt;//file: utilities.h&#xA;template &amp;lt;typename Generator&amp;gt;&#xA;double randomDoubleEngine(Generator&amp;amp; engine, double low_bound, double high_bound )&#xA;{&#xA;        if (low_bound &amp;gt; high_bound){&#xA;                std::swap(low_bound, high_bound);&#xA;        }&#xA;&#xA;        return std::uniform_real_distribution&amp;lt;&amp;gt;( low_bound, high_bound )( engine );&#xA;}&#xA;&#xA;//file: myclass.h&#xA;       void myclass::doThat(param1, param2){&#xA;&#xA;            for(int i=0; i &amp;lt; myclass.iter; i++){&#xA;                ...&#xA;                ...&#xA;                doSomething(a,b);&#xA;                ...&#xA;            }&#xA;&#xA;        }&#xA;&#xA;        void myclass::doSomething(double a, double b)&#xA;        {&#xA;                std::random_device rd;&#xA;                static std::mt19937 engine(rd());&#xA;                .....&#xA;                double curThreshold = randomDoubleEngine(engine, a, b);&#xA;                ...&#xA;         }&#xA;&lt;/code&gt;&lt;/pre&gt;&#xA;</Body>
<Tags>c++,random,c++11,seed</Tags>
</question>
<answer>
<Body>&lt;p&gt;I think you want engine to be a static member of myclass.  I'm not sure that will make any real difference from what you have, unless you need to use the engine in other methods.  I've pasted a possible solution below.&lt;/p&gt;&#xA;&#xA;&lt;p&gt;Note also that gcc's  looks wrong compared to the standard (see links in code comments), so if you're using that it might explain why whatever test you're applying to these numbers (to check for uniform distribution) is failing.  As I understand, gcc wants the engine to return numbers in [0,1), while the standard says it should be uniform integers over some range.&lt;/p&gt;&#xA;&#xA;&lt;p&gt;I'm afraid I could only test this with gcc 4.4, since I'm running an older Ubuntu release and ideone doesn't seem to allow std::random_device.&lt;/p&gt;&#xA;&#xA;&lt;pre&gt;&lt;code&gt;#include &amp;lt;random&amp;gt;&#xA;#include &amp;lt;iostream&amp;gt;&#xA;&#xA;/* In GCC 4.4, uniform_real_distribution is called uniform_real; renamed in 4.5&#xA; *&#xA; * However, GCC's description here&#xA; *&#xA; * http://gcc.gnu.org/onlinedocs/libstdc++/libstdc++-api-4.6/a00731.html&#xA; *&#xA; * doesn't match expectation here&#xA; *&#xA; * http://en.cppreference.com/w/cpp/numeric/random/uniform_real_distribution&#xA; *&#xA; * which seems to match 26.5.8.2.2 of N3337&#xA; *&#xA; */&#xA;#if defined(__GNUC_MINOR__) &amp;amp;&amp;amp; (__GNUC_MINOR__ &amp;lt;= 4)&#xA;#  define uniform_real_distribution uniform_real&#xA;#endif&#xA;&#xA;template &amp;lt;typename Generator&amp;gt;&#xA;double randomDoubleEngine(Generator&amp;amp; engine, double low_bound, double high_bound)&#xA;{&#xA;  if (low_bound &amp;gt; high_bound){&#xA;    std::swap(low_bound, high_bound);&#xA;  }&#xA;  return std::uniform_real_distribution&amp;lt;double&amp;gt;(low_bound, high_bound)(engine);&#xA;}&#xA;&#xA;class myclass&#xA;{&#xA;  double curThreshold;&#xA;  static std::mt19937 engine;&#xA;  void doSomething(double a, double b)&#xA;  {&#xA;    curThreshold= randomDoubleEngine(engine, a, b);&#xA;  }&#xA;public:&#xA;  myclass(): curThreshold(0) {}&#xA;&#xA;  void doThat(){&#xA;    doSomething(0,10);&#xA;    std::cout &amp;lt;&amp;lt; &quot;threshold is &quot; &amp;lt;&amp;lt; curThreshold &amp;lt;&amp;lt; std::endl;&#xA;  }&#xA;};&#xA;&#xA;std::mt19937 myclass::engine=std::mt19937(std::random_device()());&#xA;&#xA;int&#xA;main()&#xA;{&#xA;  myclass m;&#xA;  m.doThat();&#xA;  m.doThat();&#xA;  return 0;&#xA;}&#xA;&lt;/code&gt;&lt;/pre&gt;&#xA;</Body>
</answer>
