<question>
<Title>How to keep selections highlighted in a tkinter Listbox?</Title>
<Body>&lt;p&gt;I have 2 separated List-boxes set on single selection mode. When I select an item from &lt;code&gt;listboxA&lt;/code&gt;, it gets highlighted, but when I select an item from &lt;code&gt;listboxB&lt;/code&gt;, it gets highlighted, and the item from &lt;code&gt;listboxA&lt;/code&gt; remains active, but isn't highlighted. How can I keep both highlighted?&lt;/p&gt;&#xA;</Body>
<Tags>python,tkinter</Tags>
</question>
<answer>
<Body>&lt;p&gt;Short answer: set the &lt;code&gt;exportselection&lt;/code&gt; attribute of each listbox to &lt;code&gt;False&lt;/code&gt;&lt;/p&gt;&#xA;&#xA;&lt;p&gt;Tkinter has its roots in the X windowing system. X has a concept called a &quot;selection&quot;, which is similar to the system clipboard (more accurately, the clipboard is the &quot;PRIMARY&quot; selection). By default, several of the tkinter widgets export their selection to be the PRIMARY selection. An application can only have one PRIMARY selection at a time, which is why the highlight disappears when you click between two listboxes.&lt;/p&gt;&#xA;&#xA;&lt;p&gt;Tkinter gives you control over this behavior with the &lt;code&gt;exportselection&lt;/code&gt; configuration option for the listbox (and text and entry widgets). Setting it to &lt;code&gt;False&lt;/code&gt; prevents the export of the selection to the X selection, allowing the widget to retain its selection when a different widget gets focus. &lt;/p&gt;&#xA;&#xA;&lt;p&gt;For example:&lt;/p&gt;&#xA;&#xA;&lt;pre&gt;&lt;code&gt;the_listbox = tk.Listbox(..., exportselection=False)&#xA;&lt;/code&gt;&lt;/pre&gt;&#xA;&#xA;&lt;p&gt;Quoting from the &lt;a href=&quot;http://tcl.tk/man/tcl8.5/TkCmd/options.htm#M-exportselection&quot; rel=&quot;noreferrer&quot;&gt;official tk documentation&lt;/a&gt;:&lt;/p&gt;&#xA;&#xA;&lt;blockquote&gt;&#xA;  &lt;p&gt;&lt;strong&gt;exportselection&lt;/strong&gt;&#xA;  Specifies whether or not a selection in the widget should also be the&#xA;  X selection. The value may have any of the forms accepted by&#xA;  Tcl_GetBoolean, such as true, false, 0, 1, yes, or no. If the&#xA;  selection is exported, then selecting in the widget deselects the&#xA;  current X selection, selecting outside the widget deselects any widget&#xA;  selection, and the widget will respond to selection retrieval requests&#xA;  when it has a selection. The default is usually for widgets to export&#xA;  selections.&lt;/p&gt;&#xA;&lt;/blockquote&gt;&#xA;</Body>
</answer>
