<question>
<Title>Qt: making QHBoxLayout scrollable</Title>
<Body>&lt;p&gt;I have a &lt;code&gt;QHBoxLayout&lt;/code&gt; horizontal layout with a lot of list widgets added to it.&lt;/p&gt;&#xA;&#xA;&lt;p&gt;And although I call &lt;code&gt;setMaximumWidth(300)&lt;/code&gt; and &lt;code&gt;setMinimumWidth(300)&lt;/code&gt; for the list widgets, once they don't fit on the window, they start to shrink. &lt;/p&gt;&#xA;&#xA;&lt;p&gt;I would like to have a scroll bar instead. Is this possible?&lt;/p&gt;&#xA;</Body>
<Tags>c++,qt,user-interface,layout</Tags>
</question>
<answer>
<Body>&lt;p&gt;Yes, if you put the Layout inside a parent widget, and that parent widget inside a QScrollArea.&lt;/p&gt;&#xA;&#xA;&lt;p&gt;&lt;a href=&quot;http://qt-project.org/doc/qt-4.8/qscrollarea.html&quot; rel=&quot;nofollow&quot;&gt;QScrollArea Documentation&lt;/a&gt;&lt;/p&gt;&#xA;</Body>
</answer>
