<question>
<Title>cout a boost::range of elements</Title>
<Body>&lt;p&gt;Does Boost Ranges have a built-in way to cout the elements easily, for example separated by comma or space?&lt;/p&gt;&#xA;&#xA;&lt;p&gt;I am of course aware that I could loop over them and print them separately, but it seems to me that this should be built in somehow (like printing a vector in scripting languages).&lt;/p&gt;&#xA;&#xA;&lt;p&gt;In an example program I saw, the author copied the range to cout:&lt;/p&gt;&#xA;&#xA;&lt;blockquote&gt;&#xA;  &lt;p&gt;boost::copy(range, ostream_iterator(cout, &quot; &quot;))&lt;/p&gt;&#xA;&lt;/blockquote&gt;&#xA;&#xA;&lt;p&gt;Looks ugly to me. Is this idiomatic?&lt;/p&gt;&#xA;&#xA;&lt;p&gt;EDIT: A solution for std iterators would also be acceptable.&lt;/p&gt;&#xA;&#xA;&lt;p&gt;EDIT2:&#xA;What I want to do is this:&lt;/p&gt;&#xA;&#xA;&lt;pre&gt;&lt;code&gt;cout &amp;lt;&amp;lt; range;&#xA;&lt;/code&gt;&lt;/pre&gt;&#xA;&#xA;&lt;p&gt;But I don't think that works.&#xA;So what I am hoping for is something like this (Python inspired):&lt;/p&gt;&#xA;&#xA;&lt;pre&gt;&lt;code&gt;cout &amp;lt;&amp;lt; range.join(&quot;, &quot;);&#xA;&lt;/code&gt;&lt;/pre&gt;&#xA;&#xA;&lt;p&gt;or perhaps with a range adaptor.&lt;/p&gt;&#xA;&#xA;&lt;pre&gt;&lt;code&gt;cout &amp;lt;&amp;lt; (range | stringify(&quot;, &quot;));&#xA;&lt;/code&gt;&lt;/pre&gt;&#xA;</Body>
<Tags>c++,boost,boost-range</Tags>
</question>
<answer>
<Body>&lt;p&gt;I don't believe it's ever been really finished/polished, but that's the intent of &lt;a href=&quot;http://svn.boost.org/svn/boost/sandbox/explore/boost/&quot; rel=&quot;nofollow noreferrer&quot;&gt;Boost.Explore&lt;/a&gt;. &lt;/p&gt;&#xA;&#xA;&lt;p&gt;Personally, I've just gotten used to using &lt;code&gt;std::copy&lt;/code&gt;. For this sort of thing, an &lt;a href=&quot;https://stackoverflow.com/questions/3496982/printing-lists-with-commas-c/3497021#3497021&quot;&gt;&lt;code&gt;infix_ostream_iterator&lt;/code&gt;&lt;/a&gt; can be quite helpful at times. For example, something like this:&lt;/p&gt;&#xA;&#xA;&lt;pre&gt;&lt;code&gt;#include &amp;lt;vector&amp;gt;&#xA;#include &amp;lt;iostream&amp;gt;&#xA;#include &amp;lt;algorithm&amp;gt;&#xA;#include &amp;lt;iterator&amp;gt;&#xA;#include &quot;infix_iterator.h&quot;&#xA;&#xA;template &amp;lt;typename T&amp;gt;&#xA;std::ostream&amp;amp; operator&amp;lt;&amp;lt;(std::ostream &amp;amp;o, const std::vector&amp;lt;T&amp;gt;&amp;amp; v) { &#xA;    o &amp;lt;&amp;lt; &quot;[&quot;;&#xA;    std::copy(v.begin(), v.end(), infix_ostream_iterator&amp;lt;T&amp;gt;(o, &quot;, &quot;)); &#xA;    o &amp;lt;&amp;lt; &quot;]&quot;;&#xA;    return o; &#xA;}&#xA;&#xA;int main() { &#xA;&#xA;    std::vector&amp;lt;int&amp;gt; x;&#xA;&#xA;    for (int i=0; i&amp;lt;20; i+=2)&#xA;        x.push_back(i);&#xA;&#xA;    std::cout &amp;lt;&amp;lt; x &amp;lt;&amp;lt; &quot;\n&quot;;&#xA;    return 0;&#xA;}&#xA;&lt;/code&gt;&lt;/pre&gt;&#xA;&#xA;&lt;p&gt;As it stands, this has &lt;code&gt;operator&amp;lt;&amp;lt;&lt;/code&gt; taking a vector, but it would be relatively trivial to have it take a range instead.&lt;/p&gt;&#xA;</Body>
</answer>
<answer>
<Body>&lt;p&gt;You might want to define a general function to output a forward iterable range. Here is join() function I used:&lt;/p&gt;&#xA;&#xA;&lt;pre&gt;&lt;code&gt;template&amp;lt;typename ForwardIter&amp;gt;&#xA;std::string join(const ForwardIter&amp;amp; it1, const ForwardIter&amp;amp; it2, const std::string&amp;amp; separator=&quot; &quot;) {&#xA;    if(it1 != it2) {&#xA;        std::ostringstream s;&#xA;        s &amp;lt;&amp;lt; *it1;&#xA;        for(ForwardIter i=it1+1; i!=it2; i++)  s &amp;lt;&amp;lt; separator &amp;lt;&amp;lt; *i;&#xA;        return s.str();&#xA;    }&#xA;    else return &quot;&quot;;&#xA;}&#xA;&#xA;template&amp;lt;typename Range&amp;gt;&#xA;std::string join(const Range&amp;amp; r, const std::string&amp;amp; separator=&quot; &quot;) { return join(r.begin(), r.end(), separator); }&#xA;&lt;/code&gt;&lt;/pre&gt;&#xA;&#xA;&lt;p&gt;This function return a string and it should take any forward iterable range, such as list, vector, set, etc, in which the dereference of each element can be output individually by an ostream. With this function, you can use it like:&lt;/p&gt;&#xA;&#xA;&lt;pre&gt;&lt;code&gt;list&amp;lt;int&amp;gt; a = {1,2,3,4};&#xA;set&amp;lt;int&amp;gt; b = {4,3,2,1};&#xA;vector&amp;lt;int&amp;gt; c = {1,2,3,4};&#xA;&#xA;&#xA;cout &amp;lt;&amp;lt; join(a) &amp;lt;&amp;lt; endl;&#xA;cout &amp;lt;&amp;lt; join(b, &quot;,&quot;) &amp;lt;&amp;lt; endl;&#xA;cout &amp;lt;&amp;lt; join(c.begin(), c.begin()+2, &quot;~&quot;) &amp;lt;&amp;lt; endl;&#xA;&lt;/code&gt;&lt;/pre&gt;&#xA;&#xA;&lt;p&gt;I remember that the join() name might collide with some namespace, so you might want to change the name to similar name such as joining or joint. Also, you might want to use boost::begin(r) instead of r.begin() for better compatibility, if you ever use boost.&lt;/p&gt;&#xA;</Body>
</answer>
