<question>
<Title>How to access the info known by matplotlib.backends.backend_qt4agg.NavigationToolbar2QTAgg</Title>
<Body>&lt;p&gt;I have a PyQt4 application with embedded matplotlib figures in it.&lt;img src=&quot;https://i.stack.imgur.com/It7mx.jpg&quot; alt=&quot;enter image description here&quot;&gt;&lt;/p&gt;&#xA;&#xA;&lt;p&gt;As you see I have added the navigation toolbar as a widget.  I would like to be able to update the plot on the right based on the data displayed on the plot on the left.  It seems the easiest way would be to hijack the info contained in whatever does the &quot;zooming&quot;.  Or at least know when a zoom has occurred so I can recalculate and redraw on the right.  Anyone have a good approach to this (re-implementing from the pick_event level would be a last resort)?&lt;/p&gt;&#xA;</Body>
<Tags>python,qt4,matplotlib</Tags>
</question>
<answer>
<Body>&lt;p&gt;The best way I came up with is creating a custom navigation toolbar with NavigationToolbar as the parent.  Then I just added a signal to the custom version and overrode the draw method.  In this way I could call the original draw method and emit my signal with whatever info I needed from the NavigationToolbar data structure.&lt;/p&gt;&#xA;&#xA;&lt;pre&gt;&lt;code&gt;class NavigationToolbarCustom(NavigationToolbar):&#xA;zoom_changed = pyqtSignal(float, float, name='zoomChanged')&#xA;def __init__(self, canvas, parent):&#xA;    NavigationToolbar.__init__(self, canvas, parent)&#xA;    #super(NavigationToolbarCustom, self).__init__(self, canvas, parent)&#xA;def draw(self):&#xA;    super(NavigationToolbarCustom,self).draw()&#xA;    if self._xypress == None:&#xA;         home_view = self._views.home()&#xA;         Xmin,Xmax = home_view[0][0:2]&#xA;    else:&#xA;        lastx, lasty, a, ind, lim, trans = self._xypress[0]&#xA;        Xmin,Xmax=a.get_xlim()&#xA;    self.zoom_changed.emit(Xmin,Xmax)&#xA;&lt;/code&gt;&lt;/pre&gt;&#xA;</Body>
</answer>
