<question>
<Title>Using Base class Static const variable for constructing Base Class, Can I do it?</Title>
<Body>&lt;p&gt;I have a base and derived class. The base class constructors have some static const variables. Is it okay to use it in derived class constructor to construct base class variable??&lt;/p&gt;&#xA;&#xA;&lt;p&gt;an example code will be&lt;/p&gt;&#xA;&#xA;&lt;pre&gt;&lt;code&gt;  //Base.hpp    &#xA;  class Base {&#xA;   public:&#xA;        Base(int value_, long sizee_);&#xA;   private:&#xA;        int value;&#xA;        int sizee;&#xA;   protected:&#xA;        static const int ONE = 1;&#xA;        static const int TWO = 2;&#xA;        static const long INT_SIZE = (long)sizeof(int);&#xA;        static const long LONG_SIZE = (long)sizeof(long);&#xA;  };&#xA;&#xA;  //Base.cpp&#xA;  Base::Base(int value_,int sizee_):value(value_),sizee(sizee_) {&#xA;  }&#xA;&#xA;  //Derived.hpp&#xA;  class Derived: class Base {&#xA;    public:&#xA;          Derived();&#xA;  };&#xA;&#xA;  //Derived.cpp&#xA;  Derived::Derived():Base(ONE+TWO,INT_SIZE+LONG_SIZE) {&#xA;  }&#xA;&lt;/code&gt;&lt;/pre&gt;&#xA;&#xA;&lt;p&gt;Here ONE,TWO,INT_SIZE,LONG_SIZE are base class static variables, I will using it to construct the base class itself. Is this approach fine? Please advice.&lt;/p&gt;&#xA;</Body>
<Tags>c++,inheritance,static,constructor,const</Tags>
</question>
<answer>
<Body>&lt;p&gt;Yes, it's fine. By the time you create a &lt;code&gt;Dervide&lt;/code&gt; object, all &lt;code&gt;static&lt;/code&gt; members are initialized. That is, unless you have &lt;code&gt;static&lt;/code&gt; &lt;code&gt;Derived&lt;/code&gt; objects.&lt;/p&gt;&#xA;</Body>
</answer>
