<question>
<Title>Send Sms through Python</Title>
<Body>&lt;p&gt;I'm using the following code to connect to a phone to send an SMS message:&lt;/p&gt;&#xA;&#xA;&lt;pre&gt;&lt;code&gt;import serial&#xA;import time&#xA;&#xA;phone = serial.Serial()&#xA;phone.baudrate = 38400&#xA;phone.bytesize = 8&#xA;phone.stopbits = 1&#xA;phone.xonxoff = 0&#xA;phone.rtscts = 0&#xA;phone.timeout = 0&#xA;phone.port = 3  #try different ports here, if this doesn't work.&#xA;phone.parity=serial.PARITY_NONE&#xA;phone.open()&#xA;print phone.portstr&#xA;&#xA;&#xA;recipient = &quot;+929409778&quot;&#xA;message = &quot;We did it!&quot;&#xA;print (&quot;I did come after it&quot;)&#xA;try:&#xA;    time.sleep(0.5)&#xA;    phone.write(b'ATZ\r')&#xA;    time.sleep(0.5)&#xA;&#xA;&#xA;&#xA;&#xA;    phone.write(b'AT+CMGF=1\r')&#xA;    time.sleep(0.5)&#xA;    phone.write(b'AT+CMGS=&quot;' + recipient.encode() + b'&quot;\r')&#xA;    time.sleep(0.5)&#xA;    phone.write(message.encode() + b&quot;\r&quot;)&#xA;&#xA;    print (message)&#xA;    time.sleep(0.5)&#xA;    phone.write(bytes([26]))&#xA;&#xA;    time.sleep(0.5)&#xA;    phone.readall()&#xA;&#xA;&#xA;finally:&#xA;    phone.close()&#xA;&lt;/code&gt;&lt;/pre&gt;&#xA;&#xA;&lt;p&gt;I am able to connect the phone, but I am not able to send the message. It's not giving me an error, so I'm not sure where to start debugging.&lt;/p&gt;&#xA;&#xA;&lt;p&gt;Is there something wrong with my code that I'm not seeing?&lt;/p&gt;&#xA;</Body>
<Tags>python,www-authenticate</Tags>
</question>
<answer>
<Body>&lt;p&gt;Try flushing the phone stream with phone.flush() and see if that sends it through.&lt;/p&gt;&#xA;</Body>
</answer>
