<question>
<Title>Pip/easy_install ignoring ARCHFLAGS in SciPy installation?</Title>
<Body>&lt;p&gt;I'm trying to compile SciPy for both 32-bit and 64-bit architectures, since some of the applications that use the library are only one arch or the other, following advice from a &lt;a href=&quot;https://stackoverflow.com/questions/5427157/cannot-install-psycopg2-on-osx-10-6-7-with-xcode4&quot;&gt;few&lt;/a&gt; &lt;a href=&quot;https://stackoverflow.com/q/5366882/218118&quot;&gt;SO&lt;/a&gt; &lt;a href=&quot;https://stackoverflow.com/questions/6988528/why-is-gcc-ignoring-archflags-in-snow-leopard&quot;&gt;questions&lt;/a&gt;. This command has worked for me in a  similar build about two months ago, but now it seems that some of the compiled shared libraries are only targeting x86_64:&lt;/p&gt;&#xA;&#xA;&lt;p&gt;&lt;code&gt;sudo ARCHFLAGS=&quot;-arch i386 -arch x86_64&quot; pip install scipy&lt;/code&gt;&lt;/p&gt;&#xA;&#xA;&lt;p&gt;I've tried several versions of this command, including setting the environment variables before &lt;code&gt;sudo&lt;/code&gt;, including &lt;code&gt;-m32 -m64&lt;/code&gt; in FFlags, using the OSX Command Line Tools, a full Xcode install, using clang instead of the LLVM that comes with OSX following the &lt;a href=&quot;http://www.scipy.org/Installing_SciPy/Mac_OS_X#head-9ec15aabd402675e5139a8c9c727e6a23513d56a&quot; rel=&quot;nofollow noreferrer&quot;&gt;official SciPy install instructions&lt;/a&gt;, easy_install instead of pip and even ./configure'ing separately, etc., but I can't seem to get it to work. Oddly, some of the .so's are building with both architectures, but some are not:&lt;/p&gt;&#xA;&#xA;&lt;pre&gt;&lt;code&gt;dhcp-10-249-71-202:~ kastman$ file /Library/Python/2.7/site-packages/scipy/optimize/*.so&#xA;/Library/Python/2.7/site-packages/scipy/optimize/_cobyla.so:   Mach-O 64-bit bundle x86_64&#xA;/Library/Python/2.7/site-packages/scipy/optimize/_lbfgsb.so:   Mach-O 64-bit bundle x86_64&#xA;/Library/Python/2.7/site-packages/scipy/optimize/_minpack.so:  Mach-O 64-bit bundle x86_64&#xA;/Library/Python/2.7/site-packages/scipy/optimize/_nnls.so:     Mach-O 64-bit bundle x86_64&#xA;/Library/Python/2.7/site-packages/scipy/optimize/_slsqp.so:    Mach-O 64-bit bundle x86_64&#xA;/Library/Python/2.7/site-packages/scipy/optimize/_zeros.so:    Mach-O universal binary with 2 architectures&#xA;/Library/Python/2.7/site-packages/scipy/optimize/_zeros.so (for architecture i386): Mach-O bundle i386&#xA;/Library/Python/2.7/site-packages/scipy/optimize/_zeros.so (for architecture x86_64):   Mach-O 64-bit bundle x86_64&#xA;/Library/Python/2.7/site-packages/scipy/optimize/minpack2.so:  Mach-O 64-bit bundle x86_64&#xA;/Library/Python/2.7/site-packages/scipy/optimize/moduleTNC.so: Mach-O universal binary with 2 architectures&#xA;/Library/Python/2.7/site-packages/scipy/optimize/moduleTNC.so (for architecture i386):  Mach-O bundle i386&#xA;/Library/Python/2.7/site-packages/scipy/optimize/moduleTNC.so (for architecture x86_64):    Mach-O 64-bit bundle x86_64&#xA;&lt;/code&gt;&lt;/pre&gt;&#xA;&#xA;&lt;p&gt;Looking at the make log, it looks like the args are being passed successfully for both the libraries that seem to work and those that don't:&lt;/p&gt;&#xA;&#xA;&lt;pre&gt;&lt;code&gt;# Minpack doesn't build fat binaries&#xA;/usr/local/bin/gfortran -Wall -Wall -undefined dynamic_lookup -bundle build/temp.macosx-10.7-intel-2.7/build/src.macosx-10.7-intel-2.7/scipy/optimize/minpack2/minpack2module.o build/temp.macosx-10.7-intel-2.7/build/src.macosx-10.7-intel-2.7/fortranobject.o build/temp.macosx-10.7-intel-2.7/scipy/optimize/minpack2/dcsrch.o build/temp.macosx-10.7-intel-2.7/scipy/optimize/minpack2/dcstep.o -L/usr/local/gfortran/lib/gcc/x86_64-apple-darwin11/4.6.2 -Lbuild/temp.macosx-10.7-intel-2.7 -lgfortran -o build/lib.macosx-10.7-intel-2.7/scipy/optimize/minpack2.so&#xA;building 'scipy.optimize._slsqp' extension&#xA;compiling C sources&#xA;C compiler: clang -fno-strict-aliasing -fno-common -dynamic -g -Os -pipe -fno-common -fno-strict-aliasing -fwrapv -mno-fused-madd -DENABLE_DTRACE -DMACOSX -DNDEBUG -Wall -Wstrict-prototypes -Wshorten-64-to-32 -DNDEBUG -g -fwrapv -Os -Wall -Wstrict-prototypes -DENABLE_DTRACE -arch i386 -arch x86_64 -pipe&#xA;&#xA;#... but moduleTNC does.&#xA;llvm-gcc-4.2 -Wl,-F. -bundle -undefined dynamic_lookup -Wl,-F. -arch i386 -arch x86_64 build/temp.macosx-10.7-intel-2.7/scipy/optimize/tnc/moduleTNC.o build/temp.macosx-10.7-intel-2.7/scipy/optimize/tnc/tnc.o -Lbuild/temp.macosx-10.7-intel-2.7 -o build/lib.macosx-10.7-intel-2.7/scipy/optimize/moduleTNC.so&#xA;building 'scipy.optimize._cobyla' extension&#xA;compiling C sources&#xA;C compiler: clang -fno-strict-aliasing -fno-common -dynamic -g -Os -pipe -fno-common -fno-strict-aliasing -fwrapv -mno-fused-madd -DENABLE_DTRACE -DMACOSX -DNDEBUG -Wall -Wstrict-prototypes -Wshorten-64-to-32 -DNDEBUG -g -fwrapv -Os -Wall -Wstrict-prototypes -DENABLE_DTRACE -arch i386 -arch x86_64 -pipe&#xA;&lt;/code&gt;&lt;/pre&gt;&#xA;&#xA;&lt;p&gt;Is it possible that the difference is the gfortran compiler I'm using? I used &lt;code&gt;brew install gfortran&lt;/code&gt; which is supposed to be good according to the SciPy documentation. I would think the important line would be the &lt;strong&gt;C compiler: clang&lt;/strong&gt; line, which appears to be nearly identical, including both -arch's.&lt;/p&gt;&#xA;&#xA;&lt;p&gt;The last most detailed build I've tried was:&lt;/p&gt;&#xA;&#xA;&lt;p&gt;&lt;code&gt;sudo env ARCHFLAGS=&quot;-arch i386 -arch x86_64&quot; ARCH=&quot;i386 x86_64&quot; CC=&quot;clang&quot; CXX=&quot;clang&quot; FFLAGS=&quot;-ff2c -m32 -m64&quot; pip install scipy&lt;/code&gt;&lt;/p&gt;&#xA;&#xA;&lt;p&gt;Does anyone have suggestions about how to further diagnose this?&lt;/p&gt;&#xA;&#xA;&lt;p&gt;(OSX 10.7, recent MacBookPro, compiling with gcc from the CLI tools and from Xcode)&lt;/p&gt;&#xA;</Body>
<Tags>python,gcc,architecture,scipy,pip</Tags>
</question>
<answer>
<Body>&lt;p&gt;Pulling from source and building appears to correctly create fat binaries. I'm not sure if this is a bug that's already been fixed (I didn't see anything on the scipy dev list) or if it has to do with pip/easy_install, but here's what I did to get it to work:&lt;/p&gt;&#xA;&#xA;&lt;pre&gt;&lt;code&gt;git clone https://github.com/scipy/scipy.git; cd scipy&#xA;export ARCHFLAGS='-arch i386 -arch x86_64'&#xA;python setup.py config&#xA;python setup.py build&#xA;sudo python setup.py install&#xA;&lt;/code&gt;&lt;/pre&gt;&#xA;&#xA;&lt;p&gt;No special CC environment variables, gfortran was from &lt;code&gt;brew install gfortran&lt;/code&gt;, and surprisingly it looks like gcc was llvm-gcc.&lt;/p&gt;&#xA;</Body>
</answer>
