<question>
<Title>Strange typedef definition C++</Title>
<Body>&lt;blockquote&gt;&#xA;  &lt;p&gt;&lt;strong&gt;Possible Duplicate:&lt;/strong&gt;&lt;br&gt;&#xA;  &lt;a href=&quot;https://stackoverflow.com/questions/4295432/typedef-function-pointer&quot;&gt;Typedef function pointer?&lt;/a&gt;  &lt;/p&gt;&#xA;&lt;/blockquote&gt;&#xA;&#xA;&#xA;&#xA;&lt;pre&gt;&lt;code&gt;TE0300_Open = (_TE0300_Open)GetProcAddress(hInstLibrary, &quot;TE0300_Open&quot;);&#xA;typedef int (WINAPI *_TE0300_Open)(unsigned int* PHandle, int CardNo);&#xA;&lt;/code&gt;&lt;/pre&gt;&#xA;&#xA;&lt;p&gt;Can someone explain me what this piece of code does? I know that &lt;code&gt;typedef&lt;/code&gt; is used to assign alternative names to existing types but I don't understand this case at all.&lt;/p&gt;&#xA;</Body>
<Tags>c++,c</Tags>
</question>
<answer>
<Body>&lt;p&gt;It's declaring a typedef, &lt;code&gt;_TE0300_Open&lt;/code&gt;, for a function-pointer.&lt;/p&gt;&#xA;</Body>
</answer>
<answer>
<Body>&lt;p&gt;&lt;code&gt;typedef int (WINAPI *_TE0300_Open)(unsigned int* PHandle, int CardNo);&lt;/code&gt;&lt;/p&gt;&#xA;&#xA;&lt;p&gt;This line typedefs a function pointer to a &lt;code&gt;WINAPI&lt;/code&gt; calling convention function returning an &lt;code&gt;int&lt;/code&gt;, and taking an &lt;code&gt;unsigned int *&lt;/code&gt; and an &lt;code&gt;int&lt;/code&gt;. The function pointer type is given the alias &lt;code&gt;_TE0300_Open&lt;/code&gt;.&lt;/p&gt;&#xA;&#xA;&lt;p&gt;Consider the following example:&lt;/p&gt;&#xA;&#xA;&lt;pre&gt;&lt;code&gt;typedef void (*func)();&#xA;&#xA;void foo (func f) //notice we have a nice type name here&#xA;{&#xA;    cout &amp;lt;&amp;lt; &quot;Calling function...&quot;;&#xA;    f();&#xA;}&#xA;&#xA;void bar(){}&#xA;&#xA;int main()&#xA;{&#xA;    foo (bar);&#xA;}&#xA;&lt;/code&gt;&lt;/pre&gt;&#xA;&#xA;&lt;p&gt;I believe C++11 added support for less icky syntax when using function pointers as well:&lt;/p&gt;&#xA;&#xA;&lt;pre&gt;&lt;code&gt;using func = void (*)();  &#xA;&lt;/code&gt;&lt;/pre&gt;&#xA;&#xA;&lt;p&gt;As for your &lt;code&gt;GetProcAddress&lt;/code&gt; call, this loads a function from a library. You assign it to a function pointer, and you can use that function pointer as you would the original function. &lt;/p&gt;&#xA;&#xA;&lt;p&gt;In your example, you can now call &lt;code&gt;TE0300_Open&lt;/code&gt; as you would normally call &lt;code&gt;_TE0300_Open&lt;/code&gt;. It should also be noted that &lt;code&gt;_TE0300_Open&lt;/code&gt; is a name that is reserved for the implementation.&lt;/p&gt;&#xA;</Body>
</answer>
