<question>
<Title>Is it valid to define a pure virtual signal in C++/Qt?</Title>
<Body>&lt;p&gt;I am making an abstract-base-class and was thinking I &lt;em&gt;might&lt;/em&gt;  want a pure virtual signal. But when I compiled I get a warning for the pure virtual signals I have defined:&lt;/p&gt;&#xA;&#xA;&lt;pre&gt;&lt;code&gt;../FILE1.h:27: Warning: Signals cannot be declared virtual&#xA;../FILE1.h:28: Warning: Signals cannot be declared virtual&#xA;&lt;/code&gt;&lt;/pre&gt;&#xA;&#xA;&lt;p&gt;&lt;strong&gt;Is it valid to define a pure virtual signal in C++/Qt? Is it valid to define a virtual signal?&lt;/strong&gt;&lt;/p&gt;&#xA;&#xA;&lt;p&gt;&lt;a href=&quot;http://qt-project.org/doc/qt-4.8/signalsandslots.html&quot; rel=&quot;noreferrer&quot;&gt;Qt's signal and slot documentation page&lt;/a&gt; says you can define virtual slots but doesn't talk about signals. I can't seem to find good information on pure virtual signals.&lt;/p&gt;&#xA;</Body>
<Tags>c++,qt,abstract-class,signals-slots</Tags>
</question>
<answer>
<Body>&lt;p&gt;I think there's simply no point in having (pure) virtual signals. the &lt;code&gt;signals&lt;/code&gt; macro provided to Qt simply expands to &lt;code&gt;protected&lt;/code&gt;, so all the signals you're declaring are actually declarations of protected methods. The code generated by &lt;code&gt;moc&lt;/code&gt; will provide the implementations of those functions.&lt;/p&gt;&#xA;</Body>
</answer>
<answer>
<Body>&lt;ul&gt;&#xA;&lt;li&gt;Signals don't ever have an implementation[1] (i.e. you define the signal in your .h file and then there is no implementation in the .cpp). &lt;/li&gt;&#xA;&lt;li&gt;The main purpose of declaring a function pure virtual is to force the inheriting class to provide an implementation.&lt;/li&gt;&#xA;&lt;/ul&gt;&#xA;&#xA;&lt;p&gt;Given the above two statements here's my thinking:&lt;/p&gt;&#xA;&#xA;&lt;p&gt;Signals don't have an implementation but declaring it pure virtual will require the inheriting class to provide an implementation... which directly conflict with &quot;signals don't have an implementation&quot;. It's like asking someone to be in two places at once it's just not possible.&lt;/p&gt;&#xA;&#xA;&lt;p&gt;&lt;strong&gt;So in conclusion it seems like declaring a &quot;pure virtual&quot; &quot;signal&quot; should be an error and thus not valid.&lt;/strong&gt;&lt;/p&gt;&#xA;&#xA;&lt;hr&gt;&#xA;&#xA;&lt;p&gt;In the case of an abstract base class here's what I think is correct:&lt;/p&gt;&#xA;&#xA;&lt;p&gt;When one declares the function only &quot;virtual&quot; it still gives the warning. To avoid any warnings I think the solution is to not qualify the signal with any &quot;virtual&quot; or &quot;pure virtual&quot; and then the inheriting class will not declare any signals but can still emit the signals defined in the base class.&lt;/p&gt;&#xA;&#xA;&lt;p&gt;[1] when I say that &quot;signals don't ever have an implementation&quot; I mean that the person implementing the class doesn't provide the implementation. I understand that behind the scene Qt's moc provides an implementation in the moc_FILE1.cpp .&lt;/p&gt;&#xA;</Body>
</answer>
<answer>
<Body>&lt;p&gt;there is a solution to create pure virtual function which will connect given slot to signal or vice versa. e.g.:&lt;/p&gt;&#xA;&#xA;&lt;pre&gt;&lt;code&gt;class IBaseInterface&#xA;{&#xA;  public:&#xA;    virtual bool connectToSignal1(QObject* pReceiver, const char* pszSlot, bool bConnect) const = 0;&#xA;};&#xA;&#xA;class CDerived : public QObject, public IBaseInterface&#xA;{&#xA;  Q_OBJECT&#xA;  public:&#xA;    virtual bool connectToSignal1(QObject* pReceiver, const char* pszSlot, bool bConnect) const;&#xA;  signals:&#xA;    void signal1(const QString&amp;amp; msg);&#xA;};&#xA;&#xA;bool CDerived::connectToSignal1(QObject* pReceiver, const char* pszSlot, bool bConnect) const&#xA;{&#xA; if(bConnect)&#xA;   return connect(this, SIGNAL(signal1(QString)), pReciever, pszSlot);&#xA; return disconnect(this, SIGNAL(signal1(QString)), pReciever, pszSlot);&#xA;}&#xA;&lt;/code&gt;&lt;/pre&gt;&#xA;&#xA;&lt;p&gt;further in clients code one may type:&lt;/p&gt;&#xA;&#xA;&lt;pre&gt;&lt;code&gt;class CSomeClass : public QObject&#xA;{&#xA;    Q_OBJECT&#xA;protected /*or public, or private*/ slots:&#xA;    void someSlot(const QString&amp;amp; msg);&#xA;};&#xA;void CSomeClass::somefunction()&#xA;{&#xA;    IBaseInterface* p = new CDerived;&#xA;    if (!p-&amp;gt;connectToSignal1(this, SLOT(someSlot(QString)), true))&#xA;    QMessageBox::warning(this, tr(&quot;Warning&quot;), tr(&quot;Cannot connect ....&quot;), QMessageBox::Ok);&#xA;}&#xA;&lt;/code&gt;&lt;/pre&gt;&#xA;</Body>
</answer>
<answer>
<Body>&lt;p&gt;The warning is reported by moc, not by the C++ compiler, and it is valid except in the specific case of abstract interfaces.&lt;/p&gt;&#xA;&#xA;&lt;p&gt;The only valid use for virtual signals is when declaring abstract interfaces that don't derive from &lt;code&gt;QObject&lt;/code&gt;, as &lt;a href=&quot;https://stackoverflow.com/a/18113601/1329652&quot;&gt;detailed in this excellent answer&lt;/a&gt;. There's nothing wrong with that approach. Moc tries to be helpful, since in most cases a virtual signal is a mistake.&lt;/p&gt;&#xA;&#xA;&lt;p&gt;Even then, the simple workaround for &lt;em&gt;not&lt;/em&gt; getting the warning is to skip the &lt;code&gt;signals:&lt;/code&gt; keyword in the interface. It is completely unnecessary, since the interface doesn't derive from &lt;code&gt;QObject&lt;/code&gt; and thus shouldn't be processed by moc at all:&lt;/p&gt;&#xA;&#xA;&lt;pre&gt;&lt;code&gt;// https://github.com/KubaO/stackoverflown/tree/master/questions/virtual-slot-10029130&#xA;#include &amp;lt;QtCore&amp;gt;&#xA;&#xA;class IDogInterface {&#xA;public:&#xA;   // no signals: section since it's not a QObject!&#xA;   virtual void barks() = 0; // a signal&#xA;};&#xA;&#xA;class ADog : public QObject, public IDogInterface {&#xA;   Q_OBJECT&#xA;public:&#xA;   Q_SIGNAL void barks() override; // implementation is generated by moc&#xA;};&#xA;&#xA;class Monitor : public QObject {&#xA;   Q_OBJECT&#xA;   int m_count{};&#xA;   Q_SLOT void onBark() { m_count++; }&#xA;public:&#xA;   int count() const { return m_count; }&#xA;   void monitorBarks(IDogInterface * dog) {&#xA;      QObject * dogObject = dynamic_cast&amp;lt;QObject*&amp;gt;(dog);&#xA;      if (dogObject) {&#xA;         connect(dogObject, SIGNAL(barks()), SLOT(onBark()));&#xA;      } else {&#xA;         qWarning() &amp;lt;&amp;lt; &quot;cannot monitor barking on dog instance&quot; &amp;lt;&amp;lt; (void*)dog;&#xA;      }&#xA;   }&#xA;};&#xA;&#xA;int main() {&#xA;   ADog dog;&#xA;   Monitor monitor;&#xA;   monitor.monitorBarks(&amp;amp;dog);&#xA;   emit dog.barks();&#xA;   Q_ASSERT(monitor.count() == 1);&#xA;}&#xA;#include &quot;main.moc&quot;&#xA;&lt;/code&gt;&lt;/pre&gt;&#xA;</Body>
</answer>
<answer>
<Body>&lt;p&gt;Two scenarios where a virtual signal makes sense:&lt;/p&gt;&#xA;&#xA;&lt;ol&gt;&#xA;&lt;li&gt;The derived class may want to selectively block the sending of a signal by skipping the base class implementation.&lt;/li&gt;&#xA;&lt;li&gt;The derived class may want to use it as an event mechanism and react to the signal before or after sending it to listeners.&lt;/li&gt;&#xA;&lt;/ol&gt;&#xA;&#xA;&lt;p&gt;Both scenarios can also be handled in other less-OOP ways. &lt;/p&gt;&#xA;</Body>
</answer>
