<question>
<Title>Number of visitors in Django</Title>
<Body>&lt;p&gt;In Django, how can I see the number of current visitors? Or how do I determine the number of active sessions?&lt;/p&gt;&#xA;&#xA;&lt;p&gt;Is this a good method?&lt;/p&gt;&#xA;&#xA;&lt;p&gt;use django.contrib.sessions.models.Session, set the expiry time short. Every time when somebody does something on the site, update expiry time. Then count the number of sessions that are not expired.&lt;/p&gt;&#xA;</Body>
<Tags>python,django</Tags>
</question>
<answer>
<Body>&lt;p&gt;You might want to look into something like &lt;a href=&quot;http://code.google.com/p/django-tracking/&quot; rel=&quot;nofollow noreferrer&quot;&gt;django-tracking&lt;/a&gt; for this.&lt;/p&gt;&#xA;&#xA;&lt;blockquote&gt;&#xA;  &lt;p&gt;django-tracking is a simple attempt at&#xA;  keeping track of visitors to&#xA;  Django-powered Web sites. It also&#xA;  offers basic blacklisting&#xA;  capabilities.&lt;/p&gt;&#xA;&lt;/blockquote&gt;&#xA;&#xA;&lt;p&gt;&lt;strong&gt;Edit&lt;/strong&gt;: As for your updated question... [Answer redacted after being corrected by muhuk]&lt;/p&gt;&#xA;&#xA;&lt;p&gt;Alternatively, I liked the response to this question: &lt;a href=&quot;https://stackoverflow.com/questions/978333/how-do-i-find-out-total-number-of-sessions-created-i-e-number-of-logged-in-users&quot;&gt;How do I find out total number of sessions created i.e. number of logged in users?&lt;/a&gt;&lt;/p&gt;&#xA;&#xA;&lt;p&gt;You might want to try that instead.&lt;/p&gt;&#xA;</Body>
</answer>
<answer>
<Body>&lt;p&gt;Edit: Added some more information about why I present this answer here.  I found chartbeat when I tried to answer this same question for my django based site.  I don't work for them.&lt;/p&gt;&#xA;&#xA;&lt;p&gt;Not specifically Django, but chartbeat.com is very interesting to add to a website as well.&lt;/p&gt;&#xA;&#xA;&lt;p&gt;django-tracking is great, +1 for that answer, etc.  &lt;/p&gt;&#xA;&#xA;&lt;p&gt;Couple of things I could not do with django-tracking, that chartbeat helped with; tracked interactions with completely cached pages which never hit the django tracking code and pages not delivered through django (e.g. wordpress, etc.)&lt;/p&gt;&#xA;</Body>
</answer>
<answer>
<Body>&lt;p&gt;There is also a little application django-visits to track visits &lt;a href=&quot;https://bitbucket.org/jespino/django-visits&quot; rel=&quot;nofollow&quot;&gt;https://bitbucket.org/jespino/django-visits&lt;/a&gt;&lt;/p&gt;&#xA;</Body>
</answer>
<answer>
<Body>&lt;p&gt;&lt;a href=&quot;https://github.com/bruth/django-tracking2&quot; rel=&quot;nofollow&quot;&gt;django-tracking2&lt;/a&gt;&#xA;can be helpful to track the visitors.&lt;/p&gt;&#xA;&#xA;&lt;p&gt;As specially this is easy to configure in the deployment like AWS, because it is not required any dependency and environment variables.&lt;/p&gt;&#xA;&#xA;&lt;p&gt;django-tracking2 tracks the length of time visitors and registered users spend on your site. Although this will work for websites, this is more applicable to web &lt;em&gt;applications&lt;/em&gt; with registered users. This does not replace (nor intend) to replace client-side analytics which is great for understanding aggregate flow of page views.&lt;/p&gt;&#xA;</Body>
</answer>
