<question>
<Title>Can inherited class change type of elements in base class</Title>
<Body>&lt;p&gt;Assume I have classes &lt;strong&gt;A1&lt;/strong&gt; and &lt;strong&gt;A2&lt;/strong&gt;&#xA;and a class &lt;strong&gt;B&lt;/strong&gt; that has elements of type A1/A2.&lt;/p&gt;&#xA;&#xA;&lt;p&gt;Now I have a class &lt;strong&gt;B'(B)&lt;/strong&gt; (it inherits from B).&#xA;Can this class &lt;strong&gt;use A1' and A2' instead of A1 and A2&lt;/strong&gt;,&#xA;can this new class somehow exchange the type of elements in the base class?&lt;/p&gt;&#xA;&#xA;&lt;p&gt;Normally I would say it's impossible, but since this is about python... :P&lt;/p&gt;&#xA;</Body>
<Tags>python,class</Tags>
</question>
<answer>
<Body>&lt;p&gt;You mean like this?&lt;/p&gt;&#xA;&#xA;&lt;pre&gt;&lt;code&gt;class A1(object):&#xA;    pass&#xA;&#xA;class A1Child(A1):&#xA;    pass&#xA;&#xA;class A2(object):&#xA;    pass&#xA;&#xA;class A2Child(A2):&#xA;    pass&#xA;&#xA;&#xA;class B(object):&#xA;&#xA;    a1_instance = None&#xA;    a2_instance = None&#xA;&#xA;    def __init__(self):&#xA;        self.a1_instance = A1()&#xA;        self.a2_instance = A2()&#xA;&#xA;class BChild(B):&#xA;&#xA;    def __init__(self):&#xA;        self.a1_instance = A1Child()&#xA;        self.a2_instance = A2Child()&#xA;&#xA;&#xA;b_instance = B()&#xA;&#xA;print b_instance.a1_instance&#xA;print b_instance.a2_instance&#xA;&#xA;&#xA;bchild_instance = BChild()&#xA;&#xA;print bchild_instance.a1_instance&#xA;print bchild_instance.a2_instance&#xA;&lt;/code&gt;&lt;/pre&gt;&#xA;</Body>
</answer>
