<question>
<Title>java lwuit port to C++</Title>
<Body>&lt;p&gt;I found a port for lwuit to c++ in  in the lwuit-incubator (https://svn.java.net/svn/lwuit-incubator~svn trunk/telmap. but I am not able to make it compile because of missing some header files like &quot;cmpl.h&quot; , &quot;TMArray.h&quot; , &quot;TMVector.h&quot; &quot;SmartPointer.h&quot; .&lt;/p&gt;&#xA;&#xA;&lt;p&gt;Is there any one tried to use the c++ implementation for lwuit before? &#xA;or is there any equivalent for lwuit in stranded c++ ?&lt;/p&gt;&#xA;</Body>
<Tags>c++,lwuit</Tags>
</question>
<answer>
<Body>&lt;p&gt;I suggest you use &lt;a href=&quot;http://www.codenameone.com&quot; rel=&quot;nofollow&quot;&gt;Codename One&lt;/a&gt; for that (disclaimer: we wrote Codename One).&lt;/p&gt;&#xA;&#xA;&lt;p&gt;No one outside Telmap used that port to my knowledge, that port is based on LWUIT 1.1+ which is VERY long in the tooth and the chances of getting something at that level accepted at the appstore or Windows market are near zero. &lt;/p&gt;&#xA;&#xA;&lt;p&gt;That port doesn't have garbage collection support and uses only reference counting, it was used by Telmap to target older Symbian devices where the JVM was very badly implemented. &lt;/p&gt;&#xA;</Body>
</answer>
