<question>
<Title>Template class specialization to handle its own type</Title>
<Body>&lt;p&gt;I've been playing around with templates to get a feel for them and i wanted to do a class  specialization on its own type. I searched the internet for a while but i found no mention of this.&lt;/p&gt;&#xA;&#xA;&lt;p&gt;For example if i have a &lt;code&gt;class Array&lt;/code&gt;:&lt;/p&gt;&#xA;&#xA;&lt;pre&gt;&lt;code&gt;template&amp;lt;class T&amp;gt;&#xA;class Array{&#xA; ...&#xA; void print();&#xA;}&#xA;&lt;/code&gt;&lt;/pre&gt;&#xA;&#xA;&lt;p&gt;Is it possible to specialize method &lt;code&gt;print()&lt;/code&gt; when &lt;code&gt;T=Array&amp;lt;unspecified type&amp;gt;&lt;/code&gt;?&lt;/p&gt;&#xA;&#xA;&lt;pre&gt;&lt;code&gt;template&amp;lt;class T&amp;gt;&#xA;void Array&amp;lt;Array&amp;lt;T&amp;gt;&amp;gt;::print(){&#xA;    //do something diffrent for array of array&#xA;    //this code wont work&#xA;}&#xA;&lt;/code&gt;&lt;/pre&gt;&#xA;&#xA;&lt;p&gt;I managed to do this&lt;/p&gt;&#xA;&#xA;&lt;pre&gt;&lt;code&gt;template&amp;lt;&amp;gt;&#xA;void Array&amp;lt;Array&amp;lt;int&amp;gt;&amp;gt;::print(){&#xA;    //print in matrix format&#xA;    //this code works&#xA;}&#xA;&lt;/code&gt;&lt;/pre&gt;&#xA;&#xA;&lt;p&gt;I don't see this feature being extremely useful, but i was nonetheless curious  &lt;/p&gt;&#xA;</Body>
<Tags>c++,template-specialization</Tags>
</question>
<answer>
<Body>&lt;p&gt;AFAIK you can perform a specialization only for the whole class. Once I needed something like that (actually, I just needed two &lt;code&gt;typedef&lt;/code&gt;s to be different), so I created an auxiliary class which contained only the members that had to be specialized, and made the principal class inherit from it.&lt;/p&gt;&#xA;</Body>
</answer>
<answer>
<Body>&lt;p&gt;There is a feature called partial specialization where you could apply something like this. However, I don't believe that you can partially specialize member functions without partially specializing the whole class.&lt;/p&gt;&#xA;</Body>
</answer>
