<question>
<Title>Interactive Brokers automated trading</Title>
<Body>&lt;p&gt;I've tried to setup Interactive Broker's C++ API in Visual Studio 2008, but I know very limited C++ and I keep getiing errors. :&amp;lt;&lt;/p&gt;&#xA;&#xA;&lt;p&gt;1) Is there any way to use some kind of light scripting language to connect to Interactive Brokers and make trade. F.E.&lt;/p&gt;&#xA;&#xA;&lt;pre&gt;&lt;code&gt;login.('username','password')&#xA;&amp;gt;&amp;gt;&amp;gt;'Connected'&#xA;makeTrade('GOOG','550')&#xA;&amp;gt;&amp;gt;&amp;gt;'Trade Completed'&#xA;&lt;/code&gt;&lt;/pre&gt;&#xA;&#xA;&lt;p&gt;Something light like Python would be just fine, and yes &lt;strong&gt;&lt;em&gt;I have looked into IBPY&lt;/em&gt;&lt;/strong&gt;, but I do not understand how the java2python system works.&lt;/p&gt;&#xA;&#xA;&lt;p&gt;2) How did you setup your automated system, or how would you set up your automated trading system with Interactive Brokers?&lt;/p&gt;&#xA;</Body>
<Tags>python,interactive-brokers</Tags>
</question>
<answer>
<Body>&lt;p&gt;The &quot;DDE for Excel&quot; API is by far the easiest of the API's to get up and running, and IB provides a sample program with instructions as to how to get it working.  Also, the provided Java sample program is well documented as to how to get it working.  &lt;/p&gt;&#xA;&#xA;&lt;p&gt;&lt;a href=&quot;http://institutions.interactivebrokers.com/php/apiUsersGuide/apiguide.htm&quot; rel=&quot;nofollow&quot;&gt;http://institutions.interactivebrokers.com/php/apiUsersGuide/apiguide.htm&lt;/a&gt;&lt;/p&gt;&#xA;&#xA;&lt;p&gt;They don't provide a Python API.&lt;/p&gt;&#xA;</Body>
</answer>
<answer>
<Body>&lt;p&gt;While there's no officially supported Python API, I've been using ibpy successfully for months now, and it's quite easy. No need to concern oneself with java2python etc. All I had to do was clone ibpy somewhere:&lt;/p&gt;&#xA;&#xA;&lt;pre&gt;&lt;code&gt;git clone https://github.com/blampe/IbPy&#xA;&lt;/code&gt;&lt;/pre&gt;&#xA;&#xA;&lt;p&gt;install from there:&lt;/p&gt;&#xA;&#xA;&lt;pre&gt;&lt;code&gt;cd IbPy&#xA;python setup.py install&#xA;&lt;/code&gt;&lt;/pre&gt;&#xA;&#xA;&lt;p&gt;And voila, it's done. I got this originally from &lt;a href=&quot;http://www.quantstart.com/articles/Using-Python-IBPy-and-the-Interactive-Brokers-API-to-Automate-Trades&quot; rel=&quot;nofollow noreferrer&quot;&gt;http://www.quantstart.com/articles/Using-Python-IBPy-and-the-Interactive-Brokers-API-to-Automate-Trades&lt;/a&gt;&lt;/p&gt;&#xA;&#xA;&lt;p&gt;Once you've got that installed, the interface in python is pretty much identical to the Java API interface: &lt;a href=&quot;http://www.interactivebrokers.com/download/newMark/PDFs/APIprintable.pdf&quot; rel=&quot;nofollow noreferrer&quot;&gt;IB API pdf&lt;/a&gt;&lt;/p&gt;&#xA;&#xA;&lt;p&gt;I found it useful to look at the TWS Test Client Java code included with the IB API.&lt;/p&gt;&#xA;&#xA;&lt;p&gt;&lt;strong&gt;Edit:&lt;/strong&gt; &#xA;IB has now had their own python API for a while, so not much more need for ibPy unless you're on python 2.&lt;/p&gt;&#xA;</Body>
</answer>
<answer>
<Body>&lt;p&gt;Or you can use R with IBrokers package.Example:&lt;/p&gt;&#xA;&#xA;&lt;pre&gt;&lt;code&gt;tws &amp;lt;- twsConnect()&#xA;id &amp;lt;- reqIds(tws)&#xA;placeOrder(tws, twsSTK(&quot;AAPL&quot;), twsOrder(id))&#xA;cancelOrder(id)&#xA;&lt;/code&gt;&lt;/pre&gt;&#xA;</Body>
</answer>
