<question>
<Title>build tuple using variadic templates</Title>
<Body>&lt;p&gt;So I have some code written before C++11 that parses a string based on template arguments. Instead of having one definition for each number of arguments I would like to use variadic templates, but I can't wrap my head around how to initialize a tuple correctly. See this simplified code of what I want, this is for the special case of 2 arguments:&lt;/p&gt;&#xA;&#xA;&lt;pre&gt;&lt;code&gt;template &amp;lt;typename Arg1, typename Arg2&amp;gt;&#xA;struct parser&#xA;{&#xA;  static tuple&amp;lt;Arg1, Arg2&amp;gt; parse(const string&amp;amp; str) &#xA;  {&#xA;    Arg1 arg1;&#xA;    Arg2 arg2;&#xA;    // do the parsing with for example stringstream&#xA;    return tuple&amp;lt;Arg1, Arg2&amp;gt;(arg1, arg2);             &#xA;  }&#xA;};&#xA;&lt;/code&gt;&lt;/pre&gt;&#xA;&#xA;&lt;p&gt;I'm having problem with putting the arguments in the tuple in the variadic case. I can construct the return value holder with: &lt;/p&gt;&#xA;&#xA;&lt;pre&gt;&lt;code&gt;tuple&amp;lt;Args...&amp;gt; retVal; &#xA;&lt;/code&gt;&lt;/pre&gt;&#xA;&#xA;&lt;p&gt;but I don't know if there is a way to iterate through the arguments and put them in a tuple. I've seen some recursive magic to get for example the &lt;code&gt;printf&lt;/code&gt; functions, but I don't know if it could apply to this case.&lt;/p&gt;&#xA;</Body>
<Tags>c++,templates,c++11</Tags>
</question>
<answer>
<Body>&lt;p&gt;You don't need a helper class. Do it with functions instead.&lt;/p&gt;&#xA;&#xA;&lt;pre&gt;&lt;code&gt;template &amp;lt;typename T&amp;gt; std::tuple&amp;lt;T&amp;gt; parse(std::istream&amp;amp; is) &#xA;{&#xA;  T t; is &amp;gt;&amp;gt; t;&#xA;  return std::tuple&amp;lt;T&amp;gt;(std::move(t));&#xA;}&#xA;&#xA;template &amp;lt;typename T, typename Arg, typename... Args&amp;gt;&#xA;std::tuple&amp;lt;T, Arg, Args...&amp;gt; parse(std::istream&amp;amp; is) &#xA;{&#xA;  T t; is &amp;gt;&amp;gt; t;&#xA;  return std::tuple_cat(std::tuple&amp;lt;T&amp;gt;(std::move(t)),&#xA;                        parse&amp;lt;Arg, Args...&amp;gt;(is));&#xA;}&#xA;&#xA;template &amp;lt;typename... Args&amp;gt;&#xA;std::tuple&amp;lt;Args...&amp;gt; parse(const std::string&amp;amp; str) &#xA;{&#xA;  std::istringstream is(str);&#xA;  return parse&amp;lt;Args...&amp;gt;(is);&#xA;}&#xA;&lt;/code&gt;&lt;/pre&gt;&#xA;&#xA;&lt;p&gt;&lt;strong&gt;EDIT&lt;/strong&gt;: Today, I got the idea how to do it in a very simple way with the use of the expansion:&lt;/p&gt;&#xA;&#xA;&lt;pre&gt;&lt;code&gt;template &amp;lt;typename T&amp;gt; T read(std::istream&amp;amp; is)&#xA;{&#xA;  T t; is &amp;gt;&amp;gt; t; return t;&#xA;}&#xA;&#xA;template &amp;lt;typename... Args&amp;gt;&#xA;std::tuple&amp;lt;Args...&amp;gt; parse(std::istream&amp;amp; is) &#xA;{&#xA;  return std::make_tuple(read&amp;lt;Args&amp;gt;(is)...);&#xA;}&#xA;&#xA;template &amp;lt;typename... Args&amp;gt;&#xA;std::tuple&amp;lt;Args...&amp;gt; parse(const std::string&amp;amp; str) &#xA;{&#xA;  std::istringstream is(str);&#xA;  return parse&amp;lt;Args...&amp;gt;(is);&#xA;}&#xA;&lt;/code&gt;&lt;/pre&gt;&#xA;</Body>
</answer>
