<question>
<Title>Set text in QTextBrowser with a QString that includes QProcess enums</Title>
<Body>&lt;p&gt;I want to write a QString that includes two QProcess enums into a QTextBrowser. Therefore I used in one of my methods:&lt;/p&gt;&#xA;&#xA;&lt;pre&gt;&lt;code&gt;QString Text = &quot;Error! Exit-Status: &quot; + Status + QString(&quot; Error-Code: &quot;) + Prozess.error() + &quot; File not created!&quot;&#xA;&#xA;Dialog.mytextBrowser -&amp;gt; setText(Text);&#xA;&lt;/code&gt;&lt;/pre&gt;&#xA;&#xA;&lt;p&gt;This also works, but the value of the QProcess::ExitStatus &quot;Status&quot; and the value of Prozess.error() are missing. What do I have to change to get the values into the QTextBrowser? greetings  &lt;/p&gt;&#xA;</Body>
<Tags>c++,qt,qprocess,qtextbrowser</Tags>
</question>
<answer>
<Body>&lt;p&gt;Ok, problem was solved by QString &lt;code&gt;Text = QString( &quot;Error! Exit-Status: %1 Error-Code: %2 File not created!&quot; ).arg( Status ).arg(Prozess.error());&lt;/code&gt; . Anyway, thx for the support.&lt;/p&gt;&#xA;</Body>
</answer>
