<question>
<Title>Any Python solution for having distributed processes interact with relational databases in the most decoupled way possible?</Title>
<Body>&lt;p&gt;Let's say I have Python process 1 on machine 1 and Python process 2 on machine 2. Both processes are the same and process data sent by a load balancer.&lt;/p&gt;&#xA;&#xA;&lt;p&gt;Both processes need to interact with a database - in my case Postgres so each process needs to know what database it should talk to, it needs to have the right models on each machine etc. It's just too tightly coupled.  &lt;/p&gt;&#xA;&#xA;&lt;p&gt;The ideal would be to have a separate process dealing with the database stuff like connections, keeping up with db model changes, requests to the databases etc. What my process 1 and process 2 should do is just say I have some JSON data that needs to be saved or updated on this table or I need this data in json format. &lt;/p&gt;&#xA;&#xA;&lt;p&gt;Maybe I'm asking the impossible but is there any Python solution that would at least make life a little easier when it comes to having distributed processes interacting with relational databases in the most decoupled way possible?&lt;/p&gt;&#xA;</Body>
<Tags>python,database,distributed-computing</Tags>
</question>
<answer>
<Body>&lt;p&gt;You could put an &lt;a href=&quot;http://docs.sqlalchemy.org/en/latest/intro.html&quot; rel=&quot;nofollow noreferrer&quot;&gt;SQLAlchemy&lt;/a&gt; behind a &lt;a href=&quot;http://en.wikipedia.org/wiki/Representational_state_transfer&quot; rel=&quot;nofollow noreferrer&quot;&gt;RESTful&lt;/a&gt; interface.&lt;/p&gt;&#xA;&#xA;&lt;p&gt;here's a simple RESTful server in Python &lt;a href=&quot;https://stackoverflow.com/questions/713847/recommendations-of-python-rest-web-services-framework&quot;&gt;Recommendations of Python REST (web services) framework?&lt;/a&gt;&lt;/p&gt;&#xA;</Body>
</answer>
<answer>
<Body>&lt;p&gt;If it's db connection information you're interested in, I recently wrote a service for this. Each process has token(s) set in configuration and uses those to query the service for db connection info. The data layer uses that info to create connections, no DSN's are stored. On the server side, you just maintain a dictionary of token-&gt;DSN mappings.&lt;/p&gt;&#xA;&#xA;&lt;p&gt;You could do connection pooling with bpgergo's suggestion, but you should still include an authentication or identification method. That way, if there's a network intrusion, malicious clients &lt;em&gt;may&lt;/em&gt; not be able to impersonate one of the clients.&lt;/p&gt;&#xA;&#xA;&lt;p&gt;The service implementation is broken into a few parts:&lt;/p&gt;&#xA;&#xA;&lt;ul&gt;&#xA;&lt;li&gt;A RESTful service that supports calls of the form &lt;code&gt;http://192.168.1.100/getConnection?token=mytokenstring&lt;/code&gt;&lt;/li&gt;&#xA;&lt;li&gt;A key-value storage system that stores a mapping like &lt;code&gt;{'mytokenstring': {'dbname': 'db', 'ip': '192.168.1.101', 'user': 'dbuser', 'password': 'password', ..}&lt;/code&gt;&#xA;&lt;ul&gt;&#xA;&lt;li&gt;This system shouldn't be on the front end network, but if your web tier is compromised, this approach doesn't buy you any protection for the db.&lt;/li&gt;&#xA;&lt;/ul&gt;&lt;/li&gt;&#xA;&lt;li&gt;A db object that on instantiation, retrieves a dsn using an appropriate token and creates a new db connection.&#xA;&lt;ul&gt;&#xA;&lt;li&gt;You should re-use this connection object for the rest of the page response if you can. The response time from the service will be fast, but there's a lot more overhead required for db connections.&lt;/li&gt;&#xA;&lt;/ul&gt;&lt;/li&gt;&#xA;&lt;/ul&gt;&#xA;&#xA;&lt;p&gt;Once implemented, some care is required for handing schema incompatibilities when switching the dsn info behind a token. You may be able to resolve this by pinning a token to a user session, etc.&lt;/p&gt;&#xA;</Body>
</answer>
