<question>
<Title>Explicitly initializing vector of pointers results in conversion error?</Title>
<Body>&lt;p&gt;Consider this:&lt;/p&gt;&#xA;&#xA;&lt;pre&gt;&lt;code&gt;std::vector&amp;lt;int*&amp;gt; v(1, 0);&#xA;&lt;/code&gt;&lt;/pre&gt;&#xA;&#xA;&lt;p&gt;This compiles fine with VC++10 (no warnings even at max warning level).  However, it doesn't compile with llvm on mac or gcc on linux, giving an error like &quot;assigning to int* from incompatible type const int.&quot;  I'm not looking for solutions -- I know the second parameter is unnecessary or that a static_cast fixes the error.&lt;/p&gt;&#xA;&#xA;&lt;p&gt;I thought zero was implicitly convertible to any pointer type.  What gives?  I can do the following:&lt;/p&gt;&#xA;&#xA;&lt;pre&gt;&lt;code&gt;int* i = 0;&#xA;int* const&amp;amp; ii = 0;&#xA;const int t = 0;&#xA;i = t;&#xA;&lt;/code&gt;&lt;/pre&gt;&#xA;&#xA;&lt;p&gt;I understand that the vector constructor signature takes a &lt;code&gt;const T&amp;amp;&lt;/code&gt; which when expanded for &lt;code&gt;vector&amp;lt;int*&amp;gt;&lt;/code&gt; becomes &lt;code&gt;int* const&amp;amp;&lt;/code&gt; correct?  Can someone explain what is going on here, and whether the VC++ or non-VC++ compiler is correct?&lt;/p&gt;&#xA;</Body>
<Tags>c++,visual-c++</Tags>
</question>
<answer>
<Body>&lt;p&gt;&lt;code&gt;std::vector&lt;/code&gt; has a nasty constructor with this signature&lt;/p&gt;&#xA;&#xA;&lt;pre&gt;&lt;code&gt;template &amp;lt;class InputIterator&amp;gt;&#xA;vector(InputIterator first, InputIterator last,&#xA;       const Allocator&amp;amp; = Allocator());&#xA;&lt;/code&gt;&lt;/pre&gt;&#xA;&#xA;&lt;p&gt;which, if the compiler deducts &lt;code&gt;InputIterator&lt;/code&gt; as &lt;code&gt;int&lt;/code&gt;(!) from your parameters &lt;code&gt;0&lt;/code&gt; and &lt;code&gt;1&lt;/code&gt;, will be a good fit but not do what we want.&lt;/p&gt;&#xA;&#xA;&lt;p&gt;I believe C++11 requires the compiler to try harder to figure out if the parameters could actually be iterators or not. In C++03 they would probably end up as &lt;code&gt;size_type(1)&lt;/code&gt; and &lt;code&gt;int(0)&lt;/code&gt;, causing your problem.&lt;/p&gt;&#xA;&#xA;&lt;p&gt;The integer literal 0 is convertible to a null pointer, but an &lt;code&gt;int&lt;/code&gt; with value 0 is not!&lt;/p&gt;&#xA;</Body>
</answer>
<answer>
<Body>&lt;p&gt;It looks like g++ actually wrong here. See C++98 23.1.1/9:&lt;/p&gt;&#xA;&#xA;&lt;blockquote&gt;&#xA;  &lt;p&gt;For every sequence defined in this clause and in clause 21:&lt;/p&gt;&#xA;  &#xA;  &lt;p&gt;— the&#xA;  constructor template  X(InputIterator f,&#xA;  InputIterator l, const Allocator&amp;amp; a = Allocator())&lt;/p&gt;&#xA;  &#xA;  &lt;p&gt;shall have the same&#xA;  effect as: &lt;code&gt;X(static_cast&amp;lt;typename X::size_type&amp;gt;(f),&#xA;  static_cast&amp;lt;typename X::value_type&amp;gt;(l), a)&lt;/code&gt; if InputIterator is an&#xA;  integral type.&lt;/p&gt;&#xA;&lt;/blockquote&gt;&#xA;&#xA;&lt;p&gt;Note that &lt;code&gt;InputIterator&lt;/code&gt; is a template parameter to the constructor, which in this case will be &lt;code&gt;int&lt;/code&gt; for your example, and thus an integral type. The g++ library actually has specific code to handle all the cases where the type being stored in the &lt;code&gt;vector&lt;/code&gt; is integral as well and those will all work properly. In this case, only because you used &lt;code&gt;0&lt;/code&gt; would the &lt;code&gt;static_cast&lt;/code&gt; dictated by the standard actually be legal. I tried compiling the code that the standard says should be equivalent and it compiles with g++ 4.5.&lt;/p&gt;&#xA;</Body>
</answer>
