<question>
<Title>WSGI: making each request truly unique</Title>
<Body>&lt;p&gt;I'm currently familiarizing myself with the WSGI specifications for web applications in Python. I set up Apache (with mod-wsgi) to call a small application that currently just displays the thread id number, in an attempt to observe the uniqueness of each request:&lt;/p&gt;&#xA;&#xA;&lt;pre&gt;&lt;code&gt;import thread&#xA;&#xA;def application(environ, start_response)&#xA;    start_response('200 Ok', [('Content-type', 'text/plain')])&#xA;    output = &quot;current thread id: %s&quot; % thread.get_ident()&#xA;    return [output]&#xA;&lt;/code&gt;&lt;/pre&gt;&#xA;&#xA;&lt;p&gt;I soon noticed that after a little while, the same threads are being reused by subsequent requests. &lt;/p&gt;&#xA;&#xA;&lt;p&gt;If my understanding is correct, in order for my application to have &quot;context-specific&quot; variables, I need to store them with a scheme similar to this: &lt;/p&gt;&#xA;&#xA;&lt;pre&gt;&lt;code&gt;lock = thread.allocate_lock()&#xA;lock.acquire()&#xA;thread_id = get_ident()&#xA;threadsafe[thread_id]['user'] = request.username&#xA;lock.release()&#xA;&lt;/code&gt;&lt;/pre&gt;&#xA;&#xA;&lt;p&gt;I can then access them from different part of the application in a similar fashion. The only guarantee that I have in this case is that the value belongs to that specific thread. However, requests using that same thread might still step on each other's toes (e.g. a request accessing left-over values from a previous request). My conclusion is that to handle each request in a truly unique fashion, in addition to the &quot;thread_id&quot;, I'll need another key that can differentiate between requests that use the same thread.&lt;/p&gt;&#xA;&#xA;&lt;p&gt;Using a unique key such as uuid, I could do this&lt;/p&gt;&#xA;&#xA;&lt;pre&gt;&lt;code&gt;lock.acquire()&#xA;uuid = uuid.uuid4()&#xA;thread_id = get_ident()&#xA;threadsafe[(thread_id, uuid)]['user'] = request.username&#xA;lock.release()&#xA;&lt;/code&gt;&lt;/pre&gt;&#xA;&#xA;&lt;p&gt;but this implies that I have a way to also retrieve the uuid value in a thread-safe way, the same way I can retrieve the thread_id later.&lt;/p&gt;&#xA;&#xA;&lt;p&gt;Did I draw the right conclusions? If so, how do I get that additional key?&lt;/p&gt;&#xA;&#xA;&lt;p&gt;&lt;strong&gt;Edit&lt;/strong&gt;&lt;/p&gt;&#xA;&#xA;&lt;p&gt;It just occured to me that my problem is a false dichotomy. I'm approaching things with the perspective that a thread could be running concurrently to itself, when in fact this is not possible. Requests using the same thread, would have to run in series. Therefore, I could actually use the uuid to avoid using the thread's stale values, but only after storing it as a thread-save value itself. &lt;/p&gt;&#xA;&#xA;&lt;pre&gt;&lt;code&gt;# somewhere early in the request&#xA;threadsafe[thread_id]['current_uuid'] = uuid.uuid4()&#xA;&#xA;# later&#xA;lock.acquire()&#xA;thread_id = get_ident()&#xA;uuid = threadsafe[thread_id]['current_uuid']&#xA;threadsafe[(thread_id, uuid)]['user'] = request.username&#xA;lock.release()&#xA;&lt;/code&gt;&lt;/pre&gt;&#xA;</Body>
<Tags>python,mod-wsgi,wsgi</Tags>
</question>
<answer>
<Body>&lt;p&gt;You are right. Thread id's are not guaranteed to be unique over time.  Consider UUID's. Something like str(uuid.uuid4())&lt;/p&gt;&#xA;</Body>
</answer>
<answer>
<Body>&lt;p&gt;&lt;em&gt;This answer is based off of new information that developed in the comments of @user590028's answer.&lt;/em&gt;&lt;/p&gt;&#xA;&#xA;&lt;p&gt;You said that your goal is to have thread-safe persistant data. Because you also said you are familiarizing yourself with the WSGI specs, I feel this link is particularly relavant: &lt;a href=&quot;http://code.google.com/p/modwsgi/wiki/ApplicationIssues#Application_Global_Variables&quot; rel=&quot;nofollow&quot;&gt;Application_Global_Variables&lt;/a&gt;&lt;/p&gt;&#xA;&#xA;&lt;blockquote&gt;&#xA;  &lt;p&gt;...although global data can be used, it can only be used to cache data&#xA;  which can be safely reused within the context of that single process.&#xA;  You cannot use global data as a means of holding information that must&#xA;  be visible to any request handler no matter which process it runs in.&lt;/p&gt;&#xA;&lt;/blockquote&gt;&#xA;&#xA;&lt;p&gt;Your application may not only be running under multiple threads, but potentially multiple processes. As per the above link, the recommended solution for persistant data (beyond that of the current request) is to use an external storage solution (filesystem, database, memcached, ...)&lt;/p&gt;&#xA;&#xA;&lt;h3&gt;Update&lt;/h3&gt;&#xA;&#xA;&lt;p&gt;What you are trying to do with locks in order to save state information seems completely unnecessary. Every request should be considered unique no matter what. If a client side user makes 10 requests to your application, and you want to persist data across those requests, then you should be using a session key like a cookie that you first establish to a client when their request is new (contains no session), and then you return it in the response and expect future requests to provide this key. Subsequently, there are libraries that aim to provide this functionality for you: &lt;a href=&quot;http://www.ollycope.com/software/pesto/session.html&quot; rel=&quot;nofollow&quot;&gt;http://www.ollycope.com/software/pesto/session.html&lt;/a&gt;&lt;/p&gt;&#xA;&#xA;&lt;p&gt;A wsgi application has an entry point, in these case your example defines it as a function called &quot;application&quot;. It could also have been a class or anything callable. Your variables are context specific by nature because of the scope. Whatever you do with that scope is completely different from any other threads running that same handler. The &quot;application&quot; function could have been more complex, calling other functions and passing its variables around until ultimately returning its response body. You could also have created a class instance that contains all the functionality needed to process the request and generate the response, and making use of its own instance variables.&lt;/p&gt;&#xA;&#xA;&lt;p&gt;And if neither of these previous two suggestions apply to what you are asking, I see the only remaining possibility being that you do actually want to store your data in a database, or filesystem, or memcached, or redis, and so on. uuid4 will be unique, but its value only has meaning if you pass it on in the response and have the client return it to remain associated to that data.&lt;/p&gt;&#xA;</Body>
</answer>
