<question>
<Title>car doesn't move correctly in my game c++</Title>
<Body>&lt;p&gt;i have been to this site to try and get my car movement sorted out. &lt;a href=&quot;http://www.helixsoft.nl/articles/circle/sincos.htm&quot; rel=&quot;nofollow&quot;&gt;http://www.helixsoft.nl/articles/circle/sincos.htm&lt;/a&gt;&lt;/p&gt;&#xA;&#xA;&lt;p&gt;I have been having issues with it just moving the car in a circle because of the sin and cos that I have used I think I have done it correctly although the site does use fixed point number and I want to use floating point.&lt;/p&gt;&#xA;&#xA;&lt;p&gt;Here is my code&lt;/p&gt;&#xA;&#xA;&lt;pre&gt;&lt;code&gt;    if(myEngine-&amp;gt;KeyHeld(Key_W))&#xA;    {&#xA;        length -= carSpeedIncrement;&#xA;    }&#xA;    if(myEngine-&amp;gt;KeyHeld(Key_S))&#xA;    {&#xA;        length += carSpeedIncrement;&#xA;    }&#xA;    if(myEngine-&amp;gt;KeyHeld(Key_A))&#xA;    {&#xA;        angle -= 0.01f;&#xA;    }&#xA;    if(myEngine-&amp;gt;KeyHeld(Key_D))&#xA;    {&#xA;        angle += 0.01f;&#xA;    }&#xA;&#xA;    carVolocityX = length * (sin(angle));&#xA;    carVolocityZ = length * (cos(angle));&#xA;&#xA;    carPositionX += carVolocityX; &#xA;    carPositionZ += carVolocityZ; &#xA;&#xA;    car[0]-&amp;gt;MoveX((carPositionX * sin(angle)) * frameTime);&#xA;    car[0]-&amp;gt;MoveZ((carPositionZ * cos(angle)) * frameTime);&#xA;&lt;/code&gt;&lt;/pre&gt;&#xA;&#xA;&lt;p&gt;I am open to new ideas on how to do this movement but it has to use vectors. Can anyoune see where I am going wrong with this.&lt;/p&gt;&#xA;&#xA;&lt;p&gt;Any help is appreciated.&lt;/p&gt;&#xA;</Body>
<Tags>c++,game-physics,trigonometry</Tags>
</question>
<answer>
<Body>&lt;p&gt;Why are you applying sin and cos both while calculating the velocity vector and while calculating a new position for your car?&lt;/p&gt;&#xA;&#xA;&lt;p&gt;Your code looks like you're trying to drive the car using the keyboard.  If that's the case, try this&lt;/p&gt;&#xA;&#xA;&lt;pre&gt;&lt;code&gt;car[0]-&amp;gt;MoveX((carPositionX) * frameTime);&#xA;car[0]-&amp;gt;MoveZ((carPositionZ) * frameTime);&#xA;&lt;/code&gt;&lt;/pre&gt;&#xA;&#xA;&lt;p&gt;Note that I find it more clear to apply frameTime during the actual calculation of the distance and would suggest this edit:&lt;/p&gt;&#xA;&#xA;&lt;pre&gt;&lt;code&gt;carPositionX += carVolocityX * frameTime; &#xA;carPositionZ += carVolocityZ * frameTime; &#xA;&#xA;car[0]-&amp;gt;MoveX((carPositionX));&#xA;car[0]-&amp;gt;MoveZ((carPositionZ));&#xA;&lt;/code&gt;&lt;/pre&gt;&#xA;&#xA;&lt;p&gt;If instead you just want to move it around in a circle, and not allow 'A' and 'D' to affect the angle, &lt;/p&gt;&#xA;&#xA;&lt;pre&gt;&lt;code&gt;car[0]-&amp;gt;MoveX((carPositionX * sin(angularVelocity * totalTime)));&#xA;car[0]-&amp;gt;MoveZ((carPositionZ * cos(angularVelocity * totalTime)));&#xA;&lt;/code&gt;&lt;/pre&gt;&#xA;&#xA;&lt;p&gt;You can use keys to adjust the (new) variable angularVelocity, or just assign a constant to see it working.  The variable totalTime is the total time since the simulation began.&lt;/p&gt;&#xA;</Body>
</answer>
<answer>
<Body>&lt;p&gt;Based on what you've said about MoveX and MoveZ, I think the problem is you're trying to pass an absolute position to a function which is expecting a velocity.  Try&lt;/p&gt;&#xA;&#xA;&lt;pre&gt;&lt;code&gt;car[0]-&amp;gt;MoveX(carVolocityX * frameTime);&#xA;car[0]-&amp;gt;MoveZ(carVolocityZ * frameTime);&#xA;&lt;/code&gt;&lt;/pre&gt;&#xA;</Body>
</answer>
