<question>
<Title>What is the need of reference in C++</Title>
<Body>&lt;p&gt;Somebody ask me this question today .&#xA;What is the need of reference in C++, why did &lt;code&gt;Bjarne Stroustrup&lt;/code&gt; thought about &lt;code&gt;reference&lt;/code&gt; in C++.&lt;/p&gt;&#xA;</Body>
<Tags>c++</Tags>
</question>
<answer>
<Body>&lt;p&gt;If you want to know the answer to questions like this, read a book called &quot;The Design and Evolution of C++&quot;, by the man himself:&lt;/p&gt;&#xA;&#xA;&lt;p&gt;&lt;a href=&quot;http://www2.research.att.com/~bs/dne.html&quot; rel=&quot;nofollow&quot;&gt;http://www2.research.att.com/~bs/dne.html&lt;/a&gt;&lt;/p&gt;&#xA;&#xA;&lt;p&gt;Alternatively, see here, where he explains the answer in detail:&lt;/p&gt;&#xA;&#xA;&lt;p&gt;&lt;a href=&quot;http://www2.research.att.com/~bs/bs_faq2.html#pointers-and-references&quot; rel=&quot;nofollow&quot;&gt;http://www2.research.att.com/~bs/bs_faq2.html#pointers-and-references&lt;/a&gt;&lt;/p&gt;&#xA;&#xA;&lt;p&gt;To quote:&lt;/p&gt;&#xA;&#xA;&lt;blockquote&gt;&#xA;  &lt;p&gt;C++ inherited pointers from C, so I couldn't remove them without&#xA;  causing serious compatibility problems. References are useful for&#xA;  several things, but the direct reason I introduced them in C++ was to&#xA;  support operator overloading. For example:&lt;/p&gt;&#xA;&lt;/blockquote&gt;&#xA;&#xA;&lt;pre&gt;&lt;code&gt;void f1(const complex* x, const complex* y) // without references&#xA;{&#xA;    complex z = *x+*y;  // ugly&#xA;    // ...&#xA;}&#xA;&#xA;void f2(const complex&amp;amp; x, const complex&amp;amp; y) // with references&#xA;{&#xA;    complex z = x+y;    // better&#xA;    // ...&#xA;}&#xA;&lt;/code&gt;&lt;/pre&gt;&#xA;</Body>
</answer>
<answer>
<Body>&lt;p&gt;Here is Stroustrup explanation : &lt;a href=&quot;http://www2.research.att.com/~bs/bs_faq2.html#pointers-and-references&quot; rel=&quot;noreferrer&quot;&gt;http://www2.research.att.com/~bs/bs_faq2.html#pointers-and-references&lt;/a&gt;&lt;/p&gt;&#xA;&#xA;&lt;blockquote&gt;&#xA;  &lt;p&gt;C++ inherited pointers from C, so I couldn't remove them without causing serious compatibility problems. References are useful for several things, but the direct reason I introduced them in C++ was to support operator overloading.&lt;/p&gt;&#xA;&lt;/blockquote&gt;&#xA;&#xA;&lt;p&gt;Here is an example : &lt;/p&gt;&#xA;&#xA;&lt;pre&gt;&lt;code&gt;void f1(const complex* x, const complex* y) // without references&#xA;{&#xA;    complex z = *x+*y;  // ugly&#xA;    // ...&#xA;}&#xA;&#xA;void f2(const complex&amp;amp; x, const complex&amp;amp; y) // with references&#xA;{&#xA;    complex z = x+y;    // better&#xA;    // ...&#xA;}   &#xA;&lt;/code&gt;&lt;/pre&gt;&#xA;</Body>
</answer>
