<question>
<Title>Is there anything like timer and timertask in c++ just like java has?</Title>
<Body>&lt;p&gt;I am not an experinced c++ programmer. So I just want to know how to implement timer and timertask just like java has in C++. I have tried &lt;code&gt;timer_create&lt;/code&gt; example that is in man page of timer_create but It is not working as per my requirement.&#xA;I want that after particualar time span an event should fire, and if specific condition fulfills then timer should be canceled.&lt;/p&gt;&#xA;&#xA;&lt;p&gt;Any help would be highly appreciated.&#xA;Thanks,&#xA;Yuvi.&lt;/p&gt;&#xA;</Body>
<Tags>c++,linux,timer,timertask</Tags>
</question>
<answer>
<Body>&lt;p&gt;This is generally a very difficult question, since you are inherently asking for some concurrent, or at least asynchronous processing.&lt;/p&gt;&#xA;&#xA;&lt;p&gt;The simplest, single-threaded solution is to use something like Posix's &lt;code&gt;alarm(2)&lt;/code&gt;. This will cause a &lt;em&gt;signal&lt;/em&gt; to be sent to your process after a specified time. You need to register a signal handler (e.g. with &lt;code&gt;signal(2)&lt;/code&gt;), but you are subject to all its limitations (e.g. you must only call async-safe functions within the handler).&lt;/p&gt;&#xA;&#xA;&lt;p&gt;A second, single-threaded option is to use a &lt;code&gt;select&lt;/code&gt;-style (or &lt;code&gt;epoll&lt;/code&gt;-style) I/O loop and use a kernel timer file descriptor. This is a very recent Linux feature, though, so availability will vary.&lt;/p&gt;&#xA;&#xA;&lt;p&gt;Finally, the typical, general solution is to use multiple threads: Make a dedicated thread for the timer whose only purpose is to sleep for the set time span and then execute some code. For this you will have to bear the full weight of concurrent programming responsibilities, such as handling shared data, guaranteeing the absence of races, etc.&lt;/p&gt;&#xA;&#xA;&lt;p&gt;Some higher-level libraries like Boost.ASIO and the new standard library provide some nice timing mechanisms once you've decided to go down the multithreaded route.&lt;/p&gt;&#xA;</Body>
</answer>
<answer>
<Body>&lt;p&gt;I too was looking for a Java like TimerTask but I needed one for Windows C++ when I came across this question. After a day of researching mostly on SO and learning about passing class member functions, I was able to put together a solution that seems to work well for me. I realize that I am years late in answering this question but maybe someone still looking for this solution will find this useful.&lt;/p&gt;&#xA;&#xA;&lt;p&gt;This is a Windows only solution which I tested on Windows 10 using Visual Studio C++. I'm still learning C++ so please be gentle if I've broken any rules. I realize the exceptions are elementary but they are easy to customize to your needs. I created a TimerTask class similar to the Java class. You'll need to derive a new user class from the TimerTask class and create a &quot;task&quot; function that includes the code you want executed at regular intervals. Here is the TimerTask class:&lt;/p&gt;&#xA;&#xA;&lt;pre&gt;&lt;code&gt;--TimerTask.h--&#xA;#pragma once&#xA;#include &amp;lt;thread&amp;gt;&#xA;&#xA;class TimerTask {&#xA;    HANDLE timeoutEvent;&#xA;    DWORD msTimeout;&#xA;    bool exit = false;&#xA;    void* pObj;&#xA;&#xA;    static void taskWrapper(TimerTask* pObj) {&#xA;        while (!pObj-&amp;gt;exit) {&#xA;            DWORD waitResult = WaitForSingleObject(pObj-&amp;gt;timeoutEvent, pObj-&amp;gt;msTimeout);&#xA;            if (pObj-&amp;gt;exit)&#xA;                break;&#xA;            pObj-&amp;gt;task();&#xA;        }&#xA;    }&#xA;&#xA;public:&#xA;&#xA;    TimerTask::TimerTask() {&#xA;        timeoutEvent = CreateEvent(NULL, FALSE, FALSE, NULL);&#xA;        if (!timeoutEvent) {&#xA;            throw &quot;TimerTask CreateEvent Error: &quot;;&#xA;        }&#xA;    }&#xA;&#xA;    TimerTask::~TimerTask() {&#xA;        CloseHandle(timeoutEvent);&#xA;    }&#xA;&#xA;    // Derived class must create task function that runs at every timer interval.&#xA;    virtual void task() = 0;&#xA;&#xA;    void start(void* pObj, DWORD msTimeout) {&#xA;        this-&amp;gt;pObj = pObj;&#xA;        this-&amp;gt;msTimeout = msTimeout;&#xA;&#xA;        std::thread timerThread(taskWrapper, (TimerTask*)pObj);&#xA;        timerThread.detach();&#xA;    }&#xA;&#xA;    void stop() {&#xA;        exit = true;&#xA;        if (!SetEvent(timeoutEvent))&#xA;            throw &quot;TimerTask:stop(): Error: &quot;;&#xA;    }&#xA;};&#xA;&lt;/code&gt;&lt;/pre&gt;&#xA;&#xA;&lt;p&gt;And here is a sample of usage. For brevity I didn't include error checking.&lt;/p&gt;&#xA;&#xA;&lt;pre&gt;&lt;code&gt;--Test.cpp--&#xA;#include &quot;Windows.h&quot;&#xA;#include &amp;lt;iostream&amp;gt;&#xA;#include &quot;TimerTask.h&quot;&#xA;&#xA;using namespace std;&#xA;&#xA;class KeepAliveTask : public TimerTask {&#xA;public:&#xA;    void task() {&#xA;        cout &amp;lt;&amp;lt; &quot;Insert your code here!\n&quot;;&#xA;    }&#xA;};&#xA;&#xA;int main()&#xA;{&#xA;    cout &amp;lt;&amp;lt; &quot;Hello, TimerTask!\n&quot;;&#xA;&#xA;    KeepAliveTask keepAlive;&#xA;    keepAlive.start(&amp;amp;keepAlive, 1000);  // Execute once per second&#xA;&#xA;    Sleep(5100);    // Pause 5.1s to give time for task thread to run.&#xA;    keepAlive.stop();&#xA;    Sleep(1000);    // Pause another sec to give time for thread to stop.&#xA;&#xA;    return 0;&#xA;}&#xA;&lt;/code&gt;&lt;/pre&gt;&#xA;</Body>
</answer>
