<question>
<Title>Concurrent C++11 - Which toolchains can be used?</Title>
<Body>&lt;p&gt;I use &lt;code&gt;&amp;lt;thread&amp;gt; &amp;lt;atomic&amp;gt; &amp;lt;mutex&amp;gt;&lt;/code&gt; etc heavily in my code, which includes several lock-free algorithms. I am targeting (eventually) a linux environment. I've been developing with the Visual Studio 2011 Beta, which while lacking horribly in other C++11 features, seems to be the only toolchain that implements the concurrent features.&lt;/p&gt;&#xA;&#xA;&lt;p&gt;See c++ 11 support here:&lt;/p&gt;&#xA;&#xA;&lt;ul&gt;&#xA;&lt;li&gt;&lt;a href=&quot;http://clang.llvm.org/cxx_status.html&quot; rel=&quot;nofollow&quot;&gt;Clang 3+&lt;/a&gt;&lt;/li&gt;&#xA;&lt;li&gt;&lt;a href=&quot;http://gcc.gnu.org/projects/cxx0x.html&quot; rel=&quot;nofollow&quot;&gt;GCC 4.7&lt;/a&gt;&lt;/li&gt;&#xA;&lt;li&gt;&lt;a href=&quot;http://blogs.msdn.com/b/vcblog/archive/2011/09/12/10209291.aspx&quot; rel=&quot;nofollow&quot;&gt;MSVC 11&lt;/a&gt;&lt;/li&gt;&#xA;&lt;/ul&gt;&#xA;&#xA;&lt;p&gt;Now if the others simply lack a library containing the c++ 11 concurrent features, I can easily use &lt;a href=&quot;http://www.stdthread.co.uk/&quot; rel=&quot;nofollow&quot;&gt;just::thread&lt;/a&gt;, however both clang and gcc answer &quot;no&quot; to the c++11 memory model, which at least visual c++ seems to support. I'm not exactly sure what the effect of this would be - probably optimizing away of apparently side effect free code, among other erroneous things.&lt;/p&gt;&#xA;&#xA;&lt;p&gt;If for now I completely avoid optimized builds and compile only debug builds without optimizations enabled - is it reasonable to use the Clang or GCC toolchain?&lt;/p&gt;&#xA;</Body>
<Tags>c++,multithreading,synchronization,c++11,lock-free</Tags>
</question>
<answer>
<Body>&lt;p&gt;I have used gcc-4.7 on 64 bit linux and windows with success. &lt;code&gt;std::thread&lt;/code&gt; etc. works perfect on linux even with gcc-4.6.&lt;br&gt;&#xA;On windows gcc-4.7 (mingw64) has some minor issues, memory leaks with destructors of &lt;code&gt;std::condition_variable&lt;/code&gt; AFAIR.&lt;/p&gt;&#xA;</Body>
</answer>
<answer>
<Body>&lt;blockquote&gt;&#xA;  &lt;p&gt;&lt;a href=&quot;http://gcc.gnu.org/wiki/Atomic/GCCMM&quot; rel=&quot;nofollow&quot;&gt;GCC 4.7 status&lt;/a&gt;&lt;/p&gt;&#xA;  &#xA;  &lt;p&gt;C++ memory model work is ongoing and scheduled for completion in the&#xA;  next GCC release. GCC 4.7 has now been released, so this is what you&#xA;  can expect from it.&lt;/p&gt;&#xA;  &#xA;  &lt;ul&gt;&#xA;  &lt;li&gt;Full atomic implementation for supported lock free instructions. All the atomic operations have been implemented with the new __atomic&#xA;  builtins, and most targets reflect the memory model parameter in the&#xA;  code which is generated. Optimizations will not move shared memory&#xA;  operations past atomic operations, so the various happens&#xA;  relationships are honoured.&lt;/li&gt;&#xA;  &lt;li&gt;When lock free instructions are not available (either through hardware or OS support) atomic operations are left as function calls&#xA;  to be resolved by a library. Due to time constraints and an API which&#xA;  is not finalized, there is no libatomic supplied with GCC 4.7. This is&#xA;  easily determined by encountering unsatisfied external symbols&#xA;  beginning with _&lt;em&gt;atomic&lt;/em&gt;*.&lt;/li&gt;&#xA;  &lt;li&gt;Should a program require library assistance, a single C file sample implementation is available to be compiled and linked in with the&#xA;  client program to resolve these external function calls using a locked&#xA;  implementation. Download sample libatomic&lt;/li&gt;&#xA;  &lt;li&gt;C++ templates fully support arbitrary sized objects, althought the previously mentioned libatomic.c file may be required to satisfy some&#xA;  user defined classes. If a class maps to the same size as a supported&#xA;  lock-free integral type, then lock-free routines will be used as well.&lt;/li&gt;&#xA;  &lt;li&gt;Bitfields are not compliant with the memory model. That is to say that they may introduce load or store data races due to whole word&#xA;  accesses when reading or writing.&lt;/li&gt;&#xA;  &lt;li&gt;Optimizations have not been fully audited for compliance, although some work has been done. Some optimizations may introduce new data&#xA;  races which were not present before. The number of known cases are&#xA;  small, and testing for compliance is not trivial. If anyone encounters&#xA;  a case where an optimization introduces a new data race, please open a&#xA;  bugzilla case for it so it can be addressed.&lt;/li&gt;&#xA;  &lt;/ul&gt;&#xA;&lt;/blockquote&gt;&#xA;&#xA;&lt;hr&gt;&#xA;&#xA;&lt;p&gt;Support in LLVM seems to be further along: &lt;a href=&quot;http://llvm.org/releases/3.0/docs/Atomics.html&quot; rel=&quot;nofollow&quot;&gt;http://llvm.org/releases/3.0/docs/Atomics.html&lt;/a&gt;&lt;/p&gt;&#xA;&#xA;&lt;p&gt;It's hard to tell to what degree this is actually used in clang though. It seems like &lt;code&gt;&amp;lt;atomic&amp;gt;&lt;/code&gt; basically works for some types. I'm getting compiler assertions for other types saying that the atomic type was unexpected, which gives a bit of confidence for the types it does work with.&lt;/p&gt;&#xA;</Body>
</answer>
