<question>
<Title>AJAX Form submission with CRUD</Title>
<Body>&lt;p&gt;Is it possible to validate CRUD form fields using ajax without submitting the form in web2py?&lt;/p&gt;&#xA;&#xA;&lt;p&gt;I have gone through the web2py online doc and have seen this link:&#xA;&lt;a href=&quot;http://web2py.com/books/default/chapter/29/11#Ajax-form-submission&quot; rel=&quot;nofollow&quot;&gt;http://web2py.com/books/default/chapter/29/11#Ajax-form-submission&lt;/a&gt;&#xA;So we may do it using custom html. &#xA;But I want to do it using CRUD.&lt;/p&gt;&#xA;</Body>
<Tags>python,ajax,model-view-controller,web2py</Tags>
</question>
<answer>
<Body>&lt;p&gt;Yes, you can use custom HTML for Crud forms, but by default, Crud will insert hidden &lt;code&gt;_formname&lt;/code&gt; and &lt;code&gt;_formkey&lt;/code&gt; fields in the form (the latter is used to protect against CSRF attacks). Because Crud will expect those fields to be submitted with the form, the form has to be created via Crud, and the form object has to be passed to the view so you can include those fields. See &lt;a href=&quot;http://web2py.com/books/default/chapter/29/7#Custom-forms&quot; rel=&quot;nofollow&quot;&gt;here&lt;/a&gt; for details on creating custom HTML for forms.&lt;/p&gt;&#xA;&#xA;&lt;p&gt;Note, to make it easier to submit the form via Ajax, you might consider putting the form in an Ajax component via &lt;code&gt;LOAD()&lt;/code&gt; (see &lt;a href=&quot;http://web2py.com/books/default/chapter/29/12#Components&quot; rel=&quot;nofollow&quot;&gt;here&lt;/a&gt;).&lt;/p&gt;&#xA;</Body>
</answer>
