<question>
<Title>Allocating Memory In A Function To Return to User</Title>
<Body>&lt;p&gt;I have a function which sends a command over serial, then receives a response of unknown size.  Using&lt;/p&gt;&#xA;&#xA;&lt;pre&gt;&lt;code&gt;(ioctl(fd_, FIONREAD, &amp;amp;bytes_in_buffer);&#xA;&lt;/code&gt;&lt;/pre&gt;&#xA;&#xA;&lt;p&gt;I determine how much memory I need to allocate for my read.&lt;/p&gt;&#xA;&#xA;&lt;pre&gt;&lt;code&gt;//This code calls the function below&#xA;unsigned char CheckRefresh[] = {254, 124, 0};&#xA;unsigned char * response;&#xA;unsigned int size;&#xA;relay_board-&amp;gt;SendCustomCommand(CheckRefresh, 3, &amp;amp;response, size);&#xA;&#xA;ErrorCode SendCustomCommand(unsigned char * command, unsigned int command_size, unsigned char **response, unsigned int &amp;amp;response_size)&#xA;{&#xA;  //Send the command&#xA;  write(fd_, command, command_size);&#xA;&#xA;  // ... Omitting Polling Code to Get correct number of bytes ...&#xA;  (ioctl(fd_, FIONREAD, &amp;amp;bytes_in_buffer);&#xA;&#xA;  //Now getting the response&#xA;  response_size = (unsigned int)bytes_in_buffer;&#xA;  (*response) = new unsigned char(response_size);&#xA;  if(read(fd_, *response, response_size) &amp;lt; 0)&#xA;  {&#xA;    std::cout &amp;lt;&amp;lt; &quot;[ProXRSerial] SendCustomCommand: Read failed... -- Errno: &quot; &amp;lt;&amp;lt; errno &amp;lt;&amp;lt; std::endl;&#xA;    return Failed;&#xA;  };&#xA;  return Success;&#xA;}&#xA;&lt;/code&gt;&lt;/pre&gt;&#xA;&#xA;&lt;p&gt;I believe this is corrupting my stack, as my next function call breaks at&lt;/p&gt;&#xA;&#xA;&lt;pre&gt;&lt;code&gt;unsigned char * command = new unsigned char(3);&#xA;&lt;/code&gt;&lt;/pre&gt;&#xA;&#xA;&lt;p&gt;with the following:&lt;/p&gt;&#xA;&#xA;&lt;pre&gt;&lt;code&gt;sYSMALLOc: Assertion `(old_top == (((mbinptr) (((char *) &amp;amp;((av)-&amp;gt;bins[((1) - 1) * 2])) -&#xA;__builtin_offsetof (struct malloc_chunk, fd)))) &amp;amp;&amp;amp; old_size == 0) || ((unsigned long) &#xA;(old_size) &amp;gt;= (unsigned long)((((__builtin_offsetof (struct malloc_chunk, fd_nextsize))+((2 &#xA;* (sizeof(size_t))) - 1)) &amp;amp; ~((2 * (sizeof(size_t))) - 1))) &amp;amp;&amp;amp; ((old_top)-&amp;gt;size &amp;amp; 0x1) &amp;amp;&amp;amp; &#xA;((unsigned long)old_end &amp;amp; pagemask) == 0)' failed.&#xA;&lt;/code&gt;&lt;/pre&gt;&#xA;&#xA;&lt;p&gt;Could anyone offer some advice?  I am at a loss, I thought passing the double pointer like that would allow me to allocate memory for the user...&lt;/p&gt;&#xA;&#xA;&lt;p&gt;Thank you in advance.&lt;/p&gt;&#xA;</Body>
<Tags>c++,heap-corruption</Tags>
</question>
<answer>
<Body>&lt;p&gt;The line&lt;/p&gt;&#xA;&#xA;&lt;pre&gt;&lt;code&gt;(*response) = new unsigned char(response_size);&#xA;&lt;/code&gt;&lt;/pre&gt;&#xA;&#xA;&lt;p&gt;should read&lt;/p&gt;&#xA;&#xA;&lt;pre&gt;&lt;code&gt;(*response) = new unsigned char[response_size];&#xA;&lt;/code&gt;&lt;/pre&gt;&#xA;&#xA;&lt;p&gt;Your version allocates &lt;em&gt;one&lt;/em&gt; unsigned character, and initializes it with the value &lt;code&gt;response_size&lt;/code&gt;.&lt;/p&gt;&#xA;</Body>
</answer>
