<question>
<Title>Correct includes to use the new C++ API in opencv 2.3</Title>
<Body>&lt;p&gt;I'm familiar with the old opencv 1, and used its C functions for a long time. However, I have problems with switching to the C++ API of opencv 2.3&lt;/p&gt;&#xA;&#xA;&lt;p&gt;I downloaded the latest stable version (2.3.1), but the examples in it use either the old C functions, or include &lt;code&gt;&quot;opencv2/highgui/highgui.hpp&quot;&lt;/code&gt;.&lt;/p&gt;&#xA;&#xA;&lt;p&gt;The problem is, &lt;strong&gt;the only file in my &lt;code&gt;include/opencv2&lt;/code&gt; directory is &lt;code&gt;opencv.hpp&lt;/code&gt;&lt;/strong&gt;. If I include that, there are a lot of paths which are incorrect.&#xA;Inside of &lt;code&gt;opencv.hpp&lt;/code&gt; there are such things as:&lt;/p&gt;&#xA;&#xA;&lt;pre&gt;&lt;code&gt;#include &quot;opencv2/core/core_c.h&quot;&#xA;#include &quot;opencv2/core/core.hpp&quot;&#xA;#include &quot;opencv2/flann/miniflann.hpp&quot;&#xA;#include &quot;opencv2/imgproc/imgproc_c.h&quot;&#xA;&lt;/code&gt;&lt;/pre&gt;&#xA;&#xA;&lt;p&gt;etc.&lt;/p&gt;&#xA;&#xA;&lt;p&gt;However, in my opencv directory, the include files are in folders like: &lt;/p&gt;&#xA;&#xA;&lt;pre&gt;&lt;code&gt;modules/core/include/opencv2/core&#xA;modules/flann/include/opencv2/flann&#xA;modules/imgproc/include/opencv2/imgproc&#xA;&lt;/code&gt;&lt;/pre&gt;&#xA;&#xA;&lt;p&gt;etc. &lt;/p&gt;&#xA;&#xA;&lt;p&gt;So, what is the point of that &lt;code&gt;opencv.hpp&lt;/code&gt;, if I have to specify the include path manually for every single header? On the opencv site (http://opencv.willowgarage.com) the tutorials are either hopelessly outdated, or they don't address this question at all and jump straight to the algorithms.&lt;/p&gt;&#xA;&#xA;&lt;p&gt;&lt;strong&gt;Edit:&lt;/strong&gt; I'm using Qt, if that matters. I downloaded the source from &lt;a href=&quot;http://code.opencv.org/svn/opencv/branches/2.3/&quot; rel=&quot;nofollow&quot;&gt;http://code.opencv.org/svn/opencv/branches/2.3/&lt;/a&gt; and built it successfully.&lt;/p&gt;&#xA;&#xA;&lt;p&gt;&lt;strong&gt;Edit2:&lt;/strong&gt; Yes, it mattered. One of the Qt headers was missing, and so the building process of opencv skipped a few libraries.&lt;/p&gt;&#xA;</Body>
<Tags>c++,qt,opencv,include</Tags>
</question>
<answer>
<Body>&lt;p&gt;I haven't been using opencv 2.3.1 for too long, but so far using the includes from &lt;code&gt;opencv&lt;/code&gt; has been enough&lt;/p&gt;&#xA;&#xA;&lt;pre&gt;&lt;code&gt;#include &amp;lt;opencv/cv.h&amp;gt;&#xA;#include &amp;lt;opencv/highgui.h&amp;gt;&#xA;&lt;/code&gt;&lt;/pre&gt;&#xA;</Body>
</answer>
<answer>
<Body>&lt;p&gt;I've recently started to learn opencv (2.3), and as juanchopanza mentions, that should suffice. I'm using osx and have opencv 1.0 installed as well, so a basic program on my machine looks like this:&lt;/p&gt;&#xA;&#xA;&lt;pre&gt;&lt;code&gt;#include &amp;lt;opencv2/core/core.hpp&amp;gt;&#xA;#include &amp;lt;opencv2/highgui/highgui.hpp&amp;gt;&#xA;&#xA;using namespace cv;&#xA;&#xA;int main()&#xA;{&#xA;    namedWindow(&quot;HelloCV2&quot;);&#xA;    imshow(&quot;image&quot;,imread(&quot;../HelloCV2/dolphin_1.jpg&quot;));&#xA;    waitKey(5000);&#xA;    return 1;&#xA;}&#xA;&lt;/code&gt;&lt;/pre&gt;&#xA;&#xA;&lt;p&gt;Make sure your path's are correctly setup. &#xA;Currently I'm using Qt, so the .pro file looks like this:&lt;/p&gt;&#xA;&#xA;&lt;pre&gt;&lt;code&gt;QT       += core&#xA;&#xA;QT       -= gui&#xA;&#xA;TARGET = HelloCV2&#xA;CONFIG   += console&#xA;CONFIG   -= app_bundle&#xA;&#xA;TEMPLATE = app&#xA;&#xA;&#xA;SOURCES += main.cpp&#xA;&#xA;INCLUDEPATH += /opt/local/include/ #this is where the header files are on my machine&#xA;LIBS += /opt/local/lib/libopencv_core.2.3.1.dylib&#xA;LIBS += /opt/local/lib/libopencv_highgui.2.3.1.dylib&#xA;&lt;/code&gt;&lt;/pre&gt;&#xA;&#xA;&lt;p&gt;HTH&lt;/p&gt;&#xA;</Body>
</answer>
<answer>
<Body>&lt;p&gt;I think I found the problem. The Qt source I have (4.6.3) does not have &lt;code&gt;qconfig.h&lt;/code&gt; in &lt;code&gt;corelib/global&lt;/code&gt;, so when I built &lt;code&gt;opencv&lt;/code&gt;, not all libraries were created, and the headers were not copied. &lt;/p&gt;&#xA;&#xA;&lt;p&gt;Just so others with the same problem will know it and not waste hours finding for a solution: &lt;code&gt;qtconfig.h&lt;/code&gt; is not included in the Qt source distribution. You have to create that file yourself, there are a number of templates in its directory, either rename one of them (&lt;code&gt;qconfig-large&lt;/code&gt;, &lt;code&gt;qconfig-minimal&lt;/code&gt;, etc.), or just create an empty &lt;code&gt;qconfig.h&lt;/code&gt;.&lt;/p&gt;&#xA;&#xA;&lt;p&gt;Edit: I don't recommend this way to anyone. I downloaded created a mingw make, redownloaded everything, and it works now. I had to take care that the mingw version I built opencv is the same as the one used with Qt.&lt;/p&gt;&#xA;</Body>
</answer>
<answer>
<Body>&lt;p&gt;The trick is to build the 'install' project. That will collect all the headers, etc, into one directory and will enable the include structure that the examples show.&lt;/p&gt;&#xA;&#xA;&lt;pre&gt;&lt;code&gt;# create a build-directory, run cmake etc.&#xA;make&#xA;make install&#xA;&lt;/code&gt;&lt;/pre&gt;&#xA;</Body>
</answer>
