<question>
<Title>permutations of a lists python</Title>
<Body>&lt;p&gt;So I posted this question here.&lt;/p&gt;&#xA;&#xA;&lt;p&gt;&lt;a href=&quot;https://stackoverflow.com/questions/10038604/permutations-of-lists-python&quot;&gt;permutations of lists python&lt;/a&gt;&lt;/p&gt;&#xA;&#xA;&lt;p&gt;And the solution works.. but i should have been more careful.&#xA;Please take a look at the link above.&lt;/p&gt;&#xA;&#xA;&lt;p&gt;What if I dont have a lists explicitly as a,b,c,d&#xA;but I have a list of lists.. something like&lt;/p&gt;&#xA;&#xA;&lt;pre&gt;&lt;code&gt; lists.append(a)&#xA;  lists.append(b)&#xA;&lt;/code&gt;&lt;/pre&gt;&#xA;&#xA;&lt;p&gt;and so on.&#xA;And in the end all i have is &quot;lists&quot;&lt;/p&gt;&#xA;&#xA;&lt;p&gt;This&lt;/p&gt;&#xA;&#xA;&lt;pre&gt;&lt;code&gt;for item in itertools.product(lists): &#xA;   print(item)&#xA;&lt;/code&gt;&lt;/pre&gt;&#xA;&#xA;&lt;p&gt;doesnt work in this case??&lt;/p&gt;&#xA;</Body>
<Tags>python,list</Tags>
</question>
<answer>
<Body>&lt;p&gt;Unpacking everything from a list using &lt;code&gt;*&lt;/code&gt;:&lt;/p&gt;&#xA;&#xA;&lt;pre&gt;&lt;code&gt;&amp;gt;&amp;gt;&amp;gt; import itertools&#xA;&amp;gt;&amp;gt;&amp;gt; a = [&quot;1&quot;]&#xA;&amp;gt;&amp;gt;&amp;gt; b = [&quot;0&quot;]&#xA;&amp;gt;&amp;gt;&amp;gt; c = [&quot;a&quot;,&quot;b&quot;,&quot;c&quot;]&#xA;&amp;gt;&amp;gt;&amp;gt; d = [&quot;d&quot;,&quot;e&quot;,&quot;f&quot;]&#xA;&amp;gt;&amp;gt;&amp;gt; lists = [a,b,c,d]&#xA;&amp;gt;&amp;gt;&amp;gt; for item in itertools.product(*lists):&#xA;        print item&#xA;&#xA;&#xA;('1', '0', 'a', 'd')&#xA;('1', '0', 'a', 'e')&#xA;('1', '0', 'a', 'f')&#xA;('1', '0', 'b', 'd')&#xA;('1', '0', 'b', 'e')&#xA;('1', '0', 'b', 'f')&#xA;('1', '0', 'c', 'd')&#xA;('1', '0', 'c', 'e')&#xA;('1', '0', 'c', 'f')&#xA;&lt;/code&gt;&lt;/pre&gt;&#xA;&#xA;&lt;p&gt;This just unpacks the list into its elements so it is the same as calling &lt;code&gt;itertools.product(a,b,c,d)&lt;/code&gt;. If you don't do this the &lt;code&gt;itertools.product&lt;/code&gt; interperets it as one item, which is a list of lists, &lt;code&gt;[a,b,c,d]&lt;/code&gt; when you want to be finding the product of the four elements inside the list.&lt;/p&gt;&#xA;&#xA;&lt;p&gt;@sberry posted this useful link: &lt;a href=&quot;http://docs.python.org/tutorial/controlflow.html#unpacking-argument-lists&quot; rel=&quot;nofollow&quot;&gt;http://docs.python.org/tutorial/controlflow.html#unpacking-argument-lists&lt;/a&gt;&lt;/p&gt;&#xA;</Body>
</answer>
