<question>
<Title>How to avoid explicitly calling a constructor when passing temporary object by reference in C++?</Title>
<Body>&lt;p&gt;Let's say I have a class:&lt;/p&gt;&#xA;&#xA;&lt;pre&gt;&lt;code&gt;class String&#xA;{&#xA;public:&#xA;     String(char *str);&#xA;};&#xA;&lt;/code&gt;&lt;/pre&gt;&#xA;&#xA;&lt;p&gt;And two functions:&lt;/p&gt;&#xA;&#xA;&lt;pre&gt;&lt;code&gt;void DoSomethingByVal(String Str);&#xA;void DoSomethingByRef(String &amp;amp;Str);&#xA;&lt;/code&gt;&lt;/pre&gt;&#xA;&#xA;&lt;p&gt;If I call DoSomethingByVal like this:&lt;/p&gt;&#xA;&#xA;&lt;pre&gt;&lt;code&gt;DoSomethingByVal(&quot;My string&quot;);&#xA;&lt;/code&gt;&lt;/pre&gt;&#xA;&#xA;&lt;p&gt;the compiler figures out that it should create a temporary String object and call the char* constructor.&lt;/p&gt;&#xA;&#xA;&lt;p&gt;However, if I try to use DoSomethingByRef the same way, I get a &quot;Can't convert parameter from 'char *' to 'String &amp;amp;'&quot; error.&lt;/p&gt;&#xA;&#xA;&lt;p&gt;Instead, I have to explicitly create an instance:&lt;/p&gt;&#xA;&#xA;&lt;pre&gt;&lt;code&gt;DoSomethingByRef(String(&quot;My string&quot;));&#xA;&lt;/code&gt;&lt;/pre&gt;&#xA;&#xA;&lt;p&gt;which can get preety annoying.&lt;/p&gt;&#xA;&#xA;&lt;p&gt;Is there any way to avoid this?&lt;/p&gt;&#xA;</Body>
<Tags>c++,pass-by-reference</Tags>
</question>
<answer>
<Body>&lt;p&gt;You need to pass by const reference:&lt;/p&gt;&#xA;&#xA;&lt;p&gt;For:&lt;/p&gt;&#xA;&#xA;&lt;pre&gt;&lt;code&gt;void DoSomethingByVal(String Str);&#xA;&lt;/code&gt;&lt;/pre&gt;&#xA;&#xA;&lt;p&gt;In this situation the compiler first creates a temporary variable. Then the temporary variable is copy constructed into the parameter.&lt;/p&gt;&#xA;&#xA;&lt;p&gt;For:&lt;/p&gt;&#xA;&#xA;&lt;pre&gt;&lt;code&gt;void DoSomethingByRef(String const&amp;amp; Str);&#xA;&lt;/code&gt;&lt;/pre&gt;&#xA;&#xA;&lt;p&gt;In this situation the compiler creates a temporary variable. But temporary variables can not be bound to a reference they can only be bound to a const reference so your original function can not be called. Note the std::string objects constructor takes a const reference is the parameter to the copy constructor and that is why the first version works as the temporary is bound to the const reference parameter of the copy constructor only.&lt;/p&gt;&#xA;</Body>
</answer>
<answer>
<Body>&lt;p&gt;Hmm, I'm not sure if &lt;/p&gt;&#xA;&#xA;&lt;pre&gt;&lt;code&gt;void DoSomethingByRef(String &amp;amp;Str);&#xA;DoSomethingByRef(String(&quot;My string&quot;));&#xA;&lt;/code&gt;&lt;/pre&gt;&#xA;&#xA;&lt;p&gt;would actually compile. An rvalue can't bind to a reference to non-const  (because a ref to non-const is stating you will modify the value, and it wouldn't make sense to modify a temporary). Are you sure you aren't doing:&lt;/p&gt;&#xA;&#xA;&lt;pre&gt;&lt;code&gt;String str(&quot;My string&quot;);&#xA;DoSomethingByRef(str);&#xA;&lt;/code&gt;&lt;/pre&gt;&#xA;&#xA;&lt;p&gt;If you want DoSomethingByVal to take an rvalue, the parameter has to be a reference to const:&lt;/p&gt;&#xA;&#xA;&lt;pre&gt;&lt;code&gt;void DoSomethingByRef(const String &amp;amp;Str);&#xA;&lt;/code&gt;&lt;/pre&gt;&#xA;</Body>
</answer>
<answer>
<Body>&lt;p&gt;Make:&lt;/p&gt;&#xA;&#xA;&lt;p&gt;DoSomethingByRef(const String &amp;amp;str);&lt;/p&gt;&#xA;</Body>
</answer>
<answer>
<Body>&lt;p&gt;&quot;My String&quot; is not a String, it is a c-string, a char*, if you will. You need to put that c-string into a String object, and THEN you can pass the new String object by reference.&lt;/p&gt;&#xA;&#xA;&lt;p&gt;Another point, you are already passing a char*... that's pretty lightweight, just a pointer. Why worry about passing a new object by reference? Just allocate a new object inside that constructor from the heap and copy the c-string into it.&lt;/p&gt;&#xA;</Body>
</answer>
