<question>
<Title>OpenCV 2.1: where is ostream operator&lt;&lt; for cv::Mat?</Title>
<Body>&lt;p&gt;Following &lt;a href=&quot;https://stackoverflow.com/questions/7970988/print-out-the-values-of-a-mat-matrix-in-opencv-c&quot;&gt;this question&lt;/a&gt;, I am attempting to print out the contents of a &lt;code&gt;cv::Mat&lt;/code&gt; to standard output:&lt;/p&gt;&#xA;&#xA;&lt;pre&gt;&lt;code&gt;#include &amp;lt;iostream&amp;gt;&#xA;#include &amp;lt;opencv/cv.h&amp;gt;&#xA;#include &amp;lt;opencv/cv.hpp&amp;gt;&#xA;#include &amp;lt;opencv/cxcore.h&amp;gt;&#xA;#include &amp;lt;opencv/cxcore.hpp&amp;gt;&#xA;&#xA;int main() {&#xA;&#xA;  cv::Mat m = cv::Mat::ones(10, 10, CV_32S);&#xA;  std::cout &amp;lt;&amp;lt; m &amp;lt;&amp;lt; &quot;\n&quot;;&#xA;&#xA;}&#xA;&lt;/code&gt;&lt;/pre&gt;&#xA;&#xA;&lt;p&gt;This results in the error&lt;/p&gt;&#xA;&#xA;&lt;pre&gt;&lt;code&gt;error: no match for ‘operator&amp;lt;&amp;lt;’ in ‘std::cout &amp;lt;&amp;lt; m’&#xA;&lt;/code&gt;&lt;/pre&gt;&#xA;&#xA;&lt;p&gt;I am using gcc 4.6.1 on Ubuntu 11.10, and installed opencv, excluding the examples, following &lt;a href=&quot;https://help.ubuntu.com/community/OpenCV&quot; rel=&quot;nofollow noreferrer&quot;&gt;these instructions&lt;/a&gt;. My question is, is the operator available in 2.1 and if so, how do I get it?&lt;/p&gt;&#xA;</Body>
<Tags>c++,opencv</Tags>
</question>
<answer>
<Body>&lt;p&gt;Update to OpenCV 2.2 (or higher) and &lt;code&gt;#include &amp;lt;opencv2/opencv.hpp&amp;gt;&lt;/code&gt;&lt;/p&gt;&#xA;&#xA;&lt;p&gt;It's defined at &lt;code&gt;modules/core/include/opencv2/core/operations.hpp&lt;/code&gt;&lt;/p&gt;&#xA;</Body>
</answer>
<answer>
<Body>&lt;p&gt;If the operator is not defined, you might need to upgrade to 2.2 or above. &#xA;Documented &lt;a href=&quot;https://code.ros.org/trac/opencv/browser/trunk/opencv/modules/core/include/opencv2/core/operations.hpp?rev=7199&quot; rel=&quot;nofollow&quot;&gt;Here&lt;/a&gt; Its where you can find the overloaded operators code.&lt;/p&gt;&#xA;</Body>
</answer>
