<question>
<Title>getline won't let me type,  c++</Title>
<Body>&lt;p&gt;I try to get the name of a game the users chooses and store it in a vector.&#xA;I use getline so the user can use a space.&#xA;When I try to type a new game to add it won't let me.&#xA;It automaticly displays me games library.&#xA;Please tell me what I do wrong.&#xA;Problem is at &#xA;    if(action == &quot;add&quot;)&lt;/p&gt;&#xA;&#xA;&lt;p&gt;Here's my code:&lt;/p&gt;&#xA;&#xA;&lt;pre&gt;&lt;code&gt;#include &amp;lt;iostream&amp;gt;&#xA;#include &amp;lt;string&amp;gt;&#xA;#include &amp;lt;vector&amp;gt;&#xA;#include &amp;lt;algorithm&amp;gt;&#xA;#include &amp;lt;ctime&amp;gt;&#xA;#include &amp;lt;cstdlib&amp;gt;&#xA;&#xA;using namespace std;&#xA;&#xA;int main()&#xA;{&#xA;     vector&amp;lt;string&amp;gt;::const_iterator myIterator;&#xA;vector&amp;lt;string&amp;gt;::const_iterator iter;                &#xA;&#xA;vector&amp;lt;string&amp;gt; games;                                &#xA;games.push_back(&quot;Crysis 2&quot;);&#xA;games.push_back(&quot;GodOfWar 3&quot;);&#xA;games.push_back(&quot;FIFA 12&quot;);&#xA;&#xA;cout &amp;lt;&amp;lt;&quot;Welcome to your Games Library.\n&quot;;&#xA;cout &amp;lt;&amp;lt;&quot;\nThese are your games:\n&quot;;&#xA;for (iter = games.begin(); iter != games.end(); ++iter)&#xA;{&#xA;    cout &amp;lt;&amp;lt;*iter &amp;lt;&amp;lt;endl;&#xA;}&#xA;//the loop!&#xA;string action;&#xA;string newGame;&#xA;&#xA;cout &amp;lt;&amp;lt;&quot;\n-Type 'exit' if you want to quit.\n-Type 'add' if you want to add a game.\n-Type 'delete' if you want to delete a game.\n-Type 'find' if you want to search a game.\n-Type 'game' if you don't know what game to play.\n-Type 'show' if you want to view your library.&quot;;&#xA;&#xA;while (action != &quot;exit&quot;)&#xA;{&#xA;&#xA;&#xA;    cout &amp;lt;&amp;lt;&quot;\n\nWhat do you want to do: &quot;;&#xA;    cin &amp;gt;&amp;gt; action;&#xA;&#xA;              //problem is here&#xA;    if (action == &quot;add&quot;)&#xA;    {&#xA;        cout &amp;lt;&amp;lt;&quot;\nType the name of the game you want to add: &quot;;&#xA;        getline (cin, newGame);&#xA;&#xA;        games.push_back(newGame);&#xA;&#xA;        for (iter = games.begin(); iter != games.end(); ++iter)&#xA;        {&#xA;            cout &amp;lt;&amp;lt;*iter &amp;lt;&amp;lt;endl;&#xA;        }&#xA;&#xA;        continue;&#xA;    }&#xA;    else if (action == &quot;show&quot;)&#xA;    {&#xA;        cout &amp;lt;&amp;lt;&quot;\nThese are your games:\n&quot;;&#xA;        for (iter = games.begin(); iter != games.end(); ++iter)&#xA;        {&#xA;            cout &amp;lt;&amp;lt;*iter &amp;lt;&amp;lt;endl;&#xA;        }&#xA;    }&#xA;    else if (action == &quot;delete&quot;)&#xA;    {&#xA;        cout &amp;lt;&amp;lt;&quot;Type the name of the game you want to delete: &quot;;&#xA;        cin &amp;gt;&amp;gt; newGame;&#xA;        getline (cin, newGame);&#xA;&#xA;        iter = find(games.begin(), games.end(), newGame);&#xA;&#xA;        if(iter != games.end())&#xA;        {&#xA;            games.erase(iter);&#xA;            cout &amp;lt;&amp;lt;&quot;\nGame deleted!&quot;;&#xA;        }&#xA;        else&#xA;        {&#xA;            cout&amp;lt;&amp;lt;&quot;\nGame not found.&quot;;&#xA;        }&#xA;&#xA;        continue;&#xA;    }&#xA;    else if (action == &quot;find&quot;)&#xA;    {&#xA;        cout &amp;lt;&amp;lt;&quot;Which game you want to look for in your library: &quot;;&#xA;        cin &amp;gt;&amp;gt; newGame;&#xA;        getline (cin, newGame);&#xA;&#xA;        iter = find(games.begin(), games.end(), newGame);&#xA;&#xA;        if (iter != games.end())&#xA;        {&#xA;            cout &amp;lt;&amp;lt; &quot;Game found.\n&quot;;&#xA;        }&#xA;        else&#xA;        {&#xA;            cout &amp;lt;&amp;lt; &quot;Game not found.\n&quot;;&#xA;        }&#xA;&#xA;        continue;&#xA;    }&#xA;    else if (action == &quot;game&quot;)&#xA;    {&#xA;        srand(static_cast&amp;lt;unsigned int&amp;gt;(time(0)));&#xA;        random_shuffle(games.begin(), games.end());&#xA;        cout &amp;lt;&amp;lt; &quot;\nWhy don't you play &quot; &amp;lt;&amp;lt; games[0];&#xA;&#xA;        continue;&#xA;    }&#xA;    else if (action == &quot;quit&quot;)&#xA;    {&#xA;        cout &amp;lt;&amp;lt;&quot;\nRemember to have fun while gaming!!\n&quot;;&#xA;        break;&#xA;    }&#xA;    else&#xA;    {&#xA;        cout &amp;lt;&amp;lt;&quot;\nCommand not found&quot;;&#xA;    }&#xA;}&#xA;return 0;&#xA;&#xA;}&#xA;&lt;/code&gt;&lt;/pre&gt;&#xA;</Body>
<Tags>c++,getline</Tags>
</question>
<answer>
<Body>&lt;p&gt;I don't get what you exactly wrote, but:&lt;/p&gt;&#xA;&#xA;&lt;ul&gt;&#xA;&lt;li&gt;&lt;code&gt;getline&lt;/code&gt; will fetch the whole line in its second parameter in your case &lt;code&gt;newGame&lt;/code&gt;&lt;/li&gt;&#xA;&lt;li&gt;when you call &lt;code&gt;cin &amp;gt;&amp;gt; newGame;&lt;/code&gt; above the getline, you frst use the &lt;code&gt;istream operator &amp;gt;&amp;gt;&lt;/code&gt; of &lt;code&gt;string&lt;/code&gt;. It reads until the first separator. This in your case is the space between &lt;code&gt;Tomb&lt;/code&gt; and &lt;code&gt;Raider&lt;/code&gt;&lt;/li&gt;&#xA;&lt;li&gt;Afterwords you overwrite the value read with &lt;code&gt;cin &amp;gt;&amp;gt; newGame;&lt;/code&gt; using the &lt;code&gt;getline&lt;/code&gt;. Until the &lt;code&gt;getline&lt;/code&gt; the value was &lt;code&gt;Tomb&lt;/code&gt;, afterwords it becomes &lt;code&gt;Raider&lt;/code&gt;&lt;/li&gt;&#xA;&lt;/ul&gt;&#xA;&#xA;&lt;p&gt;Just remove the &lt;code&gt;cin&lt;/code&gt;:&lt;/p&gt;&#xA;&#xA;&lt;pre&gt;&lt;code&gt;cin &amp;gt;&amp;gt; newGame;&#xA;getline (cin, newGame);&#xA;&lt;/code&gt;&lt;/pre&gt;&#xA;&#xA;&lt;p&gt;-&gt; &lt;/p&gt;&#xA;&#xA;&lt;pre&gt;&lt;code&gt;getline (cin, newGame);&#xA;&lt;/code&gt;&lt;/pre&gt;&#xA;&#xA;&lt;p&gt;&lt;strong&gt;EDIT&lt;/strong&gt; Now as you posted all your code I am sure your case is exactly what I thought of. In the line &lt;code&gt;cin &amp;gt;&amp;gt; action;&lt;/code&gt; you prompt the user to select an action. He enters it and hits enter so he can make your program active once more. However, the &lt;code&gt;cin &amp;gt;&amp;gt;&lt;/code&gt; will read the value, but not clear the enter the user pressed. Thus the first &lt;code&gt;getline&lt;/code&gt; you invoke will just read this enter and nothing else. If you do:&lt;/p&gt;&#xA;&#xA;&lt;pre&gt;&lt;code&gt;cin &amp;gt;&amp;gt; newGame;&#xA;getline (cin, newGame);&#xA;&lt;/code&gt;&lt;/pre&gt;&#xA;&#xA;&lt;p&gt;-&gt; &lt;/p&gt;&#xA;&#xA;&lt;pre&gt;&lt;code&gt;cin.get();&#xA;getline (cin, newGame);&#xA;&lt;/code&gt;&lt;/pre&gt;&#xA;&#xA;&lt;p&gt;This will work. I tried it. Basically the first &lt;code&gt;cin.get();&lt;/code&gt; clears the enter and the &lt;code&gt;getline&lt;/code&gt; prompts the user for input.&lt;/p&gt;&#xA;&#xA;&lt;p&gt;&lt;strong&gt;EDIT2&lt;/strong&gt; Adding one more improvement on the lay the trailing new lines are handled. This is maybe the most correct way to handle them, but I intentionally did not provide this solution trying not to confuse the OP with complex code:&lt;/p&gt;&#xA;&#xA;&lt;pre&gt;&lt;code&gt;   if (cin.peek() == '\n' || cin.peek() == '\r') {&#xA;      cin.get();&#xA;   }&#xA;   getline (cin, newGame);&#xA;&lt;/code&gt;&lt;/pre&gt;&#xA;</Body>
</answer>
<answer>
<Body>&lt;p&gt;Could you please try this:&lt;/p&gt;&#xA;&#xA;&lt;pre&gt;&lt;code&gt;cout &amp;lt;&amp;lt;&quot;Type the name of the game you want to add: &quot;;&#xA;&lt;/code&gt;&lt;/pre&gt;&#xA;&#xA;&lt;p&gt;instead of your this code:&lt;/p&gt;&#xA;&#xA;&lt;pre&gt;&lt;code&gt;cout &amp;lt;&amp;lt;&quot;\nType the name of the game you want to add: &quot;;&#xA;&lt;/code&gt;&lt;/pre&gt;&#xA;&#xA;&lt;p&gt;I am not sure whether it works or not. but please give a try.&lt;/p&gt;&#xA;</Body>
</answer>
<answer>
<Body>&lt;p&gt;The problem maybe because of a stray '\n'. getline as the name suggests gets the values of the complete line. So how does your compiler know when you have finished. It uses the character &lt;code&gt;\n&lt;/code&gt;. If it reads a left over &lt;code&gt;\n&lt;/code&gt; it will assume that the line has ended, so if u remove it i think it should work.So just find out the line before the getline which may have left a stray \n.&lt;/p&gt;&#xA;</Body>
</answer>
<answer>
<Body>&lt;p&gt;Mixing &lt;/p&gt;&#xA;&#xA;&lt;pre&gt;&lt;code&gt;cin &amp;gt;&amp;gt; value1;&#xA;&lt;/code&gt;&lt;/pre&gt;&#xA;&#xA;&lt;p&gt;and &lt;/p&gt;&#xA;&#xA;&lt;pre&gt;&lt;code&gt;getline(cin, value2);&#xA;&lt;/code&gt;&lt;/pre&gt;&#xA;&#xA;&lt;p&gt;is inviting trouble.  The problem is that &lt;code&gt;getline&lt;/code&gt; reads until the next '\n' (and consumes it), while &lt;code&gt;&amp;gt;&amp;gt;&lt;/code&gt; reads until the next white-space (and does not consume it).&lt;/p&gt;&#xA;&#xA;&lt;p&gt;This means that when you read &lt;code&gt;value1&lt;/code&gt; via &lt;code&gt;&amp;gt;&amp;gt;&lt;/code&gt;, the new-line character remains in the stream, then you try to read a whole line and read &quot;nothing&quot; (the &lt;code&gt;getline&lt;/code&gt; will consume the new-line character that is the immediate input from the stream).&lt;/p&gt;&#xA;&#xA;&lt;p&gt;Suggestions of doubling the &lt;code&gt;getline&lt;/code&gt; will work, but only until you read via &lt;code&gt;getline&lt;/code&gt; in another branch, when it will break, because that &lt;code&gt;getline&lt;/code&gt; consumes the new-line, contrary to &lt;code&gt;&amp;gt;&amp;gt;&lt;/code&gt;, which does not.&lt;/p&gt;&#xA;&#xA;&lt;p&gt;I suggest you handle all your input via &lt;code&gt;getline&lt;/code&gt;, then tokenize the read string, if further processing is needed.  This way ou ensure that the new-line handling is consistent and also that spaces are read correctly.&lt;/p&gt;&#xA;</Body>
</answer>
