<question>
<Title>X11 : How to Render Continuously</Title>
<Body>&lt;p&gt;I am creating an X11 window for a game, but it seems to only do the expose event once in a while (like maximizing and resizing), is there any way to have X11 call expose constantly? Kind of how glut has glutPostRedisplay()&lt;/p&gt;&#xA;</Body>
<Tags>c++,c,x11</Tags>
</question>
<answer>
<Body>&lt;p&gt;The expose event just tells you that a part of the window which was previously obscured is now visible, so you might need to redraw. There is no restriction that you redraw &lt;em&gt;only&lt;/em&gt; at expose events.&lt;/p&gt;&#xA;</Body>
</answer>
