<question>
<Title>c++ static method with struct parametrs</Title>
<Body>&lt;p&gt;i have this problem...&lt;/p&gt;&#xA;&#xA;&lt;p&gt;i have a my struct:&lt;/p&gt;&#xA;&#xA;&lt;pre&gt;&lt;code&gt;typedef struct Mystruct{&#xA;  float a;&#xA;  float b;&#xA;}&#xA;&lt;/code&gt;&lt;/pre&gt;&#xA;&#xA;&lt;p&gt;and a static method:&lt;/p&gt;&#xA;&#xA;&lt;pre&gt;&lt;code&gt;float static MyStaticMethod(MyStruct a, MyStruct b);&#xA;&lt;/code&gt;&lt;/pre&gt;&#xA;&#xA;&lt;p&gt;when i call this method:&lt;/p&gt;&#xA;&#xA;&lt;pre&gt;&lt;code&gt;Mystruct s;&#xA;s.a = 1;&#xA;s.b = 2;&#xA;&#xA;Mystruct t;&#xA;t.a = 1;&#xA;t.b = 2;&#xA;&#xA;MyClass.MyStaticMethod(s,t);&#xA;&lt;/code&gt;&lt;/pre&gt;&#xA;&#xA;&lt;p&gt;i have this error at compile time:&lt;/p&gt;&#xA;&#xA;&lt;pre&gt;&lt;code&gt;Error   51  error C2228: left of '.MyStaticMethod' must have class/struct/union&#xA;&#xA;Error   50  error C2275: 'MyClass' : illegal use of this type as an expression&#xA;&lt;/code&gt;&lt;/pre&gt;&#xA;</Body>
<Tags>c++,visual-studio-2010,struct,compiler-errors,static-methods</Tags>
</question>
<answer>
<Body>&lt;p&gt;You need to call it using a scope resolution operator:   &lt;/p&gt;&#xA;&#xA;&lt;pre&gt;&lt;code&gt;MyClass::MyStaticMethod(s,t);&#xA;       ^^&#xA;&lt;/code&gt;&lt;/pre&gt;&#xA;</Body>
</answer>
<answer>
<Body>&lt;p&gt;apart from using &quot;MyClass::MyStaticMethod(s,t);&quot;, you could also call the static method on an instance:&lt;/p&gt;&#xA;&#xA;&lt;pre&gt;&lt;code&gt;MyClass instance;&#xA;instance.MyStaticMethod(s,t);&#xA;&lt;/code&gt;&lt;/pre&gt;&#xA;&#xA;&lt;p&gt;and it should read:&lt;/p&gt;&#xA;&#xA;&lt;pre&gt;&lt;code&gt;typedef struct {&#xA;  float a;&#xA;  float b;&#xA;} Mystruct;&#xA;&lt;/code&gt;&lt;/pre&gt;&#xA;&#xA;&lt;p&gt;(the new typename comes last)&lt;/p&gt;&#xA;</Body>
</answer>
<answer>
<Body>&lt;p&gt;The keyword &lt;code&gt;static&lt;/code&gt; is &lt;em&gt;overloaded&lt;/em&gt; in the C++ language (i.e. it has multiple meanings). In the code that you presented:&lt;/p&gt;&#xA;&#xA;&lt;pre&gt;&lt;code&gt;struct MyStruct {&#xA;};&#xA;static float MyStaticFunction( MyStruct, MyStruct );&#xA;&lt;/code&gt;&lt;/pre&gt;&#xA;&#xA;&lt;p&gt;the meaning of &lt;code&gt;static&lt;/code&gt; is &lt;em&gt;internal linkage&lt;/em&gt; (i.e. the symbol will not be usable outside of the current translation unit. If this is present in a header, then each including translation unit will get it's own copy of the function. In this case, usage is that of a free function:&lt;/p&gt;&#xA;&#xA;&lt;pre&gt;&lt;code&gt;MyStruct a,b;&#xA;float f = MyStaticFunction( a, b );&#xA;&lt;/code&gt;&lt;/pre&gt;&#xA;&#xA;&lt;p&gt;It seems from the attempt to use it that what you meant was using &lt;code&gt;static&lt;/code&gt; in this alternate scenario:&lt;/p&gt;&#xA;&#xA;&lt;pre&gt;&lt;code&gt;struct MyStruct {&#xA;   static float MyStaticFunction( MyStruct, MyStruct );&#xA;};&#xA;&lt;/code&gt;&lt;/pre&gt;&#xA;&#xA;&lt;p&gt;where it has a different meaning: &lt;em&gt;the member belongs to the class, not to a particular instance&lt;/em&gt;. In this case, the function can be called in one of two ways, the most common one is:&lt;/p&gt;&#xA;&#xA;&lt;pre&gt;&lt;code&gt;MyStruct a,b;&#xA;float f = MyStruct::MyStaticFunction( a, b );&#xA;&lt;/code&gt;&lt;/pre&gt;&#xA;&#xA;&lt;p&gt;even though the language also allows (I would not recommend using it, it might be confusing): &lt;/p&gt;&#xA;&#xA;&lt;pre&gt;&lt;code&gt;float f a.MyStaticFunction(a,b);&#xA;&lt;/code&gt;&lt;/pre&gt;&#xA;&#xA;&lt;p&gt;Where the confusion arises because it looks like calling a &lt;em&gt;member&lt;/em&gt; function on &lt;code&gt;a&lt;/code&gt;, rather than calling a &lt;em&gt;static member&lt;/em&gt; function on the class.&lt;/p&gt;&#xA;</Body>
</answer>
