<question>
<Title>Using partial to create slots for signals with return values in PyQt</Title>
<Body>&lt;p&gt;I have a dictionary whose keys are the names of all the dials in my PyQT interface.  The values associated with these keys are certain numeric values associated with each dial that need to be passed to a handler function (to determine which dial was moved), along with the new value of that dial. &lt;/p&gt;&#xA;&#xA;&lt;p&gt;I've used functools.partial to create a different instance of the handler function for each of the numeric values, but the &quot;valueChanged&quot; signal returns an integer and I'm not sure how to pass it into the partial function as well.  The following doesn't seem to work, as the dialChanged function ends up never being called: &lt;/p&gt;&#xA;&#xA;&lt;pre&gt;&lt;code&gt;for dial, cc, in dialDict.iteritems():&#xA;    getattr(self.ui, dial).setRange(0,127)&#xA;    getattr(self.ui, dial).valueChanged.connect(&#xA;        lambda value: partial(self.windowHandler.dialChanged, &#xA;                              mainWindowInstance=self, &#xA;                              cc=cc, &#xA;                              value=value))&#xA;&lt;/code&gt;&lt;/pre&gt;&#xA;&#xA;&lt;p&gt;I think the problem has to do with the use of the lambda function inside the for loop and scope, but I'm not sure how to otherwise go about passing the return value of the valueChanged signal into the slot created by partial.  Any suggestions would be appreciated.&lt;/p&gt;&#xA;</Body>
<Tags>python,pyqt</Tags>
</question>
<answer>
<Body>&lt;p&gt;I actually think it does make sense to use partial here, and ditch the lambda, but to make your &lt;code&gt;dialChanged&lt;/code&gt; handler have a callback friendly signature:&lt;/p&gt;&#xA;&#xA;&lt;pre&gt;&lt;code&gt;# where ever this is defined&#xA;def dialChanged(value, mainWindowInstance=None, cc=None):&#xA;    pass&#xA;&#xA;cbk = partial(&#xA;    self.windowHandler.dialChanged, &#xA;    mainWindowInstance=self, &#xA;    cc=cc)&#xA;&#xA;.valueChanged.connect(cbk)&#xA;&lt;/code&gt;&lt;/pre&gt;&#xA;&#xA;&lt;p&gt;The slot is going to be called with a value arg, so this should line up with the signature I would think. The lambda is only necessary if you don't have control over that dialChanged slot function and you need to completely reformat the signature by wrapping around the call.&lt;/p&gt;&#xA;</Body>
</answer>
