<question>
<Title>how to compile this logic in visual C++ express 2010</Title>
<Body>&lt;p&gt;I have C++ code from a book and would like to run it in visual C++ express 2010 but I got an error like following. Could you tell me how to run this code ?&#xA;Thank you so much !&lt;/p&gt;&#xA;&#xA;&lt;pre&gt;&lt;code&gt;#include &amp;lt;iostream&amp;gt;&#xA;&#xA;class Cat&#xA;{&#xA;public:&#xA;int itsAge;&#xA;int itsWeight;&#xA;};&#xA;&#xA;int main()&#xA;{&#xA;Cat Frisky;&#xA;Frisky.itsAge = 5;&#xA;std::count &amp;lt;&amp;lt; &quot;Frisky is a cat who is &quot;;&#xA;std::count &amp;lt;&amp;lt; Frisky.itsAge &amp;lt;&amp;lt; &quot; years old.\n&quot;;&#xA;&#xA;reutrn 0;&#xA;}&#xA;&lt;/code&gt;&lt;/pre&gt;&#xA;&#xA;&lt;pre class=&quot;lang-none prettyprint-override&quot;&gt;&lt;code&gt; ------ Build started: Project: chp6, Configuration: Debug Win32 ------&#xA;  list6_1.cpp&#xA;  list6_1.cpp(2): warning C4627: '#include &amp;lt;iostream&amp;gt;': skipped when looking for          precompiled header use&#xA;            Add directive to 'StdAfx.h' or rebuild precompiled header&#xA;  list6_1.cpp(20): fatal error C1010: unexpected end of file while looking for precompiled header. Did you forget to add '#include &quot;StdAfx.h&quot;' to your source?&#xA;   ========== Build: 0 succeeded, 1 failed, 0 up-to-date, 0 skipped ==========&#xA;&lt;/code&gt;&lt;/pre&gt;&#xA;</Body>
<Tags>c++,visual-studio-2010,visual-c++</Tags>
</question>
<answer>
<Body>&lt;p&gt;Set up the project as a Blank Win32 Console Application. Add in your source code and compile. It should work then.&lt;/p&gt;&#xA;&#xA;&lt;p&gt;Or you can just add in the file it was asking for: &lt;code&gt;Did you forget to add '#include &quot;StdAfx.h&quot;' to your source?&lt;/code&gt; as per the error report.&lt;/p&gt;&#xA;</Body>
</answer>
<answer>
<Body>&lt;p&gt;After fixing simple typos and &lt;em&gt;actually reading the error message&lt;/em&gt;..:&lt;/p&gt;&#xA;&#xA;&lt;pre&gt;&lt;code&gt;#include &quot;StdAfx.h&quot;&#xA;#include &amp;lt;iostream&amp;gt;&#xA;&#xA;class Cat&#xA;{&#xA;public:&#xA;    int itsAge;&#xA;    int itsWeight;&#xA;};&#xA;&#xA;int main()&#xA;{&#xA;    Cat Frisky;&#xA;    Frisky.itsAge = 5;&#xA;    std::cout &amp;lt;&amp;lt; &quot;Frisky is a cat who is &quot;;&#xA;    std::cout &amp;lt;&amp;lt; Frisky.itsAge &amp;lt;&amp;lt; &quot; years old.\n&quot;;&#xA;&#xA;    return 0;&#xA;}&#xA;&lt;/code&gt;&lt;/pre&gt;&#xA;</Body>
</answer>
<answer>
<Body>&lt;p&gt;In your project settings, turn off precompiled headers. This has been turned on when you created the project (probably by default) and it's expecting &lt;code&gt;#include &quot;StdAfx.h&quot;&lt;/code&gt; to be the first line of your file.&lt;/p&gt;&#xA;</Body>
</answer>
