<question>
<Title>Python Frequency Distribution (FreqDist / NLTK) Issue</Title>
<Body>&lt;p&gt;I'm attempting to break a list of words (a tokenized string) into each possible substring. I'd then like to run a FreqDist on each substring, to find the most common substring. The first part works fine. However, when I run the FreqDist, I get the error:&lt;/p&gt;&#xA;&#xA;&lt;pre&gt;&lt;code&gt;TypeError: unhashable type: 'list'&#xA;&lt;/code&gt;&lt;/pre&gt;&#xA;&#xA;&lt;p&gt;Here is my code:&lt;/p&gt;&#xA;&#xA;&lt;pre&gt;&lt;code&gt;import nltk&#xA;&#xA;string = ['This','is','a','sample']&#xA;substrings = []&#xA;&#xA;count1 = 0&#xA;count2 = 0&#xA;&#xA;for word in string:&#xA;    while count2 &amp;lt;= len(string):&#xA;        if count1 != count2:&#xA;            temp = string[count1:count2]&#xA;            substrings.append(temp)&#xA;        count2 += 1&#xA;    count1 +=1&#xA;    count2 = count1&#xA;&#xA;print substrings&#xA;&#xA;fd = nltk.FreqDist(substrings)&#xA;&#xA;print fd&#xA;&lt;/code&gt;&lt;/pre&gt;&#xA;&#xA;&lt;p&gt;The output of &lt;code&gt;substrings&lt;/code&gt; is fine. Here it is:&lt;/p&gt;&#xA;&#xA;&lt;pre&gt;&lt;code&gt;[['This'], ['This', 'is'], ['This', 'is', 'a'], ['This', 'is', 'a', 'sample'], ['is'], ['is', 'a'], ['is', 'a', 'sample'], ['a'], ['a', 'sample'], ['sample']]&#xA;&lt;/code&gt;&lt;/pre&gt;&#xA;&#xA;&lt;p&gt;However, I just can't get the FreqDist to run on it. Any insight would be greatly appreciated. In this case, each substring would only have a FreqDist of 1, but this program is meant to be run on a much larger sample of text.&lt;/p&gt;&#xA;</Body>
<Tags>python,nltk,frequency-distribution</Tags>
</question>
<answer>
<Body>&lt;p&gt;I'm not completely certain what you want, but the error message is saying that it wants to hash the list, which is usually a sign it's putting it in a set or using it as a dictionary key.  We can get around this by giving it tuples instead.&lt;/p&gt;&#xA;&#xA;&lt;pre&gt;&lt;code&gt;&amp;gt;&amp;gt;&amp;gt; import nltk&#xA;&amp;gt;&amp;gt;&amp;gt; import itertools&#xA;&amp;gt;&amp;gt;&amp;gt; &#xA;&amp;gt;&amp;gt;&amp;gt; sentence = ['This','is','a','sample']&#xA;&amp;gt;&amp;gt;&amp;gt; contiguous_subs = [sentence[i:j] for i,j in itertools.combinations(xrange(len(sentence)+1), 2)]&#xA;&amp;gt;&amp;gt;&amp;gt; contiguous_subs&#xA;[['This'], ['This', 'is'], ['This', 'is', 'a'], ['This', 'is', 'a', 'sample'],&#xA; ['is'], ['is', 'a'], ['is', 'a', 'sample'], ['a'], ['a', 'sample'],&#xA; ['sample']]&#xA;&lt;/code&gt;&lt;/pre&gt;&#xA;&#xA;&lt;p&gt;but we still have&lt;/p&gt;&#xA;&#xA;&lt;pre&gt;&lt;code&gt;&amp;gt;&amp;gt;&amp;gt; fd = nltk.FreqDist(contiguous_subs)&#xA;Traceback (most recent call last):&#xA;  File &quot;&amp;lt;stdin&amp;gt;&quot;, line 1, in &amp;lt;module&amp;gt;&#xA;  File &quot;/usr/local/lib/python2.7/dist-packages/nltk/probability.py&quot;, line 107, in __init__&#xA;    self.update(samples)&#xA;  File &quot;/usr/local/lib/python2.7/dist-packages/nltk/probability.py&quot;, line 437, in update&#xA;    self.inc(sample, count=count)&#xA;  File &quot;/usr/local/lib/python2.7/dist-packages/nltk/probability.py&quot;, line 122, in inc&#xA;    self[sample] = self.get(sample,0) + count&#xA;TypeError: unhashable type: 'list'&#xA;&lt;/code&gt;&lt;/pre&gt;&#xA;&#xA;&lt;p&gt;If we make the subsequences into tuples, though:&lt;/p&gt;&#xA;&#xA;&lt;pre&gt;&lt;code&gt;&amp;gt;&amp;gt;&amp;gt; contiguous_subs = [tuple(sentence[i:j]) for i,j in itertools.combinations(xrange(len(sentence)+1), 2)]&#xA;&amp;gt;&amp;gt;&amp;gt; contiguous_subs&#xA;[('This',), ('This', 'is'), ('This', 'is', 'a'), ('This', 'is', 'a', 'sample'), ('is',), ('is', 'a'), ('is', 'a', 'sample'), ('a',), ('a', 'sample'), ('sample',)]&#xA;&amp;gt;&amp;gt;&amp;gt; fd = nltk.FreqDist(contiguous_subs)&#xA;&amp;gt;&amp;gt;&amp;gt; print fd&#xA;&amp;lt;FreqDist: ('This',): 1, ('This', 'is'): 1, ('This', 'is', 'a'): 1, ('This', 'is', 'a', 'sample'): 1, ('a',): 1, ('a', 'sample'): 1, ('is',): 1, ('is', 'a'): 1, ('is', 'a', 'sample'): 1, ('sample',): 1&amp;gt;&#xA;&lt;/code&gt;&lt;/pre&gt;&#xA;&#xA;&lt;p&gt;Is that what you're looking for?&lt;/p&gt;&#xA;</Body>
</answer>
