<question>
<Title>Python packages: relative imports</Title>
<Body>&lt;p&gt;I'm working on a Python application consisting of a core and multiple independent modules using the core. I'm having difficulty setting up relative imports of packages.&lt;/p&gt;&#xA;&#xA;&lt;pre&gt;&lt;code&gt;app&#xA;  |- __init__.py&#xA;  |- core&#xA;        |- __init__.py&#xA;        |- corefile.py&#xA;&#xA;  |- module1&#xA;        |- __init__.py&#xA;        |- main.py&#xA;&lt;/code&gt;&lt;/pre&gt;&#xA;&#xA;&lt;p&gt;The &lt;code&gt;__init__.py&lt;/code&gt; files are empty. I'm running Python 2.7.1.&lt;/p&gt;&#xA;&#xA;&lt;pre&gt;&lt;code&gt;main.py&#xA;from .core import *&#xA;&lt;/code&gt;&lt;/pre&gt;&#xA;&#xA;&lt;p&gt;Running &lt;code&gt;python main.py&lt;/code&gt; results in &lt;code&gt;ValueError: Attempted relative import in non-package&lt;/code&gt;.&lt;/p&gt;&#xA;&#xA;&lt;p&gt;Similar questions: &lt;a href=&quot;https://stackoverflow.com/questions/8299270/&quot;&gt;Ultimate answer to relative python imports&lt;/a&gt;, &lt;a href=&quot;https://stackoverflow.com/questions/72852/&quot;&gt;How to do relative imports in Python?&lt;/a&gt;, &lt;a href=&quot;https://stackoverflow.com/questions/4175534/&quot;&gt;Relative imports in Python&lt;/a&gt; &lt;/p&gt;&#xA;&#xA;&lt;p&gt;Thanks for the help.&lt;/p&gt;&#xA;</Body>
<Tags>python,python-module,relative-import</Tags>
</question>
<answer>
<Body>&lt;p&gt;In short, you can only use relative imports from packages that are, themselves, imported.&lt;/p&gt;&#xA;&#xA;&lt;p&gt;For example, if you had:&lt;/p&gt;&#xA;&#xA;&lt;pre&gt;&lt;code&gt;$ cat run.py&#xA;from app.module1 import main&#xA;main.main()&#xA;$ python run.py&#xA;&lt;/code&gt;&lt;/pre&gt;&#xA;&#xA;&lt;p&gt;Then you could use a relative import in &lt;code&gt;app/module1/main.py&lt;/code&gt; (although it would need to be &lt;code&gt;from ..core import foo&lt;/code&gt;, because &lt;code&gt;core/&lt;/code&gt; is one level above &lt;code&gt;main.py&lt;/code&gt;).&lt;/p&gt;&#xA;</Body>
</answer>
<answer>
<Body>&lt;pre&gt;&lt;code&gt;import sys&#xA;abs_filepath = '/home/n/Documents/IMPORTANT/deep_learning/drori_2018/    final_proj/Ryans_branch/StackGAN/'&#xA;# insert your absolute filepath above as abs_filepath = '/path/to/targ/dir'&#xA;sys.path.append(abs_filepath)&#xA;&lt;/code&gt;&lt;/pre&gt;&#xA;&#xA;&lt;p&gt;Please correct it if there are problems with doing the &lt;code&gt;import&lt;/code&gt; this way&lt;/p&gt;&#xA;&#xA;&lt;h3&gt;Other Answers:&lt;/h3&gt;&#xA;&#xA;&lt;p&gt;Also please see &lt;a href=&quot;https://stackoverflow.com/questions/14132789/relative-imports-for-the-billionth-time&quot;&gt;here&lt;/a&gt; for a thorough answer about what's going on.&lt;/p&gt;&#xA;</Body>
</answer>
