<question>
<Title>Automatically Including OpenCV Libraries of Different Versions</Title>
<Body>&lt;p&gt;I've been automatically including the opencv library files for my c++ code on Visual Studio 2008 on Windows 7 with the following code:&lt;/p&gt;&#xA;&#xA;&lt;pre&gt;&lt;code&gt;#ifndef NDEBUG&#xA;#pragma comment(lib, &quot;opencv_core231d.lib&quot;)&#xA;#pragma comment(lib, &quot;opencv_highgui231d.lib&quot;)&#xA;#pragma comment(lib, &quot;opencv_imgproc231d.lib&quot;)&#xA;#else&#xA;#pragma comment(lib, &quot;opencv_core231.lib&quot;)&#xA;#pragma comment(lib, &quot;opencv_highgui231.lib&quot;)&#xA;#pragma comment(lib, &quot;opencv_imgproc231.lib&quot;)&#xA;#endif &#xA;&lt;/code&gt;&lt;/pre&gt;&#xA;&#xA;&lt;p&gt;but I run into trouble when the system has a different version of the opencv library installed because the .lib files have the version (in this case, 2.31) in the filename. Is there a good way to automatically or near-automatically detect what version of the opencv library is available then slide in the appropriate version string into the pragma?&lt;/p&gt;&#xA;</Body>
<Tags>c++,visual-studio,opencv</Tags>
</question>
<answer>
<Body>&lt;p&gt;There are small changes between different OpenCV versions - not much, but enough to crash your app when you change from 2.0 to 2.2 or from 2.2 to 2.3.1. Also, the beta 2.4 release has enough changes from previous ones.&lt;/p&gt;&#xA;&#xA;&lt;p&gt;So best is to test your app with an OpenCV version, and deliver it with those dlls only.&lt;/p&gt;&#xA;&#xA;&lt;p&gt;A small example: &lt;/p&gt;&#xA;&#xA;&lt;pre&gt;&lt;code&gt;Mat a(3,3,CV_8UC3);&#xA;&#xA;a.setTo( Scalar(10) ); // in 2.3.1 will set all channels to 10,&#xA;// in 2.2 will only set first channel. &#xA;&lt;/code&gt;&lt;/pre&gt;&#xA;&#xA;&lt;p&gt;The corresponding 2.2 call would be&lt;/p&gt;&#xA;&#xA;&lt;pre&gt;&lt;code&gt;a.setTo(Scalar::all(10));&#xA;&lt;/code&gt;&lt;/pre&gt;&#xA;&#xA;&lt;p&gt;Or&lt;/p&gt;&#xA;&#xA;&lt;pre&gt;&lt;code&gt;a = 0; // runs fine on 2.3.1. Equivalent to setTo().&#xA;// Does not compile on earlier versions&#xA;&lt;/code&gt;&lt;/pre&gt;&#xA;&#xA;&lt;p&gt;Another example is &lt;code&gt;cv::drawPoly()&lt;/code&gt;, which has a different signature on 2.2 and 2.3.1.&lt;/p&gt;&#xA;&#xA;&lt;p&gt;Given the fact that those changes are not well documented, the chance to miss one of them by mistake is really high.&lt;/p&gt;&#xA;</Body>
</answer>
<answer>
<Body>&lt;p&gt;I have worked out a solution to having code run on various versions of OPENCV by merging the following articles:&lt;/p&gt;&#xA;&#xA;&lt;ol&gt;&#xA;&lt;li&gt;&lt;a href=&quot;https://stackoverflow.com/questions/195975/how-to-make-a-char-string-from-a-c-macros-value&quot;&gt;How to make a string out of macros&lt;/a&gt;&lt;/li&gt;&#xA;&lt;li&gt;&lt;a href=&quot;https://stackoverflow.com/questions/1739102/concatenating-strings-in-macros-c&quot;&gt;Concatenating strings in macros&lt;/a&gt;&lt;/li&gt;&#xA;&lt;li&gt;&lt;a href=&quot;https://stackoverflow.com/questions/3030099/c-c-pragma-in-define-macro&quot;&gt;Pragma statements in #defines&lt;/a&gt; with &lt;a href=&quot;http://msdn.microsoft.com/en-us/library/d9x1s805%28v=vs.90%29.aspx&quot; rel=&quot;nofollow noreferrer&quot;&gt;support for VS2008 here on MSDN&lt;/a&gt;&lt;/li&gt;&#xA;&lt;li&gt;Bonus: &lt;a href=&quot;https://stackoverflow.com/questions/377075/visual-c-2008-how-to-have-global-settings-defined-in-a-solution&quot;&gt;How to have global settings defined in a solution&lt;/a&gt;&lt;/li&gt;&#xA;&lt;/ol&gt;&#xA;&#xA;&lt;p&gt;As noted, this can cause some serious grief if you pop between incompatible versions but for those versions and features supported this may be useful to some. Use this technique to set the opencv version once and have your code automatically link to the desired version by either &lt;/p&gt;&#xA;&#xA;&lt;ol&gt;&#xA;&lt;li&gt;&lt;h1&gt;define the OPENCV_VERSIONin one place in your source code&lt;/h1&gt;&lt;/li&gt;&#xA;&lt;li&gt;Define it in a Property Sheet&lt;/li&gt;&#xA;&lt;li&gt;Define it in a system environment variable.&lt;/li&gt;&#xA;&lt;/ol&gt;&#xA;&#xA;&lt;p&gt;My code ended up like so:&lt;/p&gt;&#xA;&#xA;&lt;pre&gt;&lt;code&gt;#include &amp;lt;iostream&amp;gt;&#xA;&#xA;// #define OPENCV_VERSION $(OPENCV_VERSION)&#xA;// #define OPENCV_VERSION 220&#xA;&#xA;#define QUOTE(name) #name&#xA;#define STR(macro) QUOTE(macro) &#xA;&#xA;#define LINK_TO_OPENCV(libname) __pragma(comment(lib, &quot;opencv_&quot; #libname STR(OPENCV_VERSION)))&#xA;#define LINK_TO_OPENCV_DEBUG(libname) __pragma(comment(lib, &quot;opencv_&quot; #libname STR(OPENCV_VERSION) &quot;d&quot;))&#xA;&#xA;#ifndef NDEBUG&#xA;LINK_TO_OPENCV_DEBUG(&quot;core&quot;)&#xA;LINK_TO_OPENCV_DEBUG(&quot;highgui&quot;)&#xA;LINK_TO_OPENCV_DEBUG(&quot;imgproc&quot;)&#xA;#else&#xA;LINK_TO_OPENCV(&quot;core&quot;)&#xA;LINK_TO_OPENCV(&quot;highgui&quot;)&#xA;LINK_TO_OPENCV(&quot;imgproc&quot;)&#xA;#endif &#xA;&#xA;&#xA;int main()&#xA;{&#xA;    std::cout &amp;lt;&amp;lt; STR(LINK_TO_OPENCV(&quot;core&quot;)) &amp;lt;&amp;lt; &quot;\n&quot;;&#xA;    return 0;&#xA;}&#xA;&lt;/code&gt;&lt;/pre&gt;&#xA;&#xA;&lt;p&gt;And now to set the OPENCV_VERSION anywhere you like. For example, you can have a single header file included by everyone that has the line:&lt;/p&gt;&#xA;&#xA;&lt;pre&gt;&lt;code&gt;#define OPENCV_VERSION 220&#xA;&lt;/code&gt;&lt;/pre&gt;&#xA;&#xA;&lt;p&gt;Or you can goto Project-&gt;Properties-&gt;C/C++-&gt;Preprocessor and set Preprocessor Definitions to OPENCV_VERSION=220. &lt;em&gt;Or&lt;/em&gt; you can do the same thing in a shared property sheet for the entire solution. &lt;/p&gt;&#xA;&#xA;&lt;p&gt;&lt;em&gt;Or&lt;/em&gt;, and this is important, you can use this technique to define a global environment variable in windows itself called OPENCV_VERSION_ENV and set its value to the version code (say, 220). Then you can put set the preprocessor definition to &lt;code&gt;OPENCV_VERSION=$(OPENCV_VERSION_ENV)&lt;/code&gt; and you will bring in the environment variable into the link command. You CANNOT do a &lt;code&gt;#define OPEN_VERSION $(OPENCV_VERSION_ENV)&lt;/code&gt; but since the property pages will automatically translate $(macros) we can get environment variables there.&lt;/p&gt;&#xA;</Body>
</answer>
