<question>
<Title>With QClipboard, how can I copy rich text and have it downgrade to plain text for text editors?</Title>
<Body>&lt;p&gt;I've got a preexisting function that generates a rich text/html report. My app displays this report in a tooltip. I've added the ability to copy this report to the clipboard using something like the following code:&lt;/p&gt;&#xA;&#xA;&lt;pre&gt;&lt;code&gt;    reportRichText = generateReport()&#xA;    clipboard = QApplication.clipboard()&#xA;    reportRichTextMime = QMimeData()&#xA;    reportRichTextMime.setHtml(reportRichText )&#xA;    clipboard.setMimeData(reportRichTextMime)&#xA;&lt;/code&gt;&lt;/pre&gt;&#xA;&#xA;&lt;p&gt;This allows me to copy the report and paste it into anything that accepts rich text. For example I can paste the report fine into MS Word. The problem is, however, I cannot paste into a plain-text editor. I simply have a grayed-out &quot;Paste&quot; selection as if there's nothing to paste. Another interesting tidbit, if I do &quot;Paste Special&quot; with MS Word, I only have the option to paste as &quot;HTML Format&quot; no plain text option is listed.&lt;/p&gt;&#xA;&#xA;&lt;p&gt;Of course if I simply use QClipboard to copy as plain-text, I can copy-paste wherever I want. However I'm copying/pasting all the markup. Which is obviously what I don't want. I either want rich text or non-marked up plain text.&lt;/p&gt;&#xA;&#xA;&lt;p&gt;The behavior I would expect is the behavior you get when you copy/paste text from a web browser. For applications that accept rich text, rich text is pasted in (moreover MS Word will allow you to paste as plain text OR rich text). For plain-text editors the non-rendered plain text is pasted into the plain text editor.&lt;/p&gt;&#xA;&#xA;&lt;p&gt;How can I use QClipboard to take Rich-text that can also be pasted as plain text?&lt;/p&gt;&#xA;</Body>
<Tags>python,qt,copy-paste,pyside</Tags>
</question>
<answer>
<Body>&lt;p&gt;I'm not very familiar with Qt yet, but from some Googling it looks like you need to subclass &lt;code&gt;QMimeData&lt;/code&gt; and write your own &lt;code&gt;html()&lt;/code&gt; and &lt;code&gt;text()&lt;/code&gt; methods that return HTML and text versions of the data, along with a &lt;code&gt;formats()&lt;/code&gt; method that returns &lt;code&gt;text/html&lt;/code&gt; and &lt;code&gt;text/plain&lt;/code&gt; as the types supported in the object. Then put that on the clipboard.&lt;/p&gt;&#xA;</Body>
</answer>
<answer>
<Body>&lt;p&gt;Well I'm pretty sure the correct way to do this is to call &lt;strong&gt;both&lt;/strong&gt; setText and setHtml on the QMimeData. From the &lt;a href=&quot;http://doc.qt.nokia.com/4.7-snapshot/qmimedata.html#setText&quot; rel=&quot;nofollow&quot;&gt;QT docs for QMimeData&lt;/a&gt;:&lt;/p&gt;&#xA;&#xA;&lt;blockquote&gt;&#xA;  &lt;p&gt;A single QMimeData object can store the same data using several different formats at the same time&lt;/p&gt;&#xA;&lt;/blockquote&gt;&#xA;&#xA;&lt;p&gt;IE if you do:&lt;/p&gt;&#xA;&#xA;&lt;pre&gt;&lt;code&gt;reportRichText = generateReport()&#xA;clipboard = QApplication.clipboard()&#xA;reportRichTextMime = QMimeData()&#xA;reportRichTextMime.setHtml(reportRichText)&#xA;reportRichTextMime.setText(&quot;hello!&quot;)&#xA;clipboard.setMimeData(reportRichTextMime)&#xA;&lt;/code&gt;&lt;/pre&gt;&#xA;&#xA;&lt;p&gt;then you get:&lt;/p&gt;&#xA;&#xA;&lt;pre&gt;&#xA;hello!&#xA;&lt;/pre&gt;&#xA;&#xA;&lt;p&gt;pasted into editors accepting plain-text and my pretty report in editors accepting rtf text. This is because &quot;hello!&quot; is the plain-text representation of the data, while my report is the HTML representation.&lt;/p&gt;&#xA;&#xA;&lt;p&gt;For my report, I just decided to go back and figure out a way to generate the report in both HTML and plain text which wasn't as annoying or difficult as I thought it would be. So in effect what I have now is:&lt;/p&gt;&#xA;&#xA;&lt;pre&gt;&lt;code&gt;reportRichText = generateReport(rtf=True)&#xA;reportPlainText = generateReport(rtf=False)&#xA;clipboard = QApplication.clipboard()&#xA;reportRichTextMime = QMimeData()&#xA;reportRichTextMime.setHtml(reportRichText)&#xA;reportRichTextMime.setText(reportPlainText)&#xA;clipboard.setMimeData(reportRichTextMime)&#xA;&lt;/code&gt;&lt;/pre&gt;&#xA;&#xA;&lt;p&gt;and this seems to do the trick&lt;/p&gt;&#xA;</Body>
</answer>
