<question>
<Title>Propagation of NaN through calculations</Title>
<Body>&lt;p&gt;Normally, NaN (not a number) propagates through calculations, so I don't need to check for NaN in each step. This works almost always, but apparently there are exceptions. For example:&lt;/p&gt;&#xA;&#xA;&lt;pre&gt;&lt;code&gt;&amp;gt;&amp;gt;&amp;gt; nan = float('nan')&#xA;&amp;gt;&amp;gt;&amp;gt; pow(nan, 0)&#xA;1.0&#xA;&lt;/code&gt;&lt;/pre&gt;&#xA;&#xA;&lt;p&gt;I found the &lt;a href=&quot;http://en.wikipedia.org/wiki/NaN#Function_definition&quot; rel=&quot;nofollow&quot;&gt;following comment&lt;/a&gt; on this:&lt;/p&gt;&#xA;&#xA;&lt;blockquote&gt;&#xA;  &lt;p&gt;The propagation of quiet NaNs through arithmetic operations allows&#xA;  errors to be detected at the end of a sequence of operations without&#xA;  extensive testing during intermediate stages. However, note that&#xA;  depending on the language and the function, NaNs can silently be&#xA;  removed in expressions that would give a constant result for all other&#xA;  floating-point values e.g. NaN^0, which may be defined as 1, so in&#xA;  general a later test for a set INVALID flag is needed to detect all&#xA;  cases where NaNs are introduced.&lt;/p&gt;&#xA;  &#xA;  &lt;p&gt;To satisfy those wishing a more strict interpretation of how the power&#xA;  function should act, the 2008 standard defines two additional power&#xA;  functions; pown(x, n) where the exponent must be an integer, and&#xA;  powr(x, y) which returns a NaN whenever a parameter is a NaN or the&#xA;  exponentiation would give an indeterminate form.&lt;/p&gt;&#xA;&lt;/blockquote&gt;&#xA;&#xA;&lt;p&gt;Is there a way to check the INVALID flag mentioned above through Python? Alternatively, is there any other approach to catch cases where NaN does not propagate?&lt;/p&gt;&#xA;&#xA;&lt;p&gt;Motivation: I decided to use NaN for missing data. In my application, missing inputs should result in missing result. It works great, with the exception I described. &lt;/p&gt;&#xA;</Body>
<Tags>python,python-3.x,nan,numerical</Tags>
</question>
<answer>
<Body>&lt;p&gt;If it's just &lt;code&gt;pow()&lt;/code&gt; giving you headaches, you can easily redefine it to return &lt;code&gt;NaN&lt;/code&gt; under whatever circumstances you like.&lt;/p&gt;&#xA;&#xA;&lt;pre&gt;&lt;code&gt;def pow(x, y):&#xA;    return x ** y if x == x else float(&quot;NaN&quot;)&#xA;&lt;/code&gt;&lt;/pre&gt;&#xA;&#xA;&lt;p&gt;If &lt;code&gt;NaN&lt;/code&gt; can be used as an exponent you'd also want to check for that; this raises a &lt;code&gt;ValueError&lt;/code&gt; exception except when the base is 1 (apparently on the theory that 1 to any power, even one that's not a number, is 1).&lt;/p&gt;&#xA;&#xA;&lt;p&gt;(And of course &lt;code&gt;pow()&lt;/code&gt; actually takes three operands, the third optional, which omission I'll leave as an exercise...)&lt;/p&gt;&#xA;&#xA;&lt;p&gt;Unfortunately the &lt;code&gt;**&lt;/code&gt; operator has the same behavior, and there's no way to redefine that for built-in numeric types. A possibility to catch this is to write a subclass of &lt;code&gt;float&lt;/code&gt; that implements &lt;code&gt;__pow__()&lt;/code&gt; and &lt;code&gt;__rpow__()&lt;/code&gt; and use that class for your &lt;code&gt;NaN&lt;/code&gt; values. &lt;/p&gt;&#xA;&#xA;&lt;p&gt;Python doesn't seem to provide access to any flags set by calculations; even if it did, it's something you'd have to check after each individual operation.&lt;/p&gt;&#xA;&#xA;&lt;p&gt;&lt;strong&gt;In fact, on further consideration,&lt;/strong&gt; I think the best solution might be to simply use an instance of a dummy class for missing values. Python will choke on any operation you try to do with these values, raising an exception, and you can catch the exception and return a default value or whatever. There's no reason to proceed with the rest of the calculation if a needed value is missing, so an exception should be fine.&lt;/p&gt;&#xA;</Body>
</answer>
<answer>
<Body>&lt;p&gt;Why using &lt;code&gt;NaN&lt;/code&gt; that already has another semantic instead of using an instance of a class &lt;code&gt;MissingData&lt;/code&gt; defined by yourself?&lt;/p&gt;&#xA;&#xA;&lt;p&gt;Defining operations on &lt;code&gt;MissingData&lt;/code&gt; instances to get propagation should be easy...&lt;/p&gt;&#xA;</Body>
</answer>
<answer>
<Body>&lt;p&gt;To answer your question:  No, there is no way to check the flags using normal floats.  You can use the Decimal class, however, which provides much more control &lt;strong&gt;. . .&lt;/strong&gt; but is a bit slower.&lt;/p&gt;&#xA;&#xA;&lt;p&gt;Your other option is to use an &lt;code&gt;EmptyData&lt;/code&gt; or &lt;code&gt;Null&lt;/code&gt; class, such as this one:&lt;/p&gt;&#xA;&#xA;&lt;pre&gt;&lt;code&gt;class NullType(object):&#xA;    &quot;Null object -- any interaction returns Null&quot;&#xA;    def _null(self, *args, **kwargs):&#xA;        return self&#xA;    __eq__ = __ne__ = __ge__ = __gt__ = __le__ = __lt__ = _null&#xA;    __add__ = __iadd__ = __radd__ = _null&#xA;    __sub__ = __isub__ = __rsub__ = _null&#xA;    __mul__ = __imul__ = __rmul__ = _null&#xA;    __div__ = __idiv__ = __rdiv__ = _null&#xA;    __mod__ = __imod__ = __rmod__ = _null&#xA;    __pow__ = __ipow__ = __rpow__ = _null&#xA;    __and__ = __iand__ = __rand__ = _null&#xA;    __xor__ = __ixor__ = __rxor__ = _null&#xA;    __or__ = __ior__ = __ror__ = _null&#xA;    __divmod__ = __rdivmod__ = _null&#xA;    __truediv__ = __itruediv__ = __rtruediv__ = _null&#xA;    __floordiv__ = __ifloordiv__ = __rfloordiv__ = _null&#xA;    __lshift__ = __ilshift__ = __rlshift__ = _null&#xA;    __rshift__ = __irshift__ = __rrshift__ = _null&#xA;    __neg__ = __pos__ = __abs__ = __invert__ = _null&#xA;    __call__ = __getattr__ = _null&#xA;&#xA;    def __divmod__(self, other):&#xA;        return self, self&#xA;    __rdivmod__ = __divmod__&#xA;&#xA;    if sys.version_info[:2] &amp;gt;= (2, 6):&#xA;        __hash__ = None&#xA;    else:&#xA;        def __hash__(yo):&#xA;            raise TypeError(&quot;unhashable type: 'Null'&quot;)&#xA;&#xA;    def __new__(cls):&#xA;        return cls.null&#xA;    def __nonzero__(yo):&#xA;        return False&#xA;    def __repr__(yo):&#xA;        return '&amp;lt;null&amp;gt;'&#xA;    def __setattr__(yo, name, value):&#xA;        return None&#xA;    def __setitem___(yo, index, value):&#xA;        return None&#xA;    def __str__(yo):&#xA;        return ''&#xA;NullType.null = object.__new__(NullType)&#xA;Null = NullType()&#xA;&lt;/code&gt;&lt;/pre&gt;&#xA;&#xA;&lt;p&gt;You may want to change the &lt;code&gt;__repr__&lt;/code&gt; and &lt;code&gt;__str__&lt;/code&gt; methods.  Also, be aware that &lt;code&gt;Null&lt;/code&gt; cannot be used as a dictionary key, nor stored in a set.&lt;/p&gt;&#xA;</Body>
</answer>
<answer>
<Body>&lt;p&gt;I realise that a month has passed since this was asked, but I've come across a similar problem (i.e. &lt;code&gt;pow(float('nan'), 1)&lt;/code&gt; throws an exception in some Python implementations, e.g. Jython 2.52b2), and I found the above answers weren't quite what I was looking for.&lt;/p&gt;&#xA;&#xA;&lt;p&gt;Using a MissingData type as suggested by 6502 seems like the way to go, but I needed a concrete example. I tried Ethan Furman's NullType class but found that that this didn't work with any arithmetic operations as it doesn't coerce data types (see below), and I also didn't like that it explicitly named each arithmetic function that was overriden.&lt;/p&gt;&#xA;&#xA;&lt;p&gt;Starting with Ethan's example and tweaking code I found &lt;a href=&quot;http://code.activestate.com/recipes/307618-class-with-default-method-handler/&quot; rel=&quot;nofollow&quot;&gt;here&lt;/a&gt;, I arrived at the class below.  Although the class is heavily commented you can see that it actually only has a handful of lines of functional code in it.&lt;/p&gt;&#xA;&#xA;&lt;p&gt;The key points are:&#xA;&lt;strong&gt;&lt;em&gt;1.&lt;/em&gt;&lt;/strong&gt; Use coerce() to return two NoData objects for mixed type (e.g. NoData + float) arithmetic operations, and two strings for string based (e.g. concat) operations.&#xA;&lt;strong&gt;&lt;em&gt;2.&lt;/em&gt;&lt;/strong&gt; Use getattr() to return a callable NoData() object for all other attribute/method access&#xA;&lt;strong&gt;&lt;em&gt;3.&lt;/em&gt;&lt;/strong&gt; Use call() to implement all other methods of the NoData() object: by returning a NoData() object&lt;/p&gt;&#xA;&#xA;&lt;p&gt;Here's some examples of its use.  &lt;/p&gt;&#xA;&#xA;&lt;pre&gt;&lt;code&gt;&amp;gt;&amp;gt;&amp;gt; nd = NoData()&#xA;&amp;gt;&amp;gt;&amp;gt; nd + 5&#xA;NoData()&#xA;&amp;gt;&amp;gt;&amp;gt; pow(nd, 1)&#xA;NoData()&#xA;&amp;gt;&amp;gt;&amp;gt; math.pow(NoData(), 1)&#xA;Traceback (most recent call last):&#xA;  File &quot;&amp;lt;stdin&amp;gt;&quot;, line 1, in &amp;lt;module&amp;gt;&#xA;TypeError: nb_float should return float object&#xA;&amp;gt;&amp;gt;&amp;gt; nd &amp;gt; 5&#xA;NoData()&#xA;&amp;gt;&amp;gt;&amp;gt; if nd &amp;gt; 5:&#xA;...     print &quot;Yes&quot;&#xA;... else:&#xA;...     print &quot;No&quot;&#xA;... &#xA;No&#xA;&amp;gt;&amp;gt;&amp;gt; &quot;The answer is &quot; + nd&#xA;'The answer is NoData()'&#xA;&amp;gt;&amp;gt;&amp;gt; &quot;The answer is %f&quot; % (nd)&#xA;Traceback (most recent call last):&#xA;  File &quot;&amp;lt;stdin&amp;gt;&quot;, line 1, in &amp;lt;module&amp;gt;&#xA;TypeError: float argument required, not instance&#xA;&amp;gt;&amp;gt;&amp;gt; &quot;The answer is %s&quot; % (nd)&#xA;'The answer is '&#xA;&amp;gt;&amp;gt;&amp;gt; nd.f = 5&#xA;&amp;gt;&amp;gt;&amp;gt; nd.f&#xA;NoData()&#xA;&amp;gt;&amp;gt;&amp;gt; nd.f()&#xA;NoData()&#xA;&lt;/code&gt;&lt;/pre&gt;&#xA;&#xA;&lt;p&gt;I noticed that using pow with NoData() calls the ** operator and hence works with NoData, but using math.pow does not as it first tries to convert the NoData() object to a float. I'm happy using the non math pow - hopefully 6502 etc were using math.pow when they had problems with pow in their comments above.&lt;/p&gt;&#xA;&#xA;&lt;p&gt;The other issue I can't think of a way of solving is the use with the format (%f) operator... No methods of NoData are called in this case, the operator just fails if you don't provide a float.  Anyway here's the class itself.&lt;/p&gt;&#xA;&#xA;&lt;pre&gt;&lt;code&gt;class NoData():&#xA;&quot;&quot;&quot;NoData object - any interaction returns NoData()&quot;&quot;&quot;&#xA;def __str__(self):&#xA;    #I want '' returned as it represents no data in my output (e.g. csv) files&#xA;    return ''        &#xA;&#xA;def __unicode__(self):&#xA;    return ''&#xA;&#xA;def __repr__(self):&#xA;    return 'NoData()'&#xA;&#xA;def __coerce__(self, other_object):&#xA;    if isinstance(other_object, str) or isinstance(other_object, unicode):&#xA;        #Return string objects when coerced with another string object.&#xA;        #This ensures that e.g. concatenation operations produce strings.&#xA;        return repr(self), other_object  &#xA;    else:&#xA;        #Otherwise return two NoData objects - these will then be passed to the appropriate&#xA;        #operator method for NoData, which should then return a NoData object&#xA;        return self, self&#xA;&#xA;def __nonzero__(self):&#xA;    #__nonzero__ is the operation that is called whenever, e.g. &quot;if NoData:&quot; occurs&#xA;    #i.e. as all operations involving NoData return NoData, whenever a &#xA;    #NoData object propagates to a test in branch statement.       &#xA;    return False        &#xA;&#xA;def __hash__(self):&#xA;    #prevent NoData() from being used as a key for a dict or used in a set&#xA;    raise TypeError(&quot;Unhashable type: &quot; + self.repr())&#xA;&#xA;def __setattr__(self, name, value):&#xA;    #This is overridden to prevent any attributes from being created on NoData when e.g. &quot;NoData().f = x&quot; is called&#xA;    return None       &#xA;&#xA;def __call__(self, *args, **kwargs):&#xA;    #if a NoData object is called (i.e. used as a method), return a NoData object&#xA;    return self    &#xA;&#xA;def __getattr__(self,name):&#xA;    #For all other attribute accesses or method accesses, return a NoData object.&#xA;    #Remember that the NoData object can be called (__call__), so if a method is called, &#xA;    #a NoData object is first returned and then called.  This works for operators,&#xA;    #so e.g. NoData() + 5 will:&#xA;    # - call NoData().__coerce__, which returns a (NoData, NoData) tuple&#xA;    # - call __getattr__, which returns a NoData object&#xA;    # - call the returned NoData object with args (self, NoData)&#xA;    # - this call (i.e. __call__) returns a NoData object   &#xA;&#xA;    #For attribute accesses NoData will be returned, and that's it.&#xA;&#xA;    #print name #(uncomment this line for debugging purposes i.e. to see that attribute was accessed/method was called)&#xA;    return self&#xA;&lt;/code&gt;&lt;/pre&gt;&#xA;</Body>
</answer>
