<question>
<Title>How To Reversibly Store Password With Python On Linux?</Title>
<Body>&lt;p&gt;First, my question is not about password hashing, but password encryption. I'm building a desktop application that needs to authentificate the user to a third party service. To speed up the login process, I want to give the user the option to save his credentials. Since I need the password to authentificate him to the service, it can't be hashed.&lt;/p&gt;&#xA;&#xA;&lt;p&gt;I thought of using the pyCrypto module and its Blowfish or AES implementation to encrypt the credentials. The problem is where to store the key. I know some applications store the key directly in the source code, but since I am coding an open source application, this doesn't seem like a very efficient solution.&lt;/p&gt;&#xA;&#xA;&lt;p&gt;So I was wondering how, on Linux, you would implement user specific or system specific keys to increase password storing security.&lt;/p&gt;&#xA;&#xA;&lt;p&gt;If you have a better solution to this problem than using pyCrypto and system/user specific keys, don't hesitate to share it. As I said before, hashing is not a solution and I know password encryption is vulnerable, but I want to give the option to the user. Using Gnome-Keyring is not an option either, since a lot of people (including myself) don't use it.&lt;/p&gt;&#xA;</Body>
<Tags>python,linux,encryption,passwords</Tags>
</question>
<answer>
<Body>&lt;p&gt;Password Safe is designed by Bruce Schneier and open source.  It's for Windows, but you should be able to see what they are doing and possibly reuse it.&lt;/p&gt;&#xA;&#xA;&lt;p&gt;&lt;a href=&quot;http://www.schneier.com/passsafe.html&quot; rel=&quot;nofollow noreferrer&quot;&gt;http://www.schneier.com/passsafe.html&lt;/a&gt;&lt;/p&gt;&#xA;&#xA;&lt;p&gt;&lt;a href=&quot;http://passwordsafe.sourceforge.net/&quot; rel=&quot;nofollow noreferrer&quot;&gt;http://passwordsafe.sourceforge.net/&lt;/a&gt;&lt;/p&gt;&#xA;&#xA;&lt;p&gt;Read this: &lt;a href=&quot;http://chargen.matasano.com/chargen/2009/7/22/if-youre-typing-the-letters-a-e-s-into-your-code-youre-doing.html&quot; rel=&quot;nofollow noreferrer&quot;&gt;If you type A-E-S into your code, you're doing it wrong.&lt;/a&gt;&lt;/p&gt;&#xA;</Body>
</answer>
<answer>
<Body>&lt;p&gt;Try using &lt;a href=&quot;http://www.kernel.org/pub/linux/libs/pam/&quot; rel=&quot;noreferrer&quot;&gt;PAM&lt;/a&gt;. You can make a module that automatically un-encrypts the key when the user logs in. This is internally how GNOME-Keyring works (if possible). You can even write PAM modules in Python with &lt;a href=&quot;http://ace-host.stuart.id.au/russell/files/pam_python/&quot; rel=&quot;noreferrer&quot;&gt;pam_python&lt;/a&gt;.&lt;/p&gt;&#xA;</Body>
</answer>
<answer>
<Body>&lt;p&gt;Encrypting the passwords doesn't really buy you a whole lot more protection than storing in plaintext.  Anyone capable of accessing the database probably also has full access to your webserver machines.&lt;/p&gt;&#xA;&#xA;&lt;p&gt;However, if the loss of security is acceptable, and you really need this, I'd generate a new keyfile (from a good source of random data) as part of the installation process and use this.  Obviously store this key as securely as possible (locked down file permissions etc).  Using a single key embedded in the source is not a good idea - there's no reason why seperate installations should have the same keys.&lt;/p&gt;&#xA;</Body>
</answer>
