<question>
<Title>Is there a python ftp library for uploading whole directories (including subdirectories)?</Title>
<Body>&lt;p&gt;So I know about ftplib, but that's a bit too low for me as it still requires me to handle uploading files one at a time as well as determining if there are subdirectories, creating the equivalent subdirectories on the server, cd'ing into those subdirectories and then finally uploading the correct files into those subdirectories.  It's an annoying task that I'd rather avoid if I can, what with writing tests, setting up test ftp servers etc etc..&lt;/p&gt;&#xA;&#xA;&lt;p&gt;Any of you know of a library (&lt;a href=&quot;http://www.codinghorror.com/blog/archives/001268.html&quot; rel=&quot;nofollow noreferrer&quot;&gt;or mb some code scrawled on the bathroom wall..&lt;/a&gt;) that takes care of this for me or should I just accept my fate and roll my own?&lt;/p&gt;&#xA;&#xA;&lt;p&gt;Thanks&lt;/p&gt;&#xA;</Body>
<Tags>python,ftp</Tags>
</question>
<answer>
<Body>&lt;blockquote&gt;&#xA;  &lt;p&gt;The ftputil Python library is a high-level interface to the ftplib module.&lt;/p&gt;&#xA;&lt;/blockquote&gt;&#xA;&#xA;&lt;p&gt;Looks like this could help. &lt;a href=&quot;http://ftputil.sschwarzer.net/trac&quot; rel=&quot;noreferrer&quot;&gt;ftputil website&lt;/a&gt;&lt;/p&gt;&#xA;</Body>
</answer>
<answer>
<Body>&lt;p&gt;If wget is installed on your system, you could have your script call it to do the ftp'ing for you. It supports recursive transfers, site mirroring, and many other features.&lt;/p&gt;&#xA;</Body>
</answer>
