<question>
<Title>invalid use of template-name without an argument list</Title>
<Body>&lt;p&gt;So i have a class name repository which is just a simple array.Here is a part of the class:&lt;/p&gt;&#xA;&#xA;&lt;pre&gt;&lt;code&gt;template&amp;lt;class Element&amp;gt;&#xA;class repository {&#xA;private:&#xA;    int size;&#xA;    int capacity;&#xA;    Element* elements;&#xA;&lt;/code&gt;&lt;/pre&gt;&#xA;&#xA;&lt;p&gt;I have another class named participant.I want to have a repository of participants and perform actions on that repository using a new class named controller.But I don`t know how to declare the type of the repository in the controller.&lt;/p&gt;&#xA;&#xA;&lt;p&gt;Here is a part of the class participant:&lt;/p&gt;&#xA;&#xA;&lt;pre&gt;&lt;code&gt;class participant {&#xA;private:&#xA;    int position;&#xA;    int score;&#xA;&lt;/code&gt;&lt;/pre&gt;&#xA;&#xA;&lt;p&gt;And here is a part from the class controller:&lt;/p&gt;&#xA;&#xA;&lt;pre&gt;&lt;code&gt;#include &quot;repository.h&quot;&#xA;#include &quot;participant.h&quot;&#xA;class controller {&#xA;private:&#xA;    repository repository;&#xA;    repository temporary;&#xA;    void createCopy();&#xA;public:&#xA;    controller();&#xA;    controller(repository repo);&#xA;&lt;/code&gt;&lt;/pre&gt;&#xA;&#xA;&lt;p&gt;And I get the errors:&lt;/p&gt;&#xA;&#xA;&lt;p&gt;-invalid use of template-name 'repository' without an argument list int the lines with repository repository and repository temporary;&lt;/p&gt;&#xA;&#xA;&lt;p&gt;-expected ')' before 'repo' in the line with controller(repository repo);&lt;/p&gt;&#xA;&#xA;&lt;p&gt;How should I declare  the type for the repository and temporary in the declaration of class controller so that I won`t get any other errors?&lt;/p&gt;&#xA;</Body>
<Tags>c++,templates</Tags>
</question>
<answer>
<Body>&lt;p&gt;Repository is a class template, so you need to declare your data members as&lt;/p&gt;&#xA;&#xA;&lt;pre&gt;&lt;code&gt;private:&#xA;    repository&amp;lt;SomeType&amp;gt; repository; // but this hides repository name&#xA;    repository&amp;lt;SomeType&amp;gt; temporary;  // repository has another meaning now!&#xA;&lt;/code&gt;&lt;/pre&gt;&#xA;&#xA;&lt;p&gt;where &lt;code&gt;SomeType&lt;/code&gt; in this case is probably &lt;code&gt;participant&lt;/code&gt;. &lt;code&gt;repository&lt;/code&gt; by itself doesn't name a type, &lt;code&gt;repository&amp;lt;int&amp;gt;&lt;/code&gt; or &lt;code&gt;repository&amp;lt;std::string&amp;gt;&lt;/code&gt; etc. does. Next, your data member name cannot be &lt;code&gt;repository&lt;/code&gt;, since that is the template name needed for &lt;code&gt;temporary&lt;/code&gt;. So change the name of the data member:&lt;/p&gt;&#xA;&#xA;&lt;pre&gt;&lt;code&gt;private:&#xA;    repository&amp;lt;SomeType&amp;gt; repo_;&#xA;&lt;/code&gt;&lt;/pre&gt;&#xA;&#xA;&lt;p&gt;Likewise, your constructor must take a type:&lt;/p&gt;&#xA;&#xA;&lt;pre&gt;&lt;code&gt;controller(repository&amp;lt;participant&amp;gt; repo);&#xA;&lt;/code&gt;&lt;/pre&gt;&#xA;&#xA;&lt;p&gt;although you probably want to pass &lt;code&gt;repo&lt;/code&gt; by const reference:&lt;/p&gt;&#xA;&#xA;&lt;pre&gt;&lt;code&gt;controller(const repository&amp;lt;participant&amp;gt;&amp;amp; repo);&#xA;&lt;/code&gt;&lt;/pre&gt;&#xA;</Body>
</answer>
