<question>
<Title>how do i insert spaces into a string using the range function?</Title>
<Body>&lt;p&gt;If I have a string, for example  which reads: 'Hello how are you today Joe' How am I able to insert spaces into it at regular intervals? So for example I want to insert spaces into it using the range function in these steps: range(0,27,2). So it will look like this:&lt;/p&gt;&#xA;&#xA;&lt;pre&gt;&lt;code&gt;&quot;He ll o  ho w  ar e  yo u  to da y  Jo e&quot;&#xA;&lt;/code&gt;&lt;/pre&gt;&#xA;&#xA;&lt;p&gt;It now has a space at every 2nd index going up to it's end. How do I do this does anyone know? thanks.&lt;/p&gt;&#xA;</Body>
<Tags>python</Tags>
</question>
<answer>
<Body>&lt;p&gt;The most straight-forward approach for this particular case is&lt;/p&gt;&#xA;&#xA;&lt;pre&gt;&lt;code&gt;s = 'Hello how are you today Joe'&#xA;s = &quot; &quot;.join(s[i:i+2] for i in range(0, len(s), 2))&#xA;&lt;/code&gt;&lt;/pre&gt;&#xA;&#xA;&lt;p&gt;This splits the string into chunks of two characters each first, and then joins these chunks with spaces.&lt;/p&gt;&#xA;</Body>
</answer>
<answer>
<Body>&lt;p&gt;This does everything!&lt;/p&gt;&#xA;&#xA;&lt;pre class=&quot;lang-py prettyprint-override&quot;&gt;&lt;code&gt;&amp;gt;&amp;gt;&amp;gt; def insert_spaces(text, s_range):&#xA;        return ' '.join(text[start:end] for start, end in &#xA;                        zip([0] + s_range, s_range + [len(text)])).strip()&#xA;&lt;/code&gt;&lt;/pre&gt;&#xA;&#xA;&lt;p&gt;The question example:&lt;/p&gt;&#xA;&#xA;&lt;pre&gt;&lt;code&gt;&amp;gt;&amp;gt;&amp;gt; insert_spaces('Hello how are you today Joe', range(0, 27, 2))&#xA;'He ll o  ho w  ar e  yo u  to da y  Jo e'&#xA;&lt;/code&gt;&lt;/pre&gt;&#xA;&#xA;&lt;p&gt;Other examples with different &lt;code&gt;starts&lt;/code&gt;, &lt;code&gt;steps&lt;/code&gt; and &lt;code&gt;stops&lt;/code&gt;:&lt;/p&gt;&#xA;&#xA;&lt;pre&gt;&lt;code&gt;&amp;gt;&amp;gt;&amp;gt; insert_spaces('Hello how are you today Joe', range(5, 20, 4))&#xA;'Hello  how  are  you  today Joe'&#xA;&amp;gt;&amp;gt;&amp;gt; insert_spaces('Hello how are you today Joe', range(0, 27))&#xA;'H e l l o   h o w   a r e   y o u   t o d a y   J o e'&#xA;&amp;gt;&amp;gt;&amp;gt; insert_spaces('abcdefghijklmnopqrstuvwxyz', range(0, 16, 5))&#xA;'abcde fghij klmno pqrstuvwxyz'&#xA;&lt;/code&gt;&lt;/pre&gt;&#xA;</Body>
</answer>
<answer>
<Body>&lt;p&gt;Just another way to do it&lt;/p&gt;&#xA;&#xA;&lt;pre&gt;&lt;code&gt;&amp;gt;&amp;gt;&amp;gt; ''.join(e if (i+1)%2 else e+&quot; &quot; for (i,e) in enumerate(list(s)))&#xA;'He ll o  ho w  ar e  yo u  to da y  Jo e'&#xA;&lt;/code&gt;&lt;/pre&gt;&#xA;</Body>
</answer>
