<question>
<Title>python database location</Title>
<Body>&lt;p&gt;Of course, assuming the program is running in the same directory with the database.&lt;/p&gt;&#xA;</Body>
<Tags>python</Tags>
</question>
<answer>
<Body>&lt;p&gt;You do not need to provide an absolute path to &lt;code&gt;open()&lt;/code&gt;, instead you can provide a relative path to the file you are opening from the current working directory.&lt;/p&gt;&#xA;&#xA;&lt;p&gt;You can use this to eliminate the need for your &lt;code&gt;databasepath&lt;/code&gt; variable, as long as the script is run from the same directory as the database (or always has the same relative path to the database).&lt;/p&gt;&#xA;&#xA;&lt;p&gt;You may find the &lt;a href=&quot;http://docs.python.org/library/os.html#os.getcwd&quot; rel=&quot;nofollow&quot;&gt;&lt;code&gt;os.getcwd()&lt;/code&gt;&lt;/a&gt; function useful for determining what the working directory of your script is.&lt;/p&gt;&#xA;</Body>
</answer>
