<question>
<Title>Replace part of a string in Python?</Title>
<Body>&lt;blockquote&gt;&#xA;  &lt;p&gt;&lt;strong&gt;Possible Duplicate:&lt;/strong&gt;&lt;br&gt;&#xA;  &lt;a href=&quot;https://stackoverflow.com/questions/4489074/python-regular-expression-replacing-part-of-a-matched-string&quot;&gt;python regular expression replacing part of a matched string&lt;/a&gt;  &lt;/p&gt;&#xA;&lt;/blockquote&gt;&#xA;&#xA;&#xA;&#xA;&lt;p&gt;I used regular expressions to get a string from a web page and part of the string may contain something I would like to replace with something else. How would it be possible to do this? My code is this, for example:&lt;/p&gt;&#xA;&#xA;&lt;pre class=&quot;lang-python prettyprint-override&quot;&gt;&lt;code&gt;stuff = &quot;Big and small&quot;&#xA;if stuff.find(&quot; and &quot;) == -1:&#xA;    # make stuff &quot;Big/small&quot;&#xA;else:&#xA;    stuff = stuff&#xA;&lt;/code&gt;&lt;/pre&gt;&#xA;</Body>
<Tags>python</Tags>
</question>
<answer>
<Body>&lt;pre&gt;&lt;code&gt;&amp;gt;&amp;gt;&amp;gt; stuff = &quot;Big and small&quot;&#xA;&amp;gt;&amp;gt;&amp;gt; stuff.replace(&quot; and &quot;,&quot;/&quot;)&#xA;'Big/small'&#xA;&lt;/code&gt;&lt;/pre&gt;&#xA;</Body>
</answer>
<answer>
<Body>&lt;p&gt;Use the &lt;code&gt;replace()&lt;/code&gt; method on string:&lt;/p&gt;&#xA;&#xA;&lt;pre&gt;&lt;code&gt;&amp;gt;&amp;gt;&amp;gt; stuff = &quot;Big and small&quot;&#xA;&amp;gt;&amp;gt;&amp;gt; stuff.replace( &quot; and &quot;, &quot;/&quot; )&#xA;'Big/small'&#xA;&lt;/code&gt;&lt;/pre&gt;&#xA;</Body>
</answer>
