<question>
<Title>How to remove black background from textures in OpenGL</Title>
<Body>&lt;p&gt;I'm looking for a way to remove the background of a 24bit bitmap, while keeping the main image totally opaque, up until now blending has served the purpose but now I need to keep the main bit opaque. I've searched on Google but found nothing helpful, I think I'm probably searching for the wrong terms though, so any help would be greatly appreciated.&lt;/p&gt;&#xA;&#xA;&lt;p&gt;Edit:&#xA;Yes sorry, I'm using black right now as the background.&lt;/p&gt;&#xA;</Body>
<Tags>c++,c,opengl,alpha,blending</Tags>
</question>
<answer>
<Body>&lt;p&gt;Sounds to me like you're looking for the Stencil Buffer, which is used for just this sort of task of restricting the drawing area.&lt;/p&gt;&#xA;&#xA;&lt;p&gt;The buffer stores a value associated to each pixels, where it's 1 subsequent drawing will be rendered and where it's 0 it will be masked.  Usually stencil buffers are used with multipass rendering techniques to create things like reflections and heads up displays.&lt;/p&gt;&#xA;</Body>
</answer>
<answer>
<Body>&lt;p&gt;This sounds a bit confusing. 24bit image has no transparency, it’s simply an array of RGB values. What do you mean by “keeping the main bit opaque”? Do you want to have all pixels with certain color – for example all black pixels – transparent? If this is what you want, you can google &lt;a href=&quot;http://www.google.com/search?q=opengl+transparency+mask&quot; rel=&quot;nofollow noreferrer&quot;&gt;opengl transparency mask&lt;/a&gt; (see the &lt;a href=&quot;http://nehe.gamedev.net/data/lessons/lesson.asp?lesson=20&quot; rel=&quot;nofollow noreferrer&quot;&gt;NeHe #20&lt;/a&gt; for example).&lt;/p&gt;&#xA;</Body>
</answer>
<answer>
<Body>&lt;p&gt;What you really need is an alpha channel in your image.  Since it's 24 bit, you don't have one, but you could create one on the fly as you load the image by simply setting the alpha to zero for every black (0x000000) pixel&lt;/p&gt;&#xA;</Body>
</answer>
<answer>
<Body>&lt;p&gt;You will need to load your textures with GL_RGBA format in your call to glTexImage2D.&#xA;If you have done this then you just need to enable blend:&lt;/p&gt;&#xA;&#xA;&lt;pre&gt;&lt;code&gt;    /* Set up blend */&#xA;glEnable(GL_BLEND);&#xA;glBlendFunc (GL_SRC_ALPHA, GL_ONE_MINUS_SRC_ALPHA);&#xA;&lt;/code&gt;&lt;/pre&gt;&#xA;</Body>
</answer>
<answer>
<Body>&lt;p&gt;When you are creating the texture for OpenGL, you'll want to create the texture as a 32-bit RGBA texture.  Create a buffer to hold the contents of this new 32-bit texture and iterate through your 24-bit bitmap.  Every time you come across your background color, set the alpha to zero in your new 32-bit bitmap.&lt;/p&gt;&#xA;&#xA;&lt;pre&gt;&lt;code&gt;struct Color32;&#xA;struct Color24;&#xA;&#xA;void Load24BitTexture(Color24* ipTex24, int width, int height)&#xA;{&#xA;   Color32* lpTex32 = new Color32[width*height];&#xA;&#xA;   for(x = 0; x &amp;lt; width; x++)&#xA;   {&#xA;      for(y = 0; y &amp;lt; height; y++)&#xA;      {&#xA;         int index = y*width+x;&#xA;         lpTex32[index].r = ipTex24[index].r;&#xA;         lpTex32[index].g = ipTex24[index].g;&#xA;         lpTex32[index].b = ipTex24[index].b;&#xA;&#xA;         if( ipTex24[index] == BackgroundColor)&#xA;            lpTex32[index].a = 0;&#xA;         else&#xA;            lpTex32[index].a = 255;&#xA;      }&#xA;   }&#xA;&#xA;   glTexImage2D(GL_TEXTURE_2D, 0, 4, width, height, 0, GL_RGBA, GL_UNSIGNED_BYTE, lpTex32);&#xA;&#xA;   delete [] lpTex32;&#xA;}&#xA;&lt;/code&gt;&lt;/pre&gt;&#xA;</Body>
</answer>
