<question>
<Title>c++ combinatorics</Title>
<Body>&lt;p&gt;I need c++ code which will generate all possible combinations (n,k) with repitions&#xA;where n - num of integers in the input array.&#xA; k - num of positions&lt;/p&gt;&#xA;&#xA;&lt;p&gt;for example&#xA;&lt;strong&gt;Input:&lt;/strong&gt;&lt;/p&gt;&#xA;&#xA;&lt;pre&gt;&lt;code&gt;n = [1 2 3];&#xA;k = 2;&#xA;&lt;/code&gt;&lt;/pre&gt;&#xA;&#xA;&lt;p&gt;&lt;strong&gt;Output:&lt;/strong&gt;&lt;/p&gt;&#xA;&#xA;&lt;pre&gt;&lt;code&gt;A3 =&#xA;&#xA;     1     1&#xA;     1     2&#xA;     1     3&#xA;     2     1&#xA;     2     2&#xA;     2     3&#xA;     3     1&#xA;     3     2&#xA;     3     3&#xA;&lt;/code&gt;&lt;/pre&gt;&#xA;&#xA;&lt;p&gt;Thanks.&lt;/p&gt;&#xA;</Body>
<Tags>c++,permutation,combinations,combinatorics</Tags>
</question>
<answer>
<Body>&lt;p&gt;This is basically counting in base n-1 (where every digit is shifted by 1), try the following:&lt;/p&gt;&#xA;&#xA;&lt;p&gt;Edit: Used &lt;code&gt;vector&lt;/code&gt; instead of &lt;code&gt;new[]&lt;/code&gt;, &lt;code&gt;delete[]&lt;/code&gt;&lt;/p&gt;&#xA;&#xA;&lt;pre&gt;&lt;code&gt;#include &amp;lt;vector&amp;gt;&#xA;&#xA;void generatePerms(int n, int k)&#xA;{&#xA;    vector&amp;lt;int&amp;gt; perms(k, 1);&#xA;&#xA;    //iterate through all permutations&#xA;    bool done;&#xA;    do {&#xA;        //Do something with the current permutation, for example print it:&#xA;        for (int i = 0; i &amp;lt; k-1; i++)&#xA;            cout &amp;lt;&amp;lt; perms[i] &amp;lt;&amp;lt; &quot;, &quot;;&#xA;        cout &amp;lt;&amp;lt; perms[k-1] &amp;lt;&amp;lt; endl;&#xA;&#xA;        /*&#xA;         * Increment last digit first - if it's to big, reset to 1 and&#xA;         * carry one (increment next digit), which may also carry one etc.&#xA;         *&#xA;         * If all digits caused a carry, then the permutation was n, n, ..., n,&#xA;         * which means, that we can stop.&#xA;         */&#xA;        done = true;&#xA;        for (int i = k-1; i &amp;gt;= 0; i--) {&#xA;            if (++perms[i] &amp;gt; n) {&#xA;                perms[i] = 1;&#xA;                continue;&#xA;            } else {&#xA;                done = false; //not all digits caused carry&#xA;                break;&#xA;            }&#xA;        }&#xA;    } while (!done);&#xA;}&#xA;&lt;/code&gt;&lt;/pre&gt;&#xA;</Body>
</answer>
<answer>
<Body>&lt;p&gt;&lt;strong&gt;See my answer here :&lt;/strong&gt;&lt;/p&gt;&#xA;&#xA;&lt;p&gt;&lt;a href=&quot;https://stackoverflow.com/questions/9787051/php-take-all-combinations/9787438#9787438&quot;&gt;PHP take all combinations&lt;/a&gt;&lt;/p&gt;&#xA;&#xA;&lt;p&gt;It's PHP; but the concept (recursion, etc) should be easily &quot;translateable&quot;...&lt;/p&gt;&#xA;</Body>
</answer>
<answer>
<Body>&lt;p&gt;Use &lt;a href=&quot;http://en.cppreference.com/w/cpp/algorithm/next_permutation&quot; rel=&quot;nofollow&quot;&gt;standard library&lt;/a&gt;:&lt;/p&gt;&#xA;&#xA;&lt;pre&gt;&lt;code&gt;do {&#xA;    for(int i; i &amp;lt; k; i++){&#xA;        std::cout &amp;lt;&amp;lt; n[i];&#xA;    }&#xA;    std::cout &amp;lt;&amp;lt; '\n';&#xA;} while (std::next_permutation(n, n + k));&#xA;&lt;/code&gt;&lt;/pre&gt;&#xA;</Body>
</answer>
