<question>
<Title>configure wsgi python</Title>
<Body>&lt;p&gt;im configuring my EC2 instance (amazon web services) on an ubuntu server, to test django(python)&lt;/p&gt;&#xA;&#xA;&lt;p&gt;I have python installed, and the apache server,&lt;/p&gt;&#xA;&#xA;&lt;p&gt;I have the &lt;code&gt;It works!&lt;/code&gt; [apache] page on my url address, index.html&lt;/p&gt;&#xA;&#xA;&lt;p&gt;now im  configuring the wsgi and mod_wsgi [for python and django],&lt;/p&gt;&#xA;&#xA;&lt;p&gt;im following this info to configure wsgi:&lt;/p&gt;&#xA;&#xA;&lt;p&gt;&lt;a href=&quot;http://library.linode.com/web-servers/apache/mod-wsgi/ubuntu-10.04-lucid&quot; rel=&quot;nofollow&quot;&gt;deploy python wsgi app tutorial&lt;/a&gt;&lt;/p&gt;&#xA;&#xA;&lt;p&gt;but when I try the &lt;code&gt;Basic Hello World WSGI Configuration&lt;/code&gt;&lt;/p&gt;&#xA;&#xA;&lt;pre&gt;&lt;code&gt;import os &#xA;import sys &#xA;&#xA;sys.path.append('/srv/www/cucus/application') &#xA;&#xA;os.environ['PYTHON_EGG_CACHE'] = '/srv/www/cucus/.python-egg' &#xA;&#xA;def application(environ, start_response):&#xA;    status = '200 OK'&#xA;    output = 'Hello World!'&#xA;    response_headers = [('Content-type', 'text/plain'),&#xA;                        ('Content-Length', str(len(output)))]&#xA;    start_response(status, response_headers)&#xA;&#xA;    return [output]&#xA;&lt;/code&gt;&lt;/pre&gt;&#xA;&#xA;&lt;p&gt;and go to mysite/application/application.wsgi&lt;/p&gt;&#xA;&#xA;&lt;blockquote&gt;&#xA;  &lt;p&gt;&lt;a href=&quot;http://ec2-107-20-20-19.compute-1.amazonaws.com/cucus/application/application.wsgi&quot; rel=&quot;nofollow&quot;&gt;http://ec2-107-20-20-19.compute-1.amazonaws.com/cucus/application/application.wsgi&lt;/a&gt;&lt;/p&gt;&#xA;&lt;/blockquote&gt;&#xA;&#xA;&lt;p&gt;in my browser,&#xA;i see the code for the page, but not the rendered &quot;hello world&quot;&lt;/p&gt;&#xA;&#xA;&lt;p&gt;what im i missing?&lt;/p&gt;&#xA;&#xA;&lt;p&gt;do I need to configure the virtual hosts for ubuntu?, even im using just one site?&lt;/p&gt;&#xA;&#xA;&lt;p&gt;thanks!&lt;/p&gt;&#xA;</Body>
<Tags>python,django,amazon-ec2,mod-wsgi,virtual-machine</Tags>
</question>
<answer>
<Body>&lt;p&gt;Have you read any of the actual mod_wsgi documentation or watch the presentation about it:&lt;/p&gt;&#xA;&#xA;&lt;p&gt;&lt;a href=&quot;http://code.google.com/p/modwsgi/wiki/QuickConfigurationGuide&quot; rel=&quot;nofollow&quot;&gt;http://code.google.com/p/modwsgi/wiki/QuickConfigurationGuide&lt;/a&gt;&#xA;  &lt;a href=&quot;http://code.google.com/p/modwsgi/wiki/WhereToGetHelp?tm=6#Conference_Presentations&quot; rel=&quot;nofollow&quot;&gt;http://code.google.com/p/modwsgi/wiki/WhereToGetHelp?tm=6#Conference_Presentations&lt;/a&gt;&lt;/p&gt;&#xA;&#xA;&lt;p&gt;You either never set up WSGIScriptAlias or didn't enable the site for Apache properly to read it or didn't restart Apache.&lt;/p&gt;&#xA;</Body>
</answer>
<answer>
<Body>&lt;p&gt;Try restarting Apache if that does not work then double your apache config you are enabling mod_wsgi with this line of code &lt;code&gt;LoadModule wsgi_module modules/mod_wsgi.so&lt;/code&gt; as well as &lt;code&gt;WSGIScriptAlias / /path/to/mysite/apache/django.wsgi&lt;/code&gt;&lt;/p&gt;&#xA;</Body>
</answer>
<answer>
<Body>&lt;p&gt;You need your output to be binary. &lt;/p&gt;&#xA;&#xA;&lt;p&gt;Change &lt;/p&gt;&#xA;&#xA;&lt;p&gt;&lt;code&gt;output = 'Hello World!'&lt;/code&gt;&lt;/p&gt;&#xA;&#xA;&lt;p&gt;to &lt;/p&gt;&#xA;&#xA;&lt;p&gt;&lt;code&gt;output = b'Hello World!'&lt;/code&gt;&lt;/p&gt;&#xA;&#xA;&lt;p&gt;Here's some simple WSGI boilerplate code I created - show's you how to manage a GET and POST request.&lt;/p&gt;&#xA;&#xA;&lt;p&gt;&lt;a href=&quot;https://github.com/blarking94/Python/blob/master/web_server_gateway_interface.py&quot; rel=&quot;nofollow noreferrer&quot;&gt;https://github.com/blarking94/Python/blob/master/web_server_gateway_interface.py&lt;/a&gt;&lt;/p&gt;&#xA;</Body>
</answer>
