<question>
<Title>C++ - extremely strange machine code behaviour</Title>
<Body>&lt;p&gt;The full code is here: &lt;a href=&quot;http://pastebin.com/MM3vWmqA&quot; rel=&quot;nofollow&quot;&gt;http://pastebin.com/MM3vWmqA&lt;/a&gt;&lt;/p&gt;&#xA;&#xA;&lt;p&gt;In the function fast_generator I've added comments to two statements. If you switch those statements, the code will run ~1.8x faster. If you remove the first statement the code will perform faster than the original version, but slower compared to if they were switched.&lt;/p&gt;&#xA;&#xA;&lt;p&gt;The test cases should be the following.&lt;/p&gt;&#xA;&#xA;&lt;p&gt;First - slowest. 452ms.&lt;/p&gt;&#xA;&#xA;&lt;pre&gt;&lt;code&gt;counter++;&#xA;i--;&#xA;&lt;/code&gt;&lt;/pre&gt;&#xA;&#xA;&lt;p&gt;Second - faster than the first one. 280ms.&lt;/p&gt;&#xA;&#xA;&lt;pre&gt;&lt;code&gt;i--;&#xA;counter++;&#xA;&lt;/code&gt;&lt;/pre&gt;&#xA;&#xA;&lt;p&gt;Third - faster than the first, but slower than the second one. 421ms.&lt;/p&gt;&#xA;&#xA;&lt;pre&gt;&lt;code&gt;i--;&#xA;&lt;/code&gt;&lt;/pre&gt;&#xA;&#xA;&lt;p&gt;The assembler output for the original statements is.&lt;/p&gt;&#xA;&#xA;&lt;pre&gt;&lt;code&gt;inc edx&#xA;mov eax, 6&#xA;&lt;/code&gt;&lt;/pre&gt;&#xA;&#xA;&lt;p&gt;I have verified that when switching those statements the assembler output stays the same, with the only difference of these asm instructions being interchanged.&lt;/p&gt;&#xA;&#xA;&lt;p&gt;I've tested it with VC++10 and VC++11, same behaviour. Can someone explain why switching these statements speeds up the algorithm ~1.8x? If you think that std::clock() is not accurate, change size = 7. On my machine the difference with size = 7 is 12000ms vs 7000ms.&lt;/p&gt;&#xA;</Body>
<Tags>c++,performance,assembly,machine-code</Tags>
</question>
<answer>
<Body>&lt;p&gt;Your slow examples are decrementing &lt;code&gt;i&lt;/code&gt; immediately before using it to index the array at the beginning of the loop.  Your fast example adds an intervening step.  Without being privy to the internal architecture of the processor it's impossible to know for sure, but most likely what is happening is the processor already has &lt;code&gt;buffer[i]&lt;/code&gt; in its pipeline, but the decrement invalidates that value, causing a pipeline stall.  With the intervening step it has more time to recover the correct value before it is needed.&lt;/p&gt;&#xA;&#xA;&lt;p&gt;By the way, &lt;code&gt;mov eax, 5&lt;/code&gt; isn't the instruction that's doing the &lt;code&gt;i--&lt;/code&gt;.  It would be helpful to post more of the assembly context, for those of us without your compiler.&lt;/p&gt;&#xA;</Body>
</answer>
