<question>
<Title>Boost::Asio::Ip::Tcp::Iostream questions</Title>
<Body>&lt;p&gt;Hey all, I'm new to asio and boost, I've been trying to implement a TCP Server &amp;amp; Client so that I could transmit an std::vector - but I've failed so far. I'm finding the boost documentation of Asio lacking (to say the least) and hard to understand (english is not my primary language).&lt;/p&gt;&#xA;&#xA;&lt;p&gt;In any case, I've been looking at the iostreams examples and I've been trying to implement an object oriented solution - but I've failed.&lt;/p&gt;&#xA;&#xA;&lt;p&gt;The server that I'm trying to implement should be able to accept connections from multiple clients (How do I do that ?)&lt;/p&gt;&#xA;&#xA;&lt;p&gt;The server should receive the std::vector, /* Do something */ and then return it to the client so that the client can tell that the server received the data intact.&lt;/p&gt;&#xA;&#xA;&lt;p&gt;&lt;strong&gt;*.h file&lt;/strong&gt;&lt;/p&gt;&#xA;&#xA;&lt;pre&gt;&lt;code&gt;class TCP_Server : private boost::noncopyable&#xA;        {&#xA;            typedef boost::shared_ptr&amp;lt;TCP_Connection&amp;gt; tcp_conn_pointer;&#xA;&#xA;            public :&#xA;                TCP_Server(ba::io_service &amp;amp;io_service, int port);&#xA;                virtual ~TCP_Server() {}&#xA;                virtual void Start_Accept();&#xA;            private:&#xA;                virtual void Handle_Accept(const boost::system::error_code&amp;amp; e);&#xA;            private :&#xA;                int                 m_port;&#xA;                ba::io_service&amp;amp;     m_io_service;               // IO Service&#xA;                bi::tcp::acceptor   m_acceptor;         // TCP Connections acceptor&#xA;                tcp_conn_pointer    m_new_tcp_connection;   // New connection pointer&#xA;        };&#xA;&lt;/code&gt;&lt;/pre&gt;&#xA;&#xA;&lt;p&gt;&lt;strong&gt;*.cpp file&lt;/strong&gt;&lt;/p&gt;&#xA;&#xA;&lt;pre&gt;&lt;code&gt;TCP_Server::TCP_Server(boost::asio::io_service &amp;amp;io_service, int port) : &#xA;            m_io_service(io_service), &#xA;            m_acceptor(io_service, bi::tcp::endpoint(bi::tcp::v4(), port)), &#xA;            m_new_tcp_connection(TCP_Connection::Create(io_service))&#xA;        {&#xA;            m_port = port;&#xA;            Start_Accept();&#xA;        }&#xA;&#xA;        void TCP_Server::Start_Accept()&#xA;        {&#xA;            std::cout &amp;lt;&amp;lt; &quot;[TCP_Server][Start_Accept] =&amp;gt; Listening on port : &quot; &amp;lt;&amp;lt; m_port &amp;lt;&amp;lt; std::endl;&#xA;            //m_acceptor.async_accept(m_new_tcp_connection-&amp;gt;Socket(),&#xA;            //                        boost::bind(&amp;amp;TCP_Server::Handle_Accept, this,&#xA;            //                                    ba::placeholders::error));&#xA;&#xA;&#xA;                m_acceptor.async_accept(*m_stream.rdbuf(),&#xA;                boost::bind(&amp;amp;TCP_Server::Handle_Accept, &#xA;                this,&#xA;                ba::placeholders::error));&#xA;        }&#xA;&#xA;        void TCP_Server::Handle_Accept(const boost::system::error_code &amp;amp;e)&#xA;        {&#xA;            if(!e)&#xA;            {&#xA;&#xA;                /*boost::thread T(boost::bind(&amp;amp;TCP_Connection::Run, m_new_tcp_connection));&#xA;                std::cout &amp;lt;&amp;lt; &quot;[TCP_Server][Handle_Accept] =&amp;gt; Accepting incoming connection. Launching Thread &quot; &amp;lt;&amp;lt; std::endl;&#xA;                m_new_tcp_connection = TCP_Connection::Create(m_io_service);&#xA;                m_acceptor.async_accept(m_new_tcp_connection-&amp;gt;Socket(), &#xA;                                        boost::bind(&amp;amp;TCP_Server::Handle_Accept, &#xA;                                                    this, &#xA;                                                    ba::placeholders::error));*/&#xA;                m_stream &amp;lt;&amp;lt; &quot;Server Response...&quot; &amp;lt;&amp;lt; std::endl;&#xA;            }&#xA;        }&#xA;&lt;/code&gt;&lt;/pre&gt;&#xA;&#xA;&lt;p&gt;How should the client look ? &#xA;How do I keep the connection alive while both apps &quot;talk&quot; ?&lt;/p&gt;&#xA;</Body>
<Tags>c++,boost-asio</Tags>
</question>
<answer>
<Body>&lt;p&gt;I believe the code you have posted is a little incomplete/incorrect. Nonetheless, here is some guidance..&lt;/p&gt;&#xA;&#xA;&lt;p&gt;1)&#xA;Your async_accept() call seems wrong. It should be something like,&lt;/p&gt;&#xA;&#xA;&lt;pre&gt;&lt;code&gt;m_acceptor.async_accept(m_new_tcp_connection-&amp;gt;socket(),...)&#xA;&lt;/code&gt;&lt;/pre&gt;&#xA;&#xA;&lt;p&gt;2)&#xA;Take note that the Handle_Accept() function will be called &lt;em&gt;after&lt;/em&gt; the socket is accepted. In other words, when control reaches Handle_Accept(), you simply have to write to the socket. Something like&lt;/p&gt;&#xA;&#xA;&lt;pre&gt;&lt;code&gt;void TCP_Server::Handle_Accept(const system::error_code&amp;amp; error)&#xA;{&#xA;  if(!error)&#xA;  {&#xA;    //send data to the client&#xA;    string message = &quot;hello there!\n&quot;;&#xA;&#xA;    //Write data to the socket and then call the handler AFTER that&#xA;    //Note, you will need to define a Handle_Write() function in your TCP_Connection class.&#xA;async_write(m_new_tcp_connection-&amp;gt;socket(),buffer(message),bind(&amp;amp;TCP_Connection::Handle_Write, this,placeholders::error,placeholders::bytes_transferred)); &#xA;&#xA;    //accept the next connection&#xA;    Start_Accept();&#xA;  }&#xA;}&#xA;&lt;/code&gt;&lt;/pre&gt;&#xA;&#xA;&lt;p&gt;3)&#xA;As for the client, you should take a look here:&#xA;&lt;a href=&quot;http://www.boost.org/doc/libs/1_39_0/doc/html/boost_asio/tutorial/tutdaytime1.html&quot; rel=&quot;nofollow noreferrer&quot;&gt;http://www.boost.org/doc/libs/1_39_0/doc/html/boost_asio/tutorial/tutdaytime1.html&lt;/a&gt;&lt;/p&gt;&#xA;</Body>
</answer>
<answer>
<Body>&lt;p&gt;If your communication on both ends is realized in C++ you can use Boost Serialization library to sezilize the vector into bytes and transfer these to the other machine. On the opposite end you will use boost serialization lib to desirialize the object. I saw at least two approaches doing so.&lt;/p&gt;&#xA;&#xA;&lt;p&gt;Advantage of Boost Serialization: this approach works when transferring objects between 32bit and 64bit systems as well.&lt;/p&gt;&#xA;&#xA;&lt;p&gt;Below are the links:&lt;br&gt;&#xA;&lt;a href=&quot;http://www.codeproject.com/KB/threads/RMI_For_Cpp.aspx?display=Print&quot; rel=&quot;nofollow noreferrer&quot;&gt;code project article&lt;/a&gt;&lt;br&gt;&#xA;&lt;a href=&quot;http://lists.boost.org/boost-users/2009/06/48937.php&quot; rel=&quot;nofollow noreferrer&quot;&gt;boost mailing list ideas&lt;/a&gt;&lt;/p&gt;&#xA;&#xA;&lt;p&gt;Regards,&lt;br&gt;&#xA;Ovanes&lt;/p&gt;&#xA;</Body>
</answer>
<answer>
<Body>&lt;p&gt;AFAIK ASIO iostreams are only for synchronous I/O. But your example gives me a hint that you want to use asynchronous I/O. &#xA;Here is a small example of a server which uses async I/O to read a request comprising of an array of integers preceded by 4 byte count of the integers in the request.&#xA;So in effect I am serializing a vector of integerss as&#xA;count(4 bytes)&#xA;int&#xA;int&#xA;...&#xA;etc&#xA;if reading the vector of ints is successful, the server will write a 4 byte response code(=1) and then issue a read for a new request from the client. Enough said, Code follows.&lt;/p&gt;&#xA;&#xA;&lt;pre&gt;&lt;code&gt;#include &amp;lt;iostream&amp;gt;&#xA;#include &amp;lt;vector&amp;gt;&#xA;#include &amp;lt;boost/bind.hpp&amp;gt;&#xA;#include &amp;lt;boost/function.hpp&amp;gt;&#xA;#include &amp;lt;boost/shared_ptr.hpp&amp;gt;&#xA;#include &amp;lt;boost/thread.hpp&amp;gt;&#xA;#include &amp;lt;boost/asio.hpp&amp;gt;&#xA;&#xA;using namespace boost::asio;&#xA;using boost::asio::ip::tcp;&#xA;&#xA;class Connection&#xA;{&#xA;public:&#xA;    Connection(tcp::acceptor&amp;amp; acceptor)&#xA;        : acceptor_(acceptor), socket_(acceptor.get_io_service(), tcp::v4())&#xA;    {&#xA;    }&#xA;    void start()&#xA;    {&#xA;        acceptor_.get_io_service().post(boost::bind(&amp;amp;Connection::start_accept, this));&#xA;    }&#xA;private:&#xA;    void start_accept()&#xA;    {&#xA;        acceptor_.async_accept(socket_,boost::bind(&amp;amp;Connection::handle_accept, this, &#xA;            placeholders::error));&#xA;    }&#xA;    void handle_accept(const boost::system::error_code&amp;amp; err)&#xA;    {&#xA;        if (err)&#xA;        {&#xA;            //Failed to accept the incoming connection.&#xA;            disconnect();&#xA;        }&#xA;        else&#xA;        {&#xA;            count_ = 0;&#xA;            async_read(socket_, buffer(&amp;amp;count_, sizeof(count_)),&#xA;                boost::bind(&amp;amp;Connection::handle_read_count,&#xA;                this, placeholders::error, placeholders::bytes_transferred));&#xA;        }&#xA;    }&#xA;    void handle_read_count(const boost::system::error_code&amp;amp; err, std::size_t bytes_transferred)&#xA;    {&#xA;        if (err || (bytes_transferred != sizeof(count_))&#xA;        {&#xA;            //Failed to read the element count.&#xA;            disconnect();&#xA;        }&#xA;        else&#xA;        {&#xA;            elements_.assign(count_, 0);&#xA;            async_read(socket_, buffer(elements_), &#xA;                boost::bind(&amp;amp;Connection::handle_read_elements, this,&#xA;                placeholders::error, placeholders::bytes_transferred));&#xA;        }&#xA;    }&#xA;&#xA;    void handle_read_elements(const boost::system::error_code&amp;amp; err, std::size_t bytes_transferred)&#xA;    {&#xA;        if (err || (bytes_transferred != count_ * sizeof(int)))&#xA;        {&#xA;            //Failed to read the request elements.&#xA;            disconnect();&#xA;        }&#xA;        else&#xA;        {&#xA;            response_ = 1;&#xA;            async_write(socket_, buffer(&amp;amp;response_, sizeof(response_)),&#xA;                boost::bind(&amp;amp;Connection::handle_write_response, this,&#xA;                placeholders::error, placeholders::bytes_transferred));&#xA;        }&#xA;    }&#xA;    void handle_write_response(const boost::system::error_code&amp;amp; err, std::size_t bytes_transferred)&#xA;    {&#xA;        if (err)&#xA;            disconnect();&#xA;        else&#xA;        {&#xA;            //Start a fresh read &#xA;            count_ = 0;&#xA;            async_read(socket_, buffer(&amp;amp;count_, sizeof(count_)),&#xA;                boost::bind(&amp;amp;Connection::handle_read_count,&#xA;                this, placeholders::error, placeholders::bytes_transferred));&#xA;        }&#xA;    }&#xA;    void disconnect()&#xA;    {&#xA;        socket_.shutdown(tcp::socket::shutdown_both);&#xA;        socket_.close();&#xA;        socket_.open(tcp::v4());&#xA;        start_accept();&#xA;    }&#xA;    tcp::acceptor&amp;amp; acceptor_;&#xA;    tcp::socket socket_;&#xA;    std::vector&amp;lt;int&amp;gt; elements_;&#xA;    long count_;&#xA;    long response_;&#xA;};&#xA;&#xA;class Server : private boost::noncopyable&#xA;{&#xA;public:&#xA;    Server(unsigned short port, unsigned short thread_pool_size, unsigned short conn_pool_size)&#xA;        : acceptor_(io_service_, tcp::endpoint(tcp::v4(), port), true)&#xA;    {&#xA;        unsigned short i = 0;&#xA;        for (i = 0; i &amp;lt; conn_pool_size; ++i)&#xA;        {&#xA;            ConnectionPtr conn(new Connection(acceptor_));&#xA;            conn-&amp;gt;start();&#xA;            conn_pool_.push_back(conn);&#xA;        }&#xA;&#xA;        // Start the pool of threads to run all of the io_services.&#xA;        for (i = 0; i &amp;lt; thread_pool_size; ++i)&#xA;        {&#xA;            thread_pool_.create_thread(boost::bind(&amp;amp;io_service::run, &amp;amp;io_service_));&#xA;        }&#xA;    }   &#xA;    ~Server()&#xA;    {&#xA;        io_service_.stop();&#xA;        thread_pool_.join_all();&#xA;    }&#xA;&#xA;private:&#xA;    io_service io_service_;&#xA;    tcp::acceptor acceptor_;&#xA;    typedef boost::shared_ptr&amp;lt;Connection&amp;gt; ConnectionPtr;&#xA;    std::vector&amp;lt;ConnectionPtr&amp;gt; conn_pool_;&#xA;    boost::thread_group thread_pool_;&#xA;};&#xA;&#xA;boost::function0&amp;lt;void&amp;gt; console_ctrl_function;&#xA;&#xA;BOOL WINAPI console_ctrl_handler(DWORD ctrl_type)&#xA;{&#xA;  switch (ctrl_type)&#xA;  {&#xA;  case CTRL_C_EVENT:&#xA;  case CTRL_BREAK_EVENT:&#xA;  case CTRL_CLOSE_EVENT:&#xA;  case CTRL_SHUTDOWN_EVENT:&#xA;    console_ctrl_function();&#xA;    return TRUE;&#xA;  default:&#xA;    return FALSE;&#xA;  }&#xA;}&#xA;&#xA;void stop_server(Server* pServer)&#xA;{&#xA;    delete pServer;&#xA;    pServer = NULL;&#xA;}&#xA;&#xA;int main()&#xA;{&#xA;    Server *pServer = new Server(10255, 4, 20);&#xA;    console_ctrl_function = boost::bind(stop_server, pServer);&#xA;    SetConsoleCtrlHandler(console_ctrl_handler, TRUE);&#xA;    while(true)&#xA;    {&#xA;        Sleep(10000);&#xA;    }&#xA;}&#xA;&lt;/code&gt;&lt;/pre&gt;&#xA;</Body>
</answer>
