<question>
<Title>Opengl Camera and multiplying matrixes</Title>
<Body>&lt;p&gt;I Am currently having alot of problems with the camera I am making. The problem occurs with my matrix rotation I am doing as this website says to avoid gimble lock..&lt;/p&gt;&#xA;&#xA;&lt;blockquote&gt;&#xA;  &lt;p&gt;One of the first problems you will note is that the order you apply&#xA;  these rotations matter. As previously stated, a rotation matrix is an&#xA;  orientation transform. Each transform defines a new coordinate system,&#xA;  and the next transform is based on an object in the new space. For&#xA;  example, if we apply the roll first, we have now changed what the axis&#xA;  for the subsequent yaw is.&lt;/p&gt;&#xA;&lt;/blockquote&gt;&#xA;&#xA;&lt;p&gt;And when i perform this for example if I am wanted to pitch around the current x axis the x axis also changes in my axis to rotation method which is obviously wrong. Ive look around alot and cant find any solution. I have tried alot of differenet version of the axis angle rotation matrix..&lt;/p&gt;&#xA;&#xA;&lt;pre&gt;&lt;code&gt;void FrustumCamera::xAxisRotation(float angle)&#xA;{&#xA;    Vector3&amp;lt;float&amp;gt; x = m_orientation.getXAxis();&#xA;    Matrix4&amp;lt;float&amp;gt; matrix = m_orientation.axisAngleRotation(x,angle);&#xA;    m_orientation = matrix*m_orientation;&#xA;    normalise(m_orientation.getXAxis());&#xA;    normalise(m_orientation.getYAxis());&#xA;    normalise(m_orientation.getZAxis());&#xA;}&#xA;void FrustumCamera::yAxisRotation(float angle)&#xA;{&#xA;    Vector3&amp;lt;float&amp;gt; y = m_orientation.getYAxis();&#xA;&#xA;    Matrix4&amp;lt;float&amp;gt; matrix = m_orientation.axisAngleRotation(y,angle);&#xA;    m_orientation = matrix*m_orientation;&#xA;&#xA;    normalise(m_orientation.getXAxis());&#xA;    normalise(m_orientation.getYAxis());&#xA;    normalise(m_orientation.getZAxis());&#xA;}&#xA;&#xA;Matrix4&amp;lt;Type&amp;gt; Matrix4&amp;lt;Type&amp;gt;::operator*(Matrix4&amp;amp; matrix)&#xA;{&#xA;    Matrix4&amp;lt;Type&amp;gt; temp(m_matrix);&#xA;    for(int i=0;i&amp;lt;4;i++)&#xA;    {&#xA;        for(int j=0;j&amp;lt;4;j++)&#xA;        {&#xA;            Type total = 0;&#xA;            for(int k=0;k&amp;lt;4;k++)&#xA;            {&#xA;&#xA;                total += m_matrix[i][k]*matrix.getAt(k,j);;&#xA;&#xA;            }&#xA;            temp.setAt(i,j,total);&#xA;        }&#xA;    }&#xA;    return temp;&#xA;}&#xA;template &amp;lt;class Type&amp;gt;&#xA;Matrix4&amp;lt;Type&amp;gt; Matrix4&amp;lt;Type&amp;gt;::axisAngleRotation(Vector3&amp;lt;Type&amp;gt; axis, const Type angle)&#xA;{&#xA;    Type radians = angle * (double)degToRad;&#xA;    Matrix4&amp;lt;Type&amp;gt; temp;&#xA;    float c = cosf(radians);&#xA;    float s = sinf(radians);&#xA;    float t = 1.0f - c;&#xA;&#xA;    float x = axis.x;&#xA;    float y = axis.y;&#xA;    float z = axis.z;&#xA;&#xA;    temp.setAt(0,0, c+x*x*(t));&#xA;    temp.setAt(0,1, x*y*(t)-z*s);&#xA;    temp.setAt(0,2, x*z*(t)+y*s);&#xA;    temp.setAt(0,3, 0.0f);&#xA;&#xA;    temp.setAt(1,0, y*x*(t)+z*s);&#xA;    temp.setAt(1,1, c+y*y*(t));&#xA;    temp.setAt(1,2, y*z*(t)-x*s);&#xA;    temp.setAt(1,3, 0.0f);&#xA;&#xA;    temp.setAt(2,0, z*x*(t)-y*s);&#xA;    temp.setAt(2,1, z*y*(1-c)+x*s);&#xA;    temp.setAt(2,2, c+z*z*(t));&#xA;    temp.setAt(2,3, 0.0f);&#xA;&#xA;    temp.setAt(3,0, 0.0f);&#xA;    temp.setAt(3,1, 0.0f);&#xA;    temp.setAt(3,2, 0.0f);&#xA;    temp.setAt(3,3, 1.0f);&#xA;&#xA;    return temp;&#xA;}&#xA;void OpenGLRenderer::startDraw(unsigned long mask)&#xA;{&#xA;    //sortBuffer();                                     // sort draw queue&#xA;    clearBuffers(mask);                                 // clear buffers&#xA;    loadIdentity();&#xA;    glTranslatef(-1*m_frustumCamera-&amp;gt;getViewMatrix().getTranslationAxis().x,-1*m_frustumCamera-&amp;gt;getViewMatrix().getTranslationAxis().y,-1*m_frustumCamera-&amp;gt;getViewMatrix().getTranslationAxis().z);// load identity&#xA;    glMultMatrixf(m_frustumCamera-&amp;gt;getViewMatrix().getMatrix());&#xA;    glTranslatef(m_frustumCamera-&amp;gt;getViewMatrix().getTranslationAxis().x,m_frustumCamera-&amp;gt;getViewMatrix().getTranslationAxis().y,m_frustumCamera-&amp;gt;getViewMatrix().getTranslationAxis().z);&#xA;&#xA;    matrixStackPush();                                          &#xA;}&#xA;&lt;/code&gt;&lt;/pre&gt;&#xA;</Body>
<Tags>c++,opengl,matrix,camera</Tags>
</question>
<answer>
<Body>&lt;p&gt;I think order of multiplication can cause the problem, instead of &lt;/p&gt;&#xA;&#xA;&lt;pre&gt;&lt;code&gt;m_orientation = matrix*m_orientation;&#xA;&lt;/code&gt;&lt;/pre&gt;&#xA;&#xA;&lt;p&gt;try &lt;/p&gt;&#xA;&#xA;&lt;pre&gt;&lt;code&gt;m_orientation = m_orientation * matrix;&#xA;&lt;/code&gt;&lt;/pre&gt;&#xA;</Body>
</answer>
