<question>
<Title>IplImage inside IplImage</Title>
<Body>&lt;p&gt;Is it possible to place an image inside an image with OpenCv (JavaCv). &#xA;For example i have a 1000x1000 image and a 100x100 image. And at position 600x600 i would like to place the smaller image inside the larger image.&lt;/p&gt;&#xA;&#xA;&lt;p&gt;lets say the blue box is the 1000x1000 IplImage and the red one is the 100x100 IplImage.&#xA;Is it possible to put the red box in the blue box. Preferably computational rather efficient because it has to work in real time. &lt;/p&gt;&#xA;&#xA;&lt;p&gt;&lt;img src=&quot;https://i.stack.imgur.com/0todS.png&quot; alt=&quot;enter image description here&quot;&gt;&lt;/p&gt;&#xA;&#xA;&lt;p&gt;Thx in advance&lt;/p&gt;&#xA;</Body>
<Tags>python,c,opencv,javacv</Tags>
</question>
<answer>
<Body>&lt;p&gt;This is in Python, but conversion to Java is going to be real easy. Use &lt;code&gt;GetSubRect()&lt;/code&gt;, and &lt;code&gt;Copy()&lt;/code&gt;. &lt;code&gt;GetSubRect()&lt;/code&gt; returns a rectangular subarray of interest (specify top left point of interest, and the width and height). Then just copy over the image using &lt;code&gt;Copy()&lt;/code&gt;.&lt;/p&gt;&#xA;&#xA;&lt;pre&gt;&lt;code&gt;import cv&#xA;blue = cv.LoadImage(&quot;blue.jpg&quot;)&#xA;red = cv.LoadImage(&quot;red.jpg&quot;)&#xA;&#xA;sub = cv.GetSubRect(blue, (100, 100, 50, 50))&#xA;cv.Copy(red,sub)&#xA;&#xA;cv.ShowImage('blue_red', blue)&#xA;cv.WaitKey(0)&#xA;&lt;/code&gt;&lt;/pre&gt;&#xA;&#xA;&lt;p&gt;Alternatively, as karlphillip suggests you could specify the 'region of interest' using &lt;code&gt;SetImageROI()&lt;/code&gt;, and do much the same thing:&lt;/p&gt;&#xA;&#xA;&lt;pre&gt;&lt;code&gt;cv.SetImageROI(blue,(100,100,50,50))&#xA;cv.Copy(red, blue)&#xA;cv.ResetImageROI(blue)&#xA;&lt;/code&gt;&lt;/pre&gt;&#xA;&#xA;&lt;p&gt;Its very important to reset the ROI, &lt;code&gt;ResetImageROI&lt;/code&gt;, otherwise you will only display/save the ROI, and not the whole image.&lt;/p&gt;&#xA;&#xA;&lt;p&gt;Demo output:&lt;/p&gt;&#xA;&#xA;&lt;p&gt;blue: &lt;img src=&quot;https://i.stack.imgur.com/amEBI.jpg&quot; alt=&quot;enter image description here&quot;&gt; red: &lt;img src=&quot;https://i.stack.imgur.com/3kn6l.jpg&quot; alt=&quot;enter image description here&quot;&gt; combined: &lt;img src=&quot;https://i.stack.imgur.com/Qk65F.jpg&quot; alt=&quot;enter image description here&quot;&gt;&lt;/p&gt;&#xA;</Body>
</answer>
