<question>
<Title>Communication problem between Java and C++ app on stdin</Title>
<Body>&lt;p&gt;I have a java app here that starts a C++ app via the java.lang.Process API and then tries to send commands to it via the stdin pipe:&lt;/p&gt;&#xA;&#xA;&lt;pre&gt;&#xA;process.getOutputStream().write(&quot;foo\n&quot;);&#xA;process.getOutputStream().flush();&#xA;&lt;/pre&gt;&#xA;&#xA;&lt;p&gt;On the C++ side there's a loop running that checks for input in stdin and if there is some&#xA;it reads it. Unfortunately the checking always returns 0, hence it never tries to read. If I remove the check then it'll suddenly start to see the commands and process them. This is on linux. &lt;/p&gt;&#xA;&#xA;&lt;p&gt;The C++ apps code to check and read from stdin is this:&lt;/p&gt;&#xA;&#xA;&lt;pre&gt;&#xA;fd_set fds;&#xA;FD_ZERO ( &amp;fds );&#xA;FD_SET ( 0, &amp;fds );&#xA;&#xA;struct timeval tv;&#xA;tv.tv_sec = 0;&#xA;tv.tv_usec = 0;&#xA;&#xA;&#xA;if( select ( 1, &amp;fds, 0, 0, &amp;tv ) &gt; 0 ) {&#xA;    char buf[16384];&#xA;    buf[16383] = '\0';&#xA;    if ( fgets ( buf, sizeof ( buf ) - 1, stdin ) == 0 )&#xA;        return;&#xA;}&#xA;&lt;/pre&gt;&#xA;&#xA;&lt;p&gt;As I said, removing the if clause makes it work, but of course thats not so nice as the loop around it also does some other things. Anybody got an idea what I'm doing wrong here?&lt;/p&gt;&#xA;&#xA;&lt;p&gt;Update:&#xA;Meanwhile I was able to reproduce the problem with two very small sample apps. The problem seems to be related to the Qt framework here, as soon as I create the QCoreApplication instance needed for the framework then select() for stdin doesn't seem to work anymore.&lt;/p&gt;&#xA;</Body>
<Tags>java,c++,select,stdin,fgets</Tags>
</question>
<answer>
<Body>&lt;p&gt;I may be wrong, but does having a timeout of 0 for the &lt;code&gt;select&lt;/code&gt; call makes sense?  I would try to increase the timeout value.&lt;/p&gt;&#xA;</Body>
</answer>
<answer>
<Body>&lt;p&gt;You have two if's; removing which one makes it work?&lt;/p&gt;&#xA;&#xA;&lt;p&gt;Doesn't &lt;a href=&quot;http://en.wikipedia.org/wiki/Fgets&quot; rel=&quot;nofollow noreferrer&quot;&gt;fgets()&lt;/a&gt; wait for a newline, buffer full, or EOF before it returns?  I don't see you writing a newline, &quot;foo&quot; doesn't fill the buffer, and since the stream isn't closed, does it see an EOF?&lt;/p&gt;&#xA;</Body>
</answer>
<answer>
<Body>&lt;p&gt;I remember there being a lot of argument about the semantics and operation of select() and a couple of replacements for it. You might look at those.&lt;/p&gt;&#xA;&#xA;&lt;p&gt;How is the stream you're reading being created/opened? Is it a buffered stream? Perhaps you get nothing because it's not been written to the stream until the writing process flushes it?&lt;/p&gt;&#xA;&#xA;&lt;p&gt;The other thing you might try is putting it on a thread with blocking I/O instead of polling.&lt;/p&gt;&#xA;&#xA;&lt;p&gt;Good luck with it&lt;/p&gt;&#xA;</Body>
</answer>
<answer>
<Body>&lt;p&gt;Turns out its not the QCoreApplication as I could now reproduce the problem twice with out. Seems like the problem is the fgets() that I'm using, replacing that with read() fixes it.&lt;/p&gt;&#xA;</Body>
</answer>
<answer>
<Body>&lt;p&gt;Is the below inside the while loop? If not, it should be.&lt;/p&gt;&#xA;&#xA;&lt;pre&gt;&lt;code&gt;FD_ZERO ( &amp;amp;fds );&#xA;FD_SET ( 0, &amp;amp;fds );&#xA;&#xA;struct timeval tv;&#xA;tv.tv_sec = 0;&#xA;tv.tv_usec = 0;&#xA;&lt;/code&gt;&lt;/pre&gt;&#xA;&#xA;&lt;p&gt;If the answer for my first question is yes, then please try this timeout:&lt;/p&gt;&#xA;&#xA;&lt;pre&gt;&lt;code&gt;tv.tv_sec = 0;&#xA;tv.tv_usec = 1;&#xA;&lt;/code&gt;&lt;/pre&gt;&#xA;&#xA;&lt;p&gt;If the above doesn't work, try this:&lt;/p&gt;&#xA;&#xA;&lt;pre&gt;&lt;code&gt;while(fgets(buf, sizeof ( buf ) - 1, stdin) !=NULL) &#xA;{ &#xA;}&#xA;&lt;/code&gt;&lt;/pre&gt;&#xA;</Body>
</answer>
