<question>
<Title>Pyramid Direct User to DIfferent Domain</Title>
<Body>&lt;p&gt;I would like to redirect my user to another domain. For example: my site is &lt;a href=&quot;http://www.mysite.com/&quot; rel=&quot;nofollow&quot;&gt;http://www.mysite.com/&lt;/a&gt; and I would like to redirect them to &lt;a href=&quot;http://www.google.com/&quot; rel=&quot;nofollow&quot;&gt;http://www.google.com/&lt;/a&gt;. &lt;/p&gt;&#xA;&#xA;&lt;p&gt;I want the redirect to come after a form submission. Is this possible in the pyramid web framework?&lt;/p&gt;&#xA;&#xA;&lt;p&gt;Or is the best route to use an AJAX post request to the server and then redirect using javascript?&lt;/p&gt;&#xA;&#xA;&lt;p&gt;Thank you.&lt;/p&gt;&#xA;</Body>
<Tags>python,ajax,pyramid</Tags>
</question>
<answer>
<Body>&lt;p&gt;Return HTTPFound with the location you want after your successful form submission.&lt;/p&gt;&#xA;&#xA;&lt;pre&gt;&lt;code&gt;from pyramid.httpexceptions import HTTPFound&#xA;&#xA;def form_received_here(request):&#xA;    # do stuff here&#xA;    return HTTPFound('http://example.com')&#xA;&lt;/code&gt;&lt;/pre&gt;&#xA;&#xA;&lt;p&gt;This will return a status code 302 with a &lt;code&gt;Location&lt;/code&gt; header set to &lt;code&gt;http://example.com&lt;/code&gt;.&lt;/p&gt;&#xA;</Body>
</answer>
