<question>
<Title>Rope and Yasnippet in Emacs</Title>
<Body>&lt;p&gt;I setup python support for emacs using rope and yasnippet by following the tutorial given at &lt;a href=&quot;http://www.enigmacurry.com/2009/01/21/autocompleteel-python-code-completion-in-emacs/#disqus_thread&quot; rel=&quot;nofollow&quot;&gt;http://www.enigmacurry.com/2009/01/21/autocompleteel-python-code-completion-in-emacs/#disqus_thread&lt;/a&gt;.&#xA;I declared a string variable &lt;code&gt;a_str=&quot;Hello&quot;&lt;/code&gt;. Now when i type a_str. and press tab, i get the following message in the minibuffer&lt;/p&gt;&#xA;&#xA;&lt;pre&gt;&lt;code&gt;Symbol's function definition is void: yas/snippet-table&#xA;&lt;/code&gt;&lt;/pre&gt;&#xA;&#xA;&lt;p&gt;I was getting a drop-down earlier but suddenly this has stopped working. Any reason why this could be happening ?&lt;/p&gt;&#xA;&#xA;&lt;p&gt;Also,i would like to know the meaning of the line&lt;/p&gt;&#xA;&#xA;&lt;pre&gt;&lt;code&gt;(setq yas/trigger-key (kbd &quot;C-c &amp;lt;kp-multiply&amp;gt;&quot;))&#xA;&lt;/code&gt;&lt;/pre&gt;&#xA;&#xA;&lt;p&gt;Please Help&#xA;Thank You&lt;/p&gt;&#xA;</Body>
<Tags>python,emacs,elisp,rope,yasnippet</Tags>
</question>
<answer>
<Body>&lt;pre class=&quot;lang-el prettyprint-override&quot;&gt;&lt;code&gt;(setq yas/trigger-key (kbd &quot;C-c &amp;lt;kp-multiply&amp;gt;&quot;))&#xA;&lt;/code&gt;&lt;/pre&gt;&#xA;&#xA;&lt;p&gt;means: generate the internal representation for the key binding described by the string &lt;code&gt;C-c &amp;lt;kp-multiply&amp;gt;&lt;/code&gt;, and assign that value to the variable &lt;code&gt;yas/trigger-key&lt;/code&gt;.&lt;/p&gt;&#xA;&#xA;&lt;p&gt;(&lt;code&gt;&amp;lt;kp-multiply&amp;gt;&lt;/code&gt; would generally be the &lt;code&gt;*&lt;/code&gt; key on the keypad.)&lt;/p&gt;&#xA;&#xA;&lt;p&gt;You could then subsequently use &lt;code&gt;yas/trigger-key&lt;/code&gt; in key-bindings. e.g.:&lt;/p&gt;&#xA;&#xA;&lt;pre class=&quot;lang-el prettyprint-override&quot;&gt;&lt;code&gt;(local-set-key yas/trigger-key 'some-function)&#xA;&lt;/code&gt;&lt;/pre&gt;&#xA;&#xA;&lt;p&gt;As for your main error, either something is not being loaded correctly (such that &lt;code&gt;yas/snippet-table&lt;/code&gt; does exist in code, but isn't being loaded before it's used), or else there is an incompatibility between Yasnippet and another library which is trying to use it (presumably autocomplete in this case).&lt;/p&gt;&#xA;&#xA;&lt;p&gt;I see at the bottom of the comments thread you linked to that there was discussion at the time about a similar error being caused by changes in autocomplete 0.2 over 0.1. I also see that the tutorial author links to his git repository for his own Emacs config, and is still using version 0.1 of autocomplete there.&lt;/p&gt;&#xA;&#xA;&lt;p&gt;So I'd suggest checking your versions of each library first. The tutorial uses:&lt;/p&gt;&#xA;&#xA;&lt;ul&gt;&#xA;&lt;li&gt;pymacs 0.23&lt;/li&gt;&#xA;&lt;li&gt;yasnippet 0.5.9&lt;/li&gt;&#xA;&lt;li&gt;autocomplete 0.1&lt;/li&gt;&#xA;&lt;/ul&gt;&#xA;&#xA;&lt;p&gt;The Rope version is unclear, and described only as &quot;the very latest development version (as of December '08)&quot;&lt;/p&gt;&#xA;&#xA;&lt;p&gt;Alternatively, you might prefer to grab the versions directly from that git repository (especially as the version of yasnippet in the repo says that it's version 0.2.2, not 0.5.9).&lt;/p&gt;&#xA;&#xA;&lt;p&gt;If you get it working with those, you could then try upgrading things (and perhaps adding a comment to that thread listing a set of compatible versions, if you come up with a working combination which is more recent).&lt;/p&gt;&#xA;&#xA;&lt;p&gt;Failing that, here's another git repository which might be useful:&lt;/p&gt;&#xA;&#xA;&lt;p&gt;&lt;a href=&quot;https://github.com/gabrielelanaro/emacs-for-python/&quot; rel=&quot;nofollow&quot;&gt;https://github.com/gabrielelanaro/emacs-for-python/&lt;/a&gt;&lt;/p&gt;&#xA;</Body>
</answer>
