<question>
<Title>Strings variations in python - what do they mean?</Title>
<Body>&lt;p&gt;This is a complete noob question....&lt;/p&gt;&#xA;&#xA;&lt;p&gt;but why do some strings in python appear as: &lt;/p&gt;&#xA;&#xA;&lt;pre&gt;&lt;code&gt;{u'foobar: u'bar}&#xA;&lt;/code&gt;&lt;/pre&gt;&#xA;&#xA;&lt;p&gt;while others appear as:&lt;/p&gt;&#xA;&#xA;&lt;pre&gt;&lt;code&gt;{foobar: bar}&#xA;&lt;/code&gt;&lt;/pre&gt;&#xA;&#xA;&lt;p&gt;are they equivalent? How do you convert between the two?&lt;/p&gt;&#xA;</Body>
<Tags>python</Tags>
</question>
<answer>
<Body>&lt;p&gt;The &lt;code&gt;u&lt;/code&gt; prefix means the string is Unicode..&lt;/p&gt;&#xA;&#xA;&lt;p&gt;&lt;a href=&quot;http://docs.python.org/reference/lexical_analysis.html&quot; rel=&quot;nofollow&quot;&gt;http://docs.python.org/reference/lexical_analysis.html&lt;/a&gt;&lt;/p&gt;&#xA;&#xA;&lt;p&gt;Refer to section 2.4.1:&lt;/p&gt;&#xA;&#xA;&lt;blockquote&gt;&#xA;  &lt;p&gt;A prefix of 'u' or 'U' makes the string a Unicode string. Unicode&#xA;  strings use the Unicode character set as defined by the Unicode&#xA;  Consortium and ISO 10646. Some additional escape sequences, described&#xA;  below, are available in Unicode strings. A prefix of 'b' or 'B' is&#xA;  ignored in Python 2; it indicates that the literal should become a&#xA;  bytes literal in Python 3 (e.g. when code is automatically converted&#xA;  with 2to3). A 'u' or 'b' prefix may be followed by an 'r' prefix.&lt;/p&gt;&#xA;&lt;/blockquote&gt;&#xA;&#xA;&lt;p&gt;As you can see, Python will be able to compare strings of various encodings automatically:&lt;/p&gt;&#xA;&#xA;&lt;pre&gt;&lt;code&gt;&amp;gt;&amp;gt;&amp;gt; a = u'Hello'&#xA;&amp;gt;&amp;gt;&amp;gt; b = 'Hello'&#xA;&amp;gt;&amp;gt;&amp;gt; c = ur'Hello'&#xA;&amp;gt;&amp;gt;&amp;gt; a == b&#xA;True&#xA;&amp;gt;&amp;gt;&amp;gt; b == c&#xA;True&#xA;&lt;/code&gt;&lt;/pre&gt;&#xA;&#xA;&lt;p&gt;You can learn more about Unicode strings in Python (as well as how to convert or encode strings) by referring to the &lt;a href=&quot;http://docs.python.org/howto/unicode.html&quot; rel=&quot;nofollow&quot;&gt;documentation&lt;/a&gt;.&lt;/p&gt;&#xA;</Body>
</answer>
<answer>
<Body>&lt;p&gt;Using &lt;code&gt;u'string'&lt;/code&gt; defines that the string is of unicode type.&lt;/p&gt;&#xA;&#xA;&lt;pre&gt;&lt;code&gt;&amp;gt;&amp;gt;&amp;gt; type('hi')&#xA;&amp;lt;type 'str'&amp;gt;&#xA;&amp;gt;&amp;gt;&amp;gt; type(u'hi')&#xA;&amp;lt;type 'unicode'&amp;gt;&#xA;&lt;/code&gt;&lt;/pre&gt;&#xA;&#xA;&lt;p&gt;You can read all about it in the &lt;a href=&quot;http://docs.python.org/howto/unicode.html#python-2-x-s-unicode-support&quot; rel=&quot;nofollow&quot;&gt;uncode documentation page&lt;/a&gt;.&lt;/p&gt;&#xA;</Body>
</answer>
<answer>
<Body>&lt;p&gt;&lt;strong&gt;No, They are not Equivalent&lt;/strong&gt;&lt;/p&gt;&#xA;&#xA;&lt;p&gt;The &quot;u&quot; that prefixes the string means it's Unicode. Unicode was designed to be an extended character set to accommodate languages that aren't English. You can read this entertaining and non-technical history of Unicode.&lt;/p&gt;&#xA;&#xA;&lt;p&gt;&lt;a href=&quot;http://www.reigndesign.com/blog/love-hotels-and-unicode/&quot; rel=&quot;nofollow&quot;&gt;http://www.reigndesign.com/blog/love-hotels-and-unicode/&lt;/a&gt;&lt;/p&gt;&#xA;&#xA;&lt;p&gt;As Lattyware mentions, in Python 3.x, all strings are Unicode.&lt;/p&gt;&#xA;&#xA;&lt;p&gt;If you're working with Python 2.x, especially for the web, it's worth making sure that your program handles Unicode properly. Lots of people like to gripe about  websites that don't support Unicode.&lt;/p&gt;&#xA;</Body>
</answer>
