<question>
<Title>Know any creative ways to interface Python with Tcl?</Title>
<Body>&lt;p&gt;Here's the situation.  The company I work for has quite a bit of existing Tcl code, but some of them want to start using python.  It would nice to be able to reuse some of the existing Tcl code, because that's money already spent.  Besides, some of the test equipment only has Tcl API's.&lt;/p&gt;&#xA;&#xA;&lt;p&gt;So, one of the ways I thought of was using the subprocess module to call into some Tcl scripts.  &lt;/p&gt;&#xA;&#xA;&lt;ul&gt;&#xA;&lt;li&gt;Is subprocess my best bet?&lt;/li&gt;&#xA;&lt;li&gt;Has anyone used this fairly new piece of code: &lt;a href=&quot;http://code.google.com/p/plumage/&quot; rel=&quot;noreferrer&quot;&gt;Plumage&lt;/a&gt;? If so what is your experience (not just for Tk)?&lt;/li&gt;&#xA;&lt;li&gt;Any other possible ways that I have not considered?&lt;/li&gt;&#xA;&lt;/ul&gt;&#xA;</Body>
<Tags>python,tcl</Tags>
</question>
<answer>
<Body>&lt;p&gt;I've not used it myself, but SWIG might help you out:&lt;/p&gt;&#xA;&#xA;&lt;p&gt;&lt;a href=&quot;http://www.swig.org/Doc1.1/HTML/Tcl.html&quot; rel=&quot;nofollow noreferrer&quot;&gt;http://www.swig.org/Doc1.1/HTML/Tcl.html&lt;/a&gt;&lt;/p&gt;&#xA;</Body>
</answer>
<answer>
<Body>&lt;p&gt;This can be done.&lt;/p&gt;&#xA;&#xA;&lt;p&gt;&lt;a href=&quot;http://wiki.tcl.tk/13312&quot; rel=&quot;nofollow noreferrer&quot;&gt;http://wiki.tcl.tk/13312&lt;/a&gt;&lt;/p&gt;&#xA;&#xA;&lt;p&gt;Specificly look at the typcl extension. &lt;/p&gt;&#xA;&#xA;&lt;blockquote&gt;&#xA;  &lt;p&gt;Typcl is a bit weird...  It's a an extension to use Tcl &lt;em&gt;from&lt;/em&gt; Python.&#xA;  It doesn't really require CriTcl and could have been done in standard C.&lt;/p&gt;&#xA;  &#xA;  &lt;p&gt;This code demonstrates using Tcl as shared library, and hooking into it&#xA;  at run time (Tcl's stubs architecture makes this delightfully simple).&#xA;  Furthermore, Typcl avoids string conversions where possible (both ways).&lt;/p&gt;&#xA;&lt;/blockquote&gt;&#xA;</Body>
</answer>
<answer>
<Body>&lt;p&gt;I hope you're ready for this.  Standard Python&lt;/p&gt;&#xA;&#xA;&lt;pre&gt;&lt;code&gt;import Tkinter&#xA;tclsh = Tkinter.Tcl()&#xA;tclsh.eval(&quot;&quot;&quot;&#xA;    proc unknown args {puts &quot;Hello World!&quot;}&#xA;    }&quot;!dlroW olleH&quot; stup{ sgra nwonknu corp&#xA;&quot;&quot;&quot;)&#xA;&lt;/code&gt;&lt;/pre&gt;&#xA;&#xA;&lt;p&gt;&lt;em&gt;Edit in Re to comment&lt;/em&gt;: Python's tcl interpreter is not aware of other installed tcl components.  You can deal with that by adding extensions in the usual way to the tcl python actually uses.  Here's a link with some detail &lt;/p&gt;&#xA;&#xA;&lt;ul&gt;&#xA;&lt;li&gt;&lt;a href=&quot;http://wiki.python.org/moin/How%20Tkinter%20can%20exploit%20Tcl/Tk%20extensions&quot; rel=&quot;nofollow noreferrer&quot;&gt;How Tkinter can exploit Tcl/Tk extensions&lt;/a&gt;&lt;/li&gt;&#xA;&lt;/ul&gt;&#xA;</Body>
</answer>
