<question>
<Title>typecasting with virtual functions</Title>
<Body>&lt;p&gt;In the code below, pC == pA:&lt;/p&gt;&#xA;&#xA;&lt;pre&gt;&lt;code&gt;class A&#xA;{&#xA;};&#xA;&#xA;class B : public A&#xA;{&#xA;public:&#xA;    int i;&#xA;};&#xA;&#xA;class C : public B&#xA;{&#xA;public:&#xA;    char c;&#xA;};&#xA;&#xA;int main()&#xA;{&#xA;    C* pC = new C;&#xA;    A* pA = (A*)pC;&#xA;&#xA;    return 0;&#xA;}&#xA;&lt;/code&gt;&lt;/pre&gt;&#xA;&#xA;&lt;p&gt;But when I add a pure virtual function to B and implement it in C, pA != pC:&lt;/p&gt;&#xA;&#xA;&lt;pre&gt;&lt;code&gt;class A&#xA;{&#xA;};&#xA;&#xA;class B : public A&#xA;{&#xA;public:&#xA;    int i;&#xA;    virtual void Func() = 0;&#xA;};&#xA;&#xA;class C : public B&#xA;{&#xA;public:&#xA;    char c;&#xA;    void Func() {}&#xA;};&#xA;&#xA;int main()&#xA;{&#xA;    C* pC = new C;&#xA;    A* pA = (A*)pC;&#xA;&#xA;    return 0;&#xA;}&#xA;&lt;/code&gt;&lt;/pre&gt;&#xA;&#xA;&lt;p&gt;Why is pA not equal to pC in this case? Don't they both still point to the same &quot;C&quot; object in memory?&lt;/p&gt;&#xA;</Body>
<Tags>c++,casting,virtual</Tags>
</question>
<answer>
<Body>&lt;p&gt;A pointer to an object is &lt;strong&gt;convertible&lt;/strong&gt; to a pointer to base object and vice versa, but the conversion doesn't have to be trivial. It's entirely possible, and often necessary, that the base pointer has a different &lt;em&gt;value&lt;/em&gt; than the derived pointer. That's why you have a strong type system and conversions. If all pointers were the same, you wouldn't need either.&lt;/p&gt;&#xA;</Body>
</answer>
<answer>
<Body>&lt;p&gt;Here are my assumptions, based on the question.&lt;/p&gt;&#xA;&#xA;&lt;p&gt;1) You have a case where you cast from a C to an A and you get the expected behaviour.&lt;br&gt;&#xA;2) You added a virtual function, and that cast no longer works (in that you can no longer pull data from A directly after the cast to A, you get data that makes no sense to you).  &lt;/p&gt;&#xA;&#xA;&lt;p&gt;If these assumptions are true the hardship you are experiencing is the insertion of the virtual table in B.  This means the data in the class is no longer perfectly lined up with the data in the base class (as in the class has added bytes, the virtual table, that are hidden from you).  A fun test would be to check sizeof to observe the growth of unknown bytes.  &lt;/p&gt;&#xA;&#xA;&lt;p&gt;To resolve this you should not cast directly from A to C to harvest data.  You should add a getter function that is in A and inherited by B and C.  &lt;/p&gt;&#xA;&#xA;&lt;p&gt;Given your update in the comments, I think you should read &lt;a href=&quot;http://en.wikipedia.org/wiki/Virtual_method_table&quot; rel=&quot;nofollow&quot;&gt;this&lt;/a&gt;, it explains virtual tables and the memory layout, and how it is compiler dependent.  That link explains, in more detail, what I explained above, but gives examples of the pointers being different values.  Really, I had WHY you were asking the question wrong, but it seems the information is still what you wanted.  The cast from C to A takes into account the virtual table at this point (note C-8 is 4, which on a 32 bit system would be the size of the address needed for the virtual table, I believe).  &lt;/p&gt;&#xA;</Body>
</answer>
<answer>
<Body>&lt;p&gt;You're seeing a different value for your pointer because the new virtual function is causing the injection of a vtable pointer into your object.  VC++ is putting the vtable pointer at the beginning of the object (which is typical, but purely an internal detail).&lt;/p&gt;&#xA;&#xA;&lt;p&gt;Let's add a new field to A so that it's easier to explain.&lt;/p&gt;&#xA;&#xA;&lt;pre&gt;&lt;code&gt;class A {&#xA;public:&#xA;    int a;&#xA;};&#xA;// other classes unchanged&#xA;&lt;/code&gt;&lt;/pre&gt;&#xA;&#xA;&lt;p&gt;Now, in memory, your &lt;code&gt;pA&lt;/code&gt; and &lt;code&gt;A&lt;/code&gt; look something like this:&lt;/p&gt;&#xA;&#xA;&lt;pre&gt;&lt;code&gt;pA --&amp;gt; | a      |          0x0000004&#xA;&lt;/code&gt;&lt;/pre&gt;&#xA;&#xA;&lt;p&gt;Once you add B and C into the mix, you end up with this:&lt;/p&gt;&#xA;&#xA;&lt;pre&gt;&lt;code&gt;pC --&amp;gt; | vtable |          0x0000000&#xA;pA --&amp;gt; | a      |          0x0000004&#xA;       | i      |          0x0000008&#xA;       | c      |          0x000000C&#xA;&lt;/code&gt;&lt;/pre&gt;&#xA;&#xA;&lt;p&gt;As you can see, &lt;code&gt;pA&lt;/code&gt; is pointing to the data &lt;em&gt;after&lt;/em&gt; the vtable, because it doesn't know anything about the vtable or how to use it, or even that it's there.  &lt;code&gt;pC&lt;/code&gt; does know about the vtable, so it points directly to the table, which simplifies its use.&lt;/p&gt;&#xA;</Body>
</answer>
