<question>
<Title>Can eclipse do auto-complete using external libraries like cocos2d?</Title>
<Body>&lt;p&gt;I'm using Eclipse in linux. I have created a project using Cocos2D. It's a Java project, but im opening cpp and headers files to write native code.&lt;/p&gt;&#xA;&#xA;&lt;p&gt;Each time, i compile the native code with ./build_native.sh&lt;/p&gt;&#xA;&#xA;&lt;p&gt;I will like to know if eclipse could be configure to autocomplete functions in native code.&lt;/p&gt;&#xA;&#xA;&lt;p&gt;Example:&lt;/p&gt;&#xA;&#xA;&lt;pre&gt;&lt;code&gt;CCDirector::sharedDirector()-&amp;gt;&#xA;&lt;/code&gt;&lt;/pre&gt;&#xA;&#xA;&lt;p&gt;Must show the options like getWinSize().&lt;/p&gt;&#xA;&#xA;&lt;p&gt;Some ideas? Thanks in advance.&lt;/p&gt;&#xA;</Body>
<Tags>c++,eclipse,java-native-interface,cocos2d-android</Tags>
</question>
<answer>
<Body>&lt;p&gt;Have you installed the &lt;a href=&quot;http://www.eclipse.org/cdt/&quot; rel=&quot;nofollow&quot;&gt;CDT&lt;/a&gt;? That give Eclipse C/C++ capabilities similar to what it already has for Java.&lt;/p&gt;&#xA;</Body>
</answer>
<answer>
<Body>&lt;p&gt;I can't answer to the specifics of your question but in general I had this problem in C/C++ with iostream and STL libs. Even though everything would compile fine it wasn't supporting auto-complete. I ended up digging down into the supplied libraries to the root that held each .h file collection and added those to the directories path. Then I rebuilt the index and then auto-complete started working. So if cocos2d stores .h files in more than one location add each folder.&lt;/p&gt;&#xA;</Body>
</answer>
