<question>
<Title>c cast in c++, compile time or run time?</Title>
<Body>&lt;p&gt;does any one know if, for example, I'm writing in c++ the following code:&lt;/p&gt;&#xA;&#xA;&lt;pre&gt;&lt;code&gt;int a;&#xA;void *ptr = &amp;amp;a;&#xA;ptr = (char *)ptr + 1; //&amp;lt;-- this is the interesting line;&#xA;&lt;/code&gt;&lt;/pre&gt;&#xA;&#xA;&lt;p&gt;Does the &lt;code&gt;(char *)&lt;/code&gt; only tells the compiler how to address this variable?&lt;br&gt;&#xA;Or does it actually add more calculations in run time?&lt;/p&gt;&#xA;&#xA;&lt;p&gt;Thanks.&lt;/p&gt;&#xA;</Body>
<Tags>c++,c,casting</Tags>
</question>
<answer>
<Body>&lt;p&gt;Here, it's purely a compile-time cast.&lt;/p&gt;&#xA;&#xA;&lt;p&gt;In the general case, a C-style cast &lt;em&gt;could&lt;/em&gt; cause an instruction or two to be added, e.g. if needed to narrow/widen variables, but it's kind of rare and doesn't exactly affect performance.&lt;/p&gt;&#xA;&#xA;&lt;p&gt;The only run-time cast I know of is &lt;code&gt;dynamic_cast&lt;/code&gt;.&lt;/p&gt;&#xA;</Body>
</answer>
<answer>
<Body>&lt;p&gt;For your specific example, it's just to bypass the compiler. You're basically saying &quot;I know this is not a &lt;code&gt;char*&lt;/code&gt;, but I know what I'm doing, trust me&quot;.&lt;/p&gt;&#xA;&#xA;&lt;p&gt;&lt;strong&gt;Hoewver&lt;/strong&gt;, if you have a user-defined type, you can overload the cast operator and it will perform the operations you tell it to:&lt;/p&gt;&#xA;&#xA;&lt;pre&gt;&lt;code&gt;struct A&#xA;{&#xA;   char* x;&#xA;   A() : x(&quot;abc&quot;) {}&#xA;   operator char() { return x[0]; }&#xA;   operator char*() { return x; }&#xA;};&#xA;&#xA;int main()&#xA;{&#xA;   A a;&#xA;   char x = (char)a;   // x == 'a'&#xA;   char* y = (char*)a; // y == &quot;abc&quot;&#xA;   return 0;&#xA;}&#xA;&lt;/code&gt;&lt;/pre&gt;&#xA;</Body>
</answer>
<answer>
<Body>&lt;p&gt;It depends on the cast, which I find slightly unsatisfying about C. I would rather there were separate mechanisms for converting one type to another and treating a block of memory as if it were a specific type.&lt;/p&gt;&#xA;&#xA;&lt;p&gt;For pointers, however, it's always just a compile-time thing. A &lt;code&gt;char*&lt;/code&gt; has exactly the same representation as a &lt;code&gt;void*&lt;/code&gt; (they're just a memory address), so there's nothing to do to convert them.&lt;/p&gt;&#xA;</Body>
</answer>
<answer>
<Body>&lt;p&gt;In this case, no extra calculations are done.&lt;/p&gt;&#xA;&#xA;&lt;p&gt;However, there are some cases where a cast is technically a conversion, mostly with numeric input. For example the following could introduce runtime code (provided it is not optimised out, which in a small example like this you'd expect it to be):&lt;/p&gt;&#xA;&#xA;&lt;pre&gt;&lt;code&gt;int x = 42;&#xA;double d = (double)x;&#xA;&lt;/code&gt;&lt;/pre&gt;&#xA;&#xA;&lt;p&gt;Here the internal representation of an int and a double means you cannot just change how the compiler sees the variable, you have to change the data as well.&lt;/p&gt;&#xA;</Body>
</answer>
