<question>
<Title>How to get ride of console box of a GUI program compile by MinGW + Code::Block</Title>
<Body>&lt;p&gt;When I compile and run a simple Win32 GUI program in MinGW+MSys with command line:&lt;/p&gt;&#xA;&#xA;&lt;p&gt;&lt;code&gt;$ g++ main.cpp -o app -std=c++0x&lt;/code&gt;&lt;/p&gt;&#xA;&#xA;&lt;p&gt;&lt;code&gt;$ ./app&lt;/code&gt;&lt;/p&gt;&#xA;&#xA;&lt;p&gt;only a dialog box shows. But when I put this program into Code::Blocks IDE and compile it, it always results in a black console box with the dialog. Adding &lt;code&gt;-mwindows&lt;/code&gt; in link options no effect.&lt;/p&gt;&#xA;&#xA;&lt;p&gt;&lt;strong&gt;main.cpp:&lt;/strong&gt;&lt;/p&gt;&#xA;&#xA;&lt;pre&gt;&lt;code&gt;#include &amp;lt;windows.h&amp;gt;&#xA;int WinMain(HINSTANCE,HINSTANCE,LPSTR,int)&#xA;{&#xA;    MessageBox(0,&quot;Hello, Windows&quot;,&quot;MinGW Test Program&quot;,MB_OK);&#xA;    return 0;&#xA;}&#xA;&lt;/code&gt;&lt;/pre&gt;&#xA;&#xA;&lt;p&gt;How can I get rid of the console box?&lt;/p&gt;&#xA;</Body>
<Tags>c++,mingw,codeblocks</Tags>
</question>
<answer>
<Body>&lt;p&gt;Put it in a project, and in the project settings there's an option to not have a console window. &lt;/p&gt;&#xA;&#xA;&lt;p&gt;If you can't be bothered to have it in a project, a call to &lt;code&gt;ShowWindow (GetConsoleWindow(), SW_HIDE);&lt;/code&gt; will make it flash on the screen and then disappear. Note that you must &lt;code&gt;#define _WIN32_WINNT&lt;/code&gt; as &lt;code&gt;0x0500&lt;/code&gt; or greater before including windows.h to have access to &lt;code&gt;GetConsoleWindow()&lt;/code&gt;. I'll come back in a bit with a specific location to disable it.&lt;/p&gt;&#xA;&#xA;&lt;pre&gt;&lt;code&gt;//hide console window at start&#xA;#define _WIN32_WINNT 0x0501 //this is for XP&#xA;#include &amp;lt;windows.h&amp;gt;&#xA;&#xA;int main()&#xA;{&#xA;    ShowWindow (GetConsoleWindow(), SW_HIDE);&#xA;    //rest of program here&#xA;}&#xA;&lt;/code&gt;&lt;/pre&gt;&#xA;&#xA;&lt;p&gt;EDIT:&#xA;Found it, here's how to not have a console window:&lt;/p&gt;&#xA;&#xA;&lt;ol&gt;&#xA;&lt;li&gt;Click Project on the CodeBlocks menu.&lt;/li&gt;&#xA;&lt;li&gt;Click Properties.&lt;/li&gt;&#xA;&lt;li&gt;Click the second tab, Build Targets.&lt;/li&gt;&#xA;&lt;li&gt;On the right, where it says Type: Console application, change it to GUI application.&lt;/li&gt;&#xA;&lt;li&gt;Rebuild the project.&lt;/li&gt;&#xA;&lt;/ol&gt;&#xA;</Body>
</answer>
