<question>
<Title>Query std::ostringstream content</Title>
<Body>&lt;p&gt;Is it possible to search the content of a &lt;code&gt;std::ostringstream&lt;/code&gt; without using the &lt;code&gt;std::ostringstream::str()&lt;/code&gt; member function to create a &lt;code&gt;std::string&lt;/code&gt; to search?&lt;/p&gt;&#xA;&#xA;&lt;p&gt;I have the following and want to avoid constructing a &lt;code&gt;std::string&lt;/code&gt; instance on every invocation of &lt;code&gt;flush_()&lt;/code&gt;:&lt;/p&gt;&#xA;&#xA;&lt;pre&gt;&lt;code&gt;#include &amp;lt;iostream&amp;gt;&#xA;using std::cout;&#xA;&#xA;#include &amp;lt;ios&amp;gt;&#xA;using std::boolalpha;&#xA;&#xA;#include &amp;lt;sstream&amp;gt;&#xA;using std::ostringstream;&#xA;&#xA;#include &amp;lt;string&amp;gt;&#xA;using std::string;&#xA;&#xA;class line_decorating_ostream&#xA;{&#xA;public:&#xA;    line_decorating_ostream()  { out_ &amp;lt;&amp;lt; boolalpha;  }&#xA;    ~line_decorating_ostream() { cout &amp;lt;&amp;lt; out_.str(); }&#xA;&#xA;    template &amp;lt;typename T&amp;gt;&#xA;    line_decorating_ostream&amp;amp; operator&amp;lt;&amp;lt;(const T&amp;amp; a_t)&#xA;    {&#xA;        out_ &amp;lt;&amp;lt; a_t;&#xA;        flush_();&#xA;        return *this;&#xA;    }&#xA;&#xA;private:&#xA;    ostringstream out_;&#xA;    line_decorating_ostream(const line_decorating_ostream&amp;amp;);&#xA;    line_decorating_ostream&amp;amp; operator=(const line_decorating_ostream&amp;amp;);&#xA;&#xA;    // Write any full lines.&#xA;    void flush_()&#xA;    {&#xA;        string s(out_.str());&#xA;        size_t pos = s.find('\n');&#xA;        if (string::npos != pos)&#xA;        {&#xA;            do&#xA;            {&#xA;                cout &amp;lt;&amp;lt; &quot;line: [&quot; &amp;lt;&amp;lt; s.substr(0, pos) &amp;lt;&amp;lt; &quot;]\n&quot;;&#xA;                s = s.substr(pos + 1);&#xA;&#xA;            } while (string::npos != (pos = s.find('\n')));&#xA;&#xA;            out_.clear();&#xA;            out_.str(&quot;&quot;);&#xA;            out_ &amp;lt;&amp;lt; boolalpha &amp;lt;&amp;lt; s;&#xA;        }&#xA;    }&#xA;};&#xA;&#xA;int main()&#xA;{&#xA;    line_decorating_ostream logger;&#xA;&#xA;    logger &amp;lt;&amp;lt; &quot;1 &quot; &amp;lt;&amp;lt; &quot;2 &quot; &amp;lt;&amp;lt; 3 &amp;lt;&amp;lt; &quot; 4 &quot; &amp;lt;&amp;lt; 5 &amp;lt;&amp;lt; &quot;\n&quot;&#xA;           &amp;lt;&amp;lt; &quot;6 7 8 9 10\n...\n&quot; &amp;lt;&amp;lt; true &amp;lt;&amp;lt; &quot;\n&quot;;&#xA;&#xA;    return 0;&#xA;}&#xA;&lt;/code&gt;&lt;/pre&gt;&#xA;&#xA;&lt;p&gt;[&lt;em&gt;It is not causing any performance issues that I am concerned about, just curious if this is possible.&lt;/em&gt;]&lt;/p&gt;&#xA;</Body>
<Tags>c++</Tags>
</question>
<answer>
<Body>&lt;p&gt;Use its &lt;a href=&quot;http://en.cppreference.com/w/cpp/io/basic_streambuf&quot; rel=&quot;nofollow&quot;&gt;&lt;code&gt;streambuf&lt;/code&gt;&lt;/a&gt; class? Or write an own one? (Ok: you should write an own one: &lt;code&gt;pbase&lt;/code&gt; and &lt;code&gt;pptr&lt;/code&gt; are protected.)&lt;/p&gt;&#xA;&#xA;&lt;pre&gt;&lt;code&gt;class my_str_buffer : public basic_stringbuf&amp;lt;char&amp;gt;&#xA;{&#xA;  public:&#xA;    using basic_stringbuf&amp;lt;char&amp;gt;::pbase;&#xA;    using basic_stringbuf&amp;lt;char&amp;gt;::pptr;&#xA;};&#xA;&#xA;my_str_buffer my_buf;&#xA;ostream str( &amp;amp;my_buf );&#xA;// do anything&#xA;string foo( str.rdbuf()-&amp;gt;pbase(), str.rdbuf()-&amp;gt;pptr() );&#xA;&lt;/code&gt;&lt;/pre&gt;&#xA;&#xA;&lt;p&gt;&lt;a href=&quot;http://en.cppreference.com/w/cpp/io/basic_ostream/basic_ostream&quot; rel=&quot;nofollow&quot;&gt;&lt;code&gt;ostream&lt;/code&gt; constructor&lt;/a&gt; and &lt;a href=&quot;http://en.cppreference.com/w/cpp/io/basic_stringbuf&quot; rel=&quot;nofollow&quot;&gt;&lt;code&gt;stringbuf&lt;/code&gt;&lt;/a&gt;&lt;/p&gt;&#xA;</Body>
</answer>
