<question>
<Title>How can I show print statements in debug mode of OPNET Modeler?</Title>
<Body>&lt;p&gt;I'm writing C++ code in OPNET Modeler.&#xA;I try to simulate my scenario in debugger mode &amp;amp; I need to trace the function that I wrote it. I need to show print statements which I put it in my code.&lt;/p&gt;&#xA;&#xA;&lt;p&gt;I used in debugger mode: &lt;code&gt;***ltr function_name()***&lt;/code&gt; then &lt;code&gt;***c***&lt;/code&gt;&lt;/p&gt;&#xA;&#xA;&lt;p&gt;But the result looks like:&lt;/p&gt;&#xA;&#xA;&lt;pre&gt;&lt;code&gt;Type 'help' for Command Summary&#xA;&#xA;&#xA;ODB&amp;gt; ltr enqueue_packet()&#xA;Added trace #0: trace on label (enqueue_packet())&#xA;&#xA;ODB&amp;gt; c&#xA;|-----------------------------------------------------------------------------|&#xA;| Progress: Time (1 min. 52 sec.); Events (500,002)                           |&#xA;| Speed: Average (82,575 events/sec.); Current (82,575 events/sec.)           |&#xA;| Time : Elapsed (6.1 sec.)                                                   |&#xA;| DES Log: 28 entries                                                         |&#xA;|-----------------------------------------------------------------------------|&#xA;|-----------------------------------------------------------------------------|&#xA;| Progress: Time (1 min. 55 sec.); Events (1,000,002)                         |&#xA;| Speed: Average (69,027 events/sec.); Current (59,298 events/sec.)           |&#xA;| Time : Elapsed (14 sec.)                                                    |&#xA;| DES Log: 28 entries                                                         |&#xA;|-----------------------------------------------------------------------------|&#xA;|-----------------------------------------------------------------------------|&#xA;| Progress: Time (1 min. 59 sec.); Events (1,500,002)                         |&#xA;| Speed: Average (51,464 events/sec.); Current (34,108 events/sec.)           |&#xA;| Time : Elapsed (29 sec.)                                                    |&#xA;| DES Log: 28 entries                                                         |&#xA;|-----------------------------------------------------------------------------|&#xA;|-----------------------------------------------------------------------------|&#xA;| Simulation Completed - Collating Results.                                   |&#xA;| Events: Total (1,591,301); Average Speed (48,803 events/sec.)               |&#xA;| Time  : Elapsed (33 sec.); Simulated (2 min. 0 sec.)                        |&#xA;| DES Log: 29 entries                                                         |&#xA;|-----------------------------------------------------------------------------|&#xA;|-----------------------------------------------------------------------------|&#xA;| Reading network model.                                                      |&#xA;|-----------------------------------------------------------------------------|&#xA;&lt;/code&gt;&lt;/pre&gt;&#xA;&#xA;&lt;p&gt;I need to show the print statements in my code.&#xA;Where it has to be appeared?&#xA;Is there any step before run the simulation to insure that OPNET debugger using Visual Studio &amp;amp; go through my code??&lt;/p&gt;&#xA;</Body>
<Tags>c++,visual-studio,debugging</Tags>
</question>
<answer>
<Body>&lt;p&gt;I don't have much idea about what your trying to do , but i think you can output statements directly to a debugger for C++ code using &lt;/p&gt;&#xA;&#xA;&lt;p&gt;&lt;code&gt;OutputDebugStringA(&quot;Your string here&quot;);&lt;/code&gt;&lt;/p&gt;&#xA;&#xA;&lt;p&gt;or just &lt;/p&gt;&#xA;&#xA;&lt;p&gt;&lt;code&gt;OutputDebugString(&quot;Your string here&quot;);&lt;/code&gt;&lt;/p&gt;&#xA;&#xA;&lt;p&gt;Hope this helps!&lt;/p&gt;&#xA;</Body>
</answer>
<answer>
<Body>&lt;p&gt;OPNET Modeler provides the following commands to print trace output:&lt;/p&gt;&#xA;&#xA;&lt;p&gt;op_prg_odb_print_major()  Prints a sequence of strings to the standard output device, in the format of ODB trace statements starting at the major indentation level.&lt;/p&gt;&#xA;&#xA;&lt;p&gt;op_prg_odb_print_minor()  Prints a sequence of strings to the standard output device, in the format of ODB trace statements at the minor indentation level.&lt;/p&gt;&#xA;&#xA;&lt;p&gt;op_prg_text_output()  Prints a sequence of user-defined strings to the standard output device.&lt;/p&gt;&#xA;&#xA;&lt;p&gt;For example:&lt;/p&gt;&#xA;&#xA;&lt;pre&gt;&lt;code&gt;if (op_prg_odb_ltrace_active (&quot;tcp_window&quot;)) {&#xA;  /* a trace is enabled, output Window-Related Variables */&#xA;  char str0[128], str1[128], str2[128];&#xA;  sprintf (str0, &quot;rcv requests pending : (%d)&quot;, num_rcvs_allowed);&#xA;  sprintf (str1, &quot;local receive window : (%d)&quot;, receive_window);&#xA;  sprintf (str2, &quot;remote receive window : (%d)&quot;, remote_window);&#xA;  op_prg_odb_print_major (&quot;Window-Related Variables&quot;, str0, str1, str2, OPC_NIL);&#xA;&#xA;  sprintf (str0, &quot;send unacked : (%d)&quot;, send_unacked);&#xA;  sprintf (str1, &quot;send_next : (%d)&quot;, send_next);&#xA;  sprintf (str2, &quot;receive next : (%d)&quot;, receive_next);&#xA;  op_prg_odb_print_minor (str0, str1, str2, OPC_NIL);&#xA;}&#xA;&lt;/code&gt;&lt;/pre&gt;&#xA;&#xA;&lt;p&gt;Example output as it appears on the standard output device:&lt;/p&gt;&#xA;&#xA;&lt;pre&gt;&lt;code&gt;            |       Window-Related Variables&#xA;            |               rcv requests pending : (3)&#xA;            |               local receive window : (6400)&#xA;            |               remote receive window : (10788)&#xA;            |               send unacked : (4525)&#xA;            |               send_next : (5000)&#xA;            |               receive_next : (1200)&#xA;&lt;/code&gt;&lt;/pre&gt;&#xA;&#xA;&lt;p&gt;[Code taken from OPNET Modeler documentation.]&lt;/p&gt;&#xA;&#xA;&lt;p&gt;Note:  I am guessing that you are modifying the standard models and are using the stdmod Repository.  If this is the case, your code is not being compiled and you will not see any print statements in the debugger.  See preference &quot;Network simulation Repositories&quot; to see if you are using a repository instead of compiling your own code.&lt;/p&gt;&#xA;</Body>
</answer>
