<question>
<Title>How to programmatically create a CDialog window?</Title>
<Body>&lt;p&gt;I do not want to use the &quot;graphics resources&quot; to create the dialog!&lt;/p&gt;&#xA;&#xA;&lt;p&gt;What I have so far:&lt;/p&gt;&#xA;&#xA;&lt;pre&gt;&lt;code&gt;CDialog *dlgWin = new CDialog();&#xA;dlgWin-&amp;gt;Create(&quot;hello&quot;);  // &amp;lt;-- but this Errors: &quot;Debug Assertion failed!&quot;&#xA;&lt;/code&gt;&lt;/pre&gt;&#xA;&#xA;&lt;p&gt;thx&lt;/p&gt;&#xA;</Body>
<Tags>c++,visual-c++,mfc</Tags>
</question>
<answer>
<Body>&lt;p&gt;You need to create the dialog template in the resource editor, and provide it to the &lt;code&gt;CDialog&lt;/code&gt; constructor.&lt;/p&gt;&#xA;&#xA;&lt;p&gt;Here's the &lt;a href=&quot;http://msdn.microsoft.com/en-us/library/132s802t%28v=vs.80%29.aspx&quot; rel=&quot;nofollow&quot;&gt;documentation&lt;/a&gt;, they also explain how to dynamically create your dialog in memory, its not trivial and I'd advise against it. I'd advise against using MFC altogether.&lt;/p&gt;&#xA;&#xA;&lt;p&gt;The MSDN documentation is usually pretty well written, read it.&lt;/p&gt;&#xA;</Body>
</answer>
<answer>
<Body>&lt;p&gt;I use one empty dialog template for all dialog boxes and then use my own GUI layout library to generate and manage the size of the MFC widgets. Don't know if you really want to do it because it requires a lot of additional work, gives problems but also features. &lt;/p&gt;&#xA;&#xA;&lt;p&gt;Using Qt oder GTK might be a way but i don't like them.&lt;/p&gt;&#xA;</Body>
</answer>
