<question>
<Title>what does this C++ macro do?</Title>
<Body>&lt;p&gt;This is for MSVC&lt;/p&gt;&#xA;&#xA;&lt;pre&gt;&lt;code&gt;#define Get64B(hi, lo) ((((__int64)(hi)) &amp;lt;&amp;lt; 32) | (unsigned int)(lo))&#xA;&lt;/code&gt;&lt;/pre&gt;&#xA;&#xA;&lt;p&gt;Specifically, what is the role of the 'operator &amp;lt;&amp;lt;' ? &lt;/p&gt;&#xA;&#xA;&lt;p&gt;Thanks for your help&lt;/p&gt;&#xA;</Body>
<Tags>c++,operators,macros</Tags>
</question>
<answer>
<Body>&lt;p&gt;&amp;lt;&amp;lt; is the left shift operator. This macro is intended to make a 64-bit value from two 32 bit values, using the first argument as the top 32 bits and the second argument as the bottom 32 bits of the new value.&lt;/p&gt;&#xA;</Body>
</answer>
<answer>
<Body>&lt;p&gt;It takes two 32 bit integers and returns a 64 bit integer, with the first parameter as the 32 high bits and the second as the 32 low bits.&lt;/p&gt;&#xA;&#xA;&lt;p&gt;&amp;lt;&amp;lt; is the left shift operator. It takes the high 32 bits, shifts them over, and then ORs the that result with the low bits.&lt;/p&gt;&#xA;</Body>
</answer>
<answer>
<Body>&lt;p&gt;operator &amp;lt;&amp;lt; is a binary left shift operator. It shifts the int64 variable hi left by 32 bits.&lt;/p&gt;&#xA;</Body>
</answer>
<answer>
<Body>&lt;p&gt;It bit shifts the value of hi to the left by 32 bits.&lt;/p&gt;&#xA;</Body>
</answer>
<answer>
<Body>&lt;p&gt;That's the left shift operator, and its standard meaning (for number types) is shifting bits to the left&lt;/p&gt;&#xA;&#xA;&lt;pre&gt;&lt;code&gt;int a = 1;&#xA;int b = a &amp;lt;&amp;lt; 3; // b is now 1000 binary, 8 decimal&#xA;&lt;/code&gt;&lt;/pre&gt;&#xA;&#xA;&lt;p&gt;The code creates a 64 bit number out of two 32 bit numbers. &lt;/p&gt;&#xA;</Body>
</answer>
<answer>
<Body>&lt;p&gt;AakashM is correct.  It may be easier to understand written as a method&lt;/p&gt;&#xA;&#xA;&lt;pre&gt;&lt;code&gt;__int64 Get64B(__int32 hi, __int32 lo) {&#xA;  __int64 combined = hi;&#xA;  combined = combined &amp;lt;&amp;lt; 32;  // Shift the value 32 bits left.  Combined&#xA;                              // now holds all of hi on the left 32 bits&#xA;  combined = combined | lo;   // Low 32 bits now equal to lo&#xA;  return combined;&#xA;}&#xA;&lt;/code&gt;&lt;/pre&gt;&#xA;</Body>
</answer>
<answer>
<Body>&lt;p&gt;That returns a 64 bit int using two 32 bit int, one is used as de hi order bytes and the second one as the low order bytes.&lt;/p&gt;&#xA;&#xA;&lt;p&gt;hi &amp;lt;&amp;lt; 32 converts the integer to the high order bytes of the 64 bit int. Example:&lt;/p&gt;&#xA;&#xA;&lt;p&gt;Get64B (11111111111111110000000000000000, 000000000000000011111111111111111)&lt;/p&gt;&#xA;&#xA;&lt;p&gt;returns 11111111111111110000000000000000000000000000000011111111111111111&lt;/p&gt;&#xA;&#xA;&lt;p&gt;Because 11111111111111110000000000000000 &amp;lt;&amp;lt; 32 returns &lt;/p&gt;&#xA;&#xA;&lt;p&gt;1111111111111111000000000000000000000000000000000000000000000000&lt;/p&gt;&#xA;</Body>
</answer>
<answer>
<Body>&lt;p&gt;Return a 64-bits integer of two 8,16,32 or 64-bits integers.&#xA;This safer as:  hi &amp;lt;&amp;lt; 32 | lo&lt;/p&gt;&#xA;</Body>
</answer>
