<question>
<Title>name of upload files</Title>
<Body>&lt;p&gt;When registered user upload some files as PDF to MEDIA_ROOT (named usermedia directory)&#xA;document is saved in directory as 12345676542.pdf&#xA;this number is users OIB number which give when registered&lt;/p&gt;&#xA;&#xA;&lt;pre&gt;&lt;code&gt;def handle_uploaded_file(f,wusr):&#xA;    nname = &quot;%s.%s&quot; % (str(wusr.oib), f.name.split(&quot;.&quot;)[1])&#xA;    print nname&#xA;    destination = open('%s/%s' % (MEDIA_ROOT, nname), 'wb+')&#xA;    for chunk in f.chunks():&#xA;        destination.write(chunk)&#xA;    destination.close()&#xA;&lt;/code&gt;&lt;/pre&gt;&#xA;&#xA;&lt;p&gt;but when the user wants to upload another document this document is saved as previous document&lt;/p&gt;&#xA;&#xA;&lt;p&gt;How to set when user want upload another file to geth file named as 12345676542-1.pdf&lt;/p&gt;&#xA;</Body>
<Tags>python,django</Tags>
</question>
<answer>
<Body>&lt;p&gt;You either need to maintain a data store of what the last index used by that user was or search the file system for existing files for that user and find the first unused (or last used) index, then create your new file with that.&lt;/p&gt;&#xA;</Body>
</answer>
<answer>
<Body>&lt;p&gt;Here's an example of a solution. &lt;strong&gt;Keep in mind I haven't tested this, so there might be syntax errors. Treat this as a suggestion.&lt;/strong&gt;&lt;/p&gt;&#xA;&#xA;&lt;pre&gt;&lt;code&gt;def handle_uploaded_file(f,wusr):&#xA;    nname = &quot;%s.%s&quot; % (str(wusr.oib), f.name.split(&quot;.&quot;)[1])&#xA;    nname = unique(nname)&#xA;    destination = open('%s/%s' % (MEDIA_ROOT, nname), 'wb+')&#xA;    for chunk in f.chunks():&#xA;        destination.write(chunk)&#xA;    destination.close()&#xA;&#xA;# Return unique file name in format &amp;lt;filename&amp;gt;-&amp;lt;num&amp;gt;.&amp;lt;ext&amp;gt;&#xA;def unique(path):&#xA;    import os.path&#xA;    num = 0&#xA;    newpath = path&#xA;&#xA;    def fileExists(path):&#xA;        return os.path.isfile(path)&#xA;&#xA;    # Keep incrementing until an unique filename is reached&#xA;    while fileExists(newpath):&#xA;        num += 1&#xA;        pieces = path.rsplit('.', 1)&#xA;        newpath = &quot;%s-%d.%s&quot; % (pieces[0], num, pieces[1])&#xA;&#xA;    return newpath&#xA;&lt;/code&gt;&lt;/pre&gt;&#xA;&#xA;&lt;p&gt;The &lt;code&gt;unique&lt;/code&gt; function would generate a new file name guaranteed to be unique. This particular solution of checking the disk for every interval could be problematic when you reach a high number of identically named uploads. If the speed of this solution turns out to be a problem, just list all files in the directory to begin with and perform the above operations on that string instead. That will reduce the number of disk operations from &lt;em&gt;x&lt;/em&gt; to 1&lt;/p&gt;&#xA;</Body>
</answer>
<answer>
<Body>&lt;p&gt;Your code needs to check for existing files until it finds an appropriate unused filename. Something like this:&lt;/p&gt;&#xA;&#xA;&lt;pre&gt;&lt;code&gt;import os&#xA;&#xA;filename = base_filename = '123456765432'&#xA;ext = '.pdf'&#xA;suffix = 0&#xA;while os.path.exists(filename+ext):&#xA;    suffix += 1&#xA;    filename = '%s-%d' % (base_filename, suffix)&#xA;&lt;/code&gt;&lt;/pre&gt;&#xA;</Body>
</answer>
