<question>
<Title>How does Python distinguish callback function which is a member of a class?</Title>
<Body>&lt;p&gt;Please look at the simple example:&lt;/p&gt;&#xA;&#xA;&lt;pre&gt;&lt;code&gt;class A:&#xA;  def __init__(self, flag):&#xA;    self.flag = flag&#xA;&#xA;  def func(self):&#xA;    print self.flag&#xA;&#xA;a = A(1)&#xA;b = A(2)&#xA;callback_a = a.func&#xA;callback_b = b.func&#xA;&#xA;callback_a()&#xA;callback_b()&#xA;&lt;/code&gt;&lt;/pre&gt;&#xA;&#xA;&lt;p&gt;The result is:&lt;/p&gt;&#xA;&#xA;&lt;pre&gt;&lt;code&gt;1&#xA;2&#xA;&lt;/code&gt;&lt;/pre&gt;&#xA;&#xA;&lt;p&gt;It runs as expected. But I have a question. In C, the callback function is passed as a pointer. In Python, it should have a similar way to do this, so the caller knows the address of the function. But in my example, not only the function pointer is passed, but also the parameter (self) is passed, because the same method of the same class prints different results. So my questions are:&lt;/p&gt;&#xA;&#xA;&lt;ol&gt;&#xA;&lt;li&gt;&lt;p&gt;Does such a method in Python only has one copy in memory? My meaning is that the code of any method only has one copy, and in my example the method won't be cloned itself. I think it should have only one copy, but here I still make this question in order to get more inputs.&lt;/p&gt;&lt;/li&gt;&#xA;&lt;li&gt;&lt;p&gt;I remember everything in Python is an object. So in my example, are there two function instances with different parameters but only one copy of code?&lt;/p&gt;&lt;/li&gt;&#xA;&lt;/ol&gt;&#xA;</Body>
<Tags>python</Tags>
</question>
<answer>
<Body>&lt;p&gt;In Python, the callback is not simply a reference to a member function. Instead, it is &quot;bound&quot; to the object that it refers to when it was created. So &lt;code&gt;a.func&lt;/code&gt; creates a callable that is bound to &lt;code&gt;a&lt;/code&gt;, and &lt;code&gt;b.func&lt;/code&gt; creates a callable that is bound to &lt;code&gt;b&lt;/code&gt;.&lt;/p&gt;&#xA;&#xA;&lt;p&gt;Python only needs one implementation of &lt;code&gt;func()&lt;/code&gt; in memory, but it will probably create one or more &quot;trampoline&quot; functions at runtime to accomplish the binding (I'm not certain of the internal details on this, and it would differ between Python implementations anyway).&lt;/p&gt;&#xA;&#xA;&lt;p&gt;If you print &lt;code&gt;id(callback_a)&lt;/code&gt; and &lt;code&gt;id(callback_b)&lt;/code&gt; you will get different results, showing that they are indeed different callable objects.&lt;/p&gt;&#xA;</Body>
</answer>
<answer>
<Body>&lt;p&gt;Specific to CPython, there is only one copy of the function object. During instance creation, the class wraps the unbound functions in its namespace as bound methods. But they all wrap the same function.&lt;/p&gt;&#xA;&#xA;&lt;p&gt;Here's your example expanded to show what's going on.&lt;/p&gt;&#xA;&#xA;&lt;pre&gt;&lt;code&gt;class A(object):&#xA;  def __init__(self, flag):&#xA;    self.flag = flag&#xA;&#xA;  def func(self):&#xA;    print self.flag&#xA;&#xA;a = A(1)&#xA;b = A(2)&#xA;&#xA;callback_a = a.func&#xA;callback_b = b.func&#xA;&#xA;print &quot;typeof(callback_a) = {0}&quot;.format(type(callback_a))&#xA;print &quot;typeof(callback_b) = {0}&quot;.format(type(callback_b))&#xA;&#xA;print &quot;typeof(callback_a.__func__) = {0}&quot;.format(type(callback_a.__func__))&#xA;print &quot;typeof(callback_b.__func__) = {0}&quot;.format(type(callback_b.__func__))&#xA;&#xA;print &quot;'callback_a.__func__ is callback_b.__func__'  is {0}&quot;.format(callback_a.__func__ is callback_b.__func__)&#xA;&#xA;callback_a()&#xA;callback_b()&#xA;&lt;/code&gt;&lt;/pre&gt;&#xA;&#xA;&lt;p&gt;This code outputs&lt;/p&gt;&#xA;&#xA;&lt;pre&gt;&lt;code&gt;typeof(callback_a) = &amp;lt;type 'instancemethod'&amp;gt;&#xA;typeof(callback_b) = &amp;lt;type 'instancemethod'&amp;gt;&#xA;typeof(callback_a.__func__) = &amp;lt;type 'function'&amp;gt;&#xA;typeof(callback_b.__func__) = &amp;lt;type 'function'&amp;gt;&#xA;'callback_a.__func__ is callback_b.__func__'  is True&#xA;&lt;/code&gt;&lt;/pre&gt;&#xA;&#xA;&lt;p&gt;You can clearly see, using the &lt;code&gt;is&lt;/code&gt; operator, that both &lt;code&gt;instancemethod&lt;/code&gt; classes are sharing the same function object.&lt;/p&gt;&#xA;</Body>
</answer>
