<question>
<Title>How to distinguish field that requires null=True when blank=True is set in Django models?</Title>
<Body>&lt;p&gt;Some model fields such as DateTimeField require null=True option when blank=True option is set.&lt;/p&gt;&#xA;&#xA;&lt;p&gt;I'd like to know which fields require that (maybe dependent on backend DBMS), and there is any way to do this automatically.&lt;/p&gt;&#xA;</Body>
<Tags>python,django,django-models</Tags>
</question>
<answer>
<Body>&lt;p&gt;null=True is used to tell that in DB value can be NULL&#xA;blank=True is only for django , so django doesn't raise error if field is blank e.g. in admin interface&#xA;so blank=True has nothing to do with DB&#xA;NULL requirement will vary from DB to DB, and it is upto you to decide if you want some column NULL or not&lt;/p&gt;&#xA;</Body>
</answer>
<answer>
<Body>&lt;p&gt;&lt;a href=&quot;http://www.b-list.org/weblog/2006/jun/28/django-tips-difference-between-blank-and-null/&quot; rel=&quot;nofollow noreferrer&quot;&gt;This post&lt;/a&gt; should help to understand the difference on &lt;code&gt;blank&lt;/code&gt; and &lt;code&gt;null&lt;/code&gt; in Django&lt;/p&gt;&#xA;</Body>
</answer>
