<question>
<Title>Creating cx_Freeze exe with Numpy for Python</Title>
<Body>&lt;p&gt;Im trying to create a basic exe using cx_Freeze. It works for .py programs that don't have numpy but I can't get one made correctly with numpy.   &lt;/p&gt;&#xA;&#xA;&lt;p&gt;*Any ideas on how to fix this? is there something i need to include in my setup.py?  &lt;/p&gt;&#xA;&#xA;&lt;p&gt;When I go to run the exe it says:       &lt;/p&gt;&#xA;&#xA;&lt;pre&gt;&lt;code&gt;           c:\Python32\Scripts\dist&amp;gt;Assignment4_5.exe&#xA;           Traceback (most recent call last):&#xA;     File &quot;C:\Python32\lib\site-packages\cx_Freeze\initscripts\Console3.py&quot;, line 2&#xA;     7, in &amp;lt;module&amp;gt;&#xA;     exec(code, m.__dict__)&#xA;     File &quot;c:\Python32\Assignment4_5.py&quot;, line 6, in &amp;lt;module&amp;gt;&#xA;     import numpy as np&#xA;     File &quot;C:\Python32\lib\site-packages\numpy\__init__.py&quot;, line 137, in &amp;lt;module&amp;gt;&#xA;     from . import add_newdocs&#xA;     File &quot;C:\Python32\lib\site-packages\numpy\add_newdocs.py&quot;, line 9, in &amp;lt;module&amp;gt;&#xA;&#xA;     from numpy.lib import add_newdoc&#xA;     File &quot;C:\Python32\lib\site-packages\numpy\lib\__init__.py&quot;, line 17, in &amp;lt;modul&#xA;     e&amp;gt;&#xA;    from .npyio import *&#xA;    File &quot;C:\Python32\lib\site-packages\numpy\lib\npyio.py&quot;, line 6, in &amp;lt;module&amp;gt;&#xA;    from . import format&#xA;    ImportError: cannot import name format&#xA;&#xA;   c:\Python32\Scripts\dist&amp;gt;&#xA;&lt;/code&gt;&lt;/pre&gt;&#xA;&#xA;&lt;p&gt;Setup.py:&lt;/p&gt;&#xA;&#xA;&lt;pre&gt;&lt;code&gt;   from cx_Freeze import setup, Executable&#xA;&#xA;   includeDependencies = []&#xA;&#xA;   setup(&#xA;        name = &quot;Assignment4_5PythonExe&quot;,&#xA;        version = &quot;0.1&quot;,&#xA;        description = &quot;Sort Methods&quot;,&#xA;        executables = [Executable(&quot;Assignment4_5.py&quot;)]&#xA;        )&#xA;&lt;/code&gt;&lt;/pre&gt;&#xA;</Body>
<Tags>python,numpy,cx-freeze</Tags>
</question>
<answer>
<Body>&lt;p&gt;This is a bug in cx_Freeze - it doesn't automatically detect that it should copy the module &lt;code&gt;numpy.lib.format&lt;/code&gt;. It's already fixed in the &lt;a href=&quot;https://bitbucket.org/anthony_tuininga/cx_freeze&quot; rel=&quot;noreferrer&quot;&gt;development version&lt;/a&gt;, so if you're in a position to try that, it should work.&lt;/p&gt;&#xA;&#xA;&lt;p&gt;Otherwise, you'll need to specify that &lt;code&gt;numpy.lib.format&lt;/code&gt; needs to be included in your &lt;code&gt;setup.py&lt;/code&gt;. The line will look something like this:&lt;/p&gt;&#xA;&#xA;&lt;pre&gt;&lt;code&gt;options = {&quot;build_exe&quot;: {&quot;packages&quot;: [&quot;numpy.lib.format&quot;]}},&#xA;&lt;/code&gt;&lt;/pre&gt;&#xA;&#xA;&lt;p&gt;See also &lt;a href=&quot;http://cx_freeze.readthedocs.org/en/latest/distutils.html&quot; rel=&quot;noreferrer&quot;&gt;the documentation&lt;/a&gt;.&lt;/p&gt;&#xA;</Body>
</answer>
<answer>
<Body>&lt;p&gt;Numpy seems to be a little confusing to cx_Freeze so you need to declare it explicitly. As referenced in the &lt;a href=&quot;http://cx-freeze.readthedocs.io/en/latest/distutils.html&quot; rel=&quot;noreferrer&quot;&gt;docs&lt;/a&gt;&lt;/p&gt;&#xA;&#xA;&lt;p&gt;Here is your solution:&lt;/p&gt;&#xA;&#xA;&lt;pre&gt;&lt;code&gt;   from cx_Freeze import setup, Executable&#xA;&#xA;   build_exe_options = {&quot;packages&quot;: [&quot;numpy&quot;]}&#xA;&#xA;   setup(&#xA;        name = &quot;Assignment4_5PythonExe&quot;,&#xA;        version = &quot;0.1&quot;,&#xA;        description = &quot;Sort Methods&quot;,&#xA;        options = {&quot;build_exe&quot;: build_exe_options},&#xA;        executables = [Executable(&quot;Assignment4_5.py&quot;)]&#xA;        )&#xA;&lt;/code&gt;&lt;/pre&gt;&#xA;</Body>
</answer>
