<question>
<Title>Python implementation of the Wilson Score Interval?</Title>
<Body>&lt;p&gt;After reading &lt;a href=&quot;http://www.evanmiller.org/how-not-to-sort-by-average-rating.html&quot;&gt;How Not to Sort by Average Rating&lt;/a&gt;, I was curious if anyone has a Python implementation of a Lower bound of Wilson score confidence interval for a Bernoulli parameter?&lt;/p&gt;&#xA;</Body>
<Tags>python,algorithm,statistics,ranking</Tags>
</question>
<answer>
<Body>&lt;p&gt;Reddit uses the Wilson score interval for comment ranking, an explanation and python implementation can be found &lt;a href=&quot;https://medium.com/hacking-and-gonzo/how-reddit-ranking-algorithms-work-ef111e33d0d9&quot; rel=&quot;nofollow noreferrer&quot;&gt;here&lt;/a&gt; &lt;/p&gt;&#xA;&#xA;&lt;pre&gt;&lt;code&gt;#Rewritten code from /r2/r2/lib/db/_sorts.pyx&#xA;&#xA;from math import sqrt&#xA;&#xA;def confidence(ups, downs):&#xA;    n = ups + downs&#xA;&#xA;    if n == 0:&#xA;        return 0&#xA;&#xA;    z = 1.0 #1.44 = 85%, 1.96 = 95%&#xA;    phat = float(ups) / n&#xA;    return ((phat + z*z/(2*n) - z * sqrt((phat*(1-phat)+z*z/(4*n))/n))/(1+z*z/n))&#xA;&lt;/code&gt;&lt;/pre&gt;&#xA;</Body>
</answer>
<answer>
<Body>&lt;p&gt;I think this one has a wrong wilson call, because if you have 1 up 0 down you get &lt;em&gt;NaN&lt;/em&gt; because you can't do a &lt;code&gt;sqrt&lt;/code&gt; on the negative value.&lt;/p&gt;&#xA;&#xA;&lt;p&gt;The correct one can be found when looking at the ruby example from the article &lt;a href=&quot;http://evanmiller.org/how-not-to-sort-by-average-rating.html&quot;&gt;How not to sort by average page&lt;/a&gt;:&lt;/p&gt;&#xA;&#xA;&lt;pre&gt;&lt;code&gt;return ((phat + z*z/(2*n) - z * sqrt((phat*(1-phat)+z*z/(4*n))/n))/(1+z*z/n))&#xA;&lt;/code&gt;&lt;/pre&gt;&#xA;</Body>
</answer>
<answer>
<Body>&lt;p&gt;If you'd like to actually calculate z directly from a confidence bound and want to avoid installing numpy/scipy, you can use the following snippet of code,&lt;/p&gt;&#xA;&#xA;&lt;pre class=&quot;lang-py prettyprint-override&quot;&gt;&lt;code&gt;import math&#xA;&#xA;def binconf(p, n, c=0.95):&#xA;  '''&#xA;  Calculate binomial confidence interval based on the number of positive and&#xA;  negative events observed.  Uses Wilson score and approximations to inverse&#xA;  of normal cumulative density function.&#xA;&#xA;  Parameters&#xA;  ----------&#xA;  p: int&#xA;      number of positive events observed&#xA;  n: int&#xA;      number of negative events observed&#xA;  c : optional, [0,1]&#xA;      confidence percentage. e.g. 0.95 means 95% confident the probability of&#xA;      success lies between the 2 returned values&#xA;&#xA;  Returns&#xA;  -------&#xA;  theta_low  : float&#xA;      lower bound on confidence interval&#xA;  theta_high : float&#xA;      upper bound on confidence interval&#xA;  '''&#xA;  p, n = float(p), float(n)&#xA;  N    = p + n&#xA;&#xA;  if N == 0.0: return (0.0, 1.0)&#xA;&#xA;  p = p / N&#xA;  z = normcdfi(1 - 0.5 * (1-c))&#xA;&#xA;  a1 = 1.0 / (1.0 + z * z / N)&#xA;  a2 = p + z * z / (2 * N)&#xA;  a3 = z * math.sqrt(p * (1-p) / N + z * z / (4 * N * N))&#xA;&#xA;  return (a1 * (a2 - a3), a1 * (a2 + a3))&#xA;&#xA;&#xA;def erfi(x):&#xA;  &quot;&quot;&quot;Approximation to inverse error function&quot;&quot;&quot;&#xA;  a  = 0.147  # MAGIC!!!&#xA;  a1 = math.log(1 - x * x)&#xA;  a2 = (&#xA;    2.0 / (math.pi * a)&#xA;    + a1 / 2.0&#xA;  )&#xA;&#xA;  return (&#xA;    sign(x) *&#xA;    math.sqrt( math.sqrt(a2 * a2 - a1 / a) - a2 )&#xA;  )&#xA;&#xA;&#xA;def sign(x):&#xA;  if x  &amp;lt; 0: return -1&#xA;  if x == 0: return  0&#xA;  if x  &amp;gt; 0: return  1&#xA;&#xA;&#xA;def normcdfi(p, mu=0.0, sigma2=1.0):&#xA;  &quot;&quot;&quot;Inverse CDF of normal distribution&quot;&quot;&quot;&#xA;  if mu == 0.0 and sigma2 == 1.0:&#xA;    return math.sqrt(2) * erfi(2 * p - 1)&#xA;  else:&#xA;    return mu + math.sqrt(sigma2) * normcdfi(p)&#xA;&lt;/code&gt;&lt;/pre&gt;&#xA;</Body>
</answer>
<answer>
<Body>&lt;p&gt;To get the Wilson CI without continuity correction, you can use &lt;code&gt;proportion_confint&lt;/code&gt; in &lt;code&gt;statsmodels.stats.proportion&lt;/code&gt;.  To get the Wilson CI with continuity correction, you can use the code below.   &lt;/p&gt;&#xA;&#xA;&lt;pre&gt;&lt;code&gt;# cf. &#xA;# [1] R. G. Newcombe. Two-sided confidence intervals for the single proportion, 1998&#xA;# [2] R. G. Newcombe. Interval Estimation for the difference between independent proportions:        comparison of eleven methods, 1998&#xA;&#xA;import numpy as np&#xA;from statsmodels.stats.proportion import proportion_confint&#xA;&#xA;# # # # # # # # # # # # # # # # # # # # # # # # # # # # # # # # # # # # &#xA;def propci_wilson_cc(count, nobs, alpha=0.05):&#xA;    # get confidence limits for proportion&#xA;    # using wilson score method w/ cont correction&#xA;    # i.e. Method 4 in Newcombe [1]; &#xA;    # verified via Table 1&#xA;    from scipy import stats&#xA;    n = nobs&#xA;    p = count/n&#xA;    q = 1.-p&#xA;    z = stats.norm.isf(alpha / 2.)&#xA;    z2 = z**2   &#xA;    denom = 2*(n+z2)&#xA;    num = 2.*n*p+z2-1.-z*np.sqrt(z2-2-1./n+4*p*(n*q+1))    &#xA;    ci_l = num/denom&#xA;    num = 2.*n*p+z2+1.+z*np.sqrt(z2+2-1./n+4*p*(n*q-1))&#xA;    ci_u = num/denom&#xA;    if p == 0:&#xA;        ci_l = 0.&#xA;    elif p == 1:&#xA;        ci_u = 1.&#xA;    return ci_l, ci_u&#xA;&#xA;&#xA;def dpropci_wilson_nocc(a,m,b,n,alpha=0.05):&#xA;    # get confidence limits for difference in proportions&#xA;    #   a/m - b/n&#xA;    # using wilson score method WITHOUT cont correction&#xA;    # i.e. Method 10 in Newcombe [2]&#xA;    # verified via Table II    &#xA;    theta = a/m - b/n        &#xA;    l1, u1 = proportion_confint(count=a, nobs=m, alpha=0.05, method='wilson')&#xA;    l2, u2 = proportion_confint(count=b, nobs=n, alpha=0.05, method='wilson')&#xA;    ci_u = theta + np.sqrt((a/m-u1)**2+(b/n-l2)**2)&#xA;    ci_l = theta - np.sqrt((a/m-l1)**2+(b/n-u2)**2)     &#xA;    return ci_l, ci_u&#xA;&#xA;&#xA;def dpropci_wilson_cc(a,m,b,n,alpha=0.05):&#xA;    # get confidence limits for difference in proportions&#xA;    #   a/m - b/n&#xA;    # using wilson score method w/ cont correction&#xA;    # i.e. Method 11 in Newcombe [2]    &#xA;    # verified via Table II  &#xA;    theta = a/m - b/n    &#xA;    l1, u1 = propci_wilson_cc(count=a, nobs=m, alpha=alpha)&#xA;    l2, u2 = propci_wilson_cc(count=b, nobs=n, alpha=alpha)    &#xA;    ci_u = theta + np.sqrt((a/m-u1)**2+(b/n-l2)**2)&#xA;    ci_l = theta - np.sqrt((a/m-l1)**2+(b/n-u2)**2)     &#xA;    return ci_l, ci_u&#xA;&#xA;&#xA;# # # # # # # # # # # # # # # # # # # # # # # # # # # # # # # # # # # # &#xA;# single proportion testing &#xA;# these come from Newcombe [1] (Table 1)&#xA;a_vec = np.array([81, 15, 0, 1])&#xA;m_vec = np.array([263, 148, 20, 29])&#xA;for (a,m) in zip(a_vec,m_vec):&#xA;    l1, u1 = proportion_confint(count=a, nobs=m, alpha=0.05, method='wilson')&#xA;    l2, u2 = propci_wilson_cc(count=a, nobs=m, alpha=0.05)&#xA;    print(a,m,l1,u1,'   ',l2,u2)&#xA;&#xA;# # # # # # # # # # # # # # # # # # # # # # # # # # # # # # # # # # # # &#xA;# difference in proportions testing &#xA;# these come from Newcombe [2] (Table II)&#xA;a_vec = np.array([56,9,6,5,0,0,10,10],dtype=float)&#xA;m_vec = np.array([70,10,7,56,10,10,10,10],dtype=float)&#xA;b_vec = np.array([48,3,2,0,0,0,0,0],dtype=float)&#xA;n_vec = np.array([80,10,7,29,20,10,20,10],dtype=float)&#xA;&#xA;print('\nWilson without CC')&#xA;for (a,m,b,n) in zip(a_vec,m_vec,b_vec,n_vec):&#xA;    l, u = dpropci_wilson_nocc(a,m,b,n,alpha=0.05)&#xA;    print('{:2.0f}/{:2.0f}-{:2.0f}/{:2.0f} ; {:6.4f} ; {:8.4f}, {:8.4f}'.format(a,m,b,n,a/m-b/n,l,u))&#xA;&#xA;print('\nWilson with CC')&#xA;for (a,m,b,n) in zip(a_vec,m_vec,b_vec,n_vec):&#xA;    l, u = dpropci_wilson_cc(a,m,b,n,alpha=0.05)&#xA;    print('{:2.0f}/{:2.0f}-{:2.0f}/{:2.0f} ; {:6.4f} ; {:8.4f}, {:8.4f}'.format(a,m,b,n,a/m-b/n,l,u))&#xA;&lt;/code&gt;&lt;/pre&gt;&#xA;&#xA;&lt;p&gt;HTH&lt;/p&gt;&#xA;</Body>
</answer>
<answer>
<Body>&lt;p&gt;The accepted solution seems to use a hard-coded z-value (best for performance).&lt;/p&gt;&#xA;&#xA;&lt;p&gt;In the event that you wanted a direct python equivalent of the ruby formula from &lt;a href=&quot;http://www.evanmiller.org/how-not-to-sort-by-average-rating.html&quot; rel=&quot;nofollow noreferrer&quot;&gt;the blogpost&lt;/a&gt; with a dynamic z-value (based on the confidence interval):&lt;/p&gt;&#xA;&#xA;&lt;pre&gt;&lt;code&gt;import math&#xA;&#xA;import scipy.stats as st&#xA;&#xA;&#xA;def ci_lower_bound(pos, n, confidence):&#xA;    if n == 0:&#xA;        return 0&#xA;    z = st.norm.ppf(1 - (1 - confidence) / 2)&#xA;    phat = 1.0 * pos / n&#xA;    return (phat + z * z / (2 * n) - z * math.sqrt((phat * (1 - phat) + z * z / (4 * n)) / n)) / (1 + z * z / n)&#xA;&lt;/code&gt;&lt;/pre&gt;&#xA;</Body>
</answer>
