<question>
<Title>Subset sum recursion with c++</Title>
<Body>&lt;p&gt;This is one of the solution of getting true or false from given set and target value&lt;/p&gt;&#xA;&#xA;&lt;pre&gt;&lt;code&gt;bool subsetSumExists(Set&amp;lt;int&amp;gt; &amp;amp; set, int target) {&#xA;    if (set.isEmpty()) {&#xA;        return target == 0;&#xA;    } else {&#xA;        int element = set.first();&#xA;        Set&amp;lt;int&amp;gt; rest = set - element;&#xA;        return subsetSumExists(rest, target)&#xA;        || (subsetSumExists(rest, target- element));&#xA;    }&#xA;}&#xA;&lt;/code&gt;&lt;/pre&gt;&#xA;&#xA;&lt;p&gt;However, this solution will return true or false value only. How is it possible to get the element that involve in the subset(set that add together will equal to target) as well?&lt;/p&gt;&#xA;&#xA;&lt;p&gt;Do I have to use dynamic programming? Coz as i know.. recursion is building up stack actually and after the function return the value, the value inside the frame will be discarded as well.&lt;/p&gt;&#xA;&#xA;&lt;p&gt;So, is it possible to get the elements that add up equal to the target value.&lt;/p&gt;&#xA;&#xA;&lt;p&gt;Is passing an object a solution of the problem?&lt;/p&gt;&#xA;&#xA;&lt;p&gt;Thank you&lt;/p&gt;&#xA;</Body>
<Tags>c++</Tags>
</question>
<answer>
<Body>&lt;p&gt;First of all you can optimize your program a little bit - check if target is &lt;code&gt;0&lt;/code&gt; and if it is always return &lt;code&gt;true&lt;/code&gt;. Now what you need is to have somewhere to store the elements that you have already used. I will show you a way to do that with a global &quot;stack&quot;(&lt;code&gt;vector&lt;/code&gt; in fact so that you can iterate over it), because then the code will be easier to understand, but you can also pass it by reference to the function or avoid making it global in some other way.&#xA;By the way the stl container is called &lt;code&gt;set&lt;/code&gt; not &lt;code&gt;Set&lt;/code&gt;.&lt;/p&gt;&#xA;&#xA;&lt;pre&gt;&lt;code&gt;vector&amp;lt;int&amp;gt; used;&#xA;bool subsetSumExists(Set&amp;lt;int&amp;gt; &amp;amp; set, int target) {&#xA;    if (target == 0) {&#xA;        cout &amp;lt;&amp;lt; &quot;One possible sum is:\n&quot;;&#xA;        for (int i = 0; i &amp;lt; used.size(); ++i) {&#xA;          cout &amp;lt;&amp;lt; used[i] &amp;lt;&amp;lt; endl;&#xA;        }&#xA;        return true;&#xA;    } else if(set.empty()) {&#xA;      return false;&#xA;    }else {&#xA;        int element = set.first();&#xA;        Set&amp;lt;int&amp;gt; rest = set - element;&#xA;        used.push_back(element);&#xA;        if (subsetSumExists(rest, target- element)) {&#xA;          return true;&#xA;        } else {&#xA;          used.pop_back();&#xA;        }&#xA;        return subsetSumExists(rest, target);&#xA;    }&#xA;}&#xA;&lt;/code&gt;&lt;/pre&gt;&#xA;&#xA;&lt;p&gt;Hope this helps.&lt;/p&gt;&#xA;</Body>
</answer>
