<question>
<Title>Detect whether the word you is a subject or object pronoun based on sentence context.</Title>
<Body>&lt;p&gt;Ideally using regex, in python. I'm making a simple chatbot, and it's currently having problems responding to phrases like &quot;I love you&quot; correctly (it'll throw back &quot;You love I&quot; out of the grammar handler, when it should be giving back &quot;You love me&quot;).&lt;/p&gt;&#xA;&#xA;&lt;p&gt;In addition, I'd like it if you could think of good phrases to throw into this grammar handler, that'd be great. I'd love some testing data. &lt;/p&gt;&#xA;&#xA;&lt;p&gt;If there's a good list of transitive verbs out there (something like a &quot;top 100 used&quot;) it may be acceptable to use that and special case the &quot;transitive verb + you&quot; pattern. &lt;/p&gt;&#xA;</Body>
<Tags>python,regex,nlp,linguistics</Tags>
</question>
<answer>
<Body>&lt;p&gt;Well, what you're trying to implement is definitely very challenging but also very difficult.&lt;/p&gt;&#xA;&#xA;&lt;h2&gt;Logic&lt;/h2&gt;&#xA;&#xA;&lt;p&gt;As a starter, I would look a bit into the Grammar rules first.&lt;/p&gt;&#xA;&#xA;&lt;p&gt;&lt;strong&gt;Basic sentence structure :&lt;/strong&gt;&lt;/p&gt;&#xA;&#xA;&lt;ul&gt;&#xA;&lt;li&gt;SUBJECT + TRANSITIVE VERB + OBJECT&lt;/li&gt;&#xA;&lt;li&gt;SUBJECT + INTRANSITIVE VERB&lt;/li&gt;&#xA;&lt;/ul&gt;&#xA;&#xA;&lt;p&gt;&lt;em&gt;(Of course, we could also talk about &quot;Subject+Verb+Indirect Object+Direct Object&quot; formats, etc (e.g. I give you the ball) but this would get too complicated for now...)&lt;/em&gt;&lt;/p&gt;&#xA;&#xA;&lt;p&gt;Obviously, this scheme is VERY simplistic, but let's stick to that for now.&lt;/p&gt;&#xA;&#xA;&lt;p&gt;Then (another over-simplistic assumption), that &lt;strong&gt;&lt;em&gt;each part is a single word&lt;/em&gt;&lt;/strong&gt;.&lt;/p&gt;&#xA;&#xA;&lt;p&gt;so basically you have the following &lt;strong&gt;Sentence Scheme :&lt;/strong&gt;&lt;/p&gt;&#xA;&#xA;&lt;pre&gt;&lt;code&gt;WORD WORD WORD&#xA;&lt;/code&gt;&lt;/pre&gt;&#xA;&#xA;&lt;p&gt;which could be generally matched using a &lt;strong&gt;regex&lt;/strong&gt; like :&lt;/p&gt;&#xA;&#xA;&lt;pre&gt;&lt;code&gt;([\w]+)\s+([\w]+)\s+([\w]+)?&#xA;&lt;/code&gt;&lt;/pre&gt;&#xA;&#xA;&lt;p&gt;&lt;strong&gt;Explanation :&lt;/strong&gt;&lt;/p&gt;&#xA;&#xA;&lt;pre&gt;&lt;code&gt;([\w]+)     # first word (=subject)&#xA;\s+         # one or more spaces    &#xA;([\w]+)     # second word (=verb)&#xA;\s+         # one or more spaces&#xA;([\w]+)?    # (optional) third word (=object - if the verb is transitive)&#xA;&lt;/code&gt;&lt;/pre&gt;&#xA;&#xA;&lt;hr&gt;&#xA;&#xA;&lt;p&gt;Now, obviously to formulate sentences like &quot;You love me&quot; and not &quot;You love I&quot;, your algorithm should also &quot;understand&quot; that :&lt;/p&gt;&#xA;&#xA;&lt;ul&gt;&#xA;&lt;li&gt;The third part of the sentence has the role of the Object&lt;/li&gt;&#xA;&lt;li&gt;Since &quot;I&quot; is a personal pronoun (used only in nominative case : &quot;as a subject&quot;), we should you its &quot;accusative form&quot; (=as an object); so, for this purpose, you may also need &lt;strong&gt;e.g.&lt;/strong&gt; personal pronoun tables like :&lt;/li&gt;&#xA;&lt;/ul&gt;&#xA;&#xA;&lt;blockquote&gt;&#xA;  &lt;ul&gt;&#xA;  &lt;li&gt;I   - my   - me&lt;/li&gt;&#xA;  &lt;li&gt;You - your - you&lt;/li&gt;&#xA;  &lt;li&gt;He  - his  - him    &lt;/li&gt;&#xA;  &lt;li&gt;etc...&lt;/li&gt;&#xA;  &lt;/ul&gt;&#xA;&lt;/blockquote&gt;&#xA;&#xA;&lt;p&gt;Just a few ideas... (purely out of my enthusiasm for linguistics :-))&lt;/p&gt;&#xA;&#xA;&lt;hr&gt;&#xA;&#xA;&lt;h2&gt;Data&lt;/h2&gt;&#xA;&#xA;&lt;p&gt;As for the wordlists you are interested in, just a few samples :&lt;/p&gt;&#xA;&#xA;&lt;ul&gt;&#xA;&lt;li&gt;&lt;a href=&quot;http://www.acme2k.co.uk/Acme/3star%20verbs.htm&quot; rel=&quot;nofollow&quot;&gt;330 Most Common English Verbs&lt;/a&gt; (most - if not all of them - are&#xA;transitive)&lt;/li&gt;&#xA;&lt;li&gt;&lt;a href=&quot;http://josecarilloforum.com/imgs/PronounChart.png&quot; rel=&quot;nofollow&quot;&gt;Personal Pronouns Chart&lt;/a&gt;&lt;/li&gt;&#xA;&lt;/ul&gt;&#xA;</Body>
</answer>
<answer>
<Body>&lt;p&gt;What you want is a syntactic analyser (aka &lt;a href=&quot;http://en.wikipedia.org/wiki/Parsing&quot; rel=&quot;nofollow&quot;&gt;parser&lt;/a&gt;)- this can be done by a rule-based system as described by @Dr.Kameleon, or statistically. There are many implementations out there, one being the &lt;a href=&quot;https://github.com/dasmith/stanford-corenlp-python&quot; rel=&quot;nofollow&quot;&gt;Stanford&lt;/a&gt; one. These will generally tell you what the syntactic role of a word is (e.g. subject &quot;You are here&quot;, or object &quot;She like you&quot;). How you use that information to turn statements into questions is a whole different can of worms. For English, you can get a fairly simple rule-based system to work OK.&lt;/p&gt;&#xA;</Body>
</answer>
