<question>
<Title>ATL VS C++ 2010</Title>
<Body>&lt;p&gt;I start using the visual studio c++ express 2010 at home but there is no ATL and MFC in it.&#xA;How can I add ATL/MFC to visual studio c++ express 2010?&lt;/p&gt;&#xA;</Body>
<Tags>c++,visual-c++</Tags>
</question>
<answer>
<Body>&lt;p&gt;There is no support for MFC and ATL for Express editions. Refer &lt;a href=&quot;http://msdn.microsoft.com/en-gb/library/hs24szh9.aspx&quot; rel=&quot;noreferrer&quot;&gt;http://msdn.microsoft.com/en-gb/library/hs24szh9.aspx&lt;/a&gt; for comparison between editions.&lt;/p&gt;&#xA;</Body>
</answer>
<answer>
<Body>&lt;p&gt;ATL, MFC, and OpenMP are not supported in Visual C++ Express 2010.&lt;/p&gt;&#xA;&#xA;&lt;p&gt;&lt;a href=&quot;http://msdn.microsoft.com/en-us/library/hs24szh9.aspx?ppud=4&quot; rel=&quot;nofollow&quot;&gt;Visual C++ Product Comparison (see the Libraries and Headers section)&lt;/a&gt;&lt;/p&gt;&#xA;</Body>
</answer>
<answer>
<Body>&lt;p&gt;I guess, Microsoft would not mind much if you try to learn MFC at home. There is a possibility to work with existing MFC projects in VC++ Express: &lt;a href=&quot;http://www.codeproject.com/Articles/30439/How-to-compile-MFC-code-in-Visual-C-Express&quot; rel=&quot;nofollow&quot;&gt;How to compile MFC code in Visual C++ Express&lt;/a&gt;&lt;/p&gt;&#xA;</Body>
</answer>
