<question>
<Title>Is there a work around for invalid octal digit in an array?</Title>
<Body>&lt;p&gt;I'm trying to create an array which will hold the hours in a day so I can loop through it for a clock.&lt;/p&gt;&#xA;&#xA;&lt;p&gt;I have:&lt;/p&gt;&#xA;&#xA;&lt;pre&gt;&lt;code&gt;int hourArray[24] = {12, 01, 02, 03, 04, 05, 06, 07, 08, 09, 10, 11, 12, 01, 02,&#xA;                     03, 04, 05, 06, 07, 08, 09, 10, 11};&#xA;&lt;/code&gt;&lt;/pre&gt;&#xA;&#xA;&lt;p&gt;I am getting the error on the following numbers in order &lt;code&gt;08, 09, 08, 09&lt;/code&gt;.&lt;/p&gt;&#xA;&#xA;&lt;p&gt;It tells me:&lt;/p&gt;&#xA;&#xA;&lt;blockquote&gt;&#xA;  &lt;p&gt;Error: invalid octal digit&lt;/p&gt;&#xA;&lt;/blockquote&gt;&#xA;&#xA;&lt;p&gt;I've never run into this before and I'm wondering if there is any way around it?&lt;/p&gt;&#xA;</Body>
<Tags>c++,arrays,compiler-errors,octal</Tags>
</question>
<answer>
<Body>&lt;p&gt;Sure: don't use leading 0s when you don't mean octal:&lt;/p&gt;&#xA;&#xA;&lt;pre&gt;&lt;code&gt;int hourArray[24] = {12, 1, 2, 3, 4, 5, 6, 7, 8, 9, 10, 11, 12, &#xA;   1, 2, 3, 4, 5, 6, 7, 8, 9, 10, 11};&#xA;&lt;/code&gt;&lt;/pre&gt;&#xA;&#xA;&lt;p&gt;Don't forget that you're only specifying the &lt;em&gt;numbers&lt;/em&gt; in the array - not any particular text representation of the number. (So if you write &lt;code&gt;012&lt;/code&gt; that's equivalent to writing &lt;code&gt;10&lt;/code&gt; - you'll end up with the same &lt;em&gt;number&lt;/em&gt;.) If you want to format those numbers with a leading 0 later that's an entirely different aspect of the code.&lt;/p&gt;&#xA;</Body>
</answer>
