<question>
<Title>Editor with support for mixed spaces and tabs?</Title>
<Body>&lt;p&gt;Is there any text editor (for Windows) which has &lt;em&gt;good&lt;/em&gt; support for &lt;strong&gt;mixed&lt;/strong&gt; spaces and tabs, for languages like C++/C#/Java (and bonus points for Python/Ruby/etc.)?&lt;br&gt;&#xA;i.e. Tabs would be used for &lt;em&gt;indentation&lt;/em&gt;, and spaces would be used for &lt;em&gt;alignment&lt;/em&gt;.&lt;/p&gt;&#xA;&#xA;&lt;hr&gt;&#xA;&#xA;&lt;p&gt;As an example, say &lt;code&gt;→&lt;/code&gt; represents a tab, &lt;code&gt;.&lt;/code&gt; represents a space, and &lt;code&gt;■&lt;/code&gt; represents the current position of the cursor.&lt;/p&gt;&#xA;&#xA;&lt;p&gt;If I have the following in my text editor:&lt;/p&gt;&#xA;&#xA;&lt;pre&gt;&lt;code&gt;template&amp;lt;class T1,&#xA;.........class T2&amp;gt;&#xA;class Foo&#xA;{&#xA;  → template&amp;lt;int M,&#xA;  → .........int N&amp;gt;&#xA;  → void foo(int bar,■&#xA;}&#xA;&lt;/code&gt;&lt;/pre&gt;&#xA;&#xA;&lt;p&gt;I want to be able to press the &lt;kbd&gt;⏎ Enter&lt;/kbd&gt; key, and see:&lt;/p&gt;&#xA;&#xA;&lt;pre&gt;&lt;code&gt;template&amp;lt;class T1,&#xA;.........class T2&amp;gt;&#xA;class Foo&#xA;{&#xA;  → template&amp;lt;int M,&#xA;  → .........int N&amp;gt;&#xA;  → void foo(int bar,&#xA;  → .........■&#xA;}&#xA;&lt;/code&gt;&lt;/pre&gt;&#xA;&#xA;&lt;p&gt;after which I should be able to type the next parameter, close the parenthesis, and press &lt;kbd&gt;⏎ Enter&lt;/kbd&gt;, and have the cursor automatically go back to the correct position, using tabs/spaces as shown:&lt;/p&gt;&#xA;&#xA;&lt;pre&gt;&lt;code&gt;template&amp;lt;class T1,&#xA;.........class T2&amp;gt;&#xA;class Foo&#xA;{&#xA;  → template&amp;lt;int M,&#xA;  → .........int N&amp;gt;&#xA;  → void foo(int bar,&#xA;  → .........int baz) {&#xA;  →  →  ■&#xA;}&#xA;&lt;/code&gt;&lt;/pre&gt;&#xA;&#xA;&lt;p&gt;Of course, if I pressed &lt;kbd&gt;Backspace&lt;/kbd&gt; or Shift-Tab or whatever, it should clear to the appropriate stop -- which is probably the beginning of the indent that is of the same type as the current one. And stuff like that.&lt;/p&gt;&#xA;&#xA;&lt;h3&gt;Note:&lt;/h3&gt;&#xA;&#xA;&lt;p&gt;I realize that many editors (SciTE, Visual Studio, and probably Emacs, Vim, etc.) can be &lt;em&gt;scripted&lt;/em&gt; with regexes (or crude parsing code) to do something that works, oh, 80% of the time.  &lt;/p&gt;&#xA;&#xA;&lt;p&gt;But I'm looking for something with hopefully a bit more &lt;em&gt;robust&lt;/em&gt; support, with lexing support for the current language to figure out what to do. After all, editor mistakes shouldn't be harder to fix than indenting manually in the first place -- otherwise I'd just do it manually instead, and never use the feature!&lt;/p&gt;&#xA;</Body>
<Tags>c#,java,c++,windows,text-editor</Tags>
</question>
<answer>
<Body>&lt;p&gt;Not sure if this qualifies to be an answer. However, my &lt;a href=&quot;http://www.vim.org/download.php&quot; rel=&quot;nofollow noreferrer&quot;&gt;gvim&lt;/a&gt; with current vimrc does exactly what you are looking for with tabs and spaces.&#xA;I strongly recommend using &lt;a href=&quot;http://www.vim.org/download.php&quot; rel=&quot;nofollow noreferrer&quot;&gt;Gvim&lt;/a&gt;. Its a matter of personal choice, there may be better or worse editors.&lt;/p&gt;&#xA;&#xA;&lt;p&gt;You can highlight any language on vim using &lt;code&gt;se syn=&lt;/code&gt; command&lt;/p&gt;&#xA;&#xA;&lt;p&gt;What you won't find is lexing support or the intelli-sense - at lease in usable ways.&lt;/p&gt;&#xA;&#xA;&lt;p&gt;Have a look at the screenshot. Here is a link to &lt;a href=&quot;http://spf13.com/post/perfect-vimrc-vim-config-file&quot; rel=&quot;nofollow noreferrer&quot;&gt;vimrc&lt;/a&gt; that I have adapted.&lt;/p&gt;&#xA;&#xA;&lt;p&gt;&lt;strong&gt;EDIT&lt;/strong&gt; I really suspect if there is an editor utopia so to speak. You may have to strike a balance based on &quot;right tool for the job&quot; principle.&lt;/p&gt;&#xA;&#xA;&lt;p&gt;&lt;img src=&quot;https://i.stack.imgur.com/f6R6o.png&quot; alt=&quot;enter image description here&quot;&gt;&lt;/p&gt;&#xA;</Body>
</answer>
