<question>
<Title>Streaming Music from iPad/iPhone/iPod Touch to PC (AirTunes) in .NET</Title>
<Body>&lt;p&gt;I saw the projects &lt;a href=&quot;http://sourceforge.net/projects/shairport4w/develop&quot; rel=&quot;nofollow&quot;&gt;shairport&lt;/a&gt; and &lt;a href=&quot;https://github.com/albertz/shairport&quot; rel=&quot;nofollow&quot;&gt;shairport4w&lt;/a&gt; which stream music from an iDevice (called AirTunes/AirPlay by Apple) to a computer. I wanted to do the same for my media player. Those two projects are in C/C++/Perl and so I can't port them to C#/VB.&lt;/p&gt;&#xA;&#xA;&lt;p&gt;Can anyone explain me how the AirTunes protocol works and how do I implement it in .NET?&lt;/p&gt;&#xA;</Body>
<Tags>c#,c++,.net,c,ios</Tags>
</question>
<answer>
<Body>&lt;p&gt;You have 2 options:&lt;/p&gt;&#xA;&#xA;&lt;ul&gt;&#xA;&lt;li&gt;port the C/C++ code to .NET / C#&lt;/li&gt;&#xA;&lt;li&gt;use the C/C++/Perl code/library via &lt;code&gt;DllImport&lt;/code&gt; or via &lt;code&gt;Process.Start&lt;/code&gt; from .NET&lt;/li&gt;&#xA;&lt;/ul&gt;&#xA;</Body>
</answer>
<answer>
<Body>&lt;p&gt;This is old but may be a good starting point;&lt;/p&gt;&#xA;&#xA;&lt;p&gt;&lt;a href=&quot;http://nanocr.eu/software/justeport/&quot; rel=&quot;nofollow&quot;&gt;JustPort&lt;/a&gt;&lt;/p&gt;&#xA;&#xA;&lt;p&gt;First version of &lt;a href=&quot;http://www.rogueamoeba.com/airfoil/&quot; rel=&quot;nofollow&quot;&gt;Airfoil&lt;/a&gt; was based on &lt;a href=&quot;http://nanocr.eu/2008/03/15/rogue-developers/&quot; rel=&quot;nofollow&quot;&gt;this&lt;/a&gt;&lt;/p&gt;&#xA;</Body>
</answer>
