<question>
<Title>Getting a field from an STL map iterator</Title>
<Body>&lt;p&gt;I have a map container to store certain objects, together with their name and type:&lt;/p&gt;&#xA;&#xA;&lt;pre&gt;&lt;code&gt;typedef std::map&amp;lt;std::string, std::pair&amp;lt;ObjType, ObjBase*&amp;gt; &amp;gt; ObjContainer;&#xA;&lt;/code&gt;&lt;/pre&gt;&#xA;&#xA;&lt;p&gt;However, in many parts of the code, there are constructions like this:&lt;/p&gt;&#xA;&#xA;&lt;pre&gt;&lt;code&gt;ObjContainer::iterator it = mObjContainer.find(name);&#xA;if (it != mObjContainer.end()) {&#xA;    if (it-&amp;gt;second.second) {&#xA;        it-&amp;gt;second.second-&amp;gt;setObj2Default();&#xA;        delete it-&amp;gt;second.second;&#xA;        it-&amp;gt;second.second = 0;&#xA;    }&#xA;}&#xA;&lt;/code&gt;&lt;/pre&gt;&#xA;&#xA;&lt;p&gt;Obviously, the many &quot;it-&gt;second.second&quot; are not very clear, and unmaintainable.&#xA;If it is changed in the future, to support one more field, for example, it will be all broken.&#xA;So, I am trying to change them by functions to access the fields, like this:&lt;/p&gt;&#xA;&#xA;&lt;pre&gt;&lt;code&gt;ObjBase*&amp;amp; getObjPtr(ObjContainer::iterator it) {&#xA;    return it-&amp;gt;second.second;&#xA;}&#xA;&lt;/code&gt;&lt;/pre&gt;&#xA;&#xA;&lt;p&gt;Similarly, also function getObjName and getObjType.&lt;/p&gt;&#xA;&#xA;&lt;p&gt;It was also suggested to me that it would be more clear to have the iterator returning those fields:&lt;/p&gt;&#xA;&#xA;&lt;pre&gt;&lt;code&gt; it.objPtr();&#xA; it.objName();&#xA; it.objType();&#xA;&lt;/code&gt;&lt;/pre&gt;&#xA;&#xA;&lt;p&gt;But I think that the STL iterators should not be inherited to have those functions, right? I see no other way to do it except to create a wrapper for the map and have its own iterator with those functions.&lt;/p&gt;&#xA;&#xA;&lt;p&gt;So, what would be the most appropriate option? Is there any other way to solve this problem that I am not seeing?&lt;/p&gt;&#xA;</Body>
<Tags>c++,map,iterator,std-pair</Tags>
</question>
<answer>
<Body>&lt;p&gt;I'd just make a local copy of the pointer (or reference) -- it'll probably be optimized out anyway:&lt;/p&gt;&#xA;&#xA;&lt;pre&gt;&lt;code&gt;ObjContainer::iterator const it = mObjContainer.find(name);&#xA;if (it != mObjContainer.end())&#xA;{&#xA;    ObjBase * &amp;amp; p = it-&amp;gt;second.second;&#xA;    if (p) { p-&amp;gt;foo(); delete p; p = NULL; }&#xA;}&#xA;&lt;/code&gt;&lt;/pre&gt;&#xA;</Body>
</answer>
<answer>
<Body>&lt;p&gt;Use a reference to simplify the syntax.&lt;/p&gt;&#xA;&#xA;&lt;pre&gt;&lt;code&gt;ObjContainer::iterator it = mObjContainer.find(name);&#xA;if (it != mObjContainer.end()) {&#xA;    std::pair&amp;lt;ObjType, ObjBase*&amp;gt; &amp;amp; ref = it-&amp;gt;second;&#xA;    if (ref.second) { // ...&#xA;&lt;/code&gt;&lt;/pre&gt;&#xA;</Body>
</answer>
<answer>
<Body>&lt;p&gt;If the biggest problem is maintainability, I would replace the std::pair with a custom class/struct that wraps the ObjType and ObjBase* as one. &lt;/p&gt;&#xA;&#xA;&lt;ul&gt;&#xA;&lt;li&gt;it's easy to add a new field in the mix&lt;/li&gt;&#xA;&lt;li&gt;it's easy to access struct fields ObjType and ObjPair&lt;/li&gt;&#xA;&lt;li&gt;it's easy to write getters/setters/other functions for a class that handle ObjType and ObjPair&lt;/li&gt;&#xA;&lt;/ul&gt;&#xA;</Body>
</answer>
<answer>
<Body>&lt;p&gt;I'd first question myself on whether ObjType is mandatory there.&#xA;If the aim is just to tell what kind of class is actually pointed by the second ObjBase* parameter of the pair, use &lt;code&gt;dynamic_cast&lt;/code&gt; and get rid of the pair.&lt;/p&gt;&#xA;&#xA;&lt;pre&gt;&lt;code&gt;typedef std::map&amp;lt;std::string, ObjBase*&amp;gt; ObjContainer;&#xA;&lt;/code&gt;&lt;/pre&gt;&#xA;&#xA;&lt;p&gt;No more &lt;code&gt;second.second&lt;/code&gt; in the code then:&lt;/p&gt;&#xA;&#xA;&lt;pre&gt;&lt;code&gt;ObjContainer::iterator it = mObjContainer.find(name);&#xA;if (it != mObjContainer.end()) {&#xA;    if (it-&amp;gt;second) {&#xA;        it-&amp;gt;second-&amp;gt;setObj2Default();&#xA;        delete it-&amp;gt;second;&#xA;        it-&amp;gt;second = NULL;&#xA;    }&#xA;}&#xA;&lt;/code&gt;&lt;/pre&gt;&#xA;&#xA;&lt;p&gt;And when you need to test the actual type of the object:&lt;/p&gt;&#xA;&#xA;&lt;pre&gt;&lt;code&gt;ObjContainer::iterator it = mObjContainer.find(name);&#xA;if (it != mObjContainer.end()) {&#xA;    if (ChildObj* p_Child = dynamic_cast&amp;lt;ChildObj*&amp;gt;(it-&amp;gt;second)) {&#xA;        // Work on p_Child...&#xA;    }&#xA;}&#xA;&lt;/code&gt;&lt;/pre&gt;&#xA;</Body>
</answer>
