<question>
<Title>Using Eigen Library in Netbeans</Title>
<Body>&lt;p&gt;I am using Eigen library in C++. According to &lt;a href=&quot;http://eigen.tuxfamily.org/dox/GettingStarted.html&quot; rel=&quot;nofollow noreferrer&quot;&gt;Eigen documentation&lt;/a&gt;:&lt;/p&gt;&#xA;&#xA;&lt;blockquote&gt;&#xA;  &lt;p&gt;In order to use Eigen, you just need to download and extract Eigen's&#xA;  source code (see the wiki for download instructions). In fact, the&#xA;  header files in the Eigen subdirectory are the only files required to&#xA;  compile programs using Eigen. The header files are the same for all&#xA;  platforms. It is not necessary to use CMake or install anything.&lt;/p&gt;&#xA;&lt;/blockquote&gt;&#xA;&#xA;&lt;p&gt;So in Netbeans I added the directory of Eigen into the &quot;include directories&quot;. Then I used a simple program as below (which is provided in Eigen documentation):&lt;/p&gt;&#xA;&#xA;&lt;pre&gt;&lt;code&gt;#include &amp;lt;iostream&amp;gt;&#xA;#include &amp;lt;Eigen/Dense&amp;gt;&#xA;&#xA;using namespace std;&#xA;using namespace Eigen;&#xA;&#xA;int main()&#xA;{&#xA;   Matrix3f A;&#xA;   Vector3f b;&#xA;   A &amp;lt;&amp;lt; 1,2,3,  4,5,6,  7,8,10;&#xA;   b &amp;lt;&amp;lt; 3, 3, 4;&#xA;   cout &amp;lt;&amp;lt; &quot;Here is the matrix A:\n&quot; &amp;lt;&amp;lt; A &amp;lt;&amp;lt; endl;&#xA;   cout &amp;lt;&amp;lt; &quot;Here is the vector b:\n&quot; &amp;lt;&amp;lt; b &amp;lt;&amp;lt; endl;&#xA;   Vector3f x = A.colPivHouseholderQr().solve(b);&#xA;   cout &amp;lt;&amp;lt; &quot;The solution is:\n&quot; &amp;lt;&amp;lt; x &amp;lt;&amp;lt; endl;&#xA;}&#xA;&lt;/code&gt;&lt;/pre&gt;&#xA;&#xA;&lt;p&gt;Netbeans draws a red underline for colPivHouseholderQr() method!! In addition I can not see the colPivHouseholderQr() method under methods that can be called on object A.&lt;/p&gt;&#xA;&#xA;&lt;p&gt;Surprisingly, everything works fine and the program compiles and runs correctly although I have red underline for colPivHouseholderQr() !!&lt;/p&gt;&#xA;&#xA;&lt;p&gt;What can be wrong with my configurations ??&lt;/p&gt;&#xA;&#xA;&lt;p&gt;&lt;img src=&quot;https://i.stack.imgur.com/LvIil.jpg&quot; alt=&quot;enter image description here&quot;&gt;&lt;/p&gt;&#xA;</Body>
<Tags>c++,netbeans,eigen</Tags>
</question>
<answer>
<Body>&lt;p&gt;Sorry - this is more of a comment but I am unable to post comments - but did you try deleting the cache?  Dont know about windows but in Ubuntu its usually under &#xA;~/.netbeans/7.0(or whatever)/var/cache - just delete everything under the cache directory.  Sometimes that works for me.&lt;/p&gt;&#xA;</Body>
</answer>
<answer>
<Body>&lt;p&gt;The issue is that &lt;code&gt;colPivHouseholderQr()&lt;/code&gt; is in the QR module but you are only including the Dense module.&lt;/p&gt;&#xA;&#xA;&lt;p&gt;Try adding the following include:&lt;/p&gt;&#xA;&#xA;&lt;pre&gt;&lt;code&gt;#include &amp;lt;Eigen/QR&amp;gt;&#xA;&lt;/code&gt;&lt;/pre&gt;&#xA;&#xA;&lt;p&gt;See: &lt;a href=&quot;http://eigen.tuxfamily.org/api/group__QR__Module.html&quot; rel=&quot;nofollow&quot;&gt;http://eigen.tuxfamily.org/api/group_&lt;em&gt;QR&lt;/em&gt;_Module.html&lt;/a&gt;&lt;/p&gt;&#xA;</Body>
</answer>
<answer>
<Body>&lt;p&gt;This is a &lt;a href=&quot;https://netbeans.org/bugzilla/show_bug.cgi?id=216095&quot; rel=&quot;nofollow&quot;&gt;reported problem in the Netbeans when using Eigen&lt;/a&gt;. &lt;/p&gt;&#xA;&#xA;&lt;p&gt;It fails to resolve many object identifiers, including member functions of templated objects such as your &lt;code&gt;colPivHouseholderQr()&lt;/code&gt; function.&lt;/p&gt;&#xA;&#xA;&lt;p&gt;The best solution I arrived at was to use &lt;a href=&quot;http://www.eclipse.org/downloads/&quot; rel=&quot;nofollow&quot;&gt;Eclipse&lt;/a&gt; instead.&lt;/p&gt;&#xA;</Body>
</answer>
