<question>
<Title>Why does the program keep going, when I tell it to stop?</Title>
<Body>&lt;p&gt;I'm struggling to create a little Blackjack console game in C++. I've written almost the whole code (you may find it pretty messy, but I have like no experience in this kind of things). It works, but not completely. As you know (or no) when your cards' value equals 21 you win the game, and if you have more - you lose. In my project the game never stops, When you get 21, when dealer gets 21 or when you pass 21, the game is still on. Maybe I forgot to add something and I'd be really pleased if you could point it out! :)&#xA;&lt;a href=&quot;http://pastebin.com/d5JN6jRb&quot; rel=&quot;nofollow&quot;&gt;CODE&lt;/a&gt;&lt;/p&gt;&#xA;</Body>
<Tags>c++</Tags>
</question>
<answer>
<Body>&lt;p&gt;In your &lt;code&gt;main()&lt;/code&gt; function, you are defining a new local state variable:&lt;/p&gt;&#xA;&#xA;&lt;pre&gt;&lt;code&gt;GAMESTATE GSState = GAME;&#xA;&lt;/code&gt;&lt;/pre&gt;&#xA;&#xA;&lt;p&gt;that shadows the global one that your other classes are updating to indicate the end of the game.&lt;/p&gt;&#xA;&#xA;&lt;p&gt;You should have only assigned it a value:&lt;/p&gt;&#xA;&#xA;&lt;pre&gt;&lt;code&gt;GSState = GAME;&#xA;&lt;/code&gt;&lt;/pre&gt;&#xA;&#xA;&lt;p&gt;With gcc, you can compile with the flag &lt;code&gt;-Wshadow&lt;/code&gt; if you want the compiler to warn you about this kind of potential errors (but there might be a lot of false positive).&lt;/p&gt;&#xA;</Body>
</answer>
