<question>
<Title>Available screen size on Linux in Qt 3</Title>
<Body>&lt;pre&gt;&lt;code&gt;QDesktopWidget * screen = QApplication::desktop();&#xA;QRect size = screen-&amp;gt;availableGeometry(this);&#xA;&lt;/code&gt;&lt;/pre&gt;&#xA;&#xA;&lt;p&gt;The &lt;a href=&quot;http://doc.qt.nokia.com/3.3/qdesktopwidget.html#availableGeometry-1&quot; rel=&quot;nofollow&quot;&gt;documentation&lt;/a&gt; says,&lt;/p&gt;&#xA;&#xA;&lt;blockquote&gt;&#xA;  &lt;p&gt;What is available will be subrect of screenGeometry() based on what the platform decides is available (for example excludes the Dock and Menubar on Mac OS X, or the taskbar on Windows).&lt;/p&gt;&#xA;&lt;/blockquote&gt;&#xA;&#xA;&lt;p&gt;What I want to know is how can I get the available screen geometry (without panels) on Linux? I tried above code on Linux, but it returns physical screen size. &lt;/p&gt;&#xA;</Body>
<Tags>c++,qt,user-interface,qt3</Tags>
</question>
<answer>
<Body>&lt;p&gt;&lt;a href=&quot;https://stackoverflow.com/q/1246825/594137&quot;&gt;This question&lt;/a&gt; implies that calling &lt;code&gt;QApplication::desktop()-&amp;gt;size()&lt;/code&gt; will give you the size of the desktop on Linux without the panels.&lt;/p&gt;&#xA;&#xA;&lt;pre&gt;&lt;code&gt;// called from inside the MainWindow constructor&#xA;QDesktopWidget* dt(QApplication::desktop());&#xA;this-&amp;gt;resize(dt-&amp;gt;size()); &#xA;&lt;/code&gt;&lt;/pre&gt;&#xA;&#xA;&lt;p&gt;This code correctly resizes the main window to fill up the space inbetween the top and bottom bars on Ubuntu 10.04 with Qt 4.8. I can't see any difference in the documentation between Qt3 and Qt 4.8 which suggests the behaviour of these functions has changed.&lt;/p&gt;&#xA;</Body>
</answer>
<answer>
<Body>&lt;p&gt;For most of the cases &lt;code&gt;availableGeometry()&lt;/code&gt; works. I'm using virtual screen. Sometimes it doesn't work properly.&lt;/p&gt;&#xA;</Body>
</answer>
