<question>
<Title>Qt physics scene multithreading</Title>
<Body>&lt;p&gt;I have a QGraphicsScene with about 1000 QGraphicsItems, which are actually physics items. Each frame they advance, check for collisions, and resolve those collisions, among other things. I would really like to have the physics multithreaded.&lt;/p&gt;&#xA;&#xA;&lt;p&gt;It is my understanding that the QGraphics classes are not thread-safe. Meaning, they can only be called from the main thread. Does this force me to send the final item properties (x, y, rotation) each frame to the main thread using a signal/slot mechanism, and then use a main thread method to actually update the QGraphicsItems? Or is there an easier way to do this?&lt;/p&gt;&#xA;&#xA;&lt;p&gt;What follows is just a hypothesis: Could I use QtConcurrent to run a method on my list of QGraphicsItems? If I use a QMutex in my QGraphicsItem paint method and a QMutex in my physics method (that will change properties of my QGraphicsItem), would this guarantee that only one thread is reading/writing each QGraphicsItem at any one moment in time?&lt;/p&gt;&#xA;</Body>
<Tags>c++,multithreading,qt,user-interface,physics</Tags>
</question>
<answer>
<Body>&lt;ol&gt;&#xA;&lt;li&gt;&lt;blockquote&gt;&#xA;  &lt;p&gt;If I use a QMutex in my QGraphicsItem paint method and a QMutex in my&#xA;  physics method (that will change properties of my QGraphicsItem),&#xA;  would this guarantee that only one thread is reading/writing each&#xA;  QGraphicsItem at any one moment in time?&lt;/p&gt;&#xA;&lt;/blockquote&gt;&#xA;&#xA;&lt;p&gt;No, it wouldn't. &lt;code&gt;QGraphicsItem&lt;/code&gt; used heavily while drawing, not only &lt;code&gt;paint&lt;/code&gt; method called. Look, for example, &lt;a href=&quot;http://qt.gitorious.org/qt/qt/blobs/4.8/src/gui/graphicsview/qgraphicsscene.cpp#line4882&quot; rel=&quot;nofollow&quot;&gt;here&lt;/a&gt;. Even if it could work, it would be ugly solution, because apparently, &lt;code&gt;QGraphicsItem&lt;/code&gt; can be used not only for painting.&lt;/p&gt;&lt;/li&gt;&#xA;&lt;li&gt;&lt;blockquote&gt;&#xA;  &lt;p&gt;Does this force me to send the final item properties (x, y, rotation)&#xA;  each frame to the main thread using a signal/slot mechanism, and then&#xA;  use a main thread method to actually update the QGraphicsItems? Or is&#xA;  there an easier way to do this?&lt;/p&gt;&#xA;&lt;/blockquote&gt;&#xA;&#xA;&lt;p&gt;Yes, you have to move item changing process to main thread. You actually have some alternatives:&lt;/p&gt;&#xA;&#xA;&lt;ul&gt;&#xA;&lt;li&gt;Use signals/slots mechanism, as you mentioned. &lt;/li&gt;&#xA;&lt;li&gt;Use &lt;a href=&quot;http://doc.qt.nokia.com/4.7-snapshot/qmetaobject.html#invokeMethod&quot; rel=&quot;nofollow&quot;&gt;meta-calls&lt;/a&gt; with &lt;code&gt;QueuedConnection&lt;/code&gt;&lt;/li&gt;&#xA;&lt;li&gt;Send custom events.&lt;/li&gt;&#xA;&lt;/ul&gt;&#xA;&#xA;&lt;p&gt;Don't forget, that you has &lt;a href=&quot;http://doc.qt.nokia.com/4.7-snapshot/qt.html#ConnectionType-enum&quot; rel=&quot;nofollow&quot;&gt;&lt;code&gt;BlockingQueuedConnection&lt;/code&gt;&lt;/a&gt;, if you want to wait for painting finished.&lt;/p&gt;&#xA;&#xA;&lt;p&gt;Also, you can use all this stuff with &lt;code&gt;QtConcurent&lt;/code&gt;.&lt;/p&gt;&lt;/li&gt;&#xA;&lt;/ol&gt;&#xA;&#xA;&lt;p&gt;&lt;em&gt;Actually, it is not so difficult to manage. It is much safer and easier, than ensuring thread safety manually.&lt;/em&gt; &lt;/p&gt;&#xA;&#xA;&lt;p&gt;The bigger problem is that you probably may fail even when trying to &lt;em&gt;read&lt;/em&gt; items (using only &lt;code&gt;const&lt;/code&gt; memebers, for example) in worker thread. &lt;/p&gt;&#xA;&#xA;&lt;p&gt;&lt;sub&gt;As far, as &lt;code&gt;QGraphicsItem&lt;/code&gt; is not thread safe, even reading is &lt;em&gt;not&lt;/em&gt;. And my experience of multithread app development in Qt tells me, that if something bad can happen, it &lt;em&gt;will&lt;/em&gt; happen. &lt;/sub&gt;&lt;/p&gt;&#xA;</Body>
</answer>
