<question>
<Title>Simplest way to create a threadpool in C++?</Title>
<Body>&lt;p&gt;Would the simplest way to create a threadpool (or, at least obtain the code for a working one) be from C++11?&lt;/p&gt;&#xA;&#xA;&lt;p&gt;I have a problem accessing libraries from work, I am having problems getting hold of C++11 compiler. Would it be easier/harder finding a threadpool example from boost? I may be able to get the boost libraries installed. If not, I will have to try and find a way to get C++11 compiler.&lt;/p&gt;&#xA;&#xA;&lt;p&gt;(In case anybody is wondering why I am asking, I have VS2010 installed, but that has no C++11 and I cannot update cygwin due to work restrictions on TCP ports).&lt;/p&gt;&#xA;</Body>
<Tags>c++,multithreading,c++11,threadpool</Tags>
</question>
<answer>
<Body>&lt;p&gt;C++11 doesn't have anything particular for thread pooling built in to it.  I think you want Boost-based &lt;a href=&quot;http://threadpool.sourceforge.net/&quot; rel=&quot;nofollow&quot;&gt;threadpool&lt;/a&gt; implementation.&lt;/p&gt;&#xA;</Body>
</answer>
