<question>
<Title>What is the standard way to add N seconds to datetime.time in Python?</Title>
<Body>&lt;p&gt;Given a &lt;code&gt;datetime.time&lt;/code&gt; value in Python, is there a standard way to add an integer number of seconds to it, so that &lt;code&gt;11:34:59&lt;/code&gt; + 3 = &lt;code&gt;11:35:02&lt;/code&gt;, for example?&lt;/p&gt;&#xA;&#xA;&lt;p&gt;These obvious ideas don't work:&lt;/p&gt;&#xA;&#xA;&lt;pre&gt;&lt;code&gt;&amp;gt;&amp;gt;&amp;gt; datetime.time(11, 34, 59) + 3&#xA;TypeError: unsupported operand type(s) for +: 'datetime.time' and 'int'&#xA;&amp;gt;&amp;gt;&amp;gt; datetime.time(11, 34, 59) + datetime.timedelta(0, 3)&#xA;TypeError: unsupported operand type(s) for +: 'datetime.time' and 'datetime.timedelta'&#xA;&amp;gt;&amp;gt;&amp;gt; datetime.time(11, 34, 59) + datetime.time(0, 0, 3)&#xA;TypeError: unsupported operand type(s) for +: 'datetime.time' and 'datetime.time'&#xA;&lt;/code&gt;&lt;/pre&gt;&#xA;&#xA;&lt;p&gt;In the end I have written functions like this:&lt;/p&gt;&#xA;&#xA;&lt;pre&gt;&lt;code&gt;def add_secs_to_time(timeval, secs_to_add):&#xA;    secs = timeval.hour * 3600 + timeval.minute * 60 + timeval.second&#xA;    secs += secs_to_add&#xA;    return datetime.time(secs // 3600, (secs % 3600) // 60, secs % 60)&#xA;&lt;/code&gt;&lt;/pre&gt;&#xA;&#xA;&lt;p&gt;I can't help thinking that I'm missing an easier way to do this though.&lt;/p&gt;&#xA;&#xA;&lt;h3&gt;Related&lt;/h3&gt;&#xA;&#xA;&lt;ul&gt;&#xA;&lt;li&gt;&lt;a href=&quot;https://stackoverflow.com/questions/656297/python-time-timedelta-equivalent&quot;&gt;python time + timedelta equivalent&lt;/a&gt;&lt;/li&gt;&#xA;&lt;/ul&gt;&#xA;</Body>
<Tags>python,datetime,time,math</Tags>
</question>
<answer>
<Body>&lt;p&gt;Try adding a &lt;code&gt;datetime.datetime&lt;/code&gt; to a &lt;code&gt;datetime.timedelta&lt;/code&gt;. If you only want the time portion, you can call the &lt;code&gt;time()&lt;/code&gt; method on the resultant &lt;code&gt;datetime.datetime&lt;/code&gt; object to get it.&lt;/p&gt;&#xA;</Body>
</answer>
<answer>
<Body>&lt;p&gt;You can use full &lt;code&gt;datetime&lt;/code&gt; variables with &lt;code&gt;timedelta&lt;/code&gt;, and by providing a dummy date then using &lt;code&gt;time&lt;/code&gt; to just get the time value.&lt;/p&gt;&#xA;&#xA;&lt;p&gt;For example:&lt;/p&gt;&#xA;&#xA;&lt;pre&gt;&lt;code&gt;import datetime&#xA;a = datetime.datetime(100,1,1,11,34,59)&#xA;b = a + datetime.timedelta(0,3) # days, seconds, then other fields.&#xA;print a.time()&#xA;print b.time()&#xA;&lt;/code&gt;&lt;/pre&gt;&#xA;&#xA;&lt;p&gt;results in the two values, three seconds apart:&lt;/p&gt;&#xA;&#xA;&lt;pre&gt;&lt;code&gt;11:34:59&#xA;11:35:02&#xA;&lt;/code&gt;&lt;/pre&gt;&#xA;&#xA;&lt;p&gt;You could also opt for the more readable&lt;/p&gt;&#xA;&#xA;&lt;pre&gt;&lt;code&gt;b = a + datetime.timedelta(seconds=3)&#xA;&lt;/code&gt;&lt;/pre&gt;&#xA;&#xA;&lt;p&gt;if you're so inclined.&lt;/p&gt;&#xA;&#xA;&lt;hr&gt;&#xA;&#xA;&lt;p&gt;If you're after a function that can do this, you can look into using &lt;code&gt;addSecs&lt;/code&gt; below:&lt;/p&gt;&#xA;&#xA;&lt;pre&gt;&lt;code&gt;import datetime&#xA;&#xA;def addSecs(tm, secs):&#xA;    fulldate = datetime.datetime(100, 1, 1, tm.hour, tm.minute, tm.second)&#xA;    fulldate = fulldate + datetime.timedelta(seconds=secs)&#xA;    return fulldate.time()&#xA;&#xA;a = datetime.datetime.now().time()&#xA;b = addSecs(a, 300)&#xA;print a&#xA;print b&#xA;&lt;/code&gt;&lt;/pre&gt;&#xA;&#xA;&lt;p&gt;This outputs:&lt;/p&gt;&#xA;&#xA;&lt;pre&gt;&lt;code&gt; 09:11:55.775695&#xA; 09:16:55&#xA;&lt;/code&gt;&lt;/pre&gt;&#xA;</Body>
</answer>
<answer>
<Body>&lt;p&gt;One little thing, might add clarity to override the default value for seconds&lt;/p&gt;&#xA;&#xA;&lt;pre&gt;&lt;code&gt;&amp;gt;&amp;gt;&amp;gt; b = a + datetime.timedelta(seconds=3000)&#xA;&amp;gt;&amp;gt;&amp;gt; b&#xA;datetime.datetime(1, 1, 1, 12, 24, 59)&#xA;&lt;/code&gt;&lt;/pre&gt;&#xA;</Body>
</answer>
<answer>
<Body>&lt;p&gt;Thanks to @Pax Diablo, @bvmou and @Arachnid for the suggestion of using full datetimes throughout.  If I have to accept datetime.time objects from an external source, then this seems to be an alternative &lt;code&gt;add_secs_to_time()&lt;/code&gt; function:&lt;/p&gt;&#xA;&#xA;&lt;pre&gt;&lt;code&gt;def add_secs_to_time(timeval, secs_to_add):&#xA;    dummy_date = datetime.date(1, 1, 1)&#xA;    full_datetime = datetime.datetime.combine(dummy_date, timeval)&#xA;    added_datetime = full_datetime + datetime.timedelta(seconds=secs_to_add)&#xA;    return added_datetime.time()&#xA;&lt;/code&gt;&lt;/pre&gt;&#xA;&#xA;&lt;p&gt;This verbose code can be compressed to this one-liner:&lt;/p&gt;&#xA;&#xA;&lt;pre&gt;&lt;code&gt;(datetime.datetime.combine(datetime.date(1, 1, 1), timeval) + datetime.timedelta(seconds=secs_to_add)).time()&#xA;&lt;/code&gt;&lt;/pre&gt;&#xA;&#xA;&lt;p&gt;but I think I'd want to wrap that up in a function for code clarity anyway.&lt;/p&gt;&#xA;</Body>
</answer>
<answer>
<Body>&lt;p&gt;As others here have stated, you can just use full datetime objects throughout:&lt;/p&gt;&#xA;&#xA;&lt;pre&gt;&lt;code&gt;sometime = get_some_time() # the time to which you want to add 3 seconds&#xA;later = (datetime.combine(date.today(), sometime) + timedelta(seconds=3)).time()&#xA;&lt;/code&gt;&lt;/pre&gt;&#xA;&#xA;&lt;p&gt;However, I think it's worth explaining why full datetime objects are required.  Consider what would happen if I added 2 hours to 11pm.  What's the correct behavior?  An exception, because you can't have a time larger than 11:59pm?  Should it wrap back around?&lt;/p&gt;&#xA;&#xA;&lt;p&gt;Different programmers will expect different things, so whichever result they picked would surprise a lot of people.  Worse yet, programmers would write code that worked just fine when they tested it initially, and then have it break later by doing something unexpected.  This is very bad, which is why you're not allowed to add timedelta objects to time objects.&lt;/p&gt;&#xA;</Body>
</answer>
<answer>
<Body>&lt;p&gt;If it's worth adding another file / dependency to your project, I've just written a tiny little class that extends &lt;code&gt;datetime.time&lt;/code&gt; with the ability to do arithmetic.  When you go past midnight, it wraps around zero.  Now, &quot;What time will it be, 24 hours from now&quot; has a lot of corner cases, including daylight savings time, leap seconds, historical timezone changes, and so on.  But sometimes you really do need the simple case, and that's what this will do.&lt;/p&gt;&#xA;&#xA;&lt;p&gt;Your example would be written:&lt;/p&gt;&#xA;&#xA;&lt;pre&gt;&lt;code&gt;&amp;gt;&amp;gt;&amp;gt; import datetime&#xA;&amp;gt;&amp;gt;&amp;gt; import nptime&#xA;&amp;gt;&amp;gt;&amp;gt; nptime.nptime(11, 34, 59) + datetime.timedelta(0, 3)&#xA;nptime(11, 35, 2)&#xA;&lt;/code&gt;&lt;/pre&gt;&#xA;&#xA;&lt;p&gt;&lt;code&gt;nptime&lt;/code&gt; inherits from &lt;code&gt;datetime.time&lt;/code&gt;, so any of those methods should be usable, too.&lt;/p&gt;&#xA;&#xA;&lt;p&gt;It's available from PyPi as &lt;code&gt;nptime&lt;/code&gt; (&quot;non-pedantic time&quot;), or on GitHub: &lt;a href=&quot;https://github.com/tgs/nptime&quot; rel=&quot;noreferrer&quot;&gt;https://github.com/tgs/nptime&lt;/a&gt;&lt;/p&gt;&#xA;</Body>
</answer>
<answer>
<Body>&lt;p&gt;For completeness' sake, here's the way to do it with &lt;a href=&quot;http://arrow.readthedocs.io/en/latest/&quot; rel=&quot;nofollow noreferrer&quot;&gt;&lt;code&gt;arrow&lt;/code&gt;&lt;/a&gt; (better dates and times for Python):&lt;/p&gt;&#xA;&#xA;&lt;pre&gt;&lt;code&gt;sometime = arrow.now()&#xA;abitlater = sometime.shift(seconds=3)&#xA;&lt;/code&gt;&lt;/pre&gt;&#xA;</Body>
</answer>
<answer>
<Body>&lt;p&gt;You cannot simply add number to &lt;code&gt;datetime&lt;/code&gt; because it's unclear what unit is used: seconds, hours, weeks...&lt;/p&gt;&#xA;&#xA;&lt;p&gt;There is &lt;code&gt;timedelta&lt;/code&gt; class for manipulations with date and time. &lt;code&gt;datetime&lt;/code&gt; minus &lt;code&gt;datetime&lt;/code&gt; gives &lt;code&gt;timedelta&lt;/code&gt;, &lt;code&gt;datetime&lt;/code&gt; plus &lt;code&gt;timedelta&lt;/code&gt; gives &lt;code&gt;datetime&lt;/code&gt;, two &lt;code&gt;datetime&lt;/code&gt; objects cannot be added although two &lt;code&gt;timedelta&lt;/code&gt; can.&lt;/p&gt;&#xA;&#xA;&lt;p&gt;Create &lt;code&gt;timedelta&lt;/code&gt; object with how many seconds you want to add and add it to &lt;code&gt;datetime&lt;/code&gt; object:&lt;/p&gt;&#xA;&#xA;&lt;pre&gt;&lt;code&gt;&amp;gt;&amp;gt;&amp;gt; from datetime import datetime, timedelta&#xA;&amp;gt;&amp;gt;&amp;gt; t = datetime.now() + timedelta(seconds=3000)&#xA;&amp;gt;&amp;gt;&amp;gt; print(t)&#xA;datetime.datetime(2018, 1, 17, 21, 47, 13, 90244)&#xA;&lt;/code&gt;&lt;/pre&gt;&#xA;&#xA;&lt;p&gt;There is same concept in C++: &lt;code&gt;std::chrono::duration&lt;/code&gt;.&lt;/p&gt;&#xA;</Body>
</answer>
<answer>
<Body>&lt;p&gt;Old question, but I figured I'd throw in a function that handles timezones. The key parts are passing the &lt;code&gt;datetime.time&lt;/code&gt; object's &lt;code&gt;tzinfo&lt;/code&gt; attribute into combine, and then using &lt;code&gt;timetz()&lt;/code&gt; instead of &lt;code&gt;time()&lt;/code&gt; on the resulting dummy datetime. This answer partly inspired by the other answers here.&lt;/p&gt;&#xA;&#xA;&lt;pre class=&quot;lang-py prettyprint-override&quot;&gt;&lt;code&gt;def add_timedelta_to_time(t, td):&#xA;    &quot;&quot;&quot;Add a timedelta object to a time object using a dummy datetime.&#xA;&#xA;    :param t: datetime.time object.&#xA;    :param td: datetime.timedelta object.&#xA;&#xA;    :returns: datetime.time object, representing the result of t + td.&#xA;&#xA;    NOTE: Using a gigantic td may result in an overflow. You've been&#xA;    warned.&#xA;    &quot;&quot;&quot;&#xA;    # Create a dummy date object.&#xA;    dummy_date = date(year=100, month=1, day=1)&#xA;&#xA;    # Combine the dummy date with the given time.&#xA;    dummy_datetime = datetime.combine(date=dummy_date, time=t, tzinfo=t.tzinfo)&#xA;&#xA;    # Add the timedelta to the dummy datetime.&#xA;    new_datetime = dummy_datetime + td&#xA;&#xA;    # Return the resulting time, including timezone information.&#xA;    return new_datetime.timetz()&#xA;&lt;/code&gt;&lt;/pre&gt;&#xA;&#xA;&lt;p&gt;And here's a really simple test case class (using built-in &lt;code&gt;unittest&lt;/code&gt;):&lt;/p&gt;&#xA;&#xA;&lt;pre class=&quot;lang-py prettyprint-override&quot;&gt;&lt;code&gt;import unittest&#xA;from datetime import datetime, timezone, timedelta, time&#xA;&#xA;class AddTimedeltaToTimeTestCase(unittest.TestCase):&#xA;    &quot;&quot;&quot;Test add_timedelta_to_time.&quot;&quot;&quot;&#xA;&#xA;    def test_wraps(self):&#xA;        t = time(hour=23, minute=59)&#xA;        td = timedelta(minutes=2)&#xA;        t_expected = time(hour=0, minute=1)&#xA;        t_actual = add_timedelta_to_time(t=t, td=td)&#xA;        self.assertEqual(t_expected, t_actual)&#xA;&#xA;    def test_tz(self):&#xA;        t = time(hour=4, minute=16, tzinfo=timezone.utc)&#xA;        td = timedelta(hours=10, minutes=4)&#xA;        t_expected = time(hour=14, minute=20, tzinfo=timezone.utc)&#xA;        t_actual = add_timedelta_to_time(t=t, td=td)&#xA;        self.assertEqual(t_expected, t_actual)&#xA;&#xA;&#xA;if __name__ == '__main__':&#xA;    unittest.main()&#xA;&lt;/code&gt;&lt;/pre&gt;&#xA;</Body>
</answer>
