<question>
<Title>Make file Linking issue Undefined symbols for architecture x86_64</Title>
<Body>&lt;p&gt;I am working on getting a few files to link together using my make file and c++ and am getting the following error when running make. &lt;/p&gt;&#xA;&#xA;&lt;pre&gt;&lt;code&gt;g++ -bind_at_load `pkg-config --cflags opencv`   -c -o compute_gist.o compute_gist.cpp&#xA;g++ -bind_at_load `pkg-config --cflags opencv`   -c -o gist.o gist.cpp&#xA;g++ -bind_at_load `pkg-config --cflags opencv`   -c -o standalone_image.o standalone_image.cpp&#xA;g++ -bind_at_load `pkg-config --cflags opencv`   -c -o IplImageConverter.o IplImageConverter.cpp&#xA;g++ -bind_at_load `pkg-config --cflags opencv`   -c -o GistCalculator.o GistCalculator.cpp&#xA;g++ -bind_at_load `pkg-config --cflags opencv` `pkg-config --libs opencv` compute_gist.o gist.o standalone_image.o IplImageConverter.o GistCalculator.o -o rungist&#xA;Undefined symbols for architecture x86_64:&#xA;    &quot;color_gist_scaletab(color_image_t*, int, int, int const*)&quot;, referenced from:&#xA;    _main in compute_gist.o&#xA;ld: symbol(s) not found for architecture x86_64&#xA;collect2: ld returned 1 exit status&#xA;make: *** [rungist] Error 1&#xA;&lt;/code&gt;&lt;/pre&gt;&#xA;&#xA;&lt;p&gt;My makefile is as follows (Note, I don't need opencv bindings yet, but will be coding in opencv later.&lt;/p&gt;&#xA;&#xA;&lt;pre&gt;&lt;code&gt;CXX = g++&#xA;CXXFLAGS = -bind_at_load `pkg-config --cflags opencv`&#xA;LFLAGS = `pkg-config --libs opencv`&#xA;&#xA;SRC = \&#xA;compute_gist.cpp \&#xA;gist.cpp \&#xA;standalone_image.cpp \&#xA;IplImageConverter.cpp \&#xA;GistCalculator.cpp&#xA;&#xA;OBJS = $(SRC:.cpp=.o)&#xA;&#xA;rungist: $(OBJS)&#xA;$(CXX) $(CXXFLAGS) $(LFLAGS) $(OBJS) -o $@&#xA;all: rungist&#xA;&#xA;clean:&#xA;rm -rf $(OBJS) rungist&#xA;&lt;/code&gt;&lt;/pre&gt;&#xA;&#xA;&lt;p&gt;The method header is located in gist.h&lt;/p&gt;&#xA;&#xA;&lt;pre&gt;&lt;code&gt;float *color_gist_scaletab(color_image_t *src, int nblocks, int n_scale, const int *n_orientations);&#xA;&lt;/code&gt;&lt;/pre&gt;&#xA;&#xA;&lt;p&gt;And the method is defined in gist.cpp&lt;/p&gt;&#xA;&#xA;&lt;pre&gt;&lt;code&gt;float *color_gist_scaletab(color_image_t *src, int w, int n_scale, const int *n_orientation) {&#xA;&lt;/code&gt;&lt;/pre&gt;&#xA;&#xA;&lt;p&gt;And finally the compute_gist.cpp (main file)&lt;/p&gt;&#xA;&#xA;&lt;pre&gt;&lt;code&gt;#include &amp;lt;stdio.h&amp;gt;&#xA;#include &amp;lt;stdlib.h&amp;gt;&#xA;#include &amp;lt;string.h&amp;gt;&#xA;&#xA;&#xA;#include &quot;gist.h&quot;&#xA;&#xA;&#xA;static color_image_t *load_ppm(const char *fname) {&#xA;  FILE *f=fopen(fname,&quot;r&quot;);&#xA;  if(!f) {&#xA;    perror(&quot;could not open infile&quot;);&#xA;    exit(1);&#xA;  }&#xA;  int width,height,maxval;&#xA;  if(fscanf(f,&quot;P6 %d %d %d&quot;,&amp;amp;width,&amp;amp;height,&amp;amp;maxval)!=3 || maxval!=255) {&#xA;  fprintf(stderr,&quot;Error: input not a raw PPM with maxval 255\n&quot;);&#xA;  exit(1);    &#xA;  }&#xA;  fgetc(f); /* eat the newline */&#xA;  color_image_t *im=color_image_new(width,height);&#xA;&#xA;  int i;&#xA;  for(i=0;i&amp;lt;width*height;i++) {&#xA;    im-&amp;gt;c1[i]=fgetc(f);&#xA;    im-&amp;gt;c2[i]=fgetc(f);&#xA;    im-&amp;gt;c3[i]=fgetc(f);    &#xA;  }&#xA;&#xA;  fclose(f);&#xA;  return im;&#xA;}&#xA;&#xA;&#xA;static void usage(void) {&#xA;  fprintf(stderr,&quot;compute_gist options... [infilename]\n&quot;&#xA;      &quot;infile is a PPM raw file\n&quot;&#xA;      &quot;options:\n&quot;&#xA;      &quot;[-nblocks nb] use a grid of nb*nb cells (default 4)\n&quot;&#xA;      &quot;[-orientationsPerScale o_1,..,o_n] use n scales and compute o_i orientations for scale i\n&quot;&#xA;      );&#xA;&#xA;  exit(1);&#xA;}&#xA;&#xA;&#xA;&#xA;&#xA;int main(int argc,char **args) {&#xA;&#xA;const char *infilename=&quot;/dev/stdin&quot;;&#xA;int nblocks=4;&#xA;int n_scale=3;&#xA;int orientations_per_scale[50]={8,8,4};&#xA;&#xA;&#xA;while(*++args) {&#xA;  const char *a=*args;&#xA;&#xA;  if(!strcmp(a,&quot;-h&quot;)) usage();&#xA;  else if(!strcmp(a,&quot;-nblocks&quot;)) {&#xA;    if(!sscanf(*++args,&quot;%d&quot;,&amp;amp;nblocks)) {&#xA;      fprintf(stderr,&quot;could not parse %s argument&quot;,a); &#xA;      usage();&#xA;    }&#xA;  } else if(!strcmp(a,&quot;-orientationsPerScale&quot;)) {&#xA;    char *c;&#xA;    n_scale=0;&#xA;    for(c=strtok(*++args,&quot;,&quot;);c;c=strtok(NULL,&quot;,&quot;)) {&#xA;      if(!sscanf(c,&quot;%d&quot;,&amp;amp;orientations_per_scale[n_scale++])) {&#xA;        fprintf(stderr,&quot;could not parse %s argument&quot;,a); &#xA;        usage();         &#xA;      }&#xA;    }&#xA;  } else {&#xA;    infilename=a;&#xA;  }&#xA;}&#xA;&#xA;color_image_t *im=load_ppm(infilename);&#xA;&#xA;//Here's the method call -&amp;gt; :(&#xA;float *desc=color_gist_scaletab(im,nblocks,n_scale,orientations_per_scale);&#xA;&#xA;int i;&#xA;&#xA;int descsize=0;&#xA;//compute descriptor size&#xA;for(i=0;i&amp;lt;n_scale;i++) &#xA;  descsize+=nblocks*nblocks*orientations_per_scale[i];&#xA;&#xA;  descsize*=3; // color&#xA;&#xA;  //print descriptor&#xA;  for(i=0;i&amp;lt;descsize;i++) &#xA;    printf(&quot;%.4f &quot;,desc[i]);&#xA;&#xA;    printf(&quot;\n&quot;);&#xA;&#xA;    free(desc);&#xA;&#xA;    color_image_delete(im);&#xA;&#xA;    return 0; &#xA;}&#xA;&lt;/code&gt;&lt;/pre&gt;&#xA;&#xA;&lt;p&gt;Any help would be greatly appreciated. I hope this is enough info. Let me know if  I need to add more.&lt;/p&gt;&#xA;</Body>
<Tags>c++,linker,makefile,undefined-symbol</Tags>
</question>
<answer>
<Body>&lt;p&gt;I suspect that &lt;code&gt;color_gist_scaletab&lt;/code&gt; should be declared as &lt;code&gt;extern &quot;C&quot;&lt;/code&gt; in your header file:&lt;/p&gt;&#xA;&#xA;&lt;pre&gt;&lt;code&gt;extern &quot;C&quot; {&#xA;  float *color_gist_scaletab(color_image_t *src, int nblocks, int n_scale, const int *n_orientations);&#xA;}&#xA;&lt;/code&gt;&lt;/pre&gt;&#xA;</Body>
</answer>
<answer>
<Body>&lt;p&gt;Your link command line is incorrect. See &lt;a href=&quot;https://stackoverflow.com/a/7816668/50617&quot;&gt;this answer&lt;/a&gt;.&lt;/p&gt;&#xA;&#xA;&lt;p&gt;However, that is likely not the problem you are seeing here.&lt;/p&gt;&#xA;&#xA;&lt;p&gt;What do the following commands print?&lt;/p&gt;&#xA;&#xA;&lt;pre&gt;&lt;code&gt;file gist.o&#xA;nm gist.o | grep color_gist_scaletab&#xA;&lt;/code&gt;&lt;/pre&gt;&#xA;&#xA;&lt;p&gt;I also see &lt;a href=&quot;https://stackoverflow.com/questions/10051221/lear-gist-descriptor-c-code-used-with-c&quot;&gt;this&lt;/a&gt; very similar question. But there, &lt;code&gt;color_gist_scaletab&lt;/code&gt; comes from &lt;code&gt;gist.c&lt;/code&gt;, not &lt;code&gt;gist.cpp&lt;/code&gt;. You didn't just rename &lt;code&gt;gist.c&lt;/code&gt; to &lt;code&gt;gist.cpp&lt;/code&gt;, did you? Don't do &lt;em&gt;that&lt;/em&gt;.&lt;/p&gt;&#xA;</Body>
</answer>
