<question>
<Title>Visual Studio std::stringstream pubsetbuf does not work</Title>
<Body>&lt;p&gt;&lt;strong&gt;pubsetbuf&lt;/strong&gt; member of std::stringbuf is not working at all in Visual Studio 2010!&lt;/p&gt;&#xA;&#xA;&lt;p&gt;The code:&lt;/p&gt;&#xA;&#xA;&lt;pre&gt;&lt;code&gt;char *FileData = ... ;&#xA;unsigned long long FileDataLen = ... ;&#xA;std::stringstream *SS = new std::stringstream(std::stringstream::in | std::stringstream::out);&#xA;SS-&amp;gt;rdbuf()-&amp;gt;pubsetbuf( FileData, (std::streamsize)FileDataLen );&#xA;&lt;/code&gt;&lt;/pre&gt;&#xA;&#xA;&lt;p&gt;&lt;strong&gt;pubsetbuf&lt;/strong&gt; does nothing in Visual Studio!!!&lt;/p&gt;&#xA;&#xA;&lt;p&gt;&lt;strong&gt;Workaround #1&lt;/strong&gt;:&lt;/p&gt;&#xA;&#xA;&lt;pre&gt;&lt;code&gt;std::stringstream *SS = new std::stringstream( std::string(FileData, (size_type)FileDataLen ) ),std::stringstream::in | std::stringstream::out);&#xA;&lt;/code&gt;&lt;/pre&gt;&#xA;&#xA;&lt;p&gt;&lt;strong&gt;Workaround #2&lt;/strong&gt;:&lt;/p&gt;&#xA;&#xA;&lt;pre&gt;&lt;code&gt;SS-&amp;gt;rdbuf()-&amp;gt;sputn(FileData, (streamsize)FileDataLen);&#xA;&lt;/code&gt;&lt;/pre&gt;&#xA;&#xA;&lt;p&gt;But both of these workarounds produce &lt;strong&gt;unnecessary&lt;/strong&gt; memory copying.&#xA;I definitely need a working &lt;strong&gt;pubsetbuf&lt;/strong&gt; member of std::stringbuf.&lt;/p&gt;&#xA;</Body>
<Tags>c++,visual-studio,stl,std</Tags>
</question>
<answer>
<Body>&lt;p&gt;&lt;code&gt;putsetbuf&lt;/code&gt; only makes sense for &lt;code&gt;fstream&lt;/code&gt; (technically, for &lt;code&gt;std::basic_filebuf&lt;/code&gt;), where the buffer and the stream are two different things.&lt;/p&gt;&#xA;&#xA;&lt;p&gt;For &lt;code&gt;stringstream&lt;/code&gt; (technically, &lt;code&gt;std::basic_stringbuf&lt;/code&gt;) they are one and the same std::string.&lt;/p&gt;&#xA;&#xA;&lt;p&gt;If you need a stream that works on a string that's external to it, consider &lt;code&gt;std::strstream&lt;/code&gt;: or &lt;code&gt;boost::iostreams::array_sink&lt;/code&gt;&lt;/p&gt;&#xA;</Body>
</answer>
<answer>
<Body>&lt;p&gt;&lt;a href=&quot;http://en.cppreference.com/w/cpp/io/basic_ios/clear&quot; rel=&quot;nofollow&quot;&gt;basic_ios.clear()&lt;/a&gt;&#xA;If you need to change rdbuf, call this first or it'll fail to work.&lt;/p&gt;&#xA;&#xA;&lt;pre&gt;&lt;code&gt;std::ifstream file(&quot;file1.txt&quot;); // file1.txt contains &quot;Welcome!&quot;&#xA;std::stringstream ss;&#xA;ss &amp;lt;&amp;lt; file.rdbuf();&#xA;&#xA;std::cout &amp;lt;&amp;lt; ss.str() &amp;lt;&amp;lt; std::endl;&#xA;&lt;/code&gt;&lt;/pre&gt;&#xA;&#xA;&lt;p&gt;Outputs &quot;Welcome!&quot;.&#xA;&lt;br /&gt;Let's try again with a new file.&lt;/p&gt;&#xA;&#xA;&lt;pre&gt;&lt;code&gt;// Empty it&#xA;file.close();&#xA;ss.str(&quot;&quot;);&#xA;&#xA;// New file&#xA;file.open(&quot;file2.txt&quot;); // file2.txt contains &quot;Goodbye!&quot;&#xA;ss &amp;lt;&amp;lt; file.rdbuf();&#xA;&#xA;std::cout &amp;lt;&amp;lt; ss.str() &amp;lt;&amp;lt; std::endl;&#xA;&lt;/code&gt;&lt;/pre&gt;&#xA;&#xA;&lt;p&gt;Outputs nothing.&lt;/p&gt;&#xA;&#xA;&lt;pre&gt;&lt;code&gt;ss.clear();&#xA;ss &amp;lt;&amp;lt; file.rdbuf();&#xA;std::cout &amp;lt;&amp;lt; ss.str() &amp;lt;&amp;lt; std::endl;&#xA;file.close();&#xA;&lt;/code&gt;&lt;/pre&gt;&#xA;&#xA;&lt;p&gt;Outputs &quot;Goodbye!&quot;&lt;/p&gt;&#xA;</Body>
</answer>
<answer>
<Body>&lt;p&gt;I see the same thing. I'm working on scenarios that definitely can't afford making unnecessary data copies. This seems to be somehow intentional as per comments in basic_streambuf class:&lt;/p&gt;&#xA;&#xA;&lt;pre&gt;&lt;code&gt;virtual basic_streambuf *__CLR_OR_THIS_CALL setbuf(_Elem *, streamsize)&#xA;    {   // offer buffer to external agent (do nothing)&#xA;    return (this);&#xA;    }&#xA;&lt;/code&gt;&lt;/pre&gt;&#xA;</Body>
</answer>
<answer>
<Body>&lt;p&gt;I recently encountered the same issue of setbuf not being implemented in Visual Studio 2017.&lt;/p&gt;&#xA;&#xA;&lt;p&gt;After some searching on Stack Overflow, I found a solution for an output stream that doesn't use copying of the buffer which I modified for an input stream. Here they are for reference.&lt;/p&gt;&#xA;&#xA;&lt;h1&gt;Output Stream&lt;/h1&gt;&#xA;&#xA;&lt;p&gt;Source: &lt;a href=&quot;https://stackoverflow.com/questions/1494182/setting-the-internal-buffer-used-by-a-standard-stream-pubsetbuf&quot;&gt;Setting the internal buffer used by a standard stream (pubsetbuf)&lt;/a&gt;&lt;/p&gt;&#xA;&#xA;&lt;pre&gt;&#xA;#include&amp;nbsp;&amp;lt;streambuf&amp;gt;&#xA;&#xA;template&amp;nbsp;&amp;lt;typename&amp;nbsp;char_type&amp;gt;&#xA;struct&amp;nbsp;ostreambuf&amp;nbsp;:&amp;nbsp;public&amp;nbsp;std::basic_streambuf&amp;lt;char_type,&amp;nbsp;std::char_traits&amp;lt;char_type&amp;gt;&amp;nbsp;&amp;gt;&#xA;{&#xA;    ostreambuf(char_type*&amp;nbsp;buffer,&amp;nbsp;std::streamsize&amp;nbsp;bufferLength)&#xA;    {&#xA;        //&amp;nbsp;set&amp;nbsp;the&amp;nbsp;&amp;quot;put&amp;quot;&amp;nbsp;pointer&amp;nbsp;the&amp;nbsp;start&amp;nbsp;of&amp;nbsp;the&amp;nbsp;buffer&amp;nbsp;and&amp;nbsp;record&amp;nbsp;it&amp;#39;s&amp;nbsp;length.&#xA;        setp(buffer,&amp;nbsp;buffer&amp;nbsp;+&amp;nbsp;bufferLength);&#xA;    }&#xA;};&#xA;&lt;/pre&gt;&#xA;&#xA;&lt;h1&gt;Input Stream&lt;/h1&gt;&#xA;&#xA;&lt;p&gt;Source: &lt;a href=&quot;https://stackoverflow.com/questions/56283357/internal-buffer-used-by-standard-input-stream-pubsetbuf&quot;&gt;Internal buffer used by standard input stream (pubsetbuf)&lt;/a&gt;&lt;/p&gt;&#xA;&#xA;&lt;pre&gt;&#xA;#include&amp;nbsp;&amp;lt;streambuf&amp;gt;&#xA;&#xA;template&amp;nbsp;&amp;lt;typename&amp;nbsp;char_type&amp;gt;&#xA;struct&amp;nbsp;istreambuf&amp;nbsp;:&amp;nbsp;public&amp;nbsp;basic_streambuf&amp;lt;char_type,&amp;nbsp;char_traits&amp;lt;char_type&amp;gt;&amp;gt;&#xA;{&#xA;    istreambuf(char_type*&amp;nbsp;buffer,&amp;nbsp;streamsize&amp;nbsp;buffer_length)&#xA;    {&#xA;        //&amp;nbsp;Set&amp;nbsp;the&amp;nbsp;&amp;quot;get&amp;quot;&amp;nbsp;pointer&amp;nbsp;to&amp;nbsp;the&amp;nbsp;start&amp;nbsp;of&amp;nbsp;the&amp;nbsp;buffer,&amp;nbsp;the&amp;nbsp;next&amp;nbsp;item,&amp;nbsp;and&amp;nbsp;record&amp;nbsp;its&amp;nbsp;length.&#xA;        this-&amp;gt;setg(buffer,&amp;nbsp;buffer,&amp;nbsp;buffer&amp;nbsp;+&amp;nbsp;buffer_length);&#xA;    }&#xA;};&#xA;&#xA;int&amp;nbsp;main()&#xA;{&#xA;    ifstream&amp;nbsp;infile(FILENAME,&amp;nbsp;ifstream::binary);&#xA;&#xA;    //&amp;nbsp;Read&amp;nbsp;entire&amp;nbsp;file&amp;nbsp;into&amp;nbsp;buffer.&#xA;    infile.seekg(0,&amp;nbsp;ios::end);&#xA;    streampos&amp;nbsp;length&amp;nbsp;=&amp;nbsp;infile.tellg();&#xA;    infile.seekg(0,&amp;nbsp;ios::beg);&#xA;    vector&amp;lt;char&amp;gt;&amp;nbsp;buffer(length);&#xA;    //char*&amp;nbsp;buffer&amp;nbsp;=&amp;nbsp;new&amp;nbsp;char[length];&#xA;    infile.read(&amp;amp;buffer[0],&amp;nbsp;length);&#xA;    infile.close();&#xA;&#xA;    //&amp;nbsp;Create&amp;nbsp;buffer&amp;nbsp;and&amp;nbsp;point&amp;nbsp;local_stream&amp;nbsp;to&amp;nbsp;it.&#xA;    istreambuf&amp;lt;char&amp;gt;&amp;nbsp;istream_buffer(&amp;amp;buffer[0],&amp;nbsp;length);&#xA;    istream&amp;nbsp;local_stream(&amp;amp;istream_buffer);&#xA;&#xA;    string&amp;nbsp;str1;&#xA;&#xA;    while&amp;nbsp;(local_stream&amp;nbsp;&amp;gt;&amp;gt;&amp;nbsp;str1)&#xA;    {&#xA;        . . .&#xA;    }&#xA;}&lt;/pre&gt;&#xA;</Body>
</answer>
