<question>
<Title>Making a file in C++ with permissions that only the user can see the file and edit it</Title>
<Body>&lt;p&gt;I would like to make a file that only my program has permissions to write in/read/visualize the file, in windows 7 we have those permissions but I don't know how to make from a user that I create, the user will be only my executable, only it can see, read and write in the file.&lt;/p&gt;&#xA;&#xA;&lt;p&gt;I saw a program doing that, but I have no idea how to do it.&lt;/p&gt;&#xA;&#xA;&lt;p&gt;Thanks in advance, I'm sorry for not posting code, because it wouldn't be helpful since I don't know how to deal with permissions in windows via C++.&lt;/p&gt;&#xA;</Body>
<Tags>c++,c,windows,permissions</Tags>
</question>
<answer>
<Body>&lt;p&gt;Permissions in windows are based on the user and not the application. Hence you can't restrict the access to a file to a specific program / executable.  &lt;/p&gt;&#xA;</Body>
</answer>
<answer>
<Body>&lt;p&gt;You could do something like that if you separate the file access functionality into a different executable and install it as a service, but it would be a lot of work, and you would have to secure the API to that service anyway.&lt;/p&gt;&#xA;&#xA;&lt;p&gt;I would recommend you to encrypt the contents of your file instead.&lt;/p&gt;&#xA;</Body>
</answer>
<answer>
<Body>&lt;p&gt;You can't restrict file access to only your app. You can only restrict access to specific user accounts and/or groups. Look at the &lt;code&gt;SetFileSecurity()&lt;/code&gt; and &lt;code&gt;SetNamedSecurityInfo()&lt;/code&gt; functions for that. If a suitable user account with adequate permissions runs your app (or any app for that matter), or your app (or another app)  impersonates such an account, it will be able to access the file.&lt;/p&gt;&#xA;</Body>
</answer>
