<question>
<Title>Python : helper function confusion</Title>
<Body>&lt;p&gt;For one of the functions of my assignment I am supposed to write a code for this recommendation score below. &lt;/p&gt;&#xA;&#xA;&lt;p&gt;But I have no idea where I should start off.  I was told to use helper functions but I dont know what kinda helper functions, like for instance their name &lt;/p&gt;&#xA;&#xA;&lt;blockquote&gt;&#xA;  &lt;p&gt;Recommendation score&lt;/p&gt;&#xA;  &#xA;  &lt;p&gt;For each person, all people in the social network who they are not currently friends with are potential friends. For a particular person, each potential friend is scored using the following point system:&lt;/p&gt;&#xA;  &#xA;  &lt;ul&gt;&#xA;  &lt;li&gt;for every mutual friend that the person and the potential friend have, add 1 point to the potential friend's score&lt;/li&gt;&#xA;  &lt;li&gt;for each network that the person and the potential friend both belong to, add 1 point to the potential friend's score&lt;/li&gt;&#xA;  &lt;li&gt;if the person has the same last name as a potential friend who was identified through one or both of the previous two methods, add 1 point to the potential friend's score&lt;/li&gt;&#xA;  &lt;/ul&gt;&#xA;&lt;/blockquote&gt;&#xA;&#xA;&lt;p&gt;The link to the assignment is at &lt;a href=&quot;http://bit.ly/H9hCia&quot; rel=&quot;nofollow&quot;&gt;http://bit.ly/H9hCia&lt;/a&gt;, if it makes it easier, its just based on this how would I start it. I was told by everyone that as long as I understand this description then I can start on it.But that doesn't seem like it, when you guys read it do u need more information? Because Im so confused so I  decided to post here and ask what you guys think.  Since I can't start on it at all. If I do need to further explain more I will. &lt;/p&gt;&#xA;</Body>
<Tags>python</Tags>
</question>
<answer>
<Body>&lt;p&gt;A few hints.&lt;/p&gt;&#xA;&#xA;&lt;p&gt;You have a social graph. The 'person to friends' dict is its incidence table: for each node (person) it shows which nodes it connects to.&lt;/p&gt;&#xA;&#xA;&lt;p&gt;&quot;Mutual friends&quot; is obviously two persons that have each other in their incidence lists. Make a helper function that determines if two given people are mutual friends. Maybe make a function that lists all mutual friends of a given person.&lt;/p&gt;&#xA;&#xA;&lt;p&gt;Then you can enumerate persons in 'persons to friends' (&lt;code&gt;dict.keys()&lt;/code&gt; is your friend) and compute scores. Be sure to check that you don't include actual friends of a person into potential friends.&lt;/p&gt;&#xA;&#xA;&lt;p&gt;To find whether two persons belong to at least one common network, convert lists of networks into &lt;a href=&quot;http://www.linuxtopia.org/online_books/programming_books/python_programming/python_ch16s03.html&quot; rel=&quot;nofollow&quot;&gt;sets&lt;/a&gt; and use set intersection (&lt;code&gt;&amp;amp;&lt;/code&gt;).&lt;/p&gt;&#xA;&#xA;&lt;p&gt;To find first and last names, use &lt;a href=&quot;http://docs.python.org/library/stdtypes.html#str.split&quot; rel=&quot;nofollow&quot;&gt;str.split()&lt;/a&gt; on them.&lt;/p&gt;&#xA;&#xA;&lt;p&gt;Start an interactive Python interpreter. Write simple functions, play with your data a bit. Don't try to fit everything in your head at once and write down in one go. Instead, experiment.&lt;/p&gt;&#xA;</Body>
</answer>
<answer>
<Body>&lt;p&gt;Before you start thinking about writing functions and all. You should tell us what do you know or what do you not know. Do you know what is a &lt;a href=&quot;http://docs.python.org/tutorial/datastructures.html#dictionaries&quot; rel=&quot;nofollow&quot;&gt;dictionary&lt;/a&gt;? Your project require &lt;code&gt;dictionary&lt;/code&gt;, do you know how to create variables? As a student myself, I suggestion you start by writing the code itself first, playing around with the data, (such as loading them, printing them, comparing them). Doing so you will be more comfortable with writing code. &lt;/p&gt;&#xA;&#xA;&lt;p&gt;First thing you should do is to learn &lt;code&gt;dictionary&lt;/code&gt; , figure out how to create one, how to set the value, get the values, etc. Read the following tutorial, and see if you understand dictionary. It is no point to try to write a function, if you don't know how to use the &lt;code&gt;dictionary&lt;/code&gt; to being with.&lt;/p&gt;&#xA;&#xA;&lt;p&gt;Read this for &lt;code&gt;dictionary&lt;/code&gt;: &lt;a href=&quot;http://docs.python.org/library/stdtypes.html#typesmapping&quot; rel=&quot;nofollow&quot;&gt;http://docs.python.org/library/stdtypes.html#typesmapping&lt;/a&gt;&lt;/p&gt;&#xA;&#xA;&lt;p&gt;Read this for &lt;code&gt;string&lt;/code&gt;: &lt;a href=&quot;http://docs.python.org/tutorial/introduction.html#strings&quot; rel=&quot;nofollow&quot;&gt;http://docs.python.org/tutorial/introduction.html#strings&lt;/a&gt;&lt;/p&gt;&#xA;&#xA;&lt;p&gt;Read this for &lt;code&gt;for&lt;/code&gt;, &lt;code&gt;if&lt;/code&gt; and others: &lt;a href=&quot;http://docs.python.org/tutorial/controlflow.html&quot; rel=&quot;nofollow&quot;&gt;http://docs.python.org/tutorial/controlflow.html&lt;/a&gt;&lt;/p&gt;&#xA;&#xA;&lt;p&gt;When you finish the that three tutorials, you will learn how to create and use &lt;code&gt;dictionary&lt;/code&gt;, and &lt;code&gt;string&lt;/code&gt;. Then you can think about how to put your codes into function, and how to write your program to solve the problem. We want to help, but we need to know where you get stuck, give us information such as the error message, or (how to do xxx) (try google it first). Good luck.&lt;/p&gt;&#xA;</Body>
</answer>
