<question>
<Title>Are Pointers stable?</Title>
<Body>&lt;p&gt;I want to use the actual pointer address (not marked volatile) to an object to uniquely identify the object.&lt;/p&gt;&#xA;&#xA;&lt;p&gt;Is this a bad thing to do? In general does system memory management move the objects and hence it's address about or is the pointer stable?&lt;/p&gt;&#xA;&#xA;&lt;p&gt;Thanks&lt;/p&gt;&#xA;</Body>
<Tags>c++,objective-c,c,pointers</Tags>
</question>
<answer>
<Body>&lt;p&gt;A pointer to an object is valid until the object dies (stable).&lt;/p&gt;&#xA;&#xA;&lt;p&gt;Using pointers for identification has its uses, but may not be the best thing to do.&lt;/p&gt;&#xA;</Body>
</answer>
<answer>
<Body>&lt;p&gt;Your pointer is guaranteed to remain stable for the life of the object to which it points, unless you do something to break it. The OS does indeed move things around in memory, but that's physical memory - the virtual memory space the OS presents to your process will keep things at the same addresses.&lt;/p&gt;&#xA;</Body>
</answer>
<answer>
<Body>&lt;p&gt;iOS memory management does not move the object around. If you have a pointer to an object it is valid for the life of the object.&lt;/p&gt;&#xA;&#xA;&lt;p&gt;In your question you refer to a &quot;pointer address&quot;. However I assume you mean a pointer to the object. Otherwise the answer to this question becomes more complicated.&lt;/p&gt;&#xA;</Body>
</answer>
<answer>
<Body>&lt;p&gt;In C, the address of an object is constant for its lifetime. Note that per the C standard, &lt;code&gt;realloc&lt;/code&gt; does not &quot;move&quot; an object; it allocates a new object with the same contents (for the shorter of the old and new length) and, if successful, frees the old object.&lt;/p&gt;&#xA;</Body>
</answer>
<answer>
<Body>&lt;p&gt;Pointers are stable, however, you should be using pointers correctly other wise you code will be unstable. &lt;/p&gt;&#xA;&#xA;&lt;p&gt;A pointer will be valid until the moment an object dies, once an object dies then you will have what is known as a &lt;a href=&quot;http://en.wikipedia.org/wiki/Dangling_pointer&quot; rel=&quot;nofollow&quot;&gt;Dangling Pointer&lt;/a&gt;.&lt;/p&gt;&#xA;&#xA;&lt;p&gt;There are many ways to avoid dangling pointers, some of them are very advanced topics. For example, you could use &quot;Handles&quot; but that is more sophisticated approach and would require a different memory management than what is default.&lt;/p&gt;&#xA;&#xA;&lt;p&gt;The language you are using also matters for the way a pointer can be invalidated. You have your question tagged as C, C++ and Objective-C. In C, your pointer can be invalidated by a malloc and realloc, where in C++ your pointer can be invalidated by delete.&lt;/p&gt;&#xA;&#xA;&lt;p&gt;I highly suggest reading more on pointers if you are first being introduced, such as &lt;a href=&quot;http://www.cplusplus.com/doc/tutorial/pointers/&quot; rel=&quot;nofollow&quot;&gt;this article&lt;/a&gt;.&lt;/p&gt;&#xA;&#xA;&lt;p&gt;I also suggest reading more into &lt;a href=&quot;http://en.cppreference.com/w/cpp/memory/shared_ptr&quot; rel=&quot;nofollow&quot;&gt;std::shared_ptr&lt;/a&gt;.&lt;/p&gt;&#xA;</Body>
</answer>
