<question>
<Title>Is C++11's long long really at least 64 bits?</Title>
<Body>&lt;p&gt;It says &lt;a href=&quot;http://en.wikipedia.org/wiki/C%2B%2B11#Type_long_long_int&quot; rel=&quot;noreferrer&quot;&gt;here&lt;/a&gt; and &lt;a href=&quot;http://www2.research.att.com/~bs/C++0xFAQ.html#long-long&quot; rel=&quot;noreferrer&quot;&gt;here&lt;/a&gt; that type &lt;code&gt;long long&lt;/code&gt; is at least as long as an &lt;code&gt;int&lt;/code&gt; and has &lt;strong&gt;no fewer than 64 bits&lt;/strong&gt;. I have been looking at the C++11 standard §3.9.1 Fundamental Types section and I cannot find any reference to 64 bits. All I can find is that it is at least as long at &lt;code&gt;long int&lt;/code&gt;, which is at least as long as &lt;code&gt;int&lt;/code&gt;. The standard lists &lt;code&gt;long long&lt;/code&gt; as a &lt;em&gt;standard&lt;/em&gt; integer type, as opposed to an &lt;em&gt;extended&lt;/em&gt; one, so I am wondering whether this assertion that &lt;code&gt;long long&lt;/code&gt; holds at least 64 bits is true. And if it is, where is it stated?&#xA;Please note that I am talking about C++11 standard &lt;code&gt;long long&lt;/code&gt; only.&lt;/p&gt;&#xA;</Body>
<Tags>c++,c++11</Tags>
</question>
<answer>
<Body>&lt;p&gt;The C++ standard references the C standard for this, see [c.limits]. &lt;code&gt;LLONG_MAX&lt;/code&gt; is defined in &lt;code&gt;&amp;lt;climits&amp;gt;&lt;/code&gt; with the same meaning as C's &lt;code&gt;&amp;lt;limits.h&amp;gt;&lt;/code&gt;'s &lt;code&gt;LLONG_MAX&lt;/code&gt;. And this is what C has to say:&lt;/p&gt;&#xA;&#xA;&lt;blockquote&gt;&#xA;  &lt;p&gt;&lt;strong&gt;5.2.4.2.1 Sizes of integer types &lt;code&gt;&amp;lt;limits.h&amp;gt;&lt;/code&gt;&lt;/strong&gt;&lt;/p&gt;&#xA;  &#xA;  &lt;p&gt;The values given below shall be replaced by constant expressions suitable for use in &lt;code&gt;#if&lt;/code&gt; preprocessing directives. [...] Their implementation-defined values shall be equal or greater in magnitude (absolute value) to those shown, with the same sign.&lt;/p&gt;&#xA;  &#xA;  &lt;p&gt;[...]&lt;/p&gt;&#xA;  &#xA;  &lt;p&gt;-- maximum value for an object of type &lt;code&gt;long long int&lt;/code&gt;&lt;/p&gt;&#xA;  &#xA;  &lt;p&gt;&lt;code&gt;LLONG_MAX +9223372036854775807 //&lt;/code&gt; 2&lt;sup&gt;63&lt;/sup&gt; -1&lt;/p&gt;&#xA;&lt;/blockquote&gt;&#xA;&#xA;&lt;p&gt;A signed type that must be capable of representing the value &lt;code&gt;9223372036854775807&lt;/code&gt; requires 64 bits or more.&lt;/p&gt;&#xA;</Body>
</answer>
