<question>
<Title>Override a form in Django admin</Title>
<Body>&lt;p&gt;In Django admin I want to override and implement my own form for a model (e.g. Invoice model).&lt;/p&gt;&#xA;&#xA;&lt;p&gt;I want the invoice form to have auto-fill fields for customer name, product name and I also want to do custom validation (such as credit limit for a customer). How can I override the default form provided by Django admin and implement my own?&lt;/p&gt;&#xA;&#xA;&lt;p&gt;I am new to Django, I appreciate any pointers.  &lt;/p&gt;&#xA;</Body>
<Tags>python,django,django-models,django-admin,django-views</Tags>
</question>
<answer>
<Body>&lt;p&gt;You can override forms for django's built-in admin by setting form attribute of ModelAdmin to your own form class. See: &lt;/p&gt;&#xA;&#xA;&lt;ol&gt;&#xA;&lt;li&gt;&lt;a href=&quot;https://docs.djangoproject.com/en/dev/ref/contrib/admin/#django.contrib.admin.ModelAdmin.form&quot; rel=&quot;nofollow noreferrer&quot;&gt;https://docs.djangoproject.com/en/dev/ref/contrib/admin/#django.contrib.admin.ModelAdmin.form&lt;/a&gt;&lt;/li&gt;&#xA;&lt;li&gt;&lt;a href=&quot;https://docs.djangoproject.com/en/dev/ref/contrib/admin/#adding-custom-validation-to-the-admin&quot; rel=&quot;nofollow noreferrer&quot;&gt;https://docs.djangoproject.com/en/dev/ref/contrib/admin/#adding-custom-validation-to-the-admin&lt;/a&gt;&lt;/li&gt;&#xA;&lt;/ol&gt;&#xA;&#xA;&lt;p&gt;It's also possible to override form template - have a look at &lt;a href=&quot;https://docs.djangoproject.com/en/dev/ref/contrib/admin/#custom-template-options&quot; rel=&quot;nofollow noreferrer&quot;&gt;https://docs.djangoproject.com/en/dev/ref/contrib/admin/#custom-template-options&lt;/a&gt;&lt;/p&gt;&#xA;&#xA;&lt;p&gt;If you're looking specifically for autocomplete I can recommend &lt;a href=&quot;https://github.com/crucialfelix/django-ajax-selects&quot; rel=&quot;nofollow noreferrer&quot;&gt;https://github.com/crucialfelix/django-ajax-selects&lt;/a&gt;&lt;/p&gt;&#xA;</Body>
</answer>
<answer>
<Body>&lt;p&gt;How to override a form in the django admin according to the &lt;a href=&quot;https://docs.djangoproject.com/en/dev/ref/contrib/admin/#django.contrib.admin.ModelAdmin.form&quot;&gt;docs&lt;/a&gt;:&lt;/p&gt;&#xA;&#xA;&lt;pre&gt;&lt;code&gt;from django import forms&#xA;from django.contrib import admin&#xA;from myapp.models import Person&#xA;&#xA;class PersonForm(forms.ModelForm):&#xA;&#xA;    class Meta:&#xA;        model = Person&#xA;        exclude = ['name']&#xA;&#xA;class PersonAdmin(admin.ModelAdmin):&#xA;    exclude = ['age']&#xA;    form = PersonForm&#xA;&lt;/code&gt;&lt;/pre&gt;&#xA;</Body>
</answer>
