<question>
<Title>sqlite db called from flask only returns variables, not values</Title>
<Body>&lt;p&gt;I have a flask app that queries a sqlite db:&lt;/p&gt;&#xA;&#xA;&lt;pre&gt;&lt;code&gt;@app.route('/&amp;lt;subject_id&amp;gt;')&#xA;def subject_id_lookup(subject_id):&#xA;    entries = query_db('select visitdt, cvnotes from exam where id = ?',&#xA;                        [subject_id], one=True)&#xA;    return render_template('show_results.html', entries = entries)&#xA;&lt;/code&gt;&lt;/pre&gt;&#xA;&#xA;&lt;p&gt;I am using flask functions largely unchanged from the docs including &lt;code&gt;query_db()&lt;/code&gt;&lt;/p&gt;&#xA;&#xA;&lt;pre&gt;&lt;code&gt;def query_db(query, args=(), one = False):&#xA;    &quot;&quot;&quot;Queries the database and returns a list of dictionaries&quot;&quot;&quot;&#xA;    cur = g.db.execute(query, args)&#xA;    rv = [dict((cur.description[idx][0], value)&#xA;        for idx, value in enumerate(row)) for row in cur.fetchall()]&#xA;    return (rv[0] if rv else None) if one else rv&#xA;&lt;/code&gt;&lt;/pre&gt;&#xA;&#xA;&lt;p&gt;Finally here is my show_results.html file:&lt;/p&gt;&#xA;&#xA;&lt;pre&gt;&lt;code&gt;{% extends &quot;layout.html&quot; %}&#xA;{% block body %}&#xA;    &amp;lt;ul class=entries&amp;gt;&#xA;        {% for entry in entries %}&#xA;        &amp;lt;li&amp;gt;&amp;lt;h2&amp;gt;{{ entry }}&amp;lt;/h2&amp;gt;&#xA;        &amp;lt;br&amp;gt;&#xA;        {% else %}&#xA;        &amp;lt;li&amp;gt;&amp;lt;em&amp;gt;No entry here&amp;lt;/em&amp;gt;&#xA;        {% endfor %}&#xA;    &amp;lt;/ul&amp;gt;&#xA;    {% endblock %}&#xA;&lt;/code&gt;&lt;/pre&gt;&#xA;&#xA;&lt;p&gt;The query runs fine but the nothing is returned except the variable names &lt;code&gt;visitdt&lt;/code&gt; &amp;amp;  &lt;code&gt;cvnotes&lt;/code&gt;.  When I change the line above to &lt;code&gt;&amp;lt;li&amp;gt;&amp;lt;h2&amp;gt;{{ entry.cvnotes }}&amp;lt;/h2&amp;gt;&lt;/code&gt;, it returns nothing.  How can I modify my query to show results from my &lt;code&gt;subject_id_lookup()&lt;/code&gt; function?&lt;/p&gt;&#xA;</Body>
<Tags>python,html,sqlite,flask</Tags>
</question>
<answer>
<Body>&lt;p&gt;The issue is that &lt;code&gt;query_db&lt;/code&gt; returns different things depending on whether you specify &lt;code&gt;one=True&lt;/code&gt; or &lt;code&gt;one=False&lt;/code&gt;.&lt;/p&gt;&#xA;&#xA;&lt;pre&gt;&lt;code&gt;&amp;gt;&amp;gt;&amp;gt; query_db(your_query, [some_id], one=True)&#xA;{visittd: &quot;a value&quot;, cvnotes: &quot;some notes&quot;}&#xA;&#xA;&amp;gt;&amp;gt;&amp;gt; query_db(your_query, [some_id], one=False)&#xA;[{visittd: &quot;a value&quot;, cvnotes: &quot;some notes&quot;}] # Note the wrapping list&#xA;&lt;/code&gt;&lt;/pre&gt;&#xA;&#xA;&lt;p&gt;When you enumerate over a dictionary the result is the keys in the dictionary - when you enumerate over a list, the result is the entries in the list.&lt;/p&gt;&#xA;&#xA;&lt;pre&gt;&lt;code&gt;&amp;gt;&amp;gt;&amp;gt; for thing in query_db(your_query, [some_id], one=True):&#xA;...    print thing&#xA;visitdt&#xA;cvnotes&#xA;&#xA;&amp;gt;&amp;gt;&amp;gt; for thing in query_db(your_query, [some_id], one=False):&#xA;...    print thing&#xA;{visittd: &quot;a value&quot;, cvnotes: &quot;some notes&quot;}&#xA;&lt;/code&gt;&lt;/pre&gt;&#xA;&#xA;&lt;p&gt;If you want to use the same template and you know there is only going to be one value returned for one &lt;code&gt;id&lt;/code&gt; (or if you are fine with dealing with more than one value) simply remove the &lt;code&gt;one=True&lt;/code&gt; keyword argument in &lt;code&gt;subject_id_lookup&lt;/code&gt;.  &lt;code&gt;entries&lt;/code&gt; will then be a list of one dictionary containing the keys &lt;code&gt;visitdt&lt;/code&gt; and &lt;code&gt;cvnotes&lt;/code&gt; - when you iterate over it in your template each entry will be a result dictionary (rather than a key in the single result dictionary) and &lt;code&gt;{{ entry.cvnotes }}&lt;/code&gt; will work.&lt;/p&gt;&#xA;</Body>
</answer>
