<question>
<Title>Event system with use of function&lt;void (boost::any)&gt; good idea?</Title>
<Body>&lt;p&gt;I have done a module system, something like this:&lt;/p&gt;&#xA;&#xA;&lt;pre&gt;&lt;code&gt;//setting event&#xA;module-&amp;gt;set_event(&quot;started&quot;, [](boost::any ev) {&#xA;  cout &amp;lt;&amp;lt; &quot;The module have been successfully started&quot; &amp;lt;&amp;lt; endl;&#xA;});&#xA;&#xA;//somewhere else&#xA;module-&amp;gt;start();&#xA;&#xA;//impl&#xA;void Module::start() {&#xA;  //run once protection here&#xA;  this-&amp;gt;trigger_event(&quot;start&quot;);//pre start&#xA;  this-&amp;gt;_impl-&amp;gt;start(); //on error, throw exception&#xA;  this-&amp;gt;trigger_event(&quot;started&quot;); //post start&#xA;}&#xA;&#xA;void Module::trigger_event(string str,boost::any ev = boost::any() )&#xA;{&#xA;  //mutex&#xA;  //invokes every handler which have been invoked set_event&#xA;}&#xA;&lt;/code&gt;&lt;/pre&gt;&#xA;&#xA;&lt;p&gt;Really simple and easy to understand. The first drawback is there is no &quot;remove_event&quot;, but to allow it (if I need it) can I just return an std::function (in set_event method) which on invocation removes the handler, so if the user want to remove the event, just invoke the returned handler:&lt;/p&gt;&#xA;&#xA;&lt;pre&gt;&lt;code&gt;function&amp;lt;void ()&amp;gt; h = module-&amp;gt;set_event(...);&#xA;//... somewhere later&#xA;h() //removes the handler safely&#xA;&lt;/code&gt;&lt;/pre&gt;&#xA;&#xA;&lt;p&gt;But I am an curious if this is a good design? Or will I suddenly discover very large disadvantages using mine approach and will be need to rewrite most code? I can say the &quot;trigger_event&quot; method will also be used as an message system between modules, just like the JavaScript library jQuery method: &quot;bind&quot; allows. An example:&lt;/p&gt;&#xA;&#xA;&lt;pre&gt;&lt;code&gt;module-&amp;gt;set_event(&quot;message&quot;, [](boost::any message) {&#xA; //deal with the message here&#xA;});&#xA;&#xA;//send message&#xA;module-&amp;gt;trigger_event(&quot;message&quot;, MyMessageTypeHere);&#xA;&lt;/code&gt;&lt;/pre&gt;&#xA;&#xA;&lt;p&gt;Is this an accepted design in most cases? I want an very flexible approach therefore is my idea to use boost::any, but is this a good idea(scalable, performance, flexibility) in general?&lt;/p&gt;&#xA;</Body>
<Tags>c++,boost,event-handling,c++11,boost-any</Tags>
</question>
<answer>
<Body>&lt;p&gt;It problematic for two reasons.&lt;/p&gt;&#xA;&#xA;&lt;p&gt;First of all, you limit your events to handlers that receive exactly one parameter, while judging from your usecase you could have various flavours of events. So, this is limiting (yes you &lt;em&gt;could&lt;/em&gt; throw an &lt;code&gt;std::tuple&lt;/code&gt; into the any type, to encode several parameters, but do you really want this?).&lt;/p&gt;&#xA;&#xA;&lt;p&gt;More importantly, weakening type-safety entails, well, a weakened (type-) safety. If you're event handler can only work with a goat, don't give it a lamb. What you want, seems to be possible to do with templates (in C++11, at least), as you can make &lt;code&gt;trigger_event&lt;/code&gt; a type function, that receives an arbitrary number of arguments. It then tries to invoke the handler with this arguments, which will give a compilation error, it you didn't provide the correct number and type of arguments.&lt;/p&gt;&#xA;&#xA;&lt;p&gt;Here, in your dispatcher, you can hide the type resolution, which is a bit tricky, because you want to store events of arbitrary type. This could be the place to use &lt;code&gt;any&lt;/code&gt;, but kept &lt;em&gt;inside&lt;/em&gt; your scheduler implementation/logic, not leaking to your users.&lt;/p&gt;&#xA;&#xA;&lt;p&gt;Edit: To achieve this resolution, my approach would be to have some internal abstract &lt;code&gt;Event&lt;/code&gt; type (which you can store pointers of) and some &lt;code&gt;template &amp;lt;typename Hnd&amp;gt; classs ConcreteEvent : public Event&lt;/code&gt; that allows you to keep your customers Event handler as &lt;code&gt;ConcreteEvent&amp;lt;EventType&amp;gt;&lt;/code&gt; (assuming &lt;code&gt;EventType&lt;/code&gt; is the template parameter to your &lt;code&gt;set_event&lt;/code&gt; method). With rtti you can later check if when retrieving it (you will only retrieve it as &lt;code&gt;Event*&lt;/code&gt;) it matches the type you want to call.&lt;/p&gt;&#xA;</Body>
</answer>
<answer>
<Body>&lt;p&gt;There are several things that I would change.&lt;/p&gt;&#xA;&#xA;&lt;p&gt;First, let's ignore the return for a bit and focus on that &lt;code&gt;boost::any&lt;/code&gt; mixed with that &lt;code&gt;std::string&lt;/code&gt;.  That's really a bad idea for an event system, because it allows a potential runtime type mismatch.  You just don't want a design that makes it possible to make those kinds of mistakes (because then those mistakes &lt;em&gt;will&lt;/em&gt; be made, eventually, and there &lt;em&gt;will&lt;/em&gt; be bugs that need to be fixed, wasting future time).&lt;/p&gt;&#xA;&#xA;&lt;p&gt;Typically, what you really want is:&lt;/p&gt;&#xA;&#xA;&lt;pre&gt;&lt;code&gt;void Module::trigger_event(shared_ptr&amp;lt;Event&amp;gt; const&amp;amp; event)&#xA;{&#xA;    // Event is a base interface&#xA;    // pull off event-&amp;gt;ID() to get identifier and lookup&#xA;    // dispatch to something that has the signature&#xA;    //   void (shared_ptr&amp;lt;SpecificEvent&amp;gt;)&#xA;}&#xA;&lt;/code&gt;&lt;/pre&gt;&#xA;&#xA;&lt;p&gt;To do something like the dispatcher, you usually have&lt;/p&gt;&#xA;&#xA;&lt;pre&gt;&lt;code&gt;map&amp;lt;IDType, shared_ptr&amp;lt;Dispatcher&amp;gt;&amp;gt; dispatchDictionary_;&#xA;&lt;/code&gt;&lt;/pre&gt;&#xA;&#xA;&lt;p&gt;with&lt;/p&gt;&#xA;&#xA;&lt;pre&gt;&lt;code&gt;template &amp;lt;typename SpecificEvent&amp;gt;&#xA;class SpecificDispatcher : public Dispatcher&#xA;{&#xA;public:&#xA;    SpecificDispatcher(function&amp;lt;void (shared_ptr&amp;lt;SpecificEvent&amp;gt;)&amp;gt; handler)&#xA;        handler_(handler)&#xA;    {}&#xA;&#xA;    virtual void dispatch(shared_ptr&amp;lt;Event&amp;gt; event)&#xA;    {&#xA;        auto specificEvent(static_ptr_cast&amp;lt;SpecificEvent&amp;gt;(event));&#xA;&#xA;        handler_(specificEvent);&#xA;    }&#xA;};&#xA;&lt;/code&gt;&lt;/pre&gt;&#xA;&#xA;&lt;p&gt;(with the interface class defined in the obvious way and register/unregister methods to associate the event type IDs in the map).  The point is to associate the ID with the EventType inside the class, to ensure it is always the same association, and to dispatch in a way that the handlers do not need to reinterpret the data themselves (error prone).  Do the work that can be automated inside your library, so it won't be done wrong outside.&lt;/p&gt;&#xA;&#xA;&lt;p&gt;Okay, now what do you return with your method?  Return an object, not a function.  If they don't need to call it explicitly, you have saved another potential source of error.  It's like all RAII - you don't want people to have to remember to call delete, or unlock, or ...  Similarly, with &quot;unregister_event&quot; (or whatever you call it).&lt;/p&gt;&#xA;&#xA;&lt;p&gt;There are four lifetimes people must be concerned with in a program: expression, function-scope, state, and program.  These correspond to the four types of things they can store that object you return in: anonymous(let it fall on the floor - it can be used inside the expression but is never assigned to a named object), an automatic scope object, an object that is a member of a State class (in the State pattern) that exists between two asynchronous transition events, or a global-scope object sitting around until exit.&lt;/p&gt;&#xA;&#xA;&lt;p&gt;All lifetime management should be managed with RAII.  It's kind of the point of destructors and is how resource cleanup is supposed to be managed in the face of exceptions.&lt;/p&gt;&#xA;&#xA;&lt;hr&gt;&#xA;&#xA;&lt;p&gt;EDIT: I kinda left a bunch of the pieces unstated, pointing out you would connect the dots &quot;in the obvious way&quot;.  But I thought I'd fill in more pieces (as I have an OS build and install going and my bugs are down to one last one right now, which is waiting for the install...)&lt;/p&gt;&#xA;&#xA;&lt;p&gt;The point was that someone should be able to just type&lt;/p&gt;&#xA;&#xA;&lt;pre&gt;&lt;code&gt;callbackLifetimeObject = module-&amp;gt;set_event&amp;lt;StartEvent&amp;gt;([](shared_ptr&amp;lt;StartEvent&amp;gt; event){&#xA;    cout &amp;lt;&amp;lt; &quot;Module started: &quot; &amp;lt;&amp;lt; event-&amp;gt;someInfo() &amp;lt;&amp;lt; endl;&#xA;});&#xA;&lt;/code&gt;&lt;/pre&gt;&#xA;&#xA;&lt;p&gt;so the set_event needs to have the kind of signature to take this, and it should insert the appropriate dispatcher into the dictionary.  There are several ways to get the ID from the type here.  The &quot;obvious&quot; way is to just create a temporary and call it's &quot;ID&quot; member - but that has object creation overhead.  Another way is to turn it into a &quot;virtual static&quot;, and just get the static (which is all the virtual method does as well).  Whenever I have virtual statics, I tend to turn them into traits - same thing, but slightly better encapsulation, and the ability to modify &quot;already closed classes&quot; as well.  Then the virtual method just calls the traits class as well to return the same thing.&lt;/p&gt;&#xA;&#xA;&lt;p&gt;So...&lt;/p&gt;&#xA;&#xA;&lt;pre&gt;&lt;code&gt;template &amp;lt;typename EventType&amp;gt;&#xA;struct EventTrait&#xA;{&#xA;    // typedef your IDType from whatever - looks like you want std::string&#xA;    static IDType eventID()&#xA;    { /* default impl */ }&#xA;};&#xA;&#xA;template &amp;lt;&amp;gt;&#xA;struct EventTrait&amp;lt;StartEvent&amp;gt;&#xA;{&#xA;    // same as above&#xA;    static IDType eventID()&#xA;    { return &quot;Start&quot;; }&#xA;};&#xA;&lt;/code&gt;&lt;/pre&gt;&#xA;&#xA;&lt;p&gt;then you can&lt;/p&gt;&#xA;&#xA;&lt;pre&gt;&lt;code&gt;template &amp;lt;typename EventType&amp;gt;&#xA;EventRegistration set_event(function&amp;lt;void (shared_ptr&amp;lt;EventType&amp;gt;)&amp;gt; handler)&#xA;{&#xA;    auto id(EventTrait&amp;lt;EventType&amp;gt;::eventID());&#xA;&#xA;    dispatchDictionary_.insert(make_pair(id, &#xA;        make_shared&amp;lt;SpecificDispatcher&amp;lt;EventType&amp;gt;&amp;gt;(handler)));&#xA;&#xA;    return EventRegistration(bind(&amp;amp; Module::unset_event, this, id));&#xA;}&#xA;&lt;/code&gt;&lt;/pre&gt;&#xA;&#xA;&lt;p&gt;That should illustrate a little better how to fit the pieces together and some of the options you have.  Some of this illustrates boilerplate code that may get recoded with each event.  That is the type of thing you will likely want to automate as well.  There are plenty of advanced techniques to metaprogram such generation, from working with another build step that takes a specification to working inside the c++ metaprogramming system.  Again, as with the earlier points, the more you can automate, the less bugs you will have.&lt;/p&gt;&#xA;</Body>
</answer>
