<question>
<Title>extern variable linking failure inside a static library</Title>
<Body>&lt;p&gt;I have to use an ugly  C-library inside my c++ application. In the following explanation I will call it UglyLib. I successfully compiled UglyLib as a statically linked library.&#xA;In the file ugly.h UglyLib uses an extern variable:&lt;/p&gt;&#xA;&#xA;&lt;p&gt;&lt;em&gt;file ugly.h:&lt;/em&gt;&lt;/p&gt;&#xA;&#xA;&lt;pre&gt;&lt;code&gt;extern SomeStruct_type somestruct;&#xA;&lt;/code&gt;&lt;/pre&gt;&#xA;&#xA;&lt;p&gt;the variable is defined (and also used) in another file. I will call it anotherugly.c.&lt;/p&gt;&#xA;&#xA;&lt;p&gt;&lt;em&gt;file anotherugly.c:&lt;/em&gt;&lt;/p&gt;&#xA;&#xA;&lt;pre&gt;&lt;code&gt;SomeStruct_type somestruct;&#xA;&lt;/code&gt;&lt;/pre&gt;&#xA;&#xA;&lt;p&gt;My c++ application is based on a generic template library (TemplateLib) and the application itself is composed by the main window GUI code and on an application library statically linked with the main window code. I will call this statically linked library ApplicationLib.&lt;/p&gt;&#xA;&#xA;&lt;p&gt;TemplateLib contains a templatelibfile.h, that exports a function foo using somestruct, the extern variable exposed by UglyLib. &lt;/p&gt;&#xA;&#xA;&lt;p&gt;&lt;em&gt;file templatelibfile.h:&lt;/em&gt;&lt;/p&gt;&#xA;&#xA;&lt;pre&gt;&lt;code&gt;#include&amp;lt;ugly.h&amp;gt;&#xA;...&#xA;void foo()&#xA;{&#xA;...&#xA;do something with somestruct&#xA;...&#xA;}&#xA;&lt;/code&gt;&lt;/pre&gt;&#xA;&#xA;&lt;p&gt;foo function is used by appllibfile.h contained in the statically linked ApplicationLib.&lt;/p&gt;&#xA;&#xA;&lt;p&gt;&lt;em&gt;file appllibfile.h:&lt;/em&gt;&lt;/p&gt;&#xA;&#xA;&lt;pre&gt;&lt;code&gt;#include&amp;lt;templatelibfile.h&amp;gt;&#xA;...&#xA;void applfoo()&#xA;{&#xA;...&#xA;foo();&#xA;...&#xA;}&#xA;&lt;/code&gt;&lt;/pre&gt;&#xA;&#xA;&lt;p&gt;Main Window application includes appllibfile.h&lt;/p&gt;&#xA;&#xA;&lt;p&gt;&lt;em&gt;file main.cpp:&lt;/em&gt;&lt;/p&gt;&#xA;&#xA;&lt;pre&gt;&lt;code&gt;#include&amp;lt;appllibfile.h&amp;gt;&#xA;...&#xA;int main()&#xA;{&#xA;...&#xA;applfoo();&#xA;...&#xA;return 0;&#xA;}&#xA;&lt;/code&gt;&lt;/pre&gt;&#xA;&#xA;&lt;p&gt;In VS2008 when I try to compile the main window application, the microsoft linker give me this error&lt;/p&gt;&#xA;&#xA;&lt;blockquote&gt;&#xA;  &lt;p&gt;error LNK2001: unresolved external symbol &quot;struct SomeStruct_type somestruct&quot; (?somestruct@@3USomeStruct_type@@A)&lt;/p&gt;&#xA;&lt;/blockquote&gt;&#xA;&#xA;&lt;p&gt;If I add in templatefile.h a new definition of the extern variable the compiler stops to complain.&lt;/p&gt;&#xA;&#xA;&lt;p&gt;&lt;em&gt;file templatelibfile.h:&lt;/em&gt;&lt;/p&gt;&#xA;&#xA;&lt;pre&gt;&lt;code&gt;#include&amp;lt;ugly.h&amp;gt;&#xA;SomeStruct_type somestruct&#xA;...&#xA;void foo()&#xA;{&#xA;...&#xA;do something with somestruct;&#xA;...&#xA;}&#xA;&lt;/code&gt;&lt;/pre&gt;&#xA;&#xA;&lt;p&gt;&lt;strong&gt;BUT&lt;/strong&gt; I would wish to avoid it because I don't know if it is the correct thing to do (I don't want to risk to alter the semantic of UglyLib redefining a different instance of somestruct variable).&#xA;Have you some suggestions in order to avoid the linking problem without redefining the somestruct extern variable?&#xA;Thanks a lot!&lt;/p&gt;&#xA;</Body>
<Tags>c++,c,static-linking</Tags>
</question>
<answer>
<Body>&lt;p&gt;It's probably because of the name-mangling that the C++ compiler does. Since &lt;code&gt;anotherugly.c&lt;/code&gt; is a C source (presumably compiled with a C compiler), the symbol &lt;code&gt;somestruct&lt;/code&gt; will be exposed without being mangled. When you compile the rest of the files with a C++ compiler, the linker then looks for a mangled name which does not exist.&lt;/p&gt;&#xA;&#xA;&lt;p&gt;I think surrounding the declaration in &lt;code&gt;ugly.h&lt;/code&gt; in &lt;code&gt;extern &quot;C&quot;&lt;/code&gt; might solve the problem.&lt;/p&gt;&#xA;</Body>
</answer>
