<question>
<Title>Accessing widgets from Window*</Title>
<Body>&lt;p&gt;In my code, I have a Gtkmm &lt;code&gt;Gtk::Window*&lt;/code&gt; and I wanna access it's widgets frequently. How can I do it?&lt;/p&gt;&#xA;&#xA;&lt;p&gt;What I mean is to see if there's any feature like &lt;code&gt;Builder-&amp;gt;get_widget()&lt;/code&gt;. Thanks for helps.&lt;/p&gt;&#xA;</Body>
<Tags>c++,widget,gtkmm</Tags>
</question>
<answer>
<Body>&lt;p&gt;Not really. There are some methods for finding children of a widget, but it's a colossal pain.&#xA;Personally, I always subclass Gtk::Window and make public (or make public functions) if I need to mess with any widgets outside the class. &lt;/p&gt;&#xA;&#xA;&lt;p&gt;Gtk::Bin class where get_child() is: &lt;a href=&quot;http://developer.gnome.org/gtkmm/unstable/classGtk_1_1Bin.html#a8e7fef9251afa541318bb53dcf3098db&quot; rel=&quot;nofollow&quot;&gt;http://developer.gnome.org/gtkmm/unstable/classGtk_1_1Bin.html#a8e7fef9251afa541318bb53dcf3098db&lt;/a&gt;&lt;/p&gt;&#xA;</Body>
</answer>
