<question>
<Title>WTForms: I can't seem to dynamically give a QuerySelectField a default value</Title>
<Body>&lt;p&gt;I have a form which looks sort of like this:&lt;/p&gt;&#xA;&#xA;&lt;pre&gt;&lt;code&gt;class AddProductForm(Form):&#xA;    title = TextField('Title')&#xA;    type = QuerySelectField('Type',&#xA;        query_factory=lambda: ProductType.query.order_by(ProductType.sequence).all())&#xA;&#xA;    def __init__(self, formdata=None, obj=None, prefix='', **kwargs):&#xA;        try:&#xA;            product_type_id = ProductType.query.filter_by(name=obj['product_type']).one().product_type_id&#xA;            kwargs.setdefault('type', product_type_id)&#xA;        except NoResultFound:&#xA;            pass&#xA;&#xA;        Form.__init__(self, formdata, obj, prefix, **kwargs)&#xA;&lt;/code&gt;&lt;/pre&gt;&#xA;&#xA;&lt;p&gt;As you can see I am trying to set this up to give a sensible default for the product_type when the form is loaded. However, while this kind of code worked for setting a title as an example, it isn't working for the QuerySelectField 'type'. Does anybody have any ideas how I could fix this?&lt;/p&gt;&#xA;&#xA;&lt;p&gt;Supposing that this isn't possible, does anybody know how I could dynamically add form elements to a form?&lt;/p&gt;&#xA;</Body>
<Tags>python,sqlalchemy,flask,wtforms</Tags>
</question>
<answer>
<Body>&lt;p&gt;use parameters like:&lt;/p&gt;&#xA;&#xA;&lt;pre&gt;&lt;code&gt;QuerySelectField(allow_blank=True, blank_text=u'-- please choose --', ...)&#xA;&lt;/code&gt;&lt;/pre&gt;&#xA;&#xA;&lt;p&gt;can add default select option&lt;/p&gt;&#xA;</Body>
</answer>
<answer>
<Body>&lt;p&gt;To define a default value in a QuerySelectField of WTForms, you can do it directly in the field definition:&lt;/p&gt;&#xA;&#xA;&lt;pre&gt;&lt;code&gt;my_field = QuerySelectField(&#xA;    label=u&quot;My Label&quot;,&#xA;    query_factory=lambda: Model.query(...),&#xA;    get_pk=lambda item: item.id,&#xA;    get_label=lambda item: item.name,&#xA;    allow_blank=True,&#xA;    default=lambda: Model.query.filter(...).one())&#xA;&lt;/code&gt;&lt;/pre&gt;&#xA;&#xA;&lt;p&gt;However, it is a little less simple than what it looks. Take this into account:&lt;/p&gt;&#xA;&#xA;&lt;ul&gt;&#xA;&lt;li&gt;The default value must be a &lt;em&gt;callable&lt;/em&gt;&lt;/li&gt;&#xA;&lt;li&gt;This callable must return an object instance of your model (not its pk, but the whole object)&lt;/li&gt;&#xA;&lt;li&gt;It will only be used if no &lt;em&gt;obj&lt;/em&gt; or &lt;em&gt;formdata&lt;/em&gt; is used to initialize the form instance (in both cases, the default value is ignored)&lt;/li&gt;&#xA;&lt;/ul&gt;&#xA;&#xA;&lt;p&gt;In your case, since you are initializing the default value using an attribute of your obj that you don't have at hand at initialization time, you may use a factory instead:&lt;/p&gt;&#xA;&#xA;&lt;pre&gt;&lt;code&gt;def add_product_form_factory(default_type_name):&#xA;    class AddProductForm(Form):&#xA;        title = TextField('Title')&#xA;        type = QuerySelectField('Type',&#xA;            query_factory=lambda: ProductType.query.order_by(ProductType.sequence).all(),&#xA;            default=ProductType.query.filter_by(name=default_type_name).one()&#xA;        )&#xA;    return AddProductForm&#xA;&lt;/code&gt;&lt;/pre&gt;&#xA;&#xA;&lt;p&gt;Here you have a function that composes the form according to the parameters (in this case you don't need the default being a callable):&lt;/p&gt;&#xA;&#xA;&lt;pre&gt;&lt;code&gt;AddProductForm = add_product_form_factory(default_type_name='foo')&#xA;form = AddProductForm()&#xA;&lt;/code&gt;&lt;/pre&gt;&#xA;&#xA;&lt;p&gt;ps. the benefits of a form factory is that you can dynamically work with forms, creating fields or setting choices at run time.&lt;/p&gt;&#xA;</Body>
</answer>
