<question>
<Title>Executing raw SQL against SQLite with Django results in `DatabaseError: near &quot;?&quot;: syntax error`</Title>
<Body>&lt;p&gt;For example, when I use &lt;code&gt;cursor.execute()&lt;/code&gt; &lt;a href=&quot;https://docs.djangoproject.com/en/dev/topics/db/sql/#executing-custom-sql-directly&quot; rel=&quot;nofollow&quot;&gt;as documented&lt;/a&gt;:&lt;/p&gt;&#xA;&#xA;&lt;pre&gt;&lt;code&gt;&amp;gt;&amp;gt;&amp;gt; from django.db import connection&#xA;&amp;gt;&amp;gt;&amp;gt; cur = connection.cursor()&#xA;&amp;gt;&amp;gt;&amp;gt; cur.execute(&quot;DROP TABLE %s&quot;, [&quot;my_table&quot;])&#xA;django.db.utils.DatabaseError: near &quot;?&quot;: syntax error&#xA;&lt;/code&gt;&lt;/pre&gt;&#xA;&#xA;&lt;p&gt;When Django's argument substitution is not used, the query works as expected:&lt;/p&gt;&#xA;&#xA;&lt;pre&gt;&lt;code&gt;&amp;gt;&amp;gt;&amp;gt; cur.execute(&quot;DROP TABLE my_table&quot;)&#xA;django.db.utils.DatabaseError: no such table: my_table&#xA;&lt;/code&gt;&lt;/pre&gt;&#xA;&#xA;&lt;p&gt;What am I doing wrong? How can I make parameterized queries work?&lt;/p&gt;&#xA;&#xA;&lt;p&gt;Notes:&lt;/p&gt;&#xA;&#xA;&lt;ul&gt;&#xA;&lt;li&gt;Suffixing the query with &lt;code&gt;;&lt;/code&gt; does not help&lt;/li&gt;&#xA;&lt;li&gt;As per the documentation, &lt;code&gt;%s&lt;/code&gt; should be used, not SQLite's &lt;code&gt;?&lt;/code&gt; (Django translates &lt;code&gt;%s&lt;/code&gt; to &lt;code&gt;?&lt;/code&gt;)&lt;/li&gt;&#xA;&lt;/ul&gt;&#xA;</Body>
<Tags>python,django,sqlite,django-1.3</Tags>
</question>
<answer>
<Body>&lt;p&gt;You can't substitute metadata in parameterized queries.&lt;/p&gt;&#xA;</Body>
</answer>
<answer>
<Body>&lt;p&gt;You cannot use parameters in SQL statements in place of identifiers (column or table names).  You can only use them in place of single &lt;em&gt;values&lt;/em&gt;.&lt;/p&gt;&#xA;&#xA;&lt;p&gt;Instead, you must use dynamic SQL to construct the entire SQL string and send that, unparameterized, to the database (being extra careful to avoid injection if the table name originates outside your code).&lt;/p&gt;&#xA;</Body>
</answer>
