<question>
<Title>Write applications in C or C++ for Android?</Title>
<Body>&lt;p&gt;I'm trying to develop/port a game to Android, but it's in C, and Android supports Java, but I'm sure there must be a way to get a C app on there, anyone knows of a good tutorial on the subject?&lt;/p&gt;&#xA;&#xA;&lt;p&gt;Thanks!&lt;/p&gt;&#xA;</Body>
<Tags>c++,c,android</Tags>
</question>
<answer>
<Body>&lt;p&gt;Looking at this it seems it is possible:&lt;/p&gt;&#xA;&#xA;&lt;ul&gt;&#xA;&lt;li&gt;&lt;a href=&quot;https://web.archive.org/web/20140627112457/http://openhandsetmagazine.com/2007/11/running-c-native-applications-on-android-the-final-point/&quot; rel=&quot;nofollow noreferrer&quot;&gt;http://openhandsetmagazine.com/2007/11/running-c-native-applications-on-android-the-final-point/&lt;/a&gt; (now only available via the WayBack Machine)&lt;/li&gt;&#xA;&lt;/ul&gt;&#xA;&#xA;&lt;blockquote&gt;&#xA;  &lt;p&gt;&quot;the fact is only Java language is supported doesn’t mean that you cannot develop applications in other languages. This have been proved by many developers, hackers and experts in application development for mobile. The guys at Elements Interactive B.V., the company behind Edgelib library, succeeded to run native C++ applications on the Android platform, even that at this time there is still many issues on display and sound … etc. This include the S-Tris2 game and a 3D animation demo of Edgelib.&quot;&lt;/p&gt;&#xA;&lt;/blockquote&gt;&#xA;</Body>
</answer>
<answer>
<Body>&lt;p&gt;This blog post may be a good start: &lt;a href=&quot;http://benno.id.au/blog/2007/11/13/android-native-apps&quot; rel=&quot;nofollow noreferrer&quot;&gt;http://benno.id.au/blog/2007/11/13/android-native-apps&lt;/a&gt;&#xA;Unfortunately, lots of the important stuff is &quot;left as an exercise to the reader&quot;.&lt;/p&gt;&#xA;</Body>
</answer>
<answer>
<Body>&lt;p&gt;The official position &lt;em&gt;seems&lt;/em&gt; to be that this isn't something you'd ever &quot;want to do&quot;. See &lt;a href=&quot;http://groups.google.com/group/android-developers/browse_thread/thread/278ac1b47594c37a&quot; rel=&quot;noreferrer&quot;&gt;this thread&lt;/a&gt; on the Android Developers list. Google envisage android running on a variety of different devices (CPUs, displays, etc). The best way to enable development is therefore to use (portable) managed code that targets the Dalvik VM. For this reason, the Android SDK doesn't support C/C++.&lt;/p&gt;&#xA;&#xA;&lt;p&gt;BUT, take a look at &lt;a href=&quot;http://developer.android.com/guide/basics/what-is-android.html&quot; rel=&quot;noreferrer&quot;&gt;this page&lt;/a&gt;:&lt;/p&gt;&#xA;&#xA;&lt;blockquote&gt;&#xA;  &lt;p&gt;Android includes a set of C/C++&#xA;  libraries used by various components&#xA;  of the Android system. These&#xA;  capabilities are exposed to developers&#xA;  through the Android application&#xA;  framework.&lt;/p&gt;&#xA;&lt;/blockquote&gt;&#xA;&#xA;&lt;p&gt;The managed application framework appears to be layered on-top of these libraries. The page goes on to list the C/C++ libs: standard C library, media, 3D, SQL lite, and others.&lt;/p&gt;&#xA;&#xA;&lt;p&gt;So all you need is a compiler chain that will compile C/C++ to the appropriate CPU (ARM, in the case of the G1). Some brief instructions on how to do this are &lt;a href=&quot;http://benno.id.au/blog/2007/11/13/android-native-apps&quot; rel=&quot;noreferrer&quot;&gt;here&lt;/a&gt;.&lt;/p&gt;&#xA;&#xA;&lt;p&gt;What I don't know is where to find descriptions of the APIs that these libraries provide. I'd guess there may be header files buried in the SDK somewhere, but documentation may be sketchy/missing. But I think it can be done!&lt;/p&gt;&#xA;&#xA;&lt;p&gt;Hope thats useful. For the record, I haven't written any native android apps - just a few simple managed ones.&lt;/p&gt;&#xA;&#xA;&lt;p&gt;Andy&lt;/p&gt;&#xA;</Body>
</answer>
<answer>
<Body>&lt;p&gt;Short answer: You can't.&lt;/p&gt;&#xA;&#xA;&lt;p&gt;@Backslash17:  Looking through the article and the following link with installation instructions, all the company got working is to launch a self compiled executable on the emulator, bypassing the android framework. Once you have the emulator you can telnet in and have a linux shell. Running a linux program there is trivial of course.&#xA;But that's not working for phones without jailbreak(aka root access) and not deliverable on the market.&lt;/p&gt;&#xA;&#xA;&lt;p&gt;Unless Google opens other opportunities or someone writes a custom compiler that compiles Language X into Dalvik bytecode (Dalvik is the VM that runs Android programs) you won't be able to write native code.&lt;/p&gt;&#xA;</Body>
</answer>
<answer>
<Body>&lt;p&gt;Take a look at &lt;a href=&quot;http://groups.google.com/group/android-ndk&quot; rel=&quot;nofollow noreferrer&quot;&gt;google ndk group&lt;/a&gt; it looks promising, first version of the NDK will be available in 1H2009.&lt;/p&gt;&#xA;&#xA;&lt;p&gt;Update:&#xA;And it is released &lt;a href=&quot;http://android-developers.blogspot.com/2009/06/introducing-android-15-ndk-release-1.html&quot; rel=&quot;nofollow noreferrer&quot;&gt;http://android-developers.blogspot.com/2009/06/introducing-android-15-ndk-release-1.html&lt;/a&gt;&lt;/p&gt;&#xA;</Body>
</answer>
<answer>
<Body>&lt;p&gt;There is a plan to allow C/C++ libraries in the next SDK version of Android (Codename Eclair?)To date, it's not possible through the Android Java SDK.  However, you can grab the HUGE open source project, roll your own libraries, and then flash your own device...but anyone who wants to use your library will have to flash your custom build as well.&lt;/p&gt;&#xA;</Body>
</answer>
<answer>
<Body>&lt;p&gt;Google has released a Native Development Kit (NDK) (according to &lt;a href=&quot;http://www.youtube.com/watch?v=Z5whfaLH1-E&quot; rel=&quot;noreferrer&quot;&gt;http://www.youtube.com/watch?v=Z5whfaLH1-E&lt;/a&gt; at 00:07:30).&lt;/p&gt;&#xA;&#xA;&lt;p&gt;Hopefully the information will be updated on the google groups page (&lt;a href=&quot;http://groups.google.com/group/android-ndk&quot; rel=&quot;noreferrer&quot;&gt;http://groups.google.com/group/android-ndk&lt;/a&gt;), as it says it hasn't been released yet.&lt;/p&gt;&#xA;&#xA;&lt;p&gt;I'm not sure where to get a simple download for it, but I've heard that you can get a copy of the NDK from Google's Git repository under the donut branch.&lt;/p&gt;&#xA;</Body>
</answer>
<answer>
<Body>&lt;p&gt;The &lt;a href=&quot;https://developer.android.com/ndk/index.html&quot; rel=&quot;nofollow noreferrer&quot;&gt;Android NDK&lt;/a&gt; is a toolset that lets you implement parts of your app in native code, using languages such as C and C++. For certain types of apps, this can help you reuse code libraries written in those languages.&lt;/p&gt;&#xA;&#xA;&lt;p&gt;For more info on how to get started with native development, follow &lt;a href=&quot;https://developer.android.com/ndk/guides/index.html&quot; rel=&quot;nofollow noreferrer&quot;&gt;this link&lt;/a&gt;.&lt;/p&gt;&#xA;&#xA;&lt;p&gt;Sample applications can be found &lt;a href=&quot;https://developer.android.com/ndk/samples/index.html&quot; rel=&quot;nofollow noreferrer&quot;&gt;here&lt;/a&gt;.&lt;/p&gt;&#xA;</Body>
</answer>
<answer>
<Body>&lt;p&gt;Google just released the NDK which allows exactly that.&lt;/p&gt;&#xA;&#xA;&lt;p&gt;&lt;a href=&quot;http://feedproxy.google.com/~r/blogspot/hsDu/~3/2foWz7hwFtE/introducing-android-15-ndk-release-1.html&quot; rel=&quot;nofollow noreferrer&quot;&gt;http://feedproxy.google.com/~r/blogspot/hsDu/~3/2foWz7hwFtE/introducing-android-15-ndk-release-1.html&lt;/a&gt; &lt;/p&gt;&#xA;&#xA;&lt;p&gt;It can be found here:&#xA;&lt;a href=&quot;http://developer.android.com/sdk/ndk/1.5_r1/index.html&quot; rel=&quot;nofollow noreferrer&quot;&gt;http://developer.android.com/sdk/ndk/1.5_r1/index.html&lt;/a&gt;&lt;/p&gt;&#xA;</Body>
</answer>
<answer>
<Body>&lt;p&gt;For anyone coming to this via Google, note that starting from SDK 1.6 Android now has an official native SDK. &lt;/p&gt;&#xA;&#xA;&lt;p&gt;You can download the Android NDK (Native Development Kit) from here: &#xA;&lt;a href=&quot;https://developer.android.com/ndk/downloads/index.html&quot; rel=&quot;noreferrer&quot;&gt;https://developer.android.com/ndk/downloads/index.html&lt;/a&gt;&lt;/p&gt;&#xA;&#xA;&lt;p&gt;Also there is an blog post about the NDK:&lt;br&gt;&#xA;&lt;a href=&quot;http://android-developers.blogspot.com/2009/06/introducing-android-15-ndk-release-1.html&quot; rel=&quot;noreferrer&quot;&gt;http://android-developers.blogspot.com/2009/06/introducing-android-15-ndk-release-1.html&lt;/a&gt;&lt;/p&gt;&#xA;</Body>
</answer>
<answer>
<Body>&lt;p&gt;You can use &lt;a href=&quot;http://nestedvm.ibex.org/&quot; rel=&quot;noreferrer&quot;&gt;nestedvm&lt;/a&gt; to translate C (or other GCC languages) into Java bytecode, and use that as the basis of your port. For example, see the &lt;a href=&quot;http://chris.boyle.name/projects/android-puzzles&quot; rel=&quot;noreferrer&quot;&gt;Android port of Simon Tathams portable puzzle collection&lt;/a&gt;.&lt;/p&gt;&#xA;&#xA;&lt;p&gt;I expect this method is made obsolete by the NDK, but it might not be in if some networks or something don't allow people to upgrade their phones.&lt;/p&gt;&#xA;</Body>
</answer>
<answer>
<Body>&lt;p&gt;I'm not sure the NDK provides full coverage of the official Java API.&lt;/p&gt;&#xA;&#xA;&lt;p&gt;From &lt;a href=&quot;http://developer.android.com/sdk/ndk/index.html#overview&quot; rel=&quot;noreferrer&quot;&gt;http://developer.android.com/sdk/ndk/index.html#overview&lt;/a&gt; :&lt;/p&gt;&#xA;&#xA;&lt;blockquote&gt;&#xA;  &lt;p&gt;Please note that the NDK does not&#xA;  enable you to develop native-only&#xA;  applications. Android's primary&#xA;  runtime remains the Dalvik virtual&#xA;  machine.&lt;/p&gt;&#xA;&lt;/blockquote&gt;&#xA;</Body>
</answer>
<answer>
<Body>&lt;p&gt;Maybe you are looking for this?&lt;/p&gt;&#xA;&#xA;&lt;p&gt;&lt;a href=&quot;http://www.mosync.com/&quot; rel=&quot;noreferrer&quot;&gt;http://www.mosync.com/&lt;/a&gt;&lt;/p&gt;&#xA;&#xA;&lt;p&gt;It is a middle layer for developing for several mobile platforms using c++. &lt;/p&gt;&#xA;</Body>
</answer>
<answer>
<Body>&lt;p&gt;Normally, you have to:&lt;/p&gt;&#xA;&#xA;&lt;ol&gt;&#xA;&lt;li&gt;Install Google Android NDK. It&#xA;contains libs, headers, makfile&#xA;examples and gcc toolchain&lt;/li&gt;&#xA;&lt;li&gt;Build an executable from your C code&#xA;for ARM, optimize and link it with&#xA;provided libs if required&lt;/li&gt;&#xA;&lt;li&gt;Connect to a phone using provided&#xA;adb interface and test your&#xA;executable&lt;/li&gt;&#xA;&lt;/ol&gt;&#xA;&#xA;&lt;p&gt;If you are looking to sell an app:&lt;/p&gt;&#xA;&#xA;&lt;ol&gt;&#xA;&lt;li&gt;Build a library from your C code&lt;/li&gt;&#xA;&lt;li&gt;Create simple Java code which will&#xA;use this library&lt;/li&gt;&#xA;&lt;li&gt;Embed this library into  application&#xA;package file&lt;/li&gt;&#xA;&lt;li&gt;Test your app&lt;/li&gt;&#xA;&lt;li&gt;Sell it or distribute it for free&lt;/li&gt;&#xA;&lt;/ol&gt;&#xA;</Body>
</answer>
<answer>
<Body>&lt;p&gt;Since 2009 there is a development on this matter.&lt;br&gt;&#xA;&lt;a href=&quot;http://sourceforge.net/p/necessitas/home/necessitas/&quot; rel=&quot;noreferrer&quot;&gt;Necessitas&lt;/a&gt; - Qt(C++ framework) for Android&lt;br&gt;&#xA;Getting started &lt;a href=&quot;http://labs.qt.nokia.com/2011/02/28/necessitas/&quot; rel=&quot;noreferrer&quot;&gt;video&lt;/a&gt;.&lt;/p&gt;&#xA;</Body>
</answer>
<answer>
<Body>&lt;p&gt;Native C/c++  Files libstdc++.* from your Ubuntu are x86 (or x86_64) binaries but  Android devices and emulators are ARM. Of course, this will not work  anyway, even if you'll set correct soname. This is very naive way which  leads nowhere.  Android has very limited support of C++ meaning there is no exceptions,  standard C++ library (including STL) and RTTI. If you need such  functionality, use my custom NDK distribution from &lt;/p&gt;&#xA;&#xA;&lt;p&gt;&lt;a href=&quot;http://crystax.net/android/ndk.php&quot; rel=&quot;nofollow&quot;&gt;http://crystax.net/android/ndk.php&lt;/a&gt; - it support full C++ features listed above. &lt;/p&gt;&#xA;&#xA;&lt;p&gt;Why is there error: undefined reference to '__cxa_end_cleanup' link error. Android stlport &lt;/p&gt;&#xA;&#xA;&lt;p&gt;time. Because there is no link to libstdc + +. A. So wrong.&lt;/p&gt;&#xA;&#xA;&lt;p&gt;Because it uses some static library, it is necessary to link the full libstdc + +. A. Can&lt;/p&gt;&#xA;&#xA;&lt;p&gt;&lt;a href=&quot;http://crystax.net/android/ndk.php&quot; rel=&quot;nofollow&quot;&gt;http://crystax.net/android/ndk.php&lt;/a&gt; here to download the package&lt;/p&gt;&#xA;&#xA;&lt;p&gt;sources \ cxx-stl \ gnu-libstdc + + \ libs \ armeabi directory.&lt;/p&gt;&#xA;&#xA;&lt;p&gt;Android on its own libstdc + + support is limited, it must be linked to a complete libstdc + &#xA;+. A the job.&lt;/p&gt;&#xA;&#xA;&lt;p&gt;Add file in Android.mk  &lt;code&gt;LOCAL_LDFLAGS = $ (LOCAL_PATH) / libs / libcurl.a \&lt;/code&gt;&lt;/p&gt;&#xA;&#xA;&lt;pre&gt;&lt;code&gt; $ (LOCAL_PATH) / libs / liblua.a \&#xA; `$ (LOCAL_PATH) / libs / libstdc + +. A`  &#xA;&lt;/code&gt;&lt;/pre&gt;&#xA;&#xA;&lt;p&gt;And &lt;code&gt;LOCAL_CPPFLAGS + =-lstdc + +-fexceptions&lt;/code&gt; can be compiled&lt;/p&gt;&#xA;</Body>
</answer>
<answer>
<Body>&lt;p&gt;I do not know a tutorial but a good development tool: Airplay SDK from Ideaworks Labs. (Recently rebranded &quot;&lt;a href=&quot;http://www.madewithmarmalade.com/devnet/faqs#-rebranding&quot; rel=&quot;nofollow&quot;&gt;Marmelade&lt;/a&gt;&quot;) Using C/C++ you can build apps for Windows Mobile, iPhones, Android. The only component I didn't like was the GUI composer - a buggy one, but you always can substitute it with the Notepad.&lt;/p&gt;&#xA;</Body>
</answer>
<answer>
<Body>&lt;p&gt;Google has already launched &lt;strong&gt;Google I/O 2011: Bringing C and C++ Games to Android&lt;/strong&gt; session which is available at &lt;a href=&quot;http://www.youtube.com/watch?v=5yorhsSPFG4&quot; rel=&quot;nofollow noreferrer&quot;&gt;http://www.youtube.com/watch?v=5yorhsSPFG4&lt;/a&gt;&lt;/p&gt;&#xA;&#xA;&lt;p&gt;which is good to understand the use of NDK for writing application in c and c++ for android. &lt;/p&gt;&#xA;&#xA;&lt;p&gt;If you just want to cross compile any console based native game and run them on android then &lt;a href=&quot;http://shareprogrammingtips.com/c-language-programming-tips/cross-compile-cc-based-programs-run-android-smart-phones/&quot; rel=&quot;nofollow noreferrer&quot;&gt;this Article&lt;/a&gt; has shown  3 methods for the same.&lt;/p&gt;&#xA;&#xA;&lt;p&gt;1: Static compilation using standalone toolchain&lt;/p&gt;&#xA;&#xA;&lt;p&gt;2: Cross compilation using Android NDK’s toolchain&lt;/p&gt;&#xA;&#xA;&lt;p&gt;3: Cross compilation using AOSP source code&lt;/p&gt;&#xA;</Body>
</answer>
<answer>
<Body>&lt;p&gt;You can download c4droid and then install the GCC plugin and install to your SD. From the shell I just traverse to the directory where the GCC binary is and then call it to make an on board executable.&lt;/p&gt;&#xA;&#xA;&lt;h1&gt;find / -name &lt;em&gt;gcc&lt;/em&gt;&lt;/h1&gt;&#xA;&#xA;&lt;p&gt;/mnt/sdcard/Android/data/com.n0n3m4.droidc/files/gcc/bin/arm-linux-androideabi-gcc&lt;/p&gt;&#xA;&#xA;&lt;h1&gt;cat &gt; test.c&lt;/h1&gt;&#xA;&#xA;&lt;pre&gt;&lt;code&gt;#include&amp;lt;stdio.h&amp;gt;&#xA;int main(){ &#xA; printf(&quot;hello arm!\n&quot;);&#xA;return 0;&#xA;}&#xA;&lt;/code&gt;&lt;/pre&gt;&#xA;&#xA;&lt;h1&gt;./arm-linux-androideabi-gcc test.c -o test&lt;/h1&gt;&#xA;&#xA;&lt;h1&gt;./test&lt;/h1&gt;&#xA;&#xA;&lt;p&gt;hello arm!&lt;/p&gt;&#xA;</Body>
</answer>
<answer>
<Body>&lt;p&gt;This three steps are good to have and store in this post.&lt;/p&gt;&#xA;&#xA;&lt;p&gt;1) &lt;a href=&quot;https://stackoverflow.com/questions/4656732/how-to-port-native-c-code-on-android&quot;&gt;How to port native c code on android&lt;/a&gt;&lt;/p&gt;&#xA;&#xA;&lt;p&gt;2) &lt;a href=&quot;http://www.integratingstuff.com/2010/12/12/calling-native-c-code-through-jni-in-android-applications/&quot; rel=&quot;nofollow noreferrer&quot;&gt;http://www.integratingstuff.com/2010/12/12/calling-native-c-code-through-jni-in-android-applications/&lt;/a&gt;&lt;/p&gt;&#xA;&#xA;&lt;p&gt;3) &lt;a href=&quot;http://mindtherobot.com/blog/452/android-beginners-ndk-setup-step-by-step/&quot; rel=&quot;nofollow noreferrer&quot;&gt;http://mindtherobot.com/blog/452/android-beginners-ndk-setup-step-by-step/&lt;/a&gt;&lt;/p&gt;&#xA;</Body>
</answer>
