<question>
<Title>Converting Python Programs into Assembly IEEE 694</Title>
<Body>&lt;p&gt;Does it exist any tool for converting Python programs or code source files into assembly IEEE 694?&#xA;The bytecode generated must work on a IEEE 694 simulator?&lt;/p&gt;&#xA;</Body>
<Tags>python,assembly</Tags>
</question>
<answer>
<Body>&lt;p&gt;Bsides Nuitkla, there is also &lt;a href=&quot;http://cython.org&quot; rel=&quot;nofollow&quot;&gt;cython&lt;/a&gt; - which can translate Python code to a C file, from which you can compile to assembly source.&lt;/p&gt;&#xA;&#xA;&lt;p&gt;And if you want it for the speed of the native code, them, I'd suggest going for &lt;a href=&quot;http://pypy.org&quot; rel=&quot;nofollow&quot;&gt;pypy&lt;/a&gt; - the Python interpreter written in Python, which features jit (just in time code translation) to x86_64 native code.&lt;/p&gt;&#xA;&#xA;&lt;p&gt;Also of interest might be &lt;a href=&quot;http://www.corepy.org&quot; rel=&quot;nofollow&quot;&gt;corepy&lt;/a&gt;, which allows you to enter Assembly instructions inline from within Python code - so that you can have a Python program (running as a .py source, no compilation needed) that makes use of advanced CPU architectures such as sse3 and ss4 (not shure if it supports avx yet), and other architectures such as IBM Cell processor (in unlocked  Playstation 3s)&lt;/p&gt;&#xA;</Body>
</answer>
