<question>
<Title>What is the runtime complexity of python list functions?</Title>
<Body>&lt;p&gt;I was writing a python function that looked something like this&lt;/p&gt;&#xA;&#xA;&lt;pre&gt;&lt;code&gt;def foo(some_list):&#xA;   for i in range(0, len(some_list)):&#xA;       bar(some_list[i], i)&#xA;&lt;/code&gt;&lt;/pre&gt;&#xA;&#xA;&lt;p&gt;so that it was called with&lt;/p&gt;&#xA;&#xA;&lt;pre&gt;&lt;code&gt;x = [0, 1, 2, 3, ... ]&#xA;foo(x)&#xA;&lt;/code&gt;&lt;/pre&gt;&#xA;&#xA;&lt;p&gt;I had assumed that index access of lists was &lt;code&gt;O(1)&lt;/code&gt;, but was surprised to find that for large lists this was significantly slower than I expected.&lt;/p&gt;&#xA;&#xA;&lt;p&gt;My question, then, is how are python lists are implemented, and what is the runtime complexity of the following&lt;/p&gt;&#xA;&#xA;&lt;ul&gt;&#xA;&lt;li&gt;Indexing: &lt;code&gt;list[x]&lt;/code&gt;&lt;/li&gt;&#xA;&lt;li&gt;Popping from the end: &lt;code&gt;list.pop()&lt;/code&gt;&lt;/li&gt;&#xA;&lt;li&gt;Popping from the beginning: &lt;code&gt;list.pop(0)&lt;/code&gt;&lt;/li&gt;&#xA;&lt;li&gt;Extending the list: &lt;code&gt;list.append(x)&lt;/code&gt;&lt;/li&gt;&#xA;&lt;/ul&gt;&#xA;&#xA;&lt;p&gt;For extra credit, splicing or arbitrary pops.&lt;/p&gt;&#xA;</Body>
<Tags>python,complexity-theory</Tags>
</question>
<answer>
<Body>&lt;p&gt;The answer is &quot;undefined&quot;. The Python language doesn't define the underlying implementation. Here are some links to a mailing list thread you might be interested in.&lt;/p&gt;&#xA;&#xA;&lt;ul&gt;&#xA;&lt;li&gt;&lt;p&gt;&lt;a href=&quot;http://mail.python.org/pipermail/python-list/2003-April/199506.html&quot; rel=&quot;noreferrer&quot;&gt;It is true that Python's lists have&#xA;been implemented as contiguous&#xA;vectors in the C implementations of&#xA;Python so far.&lt;/a&gt;&lt;/p&gt;&lt;/li&gt;&#xA;&lt;li&gt;&lt;p&gt;&lt;a href=&quot;http://mail.python.org/pipermail/python-list/2003-April/199585.html&quot; rel=&quot;noreferrer&quot;&gt;I'm not saying that the O()&#xA;behaviours of these things should be&#xA;kept a secret or anything. But you&#xA;need to interpret them in the context&#xA;of how Python works generally.&lt;/a&gt;&lt;/p&gt;&lt;/li&gt;&#xA;&lt;/ul&gt;&#xA;&#xA;&lt;p&gt;Also, the more Pythonic way of writing your loop would be this:&lt;/p&gt;&#xA;&#xA;&lt;pre&gt;&lt;code&gt;def foo(some_list):&#xA;   for item in some_list:&#xA;       bar(item)&#xA;&lt;/code&gt;&lt;/pre&gt;&#xA;</Body>
</answer>
<answer>
<Body>&lt;p&gt;Can't comment yet, so&lt;/p&gt;&#xA;&#xA;&lt;p&gt;if you need index and value then use enumerate:&lt;/p&gt;&#xA;&#xA;&lt;pre&gt;&lt;code&gt;for idx, item in enumerate(range(10, 100, 10)):&#xA;    print idx, item&#xA;&lt;/code&gt;&lt;/pre&gt;&#xA;</Body>
</answer>
<answer>
<Body>&lt;p&gt;there is &lt;a href=&quot;http://wiki.python.org/moin/TimeComplexity&quot; rel=&quot;noreferrer&quot;&gt;a very detailed table on python wiki&lt;/a&gt; which answers your question.&lt;/p&gt;&#xA;&#xA;&lt;p&gt;However, in  your particular example you should use &lt;code&gt;enumerate&lt;/code&gt; to get an index of an iterable within a loop. like so:&lt;/p&gt;&#xA;&#xA;&lt;pre&gt;&lt;code&gt;for i, item in enumerate(some_seq):&#xA;    bar(item, i)&#xA;&lt;/code&gt;&lt;/pre&gt;&#xA;</Body>
</answer>
<answer>
<Body>&lt;p&gt;Lists are indeed O(1) to index - they are implemented as a vector with proportional overallocation, so perform much as you'd expect.  The likely reason you were finding this code slower than you expected is the call to &quot;&lt;code&gt;range(0, len(some_list))&lt;/code&gt;&quot;.&lt;/p&gt;&#xA;&#xA;&lt;p&gt;&lt;code&gt;range()&lt;/code&gt; creates a new list of the specified size, so if some_list has 1,000,000 items, you will create a new million item list up front.  This behaviour changes in python3 (range is an iterator), to which the python2 equivalent is &lt;a href=&quot;http://docs.python.org/library/functions.html#xrange&quot; rel=&quot;noreferrer&quot;&gt;xrange&lt;/a&gt;, or even better for your case, &lt;a href=&quot;http://docs.python.org/library/functions.html#enumerate&quot; rel=&quot;noreferrer&quot;&gt;enumerate&lt;/a&gt;&lt;/p&gt;&#xA;</Body>
</answer>
<answer>
<Body>&lt;p&gt;Python list actually nothing but arrays. Thus, &lt;/p&gt;&#xA;&#xA;&lt;p&gt;indexing takes O(1)&lt;/p&gt;&#xA;&#xA;&lt;p&gt;for pop and append again it should be O(1) as per the docs&lt;/p&gt;&#xA;&#xA;&lt;p&gt;Check out following link for details:&lt;/p&gt;&#xA;&#xA;&lt;p&gt;&lt;a href=&quot;http://dustycodes.wordpress.com/2012/03/31/pythons-data-structures-complexity-analysis/&quot; rel=&quot;nofollow&quot;&gt;http://dustycodes.wordpress.com/2012/03/31/pythons-data-structures-complexity-analysis/&lt;/a&gt;&lt;/p&gt;&#xA;</Body>
</answer>
