<question>
<Title>What does (char)0 mean in c++?</Title>
<Body>&lt;p&gt;What is the meaning of &lt;code&gt;(char)0&lt;/code&gt;.&lt;/p&gt;&#xA;&#xA;&lt;p&gt;For example what does this mean?&lt;/p&gt;&#xA;&#xA;&lt;pre&gt;&lt;code&gt;array[1] = (char)0;&#xA;&lt;/code&gt;&lt;/pre&gt;&#xA;</Body>
<Tags>c++,arrays,char</Tags>
</question>
<answer>
<Body>&lt;p&gt;It's a C-style cast. That is, it converts &lt;code&gt;0&lt;/code&gt; (which is a literal of type &lt;code&gt;int&lt;/code&gt;) to &lt;code&gt;char&lt;/code&gt; (the &lt;code&gt;\0&lt;/code&gt; character). That cast could have been avoided entirely by simply using the &lt;code&gt;'\0'&lt;/code&gt; literal.&lt;/p&gt;&#xA;</Body>
</answer>
<answer>
<Body>&lt;p&gt;It's &lt;code&gt;0&lt;/code&gt; casted to a &lt;code&gt;char&lt;/code&gt;, which is &lt;code&gt;'\0'&lt;/code&gt;.&lt;/p&gt;&#xA;</Body>
</answer>
<answer>
<Body>&lt;p&gt;You are &lt;em&gt;casting&lt;/em&gt; an int (integer) (&lt;code&gt;0&lt;/code&gt;) to a character (char).&lt;/p&gt;&#xA;&#xA;&lt;p&gt;Casting means you are changing the type.&lt;/p&gt;&#xA;</Body>
</answer>
