<question>
<Title>C++ makefile multiple headers one cpp</Title>
<Body>&lt;p&gt;I am having compiling errors. I have one cpp file and many headers. For the makefile I thought I needed to list all the headers file. The LinkedBinaryTree.h contains includes for all the other header files. This what I wrote:&lt;/p&gt;&#xA;&#xA;&lt;pre&gt;&lt;code&gt; all: hw4a&#xA;&#xA; hw4a: LinkedBinaryTree.cpp linkedBinaryTree.h booster.h arrayQueue.  binaryTree.h        binaryTreeNode.h myExceptions.h queue.h&#xA; g++ -o hw4a LinkedBinaryTree.cpp LinkedBinaryTree.h booster.h arrayQueue.h binaryTree.h     binaryTreeNode.h myExceptions.h queue.h &#xA;&#xA;clean:&#xA;rm hw4a &#xA;&lt;/code&gt;&lt;/pre&gt;&#xA;&#xA;&lt;p&gt;I was told that O just needed to do:&lt;/p&gt;&#xA;&#xA;&lt;pre&gt;&lt;code&gt;g++ LinkedBinaryTree.cpp -o bst.exe&#xA;&lt;/code&gt;&lt;/pre&gt;&#xA;&#xA;&lt;p&gt;Which one is correct?&lt;/p&gt;&#xA;</Body>
<Tags>c++</Tags>
</question>
<answer>
<Body>&lt;p&gt;What you were told. Includes should be included, not being compiled as separate units.&lt;/p&gt;&#xA;</Body>
</answer>
<answer>
<Body>&lt;p&gt;The latter is correct: &lt;code&gt;g++ -o result.exe source.cpp&lt;/code&gt;. You must &lt;em&gt;not&lt;/em&gt; include header files in the compiler command, since they are automatically included by the preprocessor already.&lt;/p&gt;&#xA;&#xA;&lt;p&gt;Of course the header files are still &lt;em&gt;dependencies&lt;/em&gt; and must be listed in the makefile. That's why there is a special universal syntax to refer to the &lt;em&gt;first&lt;/em&gt; reference only:&lt;/p&gt;&#xA;&#xA;&lt;pre&gt;&lt;code&gt;.phony: all clean&#xA;&#xA;all: result.exe&#xA;&#xA;result.exe: main.o&#xA;    $(CXX) -o $@ $+&#xA;&#xA;main.o: main.cpp class1.hpp lib2.hpp&#xA;    $(CXX) -c -o $@ $&amp;lt;&#xA;&lt;/code&gt;&lt;/pre&gt;&#xA;&#xA;&lt;p&gt;The &lt;code&gt;$+&lt;/code&gt; means &quot;all dependecies&quot; (with repetition; &lt;code&gt;$^&lt;/code&gt; also expands to all dependencies but uniquified), as you need for linking, while &lt;code&gt;$&amp;lt;&lt;/code&gt; only means &quot;first dependency&quot;, as you need for compiling.&lt;/p&gt;&#xA;&#xA;&lt;p&gt;While you're at it, sprinkle generous warning flags over your compiler commands.&lt;/p&gt;&#xA;</Body>
</answer>
