<question>
<Title>Templated pimpl forwarding</Title>
<Body>&lt;p&gt;I have a bunch of related indicies in a kind of templated hierarchy, looking something like&lt;/p&gt;&#xA;&#xA;&lt;pre&gt;&lt;code&gt;template &amp;lt;int level&amp;gt;&#xA;struct index{&#xA;    index&amp;lt;level - 1&amp;gt; w;&#xA;    int x, y;&#xA;};&#xA;&#xA;template &amp;lt;&amp;gt; struct index&amp;lt;0&amp;gt; { int x, y; };&#xA;&#xA;template &amp;lt;int level&amp;gt;&#xA;struct data;&#xA;&lt;/code&gt;&lt;/pre&gt;&#xA;&#xA;&lt;p&gt;and a class that's supposed to generate and cache objects indexed by them. I want to use pimpl for this class, and I'm wondering if there's a way to forward the function calls to the implementation class using templates. Something like&lt;/p&gt;&#xA;&#xA;&lt;pre&gt;&lt;code&gt;class Cache{&#xA;    template &amp;lt;int level&amp;gt;&#xA;    shared_ptr&amp;lt;data&amp;lt;level&amp;gt;&amp;gt; get_data(const index&amp;lt;level&amp;gt; &amp;amp; index);&#xA;};  &#xA;&lt;/code&gt;&lt;/pre&gt;&#xA;</Body>
<Tags>c++,templates,pimpl-idiom</Tags>
</question>
<answer>
<Body>&lt;p&gt;In short, no (if I understand your question correctly).&lt;/p&gt;&#xA;&#xA;&lt;p&gt;The problem is that at the point of implementation of your forwarder, you need the full definition (and not just a declaration) of your implementation class. If you want to use template member functions for this purpose you need to define them in every compilation unit that uses them, i.e. typically in the same header where you declare them. This means that the implementation class needs to be defined in the same header where you declare your interface class (which would defeat the purpose of pimpling the class in the first place).&lt;/p&gt;&#xA;&#xA;&lt;p&gt;(In case your compiler supports the &lt;code&gt;export&lt;/code&gt; keyword, you can define template methods separately, so in this case it would work. In practice, Comeau is the only compiler I know that supports &lt;code&gt;export&lt;/code&gt;, and it has been removed from C++11 completely).&lt;/p&gt;&#xA;&#xA;&lt;p&gt;Compare &lt;a href=&quot;http://www.parashift.com/c++-faq-lite/templates.html#faq-35.13&quot; rel=&quot;nofollow&quot;&gt;How can I avoid linker errors with my template functions?&lt;/a&gt; in the C++-FAQ-lite.&lt;/p&gt;&#xA;</Body>
</answer>
