<question>
<Title>Python - substitute inplace - removing .bak backup files with close()?</Title>
<Body>&lt;p&gt;When I run the following script, a .bak backup file is left in the filesystem.&#xA;How do I close() the files(s) properly so the backups are deleted?&lt;/p&gt;&#xA;&#xA;&lt;pre&gt;&lt;code&gt;#!C:\Python27\python.exe&#xA;import os&#xA;myRelease = os.environ.get(&quot;BUILD_STRING&quot;)&#xA;myVersion = os.environ.get(&quot;VERSION_STRING&quot;)&#xA;import fileinput&#xA;import re&#xA;files = [&quot;C:\Projects\FileToSub.sbs&quot;]&#xA;for line in fileinput.FileInput(files,inplace=1):&#xA;   line = re.sub('whatever, thing', line)&#xA;   print line,&#xA;&lt;/code&gt;&lt;/pre&gt;&#xA;</Body>
<Tags>python</Tags>
</question>
<answer>
<Body>&lt;p&gt;you can call the &lt;a href=&quot;http://docs.python.org/release/2.5.2/lib/bltin-file-objects.html&quot; rel=&quot;nofollow&quot;&gt;close&lt;/a&gt; method, e.g.&lt;/p&gt;&#xA;&#xA;&lt;p&gt;myfile.close()&lt;/p&gt;&#xA;&#xA;&lt;p&gt;Why don't you remove the file using the &lt;a href=&quot;http://docs.python.org/library/os.html#os.remove&quot; rel=&quot;nofollow&quot;&gt;os.remove&lt;/a&gt;? You can do this:&lt;/p&gt;&#xA;&#xA;&lt;pre&gt;&lt;code&gt;import os&#xA;&#xA;# call this after the end of your script&#xA;os.remove(&quot;C:\Projects\FileToSub.subs.bak&quot;)&#xA;&lt;/code&gt;&lt;/pre&gt;&#xA;</Body>
</answer>
<answer>
<Body>&lt;p&gt;The &lt;code&gt;fileinput&lt;/code&gt; module takes care about deleting the backup files.&lt;/p&gt;&#xA;&#xA;&lt;p&gt;I'm not completely sure what you tested, but your python code contains errors. A 'guessed' and 'corrected' version:&lt;/p&gt;&#xA;&#xA;&lt;pre&gt;&lt;code&gt;import fileinput&#xA;import re&#xA;files = [&quot;FileToSub1.sbs&quot;, &quot;FileToSub2.sbs&quot;]&#xA;for line in fileinput.FileInput(files, inplace=1):&#xA;    line = re.sub('whatever', 'thing', line)&#xA;    print line,&#xA;&lt;/code&gt;&lt;/pre&gt;&#xA;&#xA;&lt;p&gt;In the strace output you can see, that the files are automagically removed:&lt;/p&gt;&#xA;&#xA;&lt;pre&gt;&lt;code&gt;unlink(&quot;FileToSub2.sbs.bak&quot;)            = -1 ENOENT (No such file or directory)&#xA;rename(&quot;FileToSub2.sbs&quot;, &quot;FileToSub2.sbs.bak&quot;) = 0&#xA;open(&quot;FileToSub2.sbs.bak&quot;, O_RDONLY)    = 3&#xA;fstat(3, {st_mode=S_IFREG|0644, st_size=30, ...}) = 0&#xA;fstat(3, {st_mode=S_IFREG|0644, st_size=30, ...}) = 0&#xA;open(&quot;FileToSub2.sbs&quot;, O_WRONLY|O_CREAT|O_TRUNC, 0100644) = 4&#xA;fcntl(4, F_GETFL)                       = 0x8001 (flags O_WRONLY|O_LARGEFILE)&#xA;fstat(4, {st_mode=S_IFREG|0644, st_size=0, ...}) = 0&#xA;mmap(NULL, 4096, PROT_READ|PROT_WRITE, MAP_PRIVATE|MAP_ANONYMOUS, -1, 0) = 0x7fdf3a988000&#xA;lseek(4, 0, SEEK_CUR)                   = 0&#xA;fstat(4, {st_mode=S_IFREG|0644, st_size=0, ...}) = 0&#xA;chmod(&quot;FileToSub2.sbs&quot;, 0100644)        = 0&#xA;fstat(3, {st_mode=S_IFREG|0644, st_size=30, ...}) = 0&#xA;mmap(NULL, 4096, PROT_READ|PROT_WRITE, MAP_PRIVATE|MAP_ANONYMOUS, -1, 0) = 0x7fdf3a987000&#xA;read(3, &quot;whatever\nfile\nthing\nline\nwhas\n&quot;, 8192) = 30&#xA;read(3, &quot;&quot;, 4096)                       = 0&#xA;read(3, &quot;&quot;, 8192)                       = 0&#xA;write(4, &quot;thing\nfile\nthing\nline\nwhas\n&quot;, 27) = 27&#xA;close(4)                                = 0&#xA;munmap(0x7fdf3a988000, 4096)            = 0&#xA;close(3)                                = 0&#xA;munmap(0x7fdf3a987000, 4096)            = 0&#xA;unlink(&quot;FileToSub2.sbs.bak&quot;)            = 0&#xA;&lt;/code&gt;&lt;/pre&gt;&#xA;</Body>
</answer>
