<question>
<Title>Why can't I have an auto_ptr in an Exception class</Title>
<Body>&lt;p&gt;I have a problem with auto_ptr in Exception classes, that I eventually reduced to:&lt;/p&gt;&#xA;&#xA;&lt;pre&gt;&lt;code&gt;#include &amp;lt;memory&amp;gt;&#xA;&#xA;class MyException&#xA;{&#xA;    std::auto_ptr&amp;lt;int&amp;gt; m_foo2;&#xA;};&#xA;&#xA;int main()&#xA;{&#xA;    try&#xA;    {&#xA;        throw MyException();&#xA;    }&#xA;    catch (const MyException&amp;amp;)&#xA;    {&#xA;&#xA;    }&#xA;    return 0;&#xA;}&#xA;&lt;/code&gt;&lt;/pre&gt;&#xA;&#xA;&lt;p&gt;This fails to compile with:&lt;/p&gt;&#xA;&#xA;&lt;blockquote&gt;&#xA;  &lt;p&gt;/perforce/unstable/test/Common/Exceptions/TestException4.cpp: In&#xA;  function 'int main()':&#xA;  /perforce/unstable/test/Common/Exceptions/TestException4.cpp:12:&#xA;  error: no matching function for call to&#xA;  'MyException::MyException(MyException)'&#xA;  /perforce/unstable/test/Common/Exceptions/TestException4.cpp:4: note:&#xA;  candidates are: MyException::MyException()&#xA;  /perforce/unstable/test/Common/Exceptions/TestException4.cpp:4: note: &#xA;  MyException::MyException(MyException&amp;amp;)&#xA;  /perforce/unstable/test/Common/Exceptions/TestException4.cpp:12:&#xA;  error:   in thrown expression&lt;/p&gt;&#xA;&lt;/blockquote&gt;&#xA;&#xA;&lt;p&gt;And the error goes away if I remove the auto_ptr.&lt;/p&gt;&#xA;&#xA;&lt;p&gt;Is this because the exception is being copied or assigned? Is there a way of using &lt;code&gt;auto_ptr&lt;/code&gt;s in an Exception?&lt;/p&gt;&#xA;</Body>
<Tags>c++,exception,auto-ptr</Tags>
</question>
<answer>
<Body>&lt;blockquote&gt;&#xA;  &lt;p&gt;Is this because the exception is being copied or assigned?&lt;/p&gt;&#xA;&lt;/blockquote&gt;&#xA;&#xA;&lt;p&gt;Indeed it is. The standard specifies how an exception is thrown in C++11 15.1/3:&lt;/p&gt;&#xA;&#xA;&lt;blockquote&gt;&#xA;  &lt;p&gt;A throw-expression initializes a temporary object, [...].&#xA;  The temporary is an lvalue and is used to initialize the variable named in the matching handler.&lt;/p&gt;&#xA;&lt;/blockquote&gt;&#xA;&#xA;&lt;p&gt;The initialisation is done with the implicit copy constructor. This is declared as &lt;code&gt;MyException(MyException&amp;amp;)&lt;/code&gt;, since there is a member that requires a non-&lt;code&gt;const&lt;/code&gt; reference argument (as specified in C++11 12.8/9). The temporary object can't be bound to a non-&lt;code&gt;const&lt;/code&gt; reference, and so the construction fails.&lt;/p&gt;&#xA;&#xA;&lt;blockquote&gt;&#xA;  &lt;p&gt;Is there a way of using auto_ptrs in an Exception?&lt;/p&gt;&#xA;&lt;/blockquote&gt;&#xA;&#xA;&lt;p&gt;If you're able to use C++11, then you could use &lt;code&gt;unique_ptr&lt;/code&gt; instead, and consign &lt;code&gt;auto_ptr&lt;/code&gt; to the bowels of history. Your class would have an implicit move constructor, declared as &lt;code&gt;MyException(MyException&amp;amp;&amp;amp;)&lt;/code&gt;, which could be used to initialise it from a temporary.&lt;/p&gt;&#xA;&#xA;&lt;p&gt;Otherwise, you could throw a non-temporary value:&lt;/p&gt;&#xA;&#xA;&lt;pre&gt;&lt;code&gt;MyException ex;&#xA;throw ex;&#xA;&lt;/code&gt;&lt;/pre&gt;&#xA;&#xA;&lt;p&gt;or you could hack your class to allow initialisation from a &lt;code&gt;const&lt;/code&gt; reference by adding an explicit copy constructor and using &lt;code&gt;const_cast&lt;/code&gt; or &lt;code&gt;mutable&lt;/code&gt; to allow that to copy the &lt;code&gt;auto_ptr&lt;/code&gt; - but that is potentially dangerous, and I wouldn't recommend it.&lt;/p&gt;&#xA;</Body>
</answer>
