<question>
<Title>Python libmysqlclient segfault (MySQLdb)</Title>
<Body>&lt;p&gt;I am writing an SQL wrapper over MySQLdb.&lt;/p&gt;&#xA;&#xA;&lt;p&gt;Sometime during execution I am getting the following error in DMSG and the process crushes:&lt;/p&gt;&#xA;&#xA;&lt;pre&gt;&lt;code&gt;python[xxx]: segfault at c8 ip 00007fa1add6b882 sp 00007fa1abb77c60 error 4 in &#xA;libmysqlclient_r.so.16.0.0[7fa1adcd7000+1d0000]&#xA;&lt;/code&gt;&lt;/pre&gt;&#xA;&#xA;&lt;p&gt;How can i debug this fault? &#xA;Did someone encounter this kind of error before ? The bug is obviously not in the script, but I assume I am doing some bad calls that trigger that bug in the client.&lt;/p&gt;&#xA;&#xA;&lt;p&gt;Any suggestions on how to solve it ?&lt;/p&gt;&#xA;&#xA;&lt;p&gt;Python 2.6.6 with libmysqlclient.so.16.0.0 running on Debian 6.0&lt;/p&gt;&#xA;&#xA;&lt;p&gt;Thank You&lt;/p&gt;&#xA;</Body>
<Tags>python,mysql-python,libmysql,python-db-api</Tags>
</question>
<answer>
<Body>&lt;p&gt;There's not really enough information here to solve your problem. However, if you are using threads, give each thread it's own connection object; don't try to share them between threads. That is the most likely cause of a segfault in this case.&lt;/p&gt;&#xA;</Body>
</answer>
