<question>
<Title>Non-static parameter inside a static function</Title>
<Body>&lt;p&gt;I have this static callback function in MyClass, and I try to call another static function from it. There is a problem however, one of the arguments that Register() takes is a non-static class variable.&lt;/p&gt;&#xA;&#xA;&lt;p&gt;I thought of using the &quot;this&quot; keyword to overcome this problem but it seems I am unable to  ('this' : can only be referenced inside non-static member functions). Here is my code:&lt;/p&gt;&#xA;&#xA;&lt;pre&gt;&lt;code&gt;class MyClass&#xA;{&#xA;...&#xA;    static LRESULT CALLBACK klHkProc(int nCode, WPARAM wParam, LPARAM lParam);&#xA;    static BOOL Register(DWORD vKey,KEYBLOCK* ptrKEYBLOCK);&#xA;    KEYBLOCK *kb;       &#xA;...&#xA;&#xA;}&#xA;LRESULT CALLBACK MyClass::klHkProc(int nCode, WPARAM wParam, LPARAM lParam)&#xA;{&#xA;    PKBDLLHOOKSTRUCT p = (PKBDLLHOOKSTRUCT) (lParam);&#xA;    if (wParam == WM_KEYDOWN) &#xA;    {&#xA;        MyClass::Register(p-&amp;gt;vkCode,this-&amp;gt;kb);&#xA;    }&#xA;    return CallNextHookEx(NULL, nCode, wParam, lParam);&#xA;}&#xA;&lt;/code&gt;&lt;/pre&gt;&#xA;&#xA;&lt;p&gt;Any suggestions?&lt;/p&gt;&#xA;</Body>
<Tags>c++,class,variables,static,non-static</Tags>
</question>
<answer>
<Body>&lt;p&gt;Given what you wrote it is hard to answer this without more information.&lt;/p&gt;&#xA;&#xA;&lt;p&gt;However, assuming that all instances of &lt;code&gt;MyClass&lt;/code&gt; should be processed, I suggest adding a &lt;code&gt;static std::list&amp;lt;MyClass *&amp;gt;&lt;/code&gt; into which you place each instance's &lt;code&gt;this&lt;/code&gt; pointer in the constructor for &lt;code&gt;MyClass&lt;/code&gt; and then in the destructor of &lt;code&gt;MyClass&lt;/code&gt; to remove the &lt;code&gt;this&lt;/code&gt; from this list.&lt;/p&gt;&#xA;&#xA;&lt;p&gt;Then in your static klHkProc() you would iterate over the static list of all instances of &lt;code&gt;MyClass&lt;/code&gt; and for each one call &lt;code&gt;MyClass::Register()&lt;/code&gt; with the &lt;code&gt;kb&lt;/code&gt; of each such registered instance of &lt;code&gt;MyClass&lt;/code&gt;.&lt;/p&gt;&#xA;&#xA;&lt;p&gt;Here is a rough outline of the code to do this:&lt;/p&gt;&#xA;&#xA;&lt;pre&gt;&lt;code&gt;class MyClass&#xA;{&#xA;...&#xA;public:&#xA;    static LRESULT CALLBACK klHkProc(int nCode, WPARAM wParam, LPARAM lParam);&#xA;    static BOOL Register(DWORD vKey,KEYBLOCK* ptrKEYBLOCK);&#xA;    static std::list&amp;lt;MyClass *&amp;gt; allInstances;&#xA;    KEYBLOCK *kb;&#xA;&#xA;    MyClass() {&#xA;      ...&#xA;      allInstances.push_back(this);&#xA;      ...&#xA;    }&#xA;    ~MyClass() {&#xA;      ...&#xA;      // Assumes not a huge list of instances as this is O(n) and thus destruction&#xA;      // of all instances of MyClass in O(n^2) on the number of instances.&#xA;      allInstances.remove(this);&#xA;      ...&#xA;    }&#xA;&#xA;...&#xA;};&#xA;&#xA;LRESULT CALLBACK MyClass::klHkProc(int nCode, WPARAM wParam, LPARAM lParam)&#xA;{&#xA;    PKBDLLHOOKSTRUCT p = (PKBDLLHOOKSTRUCT) (lParam);&#xA;    if (wParam == WM_KEYDOWN)&#xA;    {&#xA;        std::list&amp;lt;MyClass *&amp;gt; itr = allInstances.begin();&#xA;        std::list&amp;lt;MyClass *&amp;gt; end = allInstances.end();&#xA;        for (; itr != end; ++itr) {&#xA;          MyClass *current = *itr;&#xA;          MyClass::Register(p-&amp;gt;vkCode, current-&amp;gt;kb);&#xA;        }&#xA;    }&#xA;    return CallNextHookEx(NULL, nCode, wParam, lParam);&#xA;}&#xA;&lt;/code&gt;&lt;/pre&gt;&#xA;</Body>
</answer>
<answer>
<Body>&lt;p&gt;There is no implicit connection between a static member and any particular object instance.&lt;/p&gt;&#xA;&#xA;&lt;p&gt;You could pass a pointer or reference to a &lt;code&gt;MyClass&lt;/code&gt; object to &lt;code&gt;klHkProc()&lt;/code&gt;, which it can then pass to &lt;code&gt;Register()&lt;/code&gt;.&lt;/p&gt;&#xA;</Body>
</answer>
<answer>
<Body>&lt;p&gt;Generally speaking, If KEYBLOCK *kb is not static you cannot reference it inside the static function. the 'this' pointer only makes sense inside an instance of an object. So, if KEYBLOCK *kb only makes sense inside an instantiated object then,  you would have to instantiate a MyClass inside Register or klHkProc. It would be easier to determine whether the latter makes sense to instantiate MyClass inside Register or not if you gave us a better context of what Register is supposed to be doing rather than just the showing the caller.&lt;/p&gt;&#xA;</Body>
</answer>
