<question>
<Title>Image caching loop goes wrong for my recipe searching program (daemon)</Title>
<Body>&lt;p&gt;I wrote a daemon program, for  searching through recipes from Gourmet Recipe Manager's database ( that is a recipe manager for GNU/Linux )&lt;/p&gt;&#xA;&#xA;&lt;p&gt;My program reads the information that it needs for each recipe element over a loop from the sqlite database.&lt;/p&gt;&#xA;&#xA;&lt;p&gt;(Such a daemon for Ubuntu Linux is called a 'scope'.&lt;br&gt;&#xA;Such scopes give ubuntu unity more sources for its  searching.)&lt;/p&gt;&#xA;&#xA;&lt;p&gt;'model' has the information, which gets delivered over DBUS to Ubuntu Unity.&lt;/p&gt;&#xA;&#xA;&lt;p&gt;In theory you are able to use an URI as the source for the image in 'model' ,&lt;br&gt;&#xA;but the developers said me in IRC I am not able to use data URI's.&lt;/p&gt;&#xA;&#xA;&lt;p&gt;I tested that, too, and for me it did not work.&lt;/p&gt;&#xA;&#xA;&lt;p&gt;So I cache(d) the images in /tmp.&lt;/p&gt;&#xA;&#xA;&lt;p&gt;Now you are able to see all recipes, and search for specific one's per title, but the image asociation is simply wrong. if you search for the 2.th , the recipe of the 2.th gets shown, but with the image of the fist recipe in the sqlite table.&lt;/p&gt;&#xA;&#xA;&lt;p&gt;Here are two images, to understand the problem:&lt;br&gt;&#xA;&lt;a href=&quot;http://imgur.com/81Otj,tFCbX#0&quot; rel=&quot;nofollow&quot;&gt;The 2.th recipe gets the image of the first recipe&lt;/a&gt;&lt;/p&gt;&#xA;&#xA;&lt;p&gt;I already looked in some IRC rooms for help, but no one could help me...&lt;/p&gt;&#xA;&#xA;&lt;p&gt;I think you have to save the state of each image somehow.&lt;/p&gt;&#xA;&#xA;&lt;p&gt;&lt;strong&gt;I would be pleased, if you have a solution that does not requiere to cache images.&lt;/strong&gt;&lt;/p&gt;&#xA;&#xA;&lt;p&gt;The full source file can be viewed here: &lt;a href=&quot;http://bazaar.launchpad.net/~gotwig/lens-cooking/lens-cooking/view/head:/unity-scope-gourmet&quot; rel=&quot;nofollow&quot;&gt;http://bazaar.launchpad.net/~gotwig/lens-cooking/lens-cooking/view/head:/unity-scope-gourmet&lt;/a&gt;&lt;/p&gt;&#xA;&#xA;&lt;p&gt;So, here is the specific part of my code:&lt;/p&gt;&#xA;&#xA;&lt;pre&gt;&lt;code&gt;if row[14]:&#xA;        open('/tmp/unity-scope-gourmet/icon' + str(i), 'wb').write(row[14])&#xA;        model.append(uri, '/tmp/unity-scope-gourmet/icon' + str(i), 1, &quot;text/html&quot;, title, comment, uri)&#xA;else:&#xA;        if os.path.exists('/tmp/unity-scope-gourmet/icon' + str(i)):    os.remove('/tmp/unity-scope-gourmet/icon' + str(i))&#xA;        model.append(uri, '', 1, &quot;text/html&quot;, title, comment, uri)&#xA;&lt;/code&gt;&lt;/pre&gt;&#xA;</Body>
<Tags>python,linux,ubuntu,ubuntu-unity</Tags>
</question>
<answer>
<Body>&lt;p&gt;It sounds like you a describing a simple counter error.  It's not clear to me how you are initializing your counter 'i', but if it's off by one, the simple solution is to simply add one to it before using it, ie:&lt;/p&gt;&#xA;&#xA;&lt;pre&gt;&lt;code&gt;open('/tmp/unity-scope-gourmet/icon' + str(i+1), 'wb').write(row[14])&#xA;                                           ^^^&#xA;&lt;/code&gt;&lt;/pre&gt;&#xA;</Body>
</answer>
<answer>
<Body>&lt;p&gt;I solved the problem with combining the filename of the cached image with each ID of the recipe.&lt;/p&gt;&#xA;&#xA;&lt;p&gt;Code:&lt;/p&gt;&#xA;&#xA;&lt;pre&gt;&lt;code&gt;i = row[0]&#xA;&lt;/code&gt;&lt;/pre&gt;&#xA;&#xA;&lt;p&gt;See the complete solution here : &lt;a href=&quot;http://bazaar.launchpad.net/~gotwig/lens-cooking/lens-cooking/revision/32&quot; rel=&quot;nofollow&quot;&gt;http://bazaar.launchpad.net/~gotwig/lens-cooking/lens-cooking/revision/32&lt;/a&gt;&lt;/p&gt;&#xA;</Body>
</answer>
