<question>
<Title>Extracting items out of a QueryDict</Title>
<Body>&lt;p&gt;I have a querydict that looks like the following:&lt;/p&gt;&#xA;&#xA;&lt;pre&gt;&lt;code&gt;&amp;lt;QueryDict: {u'{&quot;content&quot;:&quot;aa&quot;,&quot;id&quot;:&quot;1&quot;}': [u'']}&amp;gt;&#xA;&lt;/code&gt;&lt;/pre&gt;&#xA;&#xA;&lt;p&gt;How would I extract out &lt;code&gt;id&lt;/code&gt;?&lt;/p&gt;&#xA;&#xA;&lt;p&gt;I have tried doing &lt;code&gt;queryDictExample.get(&quot;id&quot;)&lt;/code&gt;, but it didn't work.&lt;/p&gt;&#xA;</Body>
<Tags>python,django</Tags>
</question>
<answer>
<Body>&lt;p&gt;You can use values_list on query dict, i.e.:&#xA;&lt;code&gt;MyDict.values_list('id')&lt;/code&gt; - it will return list of lists with id inside. To return list of id use MyDict.values_list('id', flat=True)&lt;/p&gt;&#xA;&#xA;&lt;p&gt;Useful links:&lt;/p&gt;&#xA;&#xA;&lt;p&gt;&lt;a href=&quot;https://docs.djangoproject.com/en/1.4/ref/models/querysets/#values-list&quot; rel=&quot;nofollow&quot;&gt;https://docs.djangoproject.com/en/1.4/ref/models/querysets/#values-list&lt;/a&gt;&lt;/p&gt;&#xA;&#xA;&lt;p&gt;&lt;a href=&quot;https://docs.djangoproject.com/en/1.4/ref/models/querysets/#values&quot; rel=&quot;nofollow&quot;&gt;https://docs.djangoproject.com/en/1.4/ref/models/querysets/#values&lt;/a&gt;&lt;/p&gt;&#xA;</Body>
</answer>
<answer>
<Body>&lt;p&gt;It seems like your client is posting JSON rather than formencoded data. Instead of accessing &lt;code&gt;request.POST&lt;/code&gt;, use &lt;code&gt;request.body&lt;/code&gt; (&lt;code&gt;request.raw_post_data&lt;/code&gt; in versions 1.3 or less) and use &lt;code&gt;json.loads()&lt;/code&gt; to convert to a dict.&lt;/p&gt;&#xA;</Body>
</answer>
<answer>
<Body>&lt;p&gt;Maybe this doesn't fully apply to you. But when I searched for this, your question was the first Stackoverflow question. &lt;/p&gt;&#xA;&#xA;&lt;p&gt;I just wanted to get basic POST data out in Django. So just using GET worked fine for me. As the others stated, it might be easier to better format whatever script is creating the query. &lt;/p&gt;&#xA;&#xA;&lt;p&gt;Basically I have a AJAX doing a post towards Django, the POST looks a bit like this:&lt;/p&gt;&#xA;&#xA;&lt;pre&gt;&lt;code&gt;params = name=somename&amp;amp;data=abcdefg&#xA;http.send(params);&#xA;&lt;/code&gt;&lt;/pre&gt;&#xA;&#xA;&lt;p&gt;then in my view.py, i did this :&lt;/p&gt;&#xA;&#xA;&lt;pre&gt;&lt;code&gt;def somefuntion(request):&#xA;    if request.method == 'POST':&#xA;        log.info('POST applied')&#xA;        alldata=request.POST&#xA;        log.debug(alldata)&#xA;        data = alldata.get(&quot;data&quot;, &quot;0&quot;)&#xA;        name = alldata.get(&quot;name&quot;, &quot;0&quot;)&#xA;        log.info(&quot;POST name: &quot; + name)&#xA;        log.info(&quot;POST data: &quot; + data)&#xA;&lt;/code&gt;&lt;/pre&gt;&#xA;&#xA;&lt;p&gt;The output of alldata was :&lt;/p&gt;&#xA;&#xA;&lt;pre&gt;&lt;code&gt;&amp;lt;QueryDict: {u'data': [u'abcdefg'], u'name': [u'somename']}&amp;gt;&#xA;&lt;/code&gt;&lt;/pre&gt;&#xA;&#xA;&lt;p&gt;and the get commands give :&lt;/p&gt;&#xA;&#xA;&lt;pre&gt;&lt;code&gt;name: somename&#xA;data: abcdefg&#xA;&lt;/code&gt;&lt;/pre&gt;&#xA;</Body>
</answer>
<answer>
<Body>&lt;p&gt;This works for multiple values:&lt;/p&gt;&#xA;&#xA;&lt;pre&gt;&lt;code&gt;dict(MyDict.lists())&#xA;&lt;/code&gt;&lt;/pre&gt;&#xA;&#xA;&lt;p&gt;Dict keys are query vars, and dict values are lists of query values.&lt;/p&gt;&#xA;</Body>
</answer>
<answer>
<Body>&lt;p&gt;You can use - &lt;code&gt;request.data.get(&quot;content&quot;)&lt;/code&gt; This will give you the data directly if in front end (jQuery,Angular) you have NOT used &lt;code&gt;JSON.stringify(data)&lt;/code&gt;.&lt;/p&gt;&#xA;</Body>
</answer>
<answer>
<Body>&lt;p&gt;this one works also for values that are lists:&lt;/p&gt;&#xA;&#xA;&lt;pre&gt;&lt;code&gt;dict_ = {k: qdict.getlist(k) if len(qdict.getlist(k))&amp;gt;1 else v for k, v in qdict.items()}&#xA;&lt;/code&gt;&lt;/pre&gt;&#xA;</Body>
</answer>
<answer>
<Body>&lt;p&gt;I just experienced the same problem. It happened when I was trying to have my request data be held in request.POST instead of request.body. I was using Django with a trusted backend route already configured to work with request.POST&lt;/p&gt;&#xA;&#xA;&lt;p&gt;In order to send the data within request.POST with the fetch API I had to use 'Content-Type': 'application/x-www-form-urlencoded; charset=UTF-8' which turned my JSON stringifed data into a format like above.&lt;/p&gt;&#xA;&#xA;&lt;p&gt;In learning how to serialize data from Daniel's answer I came across $.param(data), a jquery function which should format it correctly for you. &lt;/p&gt;&#xA;</Body>
</answer>
