<question>
<Title>python regular expression match comma</Title>
<Body>&lt;p&gt;In the following string,how to match the words including the commas&lt;/p&gt;&#xA;&#xA;&lt;ol&gt;&#xA;&lt;li&gt;&lt;p&gt;--&lt;/p&gt;&#xA;&#xA;&lt;pre&gt;&lt;code&gt;process_str = &quot;Marry,had ,a,alittle,lamb&quot;&#xA;import re&#xA;&#xA;re.findall(r&quot;.*&quot;,process_str)&#xA;['Marry,had ,a,alittle,lamb', '']&#xA;&lt;/code&gt;&lt;/pre&gt;&lt;/li&gt;&#xA;&lt;li&gt;&lt;p&gt;--&lt;/p&gt;&#xA;&#xA;&lt;pre&gt;&lt;code&gt;process_str=&quot;192.168.1.43,Marry,had ,a,alittle,lamb11&quot;&#xA;&#xA;import re&#xA;ip_addr = re.findall(r&quot;\d{1,3}\.\d{1,3}\.\d{1,3}\.\d{1,3}&quot;,l)          &#xA;re.findall(ip_addr,process_str1)&#xA;&lt;/code&gt;&lt;/pre&gt;&#xA;&#xA;&lt;p&gt;How to find the words after the ip address excluding the first comma only&#xA;i.e, the outout again is expected to be &lt;code&gt;Marry,had ,a,alittle,lamb11&lt;/code&gt;&lt;/p&gt;&lt;/li&gt;&#xA;&lt;li&gt;&lt;p&gt;In the second example above how to find if the string is ending with a digit.&lt;/p&gt;&lt;/li&gt;&#xA;&lt;/ol&gt;&#xA;</Body>
<Tags>python,regex</Tags>
</question>
<answer>
<Body>&lt;p&gt;In the second example, you just need to capture (using &lt;code&gt;()&lt;/code&gt;) everything that follows the ip:&lt;/p&gt;&#xA;&#xA;&lt;pre&gt;&lt;code&gt; import re&#xA;&#xA; s = &quot;192.168.1.43,Marry,had ,a,alittle,lamb11&quot;&#xA; text = re.findall(r&quot;\d{1,3}\.\d{1,3}\.\d{1,3}\.\d{1,3},(.*)&quot;, s)[0]&#xA; // text now holds the string Marry,had ,a,alittle,lamb11&#xA;&lt;/code&gt;&lt;/pre&gt;&#xA;&#xA;&lt;p&gt;To find out if the string ends with a digit, you can use the following:&lt;/p&gt;&#xA;&#xA;&lt;pre&gt;&lt;code&gt;re.match(&quot;.*\d$&quot;, process_str)&#xA;&lt;/code&gt;&lt;/pre&gt;&#xA;&#xA;&lt;p&gt;That is, you match the entire string (&lt;code&gt;.*&lt;/code&gt;), and then backtrack to test if the last character (using &lt;code&gt;$&lt;/code&gt;, which matches the end of the string) is a digit.&lt;/p&gt;&#xA;</Body>
</answer>
<answer>
<Body>&lt;p&gt;Find the words including the commas, that's how I understand this sentence:&lt;/p&gt;&#xA;&#xA;&lt;pre&gt;&lt;code&gt;&amp;gt;&amp;gt;&amp;gt; re.findall(&quot;\w+,*&quot;, process_str)&#xA;['Marry,', 'had', 'a,', 'alittle,', 'lamb']&#xA;&lt;/code&gt;&lt;/pre&gt;&#xA;&#xA;&lt;p&gt;ending with a didgit:&lt;/p&gt;&#xA;&#xA;&lt;pre&gt;&lt;code&gt;&quot;[0-9]+$&quot;&#xA;&lt;/code&gt;&lt;/pre&gt;&#xA;</Body>
</answer>
<answer>
<Body>&lt;p&gt;Hmm. The examples are not quite clear, but it seems in example #2, you want to only match text , commas, space-chars, and ignore digits? How about this:&lt;/p&gt;&#xA;&#xA;&lt;pre&gt;&lt;code&gt;re.findall('(?i)([a-z, ]+), process_str)&#xA;&lt;/code&gt;&lt;/pre&gt;&#xA;&#xA;&lt;p&gt;I didn't quite understand the &quot;if the string is ending with a digit&quot;. Does that mean you ONLY want to match 'Mary...' IF it ends with a digit? Then that would look like this:&lt;/p&gt;&#xA;&#xA;&lt;pre&gt;&lt;code&gt;re.findall('(?i)([a-z, ]+)\d+, process_str)&#xA;&lt;/code&gt;&lt;/pre&gt;&#xA;</Body>
</answer>
