<question>
<Title>Iterating in Python lists - does it copy or use iterator?</Title>
<Body>&lt;p&gt;I have a list like this &lt;/p&gt;&#xA;&#xA;&lt;pre&gt;&lt;code&gt;a = [ [ 1,2,3 ], [ 4,5,6] ]&#xA;&lt;/code&gt;&lt;/pre&gt;&#xA;&#xA;&lt;p&gt;If I write &lt;/p&gt;&#xA;&#xA;&lt;pre&gt;&lt;code&gt;for x in a:&#xA;    do something with x&#xA;&lt;/code&gt;&lt;/pre&gt;&#xA;&#xA;&lt;p&gt;Is the first list from &lt;code&gt;a&lt;/code&gt; copied into &lt;code&gt;x&lt;/code&gt;? Or does python do that with an iterator without doing any extra copying?&lt;/p&gt;&#xA;</Body>
<Tags>python,list,iteration,name-binding</Tags>
</question>
<answer>
<Body>&lt;p&gt;Python does not copy an item from a into x. It simply refers to the first element of a as x. That means: when you modify x, you also modify the element of a.&lt;/p&gt;&#xA;&#xA;&lt;p&gt;Here's an example:&lt;/p&gt;&#xA;&#xA;&lt;pre&gt;&lt;code&gt;&amp;gt;&amp;gt;&amp;gt; a = [ [ 1,2,3 ], [ 4,5,6] ]&#xA;&amp;gt;&amp;gt;&amp;gt; for x in a:&#xA;...     x.append(5)&#xA;... &#xA;&amp;gt;&amp;gt;&amp;gt; a&#xA;[[1, 2, 3, 5], [4, 5, 6, 5]]&#xA;&lt;/code&gt;&lt;/pre&gt;&#xA;</Body>
</answer>
<answer>
<Body>&lt;p&gt;First, those are mutable lists &lt;code&gt;[1, 2, 3]&lt;/code&gt;, not immutable tuples &lt;code&gt;(1, 2, 3)&lt;/code&gt;.&lt;/p&gt;&#xA;&#xA;&lt;p&gt;Second, the answer is that they are not copied but passed by reference.  So with the case of the mutable lists, if you change a value of &lt;code&gt;x&lt;/code&gt; in your example, &lt;code&gt;a&lt;/code&gt; will be modified as well.&lt;/p&gt;&#xA;</Body>
</answer>
<answer>
<Body>&lt;p&gt;The &lt;code&gt;for element in aList:&lt;/code&gt; does the following: it creates a label named &lt;code&gt;element&lt;/code&gt; which refers to the first item of the list, then the second ... until it reaches the last. It does not copy the item in the list.&lt;/p&gt;&#xA;&#xA;&lt;p&gt;Writing &lt;code&gt;x.append(5)&lt;/code&gt; will modify the item. Writing &lt;code&gt;x = [4, 5, 6]&lt;/code&gt; will only rebind the &lt;code&gt;x&lt;/code&gt; label to a new object, so it won't affect &lt;code&gt;a&lt;/code&gt;.&lt;/p&gt;&#xA;</Body>
</answer>
