<question>
<Title>How to get links on a webpage using mechanize and open those links</Title>
<Body>&lt;p&gt;I want to use mechanize with python to get all the links of the page, and then open the links.How can I do it?&lt;/p&gt;&#xA;</Body>
<Tags>python,mechanize</Tags>
</question>
<answer>
<Body>&lt;p&gt;The &lt;code&gt;Browser&lt;/code&gt; object in &lt;code&gt;mechanize&lt;/code&gt; has a &lt;code&gt;links&lt;/code&gt; method that will retrieve all the links on the page.&lt;/p&gt;&#xA;</Body>
</answer>
<answer>
<Body>&lt;p&gt;Here is an example from the project's &lt;a href=&quot;http://wwwsearch.sourceforge.net/mechanize/&quot; rel=&quot;noreferrer&quot;&gt;page&lt;/a&gt;:&lt;/p&gt;&#xA;&#xA;&lt;pre&gt;&lt;code&gt;&#xA;import re&#xA;from mechanize import Browser&#xA;&#xA;br = Browser()&#xA;br.open(&quot;http://www.example.com/&quot;)&#xA;&#xA;# ...&#xA;&#xA;# .links() optionally accepts the keyword args of .follow_/.find_link()&#xA;for link in br.links(url_regex=&quot;python.org&quot;):&#xA;    print link&#xA;    br.follow_link(link)  # takes EITHER Link instance OR keyword args&#xA;    br.back()&#xA;&lt;/code&gt;&lt;/pre&gt;&#xA;</Body>
</answer>
