<question>
<Title>Using try/catch in WindowProc MFC</Title>
<Body>&lt;p&gt;If I use try/catch in WindowProc override of MFC window/view classes there is a performance hit. Why is it so and what is the alternative ?&lt;/p&gt;&#xA;&#xA;&lt;p&gt;This I caught as a result of profiling. Removing the block makes the function consume much lesser time. I am using MS VS 2008.&lt;/p&gt;&#xA;</Body>
<Tags>c++,mfc</Tags>
</question>
<answer>
<Body>&lt;p&gt;Just using try/catch should not produce a performance hit - maybe you are throwing too many exceptions? Have you profiled your code to find out where the performance hit is coming from?&lt;/p&gt;&#xA;</Body>
</answer>
<answer>
<Body>&lt;p&gt;In &lt;a href=&quot;https://stackoverflow.com/questions/951380/usage-of-try-catch-blocks-in-c&quot;&gt;usage-of-try-catch-blocks-in-c&lt;/a&gt; Todd Gardner explains that compilers use the &quot;table&quot; approach or the &quot;code&quot; approach to implement exceptions. The &quot;code&quot; approach explains the performance hit.&lt;/p&gt;&#xA;</Body>
</answer>
<answer>
<Body>&lt;p&gt;I'm sure you are aware that WindowProc handles a LOT of traffic. Any code outside the &lt;em&gt;switch (message)&lt;/em&gt; loop will be executed by every message that goes through the pump.&lt;/p&gt;&#xA;&#xA;&lt;p&gt;I just made a small dialog based MFC app, where I override the WindowProc and simply count how many times it gets called. Test showed that just moving the mouse cursor over the dialog generates more than 1000 WindowProc calls per second. &lt;/p&gt;&#xA;&#xA;&lt;p&gt;Just something to think about.&lt;/p&gt;&#xA;&#xA;&lt;p&gt;p.s. I would have added this as a comment, but I don't have enough reputation score for it yet.&lt;/p&gt;&#xA;</Body>
</answer>
<answer>
<Body>&lt;p&gt;In your app class, take a look at overriding &lt;a href=&quot;http://msdn.microsoft.com/en-us/library/93k07whb(VS.80).aspx&quot; rel=&quot;nofollow noreferrer&quot;&gt;&lt;code&gt;CWinApp::ProcessWndProcException&lt;/code&gt;&lt;/a&gt;. This gives you a chance at uncaught MFC &lt;code&gt;CException&lt;/code&gt;s (and derivatives) raised in any command or message handler.&lt;/p&gt;&#xA;&#xA;&lt;p&gt;If you need a last chance at EVERYTHING you need to look at installing your own SEH filter.&lt;/p&gt;&#xA;</Body>
</answer>
<answer>
<Body>&lt;p&gt;The alternative is to put the try-catch around your own code. Most of the calls to your WndProc end up in DefaultWindowProc*, which doesn't throw C++ exceptions. So, by moving the try/catch closer to your own code, you save a lot of overhead.&lt;/p&gt;&#xA;&#xA;&lt;p&gt;[*] DefaultWindowProc might throw SEH exceptions, for instance to grow the stack, but you're not supposed to handle those. &lt;/p&gt;&#xA;</Body>
</answer>
