<question>
<Title>Windows Folder Share API</Title>
<Body>&lt;p&gt;is there a WIN32 API available to manage folder sharing in Windows? Some links to examples will be helpful. Thanks.&lt;/p&gt;&#xA;</Body>
<Tags>c++,winapi,file-sharing</Tags>
</question>
<answer>
<Body>&lt;p&gt;Yes, since Windows 2000 Professional there's a networking API available in netapi32.dll which provides this functionality. Functions like NetShareAdd, NetShareCheck, NetShareDel let you manage the shared files. See&lt;/p&gt;&#xA;&#xA;&lt;p&gt;&lt;a href=&quot;http://msdn.microsoft.com/en-us/library/bb525393(VS.85).aspx&quot; rel=&quot;noreferrer&quot;&gt;http://msdn.microsoft.com/en-us/library/bb525393(VS.85).aspx&lt;/a&gt;&lt;/p&gt;&#xA;&#xA;&lt;p&gt;for more information,&lt;/p&gt;&#xA;</Body>
</answer>
<answer>
<Body>&lt;p&gt;There is &lt;a href=&quot;http://www.codeproject.com/KB/system/Share-Folder-c_.aspx&quot; rel=&quot;nofollow noreferrer&quot;&gt;a tutorial for doing this with C#&lt;/a&gt;, might be some help?&lt;/p&gt;&#xA;</Body>
</answer>
