<question>
<Title>How do you make a HTTP request with C++?</Title>
<Body>&lt;p&gt;Is there any way to easily make a HTTP request with C++?  Specifically, I want to download the contents of a page (an API) and check the contents to see if it contains a 1 or a 0. Is it also possible to download the contents into a string?&lt;/p&gt;&#xA;</Body>
<Tags>c++,httprequest</Tags>
</question>
<answer>
<Body>&lt;p&gt;C++ does not provide any way to do it directly. It would entirely depend on what platforms and libraries that you have.&lt;/p&gt;&#xA;&#xA;&lt;p&gt;At worst case, you can use the boost::asio library to establish a TCP connection, send the HTTP headers (RFC 2616), and parse the responses directly. Looking at your application needs, this is simple enough to do.&lt;/p&gt;&#xA;</Body>
</answer>
<answer>
<Body>&lt;p&gt;&lt;a href=&quot;http://curl.haxx.se/&quot; rel=&quot;noreferrer&quot;&gt;libCURL&lt;/a&gt; is a pretty good option for you. Depending on what you need to do, the &lt;a href=&quot;http://curl.haxx.se/libcurl/c/libcurl-tutorial.html&quot; rel=&quot;noreferrer&quot;&gt;tutorial&lt;/a&gt; should tell you what you want, specifically for the easy handle. But, basically, you could do this just to see the source of a page:&lt;/p&gt;&#xA;&#xA;&lt;pre&gt;&lt;code&gt;CURL* c;&#xA;c = curl_easy_init();&#xA;curl_easy_setopt( c, CURL_URL, &quot;www.google.com&quot; );&#xA;curl_easy_perform( c );&#xA;curl_easy_cleanup( c );&#xA;&lt;/code&gt;&lt;/pre&gt;&#xA;&#xA;&lt;p&gt;I believe this will cause the result to be printed to stdout. If you want to handle it instead -- which, I assume, you do -- you need to set the CURL_WRITEFUNCTION. All of that is covered in the curl tutorial linked above.&lt;/p&gt;&#xA;</Body>
</answer>
<answer>
<Body>&lt;p&gt;C and C++ don't have a standard library for HTTP or even for socket connections. Over the years some portable libraries have been developed. The most widely used, as others have said, is &lt;a href=&quot;http://curl.haxx.se/libcurl/&quot; rel=&quot;nofollow noreferrer&quot;&gt;libcurl&lt;/a&gt;.&lt;/p&gt;&#xA;&#xA;&lt;p&gt;Here is a &lt;a href=&quot;http://curl.haxx.se/libcurl/competitors.html&quot; rel=&quot;nofollow noreferrer&quot;&gt;list&lt;/a&gt; of alternatives to libcurl (coming from the libcurl's web site).&lt;/p&gt;&#xA;&#xA;&lt;p&gt;Also, for Linux, &lt;a href=&quot;http://coding.debuntu.org/c-linux-socket-programming-tcp-simple-http-client&quot; rel=&quot;nofollow noreferrer&quot;&gt;this&lt;/a&gt; is a simple HTTP client. You could implement your own simple HTTP GET client, but this won't work if there are authentication or redirects involved or if you need to work behind a proxy. For these cases you need a full-blown library like libcurl.&lt;/p&gt;&#xA;&#xA;&lt;p&gt;For source code with libcurl, &lt;a href=&quot;http://curl.haxx.se/lxr/source/docs/examples/htmltitle.cc&quot; rel=&quot;nofollow noreferrer&quot;&gt;this&lt;/a&gt; is the closest to what you want (Libcurl has many &lt;a href=&quot;http://curl.haxx.se/libcurl/c/example.html&quot; rel=&quot;nofollow noreferrer&quot;&gt;examples&lt;/a&gt;). Look at the main function. The html content will be copied to the buffer, after a successfully connection. Just replace parseHtml with your own function.&lt;/p&gt;&#xA;</Body>
</answer>
<answer>
<Body>&lt;p&gt;I had the same problem. &lt;a href=&quot;http://curl.haxx.se/libcurl/&quot; rel=&quot;noreferrer&quot;&gt;libcurl&lt;/a&gt; is really complete. There is a C++ wrapper &lt;a href=&quot;http://www.curlpp.org/&quot; rel=&quot;noreferrer&quot;&gt;curlpp&lt;/a&gt; that might interest you as you ask for a C++ library. &lt;a href=&quot;http://www.webdav.org/neon/&quot; rel=&quot;noreferrer&quot;&gt;neon&lt;/a&gt; is another interesting C library that also support &lt;a href=&quot;https://fr.wikipedia.org/wiki/WebDAV&quot; rel=&quot;noreferrer&quot;&gt;WebDAV&lt;/a&gt;.&lt;/p&gt;&#xA;&#xA;&lt;p&gt;curlpp seems natural if you use C++. There are many examples provided in the source distribution.&#xA;To get the content of an URL you do something like that (extracted from examples) :&lt;/p&gt;&#xA;&#xA;&lt;pre&gt;&lt;code&gt;// Edit : rewritten for cURLpp 0.7.3&#xA;// Note : namespace changed, was cURLpp in 0.7.2 ...&#xA;&#xA;#include &amp;lt;curlpp/cURLpp.hpp&amp;gt;&#xA;#include &amp;lt;curlpp/Options.hpp&amp;gt;&#xA;&#xA;// RAII cleanup&#xA;&#xA;curlpp::Cleanup myCleanup;&#xA;&#xA;// Send request and get a result.&#xA;// Here I use a shortcut to get it in a string stream ...&#xA;&#xA;std::ostringstream os;&#xA;os &amp;lt;&amp;lt; curlpp::options::Url(std::string(&quot;http://www.wikipedia.org&quot;));&#xA;&#xA;string asAskedInQuestion = os.str();&#xA;&lt;/code&gt;&lt;/pre&gt;&#xA;&#xA;&lt;p&gt;See the &lt;code&gt;examples&lt;/code&gt; directory in &lt;a href=&quot;https://github.com/jpbarrette/curlpp&quot; rel=&quot;noreferrer&quot;&gt;curlpp source distribution&lt;/a&gt;, there is a lot of more complex cases, as well as a &lt;a href=&quot;https://github.com/jpbarrette/curlpp/blob/master/examples/example22.cpp&quot; rel=&quot;noreferrer&quot;&gt;simple complete minimal one&lt;/a&gt; using curlpp.&lt;/p&gt;&#xA;&#xA;&lt;p&gt;my 2 cents ...&lt;/p&gt;&#xA;</Body>
</answer>
<answer>
<Body>&lt;p&gt;As you want a C++ solution, you could use &lt;a href=&quot;http://www.qt.io&quot; rel=&quot;noreferrer&quot;&gt;Qt&lt;/a&gt;. It has a QHttp class you can use.&lt;/p&gt;&#xA;&#xA;&lt;p&gt;You can check the &lt;a href=&quot;http://doc.qt.digia.com/4.5/qhttp.html&quot; rel=&quot;noreferrer&quot;&gt;docs&lt;/a&gt;:&lt;/p&gt;&#xA;&#xA;&lt;pre&gt;&lt;code&gt;http-&amp;gt;setHost(&quot;qt.nokia.com&quot;);&#xA;http-&amp;gt;get(QUrl::toPercentEncoding(&quot;/index.html&quot;));&#xA;&lt;/code&gt;&lt;/pre&gt;&#xA;&#xA;&lt;p&gt;Qt also has a lot more to it that you could use in a common C++ app.&lt;/p&gt;&#xA;</Body>
</answer>
<answer>
<Body>&lt;p&gt;On Linux, I tried cpp-netlib, libcurl, curlpp, urdl, boost::asio and considered Qt (but turned it down based on the license). All of these were either incomplete for this use, had sloppy interfaces, had poor documentation, were unmaintained or didn't support https.&lt;/p&gt;&#xA;&#xA;&lt;p&gt;Then, at the suggestion of &lt;a href=&quot;https://stackoverflow.com/a/1012577/278976&quot;&gt;https://stackoverflow.com/a/1012577/278976&lt;/a&gt;, I tried POCO. Wow, I wish I had seen this years ago. Here's an example of making an HTTP GET request:&lt;/p&gt;&#xA;&#xA;&lt;p&gt;&lt;a href=&quot;http://xjia.heroku.com/2011/09/10/learning-poco-get-with-http/&quot; rel=&quot;noreferrer&quot;&gt;http://xjia.heroku.com/2011/09/10/learning-poco-get-with-http/&lt;/a&gt;&lt;/p&gt;&#xA;&#xA;&lt;p&gt;POCO is free, open source (boost license). And no, I don't have any affiliation with the company; I just really like their interfaces. Great job guys (and gals).&lt;/p&gt;&#xA;&#xA;&lt;p&gt;&lt;a href=&quot;http://pocoproject.org/download/index.html&quot; rel=&quot;noreferrer&quot;&gt;http://pocoproject.org/download/index.html&lt;/a&gt;&lt;/p&gt;&#xA;&#xA;&lt;p&gt;Hope this helps someone... it took me three days to try all of these libraries out.&lt;/p&gt;&#xA;</Body>
</answer>
<answer>
<Body>&lt;p&gt;Windows code:&lt;/p&gt;&#xA;&#xA;&lt;pre&gt;&lt;code&gt;#include &amp;lt;string.h&amp;gt;&#xA;#include &amp;lt;winsock2.h&amp;gt;&#xA;#include &amp;lt;windows.h&amp;gt;&#xA;#include &amp;lt;iostream&amp;gt;&#xA;#include &amp;lt;vector&amp;gt;&#xA;#include &amp;lt;locale&amp;gt;&#xA;#include &amp;lt;sstream&amp;gt;&#xA;using namespace std;&#xA;#pragma comment(lib,&quot;ws2_32.lib&quot;)&#xA;&#xA;&#xA;&#xA;&#xA;int main( void ){&#xA;&#xA;WSADATA wsaData;&#xA;SOCKET Socket;&#xA;SOCKADDR_IN SockAddr;&#xA;int lineCount=0;&#xA;int rowCount=0;&#xA;struct hostent *host;&#xA;locale local;&#xA;char buffer[10000];&#xA;int i = 0 ;&#xA;int nDataLength;&#xA;string website_HTML;&#xA;&#xA;// website url&#xA;string url = &quot;www.google.com&quot;;&#xA;&#xA;//HTTP GET&#xA;string get_http = &quot;GET / HTTP/1.1\r\nHost: &quot; + url + &quot;\r\nConnection: close\r\n\r\n&quot;;&#xA;&#xA;&#xA;    if (WSAStartup(MAKEWORD(2,2), &amp;amp;wsaData) != 0){&#xA;        cout &amp;lt;&amp;lt; &quot;WSAStartup failed.\n&quot;;&#xA;        system(&quot;pause&quot;);&#xA;        //return 1;&#xA;    }&#xA;&#xA;    Socket=socket(AF_INET,SOCK_STREAM,IPPROTO_TCP);&#xA;    host = gethostbyname(url.c_str());&#xA;&#xA;    SockAddr.sin_port=htons(80);&#xA;    SockAddr.sin_family=AF_INET;&#xA;    SockAddr.sin_addr.s_addr = *((unsigned long*)host-&amp;gt;h_addr);&#xA;&#xA;    if(connect(Socket,(SOCKADDR*)(&amp;amp;SockAddr),sizeof(SockAddr)) != 0){&#xA;        cout &amp;lt;&amp;lt; &quot;Could not connect&quot;;&#xA;        system(&quot;pause&quot;);&#xA;        //return 1;&#xA;    }&#xA;&#xA;    // send GET / HTTP&#xA;    send(Socket,get_http.c_str(), strlen(get_http.c_str()),0 );&#xA;&#xA;    // recieve html&#xA;    while ((nDataLength = recv(Socket,buffer,10000,0)) &amp;gt; 0){        &#xA;        int i = 0;&#xA;        while (buffer[i] &amp;gt;= 32 || buffer[i] == '\n' || buffer[i] == '\r'){&#xA;&#xA;            website_HTML+=buffer[i];&#xA;            i += 1;&#xA;        }               &#xA;    }&#xA;&#xA;    closesocket(Socket);&#xA;    WSACleanup();&#xA;&#xA;    // Display HTML source &#xA;    cout&amp;lt;&amp;lt;website_HTML;&#xA;&#xA;    // pause&#xA;    cout&amp;lt;&amp;lt;&quot;\n\nPress ANY key to close.\n\n&quot;;&#xA;    cin.ignore(); cin.get(); &#xA;&#xA;&#xA; return 0;&#xA;}&#xA;&lt;/code&gt;&lt;/pre&gt;&#xA;&#xA;&lt;p&gt;Here is a much better implementation: &lt;/p&gt;&#xA;&#xA;&lt;pre&gt;&lt;code&gt;#include &amp;lt;windows.h&amp;gt;&#xA;#include &amp;lt;string&amp;gt;&#xA;#include &amp;lt;stdio.h&amp;gt;&#xA;&#xA;using std::string;&#xA;&#xA;#pragma comment(lib,&quot;ws2_32.lib&quot;)&#xA;&#xA;&#xA;HINSTANCE hInst;&#xA;WSADATA wsaData;&#xA;void mParseUrl(char *mUrl, string &amp;amp;serverName, string &amp;amp;filepath, string &amp;amp;filename);&#xA;SOCKET connectToServer(char *szServerName, WORD portNum);&#xA;int getHeaderLength(char *content);&#xA;char *readUrl2(char *szUrl, long &amp;amp;bytesReturnedOut, char **headerOut);&#xA;&#xA;&#xA;int main()&#xA;{&#xA;    const int bufLen = 1024;&#xA;    char *szUrl = &quot;http://stackoverflow.com&quot;;&#xA;    long fileSize;&#xA;    char *memBuffer, *headerBuffer;&#xA;    FILE *fp;&#xA;&#xA;    memBuffer = headerBuffer = NULL;&#xA;&#xA;    if ( WSAStartup(0x101, &amp;amp;wsaData) != 0)&#xA;        return -1;&#xA;&#xA;&#xA;    memBuffer = readUrl2(szUrl, fileSize, &amp;amp;headerBuffer);&#xA;    printf(&quot;returned from readUrl\n&quot;);&#xA;    printf(&quot;data returned:\n%s&quot;, memBuffer);&#xA;    if (fileSize != 0)&#xA;    {&#xA;        printf(&quot;Got some data\n&quot;);&#xA;        fp = fopen(&quot;downloaded.file&quot;, &quot;wb&quot;);&#xA;        fwrite(memBuffer, 1, fileSize, fp);&#xA;        fclose(fp);&#xA;         delete(memBuffer);&#xA;        delete(headerBuffer);&#xA;    }&#xA;&#xA;    WSACleanup();&#xA;    return 0;&#xA;}&#xA;&#xA;&#xA;void mParseUrl(char *mUrl, string &amp;amp;serverName, string &amp;amp;filepath, string &amp;amp;filename)&#xA;{&#xA;    string::size_type n;&#xA;    string url = mUrl;&#xA;&#xA;    if (url.substr(0,7) == &quot;http://&quot;)&#xA;        url.erase(0,7);&#xA;&#xA;    if (url.substr(0,8) == &quot;https://&quot;)&#xA;        url.erase(0,8);&#xA;&#xA;    n = url.find('/');&#xA;    if (n != string::npos)&#xA;    {&#xA;        serverName = url.substr(0,n);&#xA;        filepath = url.substr(n);&#xA;        n = filepath.rfind('/');&#xA;        filename = filepath.substr(n+1);&#xA;    }&#xA;&#xA;    else&#xA;    {&#xA;        serverName = url;&#xA;        filepath = &quot;/&quot;;&#xA;        filename = &quot;&quot;;&#xA;    }&#xA;}&#xA;&#xA;SOCKET connectToServer(char *szServerName, WORD portNum)&#xA;{&#xA;    struct hostent *hp;&#xA;    unsigned int addr;&#xA;    struct sockaddr_in server;&#xA;    SOCKET conn;&#xA;&#xA;    conn = socket(AF_INET, SOCK_STREAM, IPPROTO_TCP);&#xA;    if (conn == INVALID_SOCKET)&#xA;        return NULL;&#xA;&#xA;    if(inet_addr(szServerName)==INADDR_NONE)&#xA;    {&#xA;        hp=gethostbyname(szServerName);&#xA;    }&#xA;    else&#xA;    {&#xA;        addr=inet_addr(szServerName);&#xA;        hp=gethostbyaddr((char*)&amp;amp;addr,sizeof(addr),AF_INET);&#xA;    }&#xA;&#xA;    if(hp==NULL)&#xA;    {&#xA;        closesocket(conn);&#xA;        return NULL;&#xA;    }&#xA;&#xA;    server.sin_addr.s_addr=*((unsigned long*)hp-&amp;gt;h_addr);&#xA;    server.sin_family=AF_INET;&#xA;    server.sin_port=htons(portNum);&#xA;    if(connect(conn,(struct sockaddr*)&amp;amp;server,sizeof(server)))&#xA;    {&#xA;        closesocket(conn);&#xA;        return NULL;&#xA;    }&#xA;    return conn;&#xA;}&#xA;&#xA;int getHeaderLength(char *content)&#xA;{&#xA;    const char *srchStr1 = &quot;\r\n\r\n&quot;, *srchStr2 = &quot;\n\r\n\r&quot;;&#xA;    char *findPos;&#xA;    int ofset = -1;&#xA;&#xA;    findPos = strstr(content, srchStr1);&#xA;    if (findPos != NULL)&#xA;    {&#xA;        ofset = findPos - content;&#xA;        ofset += strlen(srchStr1);&#xA;    }&#xA;&#xA;    else&#xA;    {&#xA;        findPos = strstr(content, srchStr2);&#xA;        if (findPos != NULL)&#xA;        {&#xA;            ofset = findPos - content;&#xA;            ofset += strlen(srchStr2);&#xA;        }&#xA;    }&#xA;    return ofset;&#xA;}&#xA;&#xA;char *readUrl2(char *szUrl, long &amp;amp;bytesReturnedOut, char **headerOut)&#xA;{&#xA;    const int bufSize = 512;&#xA;    char readBuffer[bufSize], sendBuffer[bufSize], tmpBuffer[bufSize];&#xA;    char *tmpResult=NULL, *result;&#xA;    SOCKET conn;&#xA;    string server, filepath, filename;&#xA;    long totalBytesRead, thisReadSize, headerLen;&#xA;&#xA;    mParseUrl(szUrl, server, filepath, filename);&#xA;&#xA;    ///////////// step 1, connect //////////////////////&#xA;    conn = connectToServer((char*)server.c_str(), 80);&#xA;&#xA;    ///////////// step 2, send GET request /////////////&#xA;    sprintf(tmpBuffer, &quot;GET %s HTTP/1.0&quot;, filepath.c_str());&#xA;    strcpy(sendBuffer, tmpBuffer);&#xA;    strcat(sendBuffer, &quot;\r\n&quot;);&#xA;    sprintf(tmpBuffer, &quot;Host: %s&quot;, server.c_str());&#xA;    strcat(sendBuffer, tmpBuffer);&#xA;    strcat(sendBuffer, &quot;\r\n&quot;);&#xA;    strcat(sendBuffer, &quot;\r\n&quot;);&#xA;    send(conn, sendBuffer, strlen(sendBuffer), 0);&#xA;&#xA;//    SetWindowText(edit3Hwnd, sendBuffer);&#xA;    printf(&quot;Buffer being sent:\n%s&quot;, sendBuffer);&#xA;&#xA;    ///////////// step 3 - get received bytes ////////////////&#xA;    // Receive until the peer closes the connection&#xA;    totalBytesRead = 0;&#xA;    while(1)&#xA;    {&#xA;        memset(readBuffer, 0, bufSize);&#xA;        thisReadSize = recv (conn, readBuffer, bufSize, 0);&#xA;&#xA;        if ( thisReadSize &amp;lt;= 0 )&#xA;            break;&#xA;&#xA;        tmpResult = (char*)realloc(tmpResult, thisReadSize+totalBytesRead);&#xA;&#xA;        memcpy(tmpResult+totalBytesRead, readBuffer, thisReadSize);&#xA;        totalBytesRead += thisReadSize;&#xA;    }&#xA;&#xA;    headerLen = getHeaderLength(tmpResult);&#xA;    long contenLen = totalBytesRead-headerLen;&#xA;    result = new char[contenLen+1];&#xA;    memcpy(result, tmpResult+headerLen, contenLen);&#xA;    result[contenLen] = 0x0;&#xA;    char *myTmp;&#xA;&#xA;    myTmp = new char[headerLen+1];&#xA;    strncpy(myTmp, tmpResult, headerLen);&#xA;    myTmp[headerLen] = NULL;&#xA;    delete(tmpResult);&#xA;    *headerOut = myTmp;&#xA;&#xA;    bytesReturnedOut = contenLen;&#xA;    closesocket(conn);&#xA;    return(result);&#xA;}&#xA;&lt;/code&gt;&lt;/pre&gt;&#xA;</Body>
</answer>
<answer>
<Body>&lt;p&gt;You may want to check &lt;a href=&quot;https://github.com/Microsoft/cpprestsdk&quot; rel=&quot;nofollow noreferrer&quot;&gt;C++ REST SDK&lt;/a&gt; (codename &quot;Casablanca&quot;). &lt;a href=&quot;http://msdn.microsoft.com/en-us/library/jj950081.aspx&quot; rel=&quot;nofollow noreferrer&quot;&gt;http://msdn.microsoft.com/en-us/library/jj950081.aspx&lt;/a&gt;&lt;/p&gt;&#xA;&#xA;&lt;p&gt;With the C++ REST SDK, you can more easily connect to HTTP servers from your C++ app.&lt;/p&gt;&#xA;&#xA;&lt;p&gt;Usage example:&lt;/p&gt;&#xA;&#xA;&lt;pre&gt;&lt;code&gt;#include &amp;lt;iostream&amp;gt;&#xA;#include &amp;lt;cpprest/http_client.h&amp;gt;&#xA;&#xA;using namespace web::http;                  // Common HTTP functionality&#xA;using namespace web::http::client;          // HTTP client features&#xA;&#xA;int main(int argc, char** argv) {&#xA;    http_client client(&quot;http://httpbin.org/&quot;);&#xA;&#xA;    http_response response;&#xA;    // ordinary `get` request&#xA;    response = client.request(methods::GET, &quot;/get&quot;).get();&#xA;    std::cout &amp;lt;&amp;lt; response.extract_string().get() &amp;lt;&amp;lt; &quot;\n&quot;;&#xA;&#xA;    // working with json&#xA;    response = client.request(methods::GET, &quot;/get&quot;).get();&#xA;    std::cout &amp;lt;&amp;lt; &quot;url: &quot; &amp;lt;&amp;lt; response.extract_json().get()[U(&quot;url&quot;)] &amp;lt;&amp;lt; &quot;\n&quot;;&#xA;}&#xA;&lt;/code&gt;&lt;/pre&gt;&#xA;&#xA;&lt;p&gt;The C++ REST SDK is a Microsoft project for cloud-based client-server communication in native code using a modern asynchronous C++ API design.&lt;/p&gt;&#xA;</Body>
</answer>
<answer>
<Body>&lt;p&gt;Generally I'd recommend something cross-platform like cURL, POCO, or Qt. However, here is a Windows example!:    &lt;/p&gt;&#xA;&#xA;&lt;pre&gt;&lt;code&gt;#include &amp;lt;atlbase.h&amp;gt;&#xA;#include &amp;lt;msxml6.h&amp;gt;&#xA;#include &amp;lt;comutil.h&amp;gt; // _bstr_t&#xA;&#xA;HRESULT hr;&#xA;CComPtr&amp;lt;IXMLHTTPRequest&amp;gt; request;&#xA;&#xA;hr = request.CoCreateInstance(CLSID_XMLHTTP60);&#xA;hr = request-&amp;gt;open(&#xA;    _bstr_t(&quot;GET&quot;),&#xA;    _bstr_t(&quot;https://www.google.com/images/srpr/logo11w.png&quot;),&#xA;    _variant_t(VARIANT_FALSE),&#xA;    _variant_t(),&#xA;    _variant_t());&#xA;hr = request-&amp;gt;send(_variant_t());&#xA;&#xA;// get status - 200 if succuss&#xA;long status;&#xA;hr = request-&amp;gt;get_status(&amp;amp;status);&#xA;&#xA;// load image data (if url points to an image)&#xA;VARIANT responseVariant;&#xA;hr = request-&amp;gt;get_responseStream(&amp;amp;responseVariant);&#xA;IStream* stream = (IStream*)responseVariant.punkVal;&#xA;CImage *image = new CImage();&#xA;image-&amp;gt;Load(stream);&#xA;stream-&amp;gt;Release();&#xA;&lt;/code&gt;&lt;/pre&gt;&#xA;</Body>
</answer>
<answer>
<Body>&lt;p&gt;Here is some (relatively) simple C++11 code that uses libCURL to download a URL's content into a &lt;code&gt;std::vector&amp;lt;char&amp;gt;&lt;/code&gt;:&lt;/p&gt;&#xA;&#xA;&lt;h3&gt;http_download.hh&lt;/h3&gt;&#xA;&#xA;&lt;pre&gt;&lt;code&gt;# pragma once&#xA;&#xA;#include &amp;lt;string&amp;gt;&#xA;#include &amp;lt;vector&amp;gt;&#xA;&#xA;std::vector&amp;lt;char&amp;gt; download(std::string url, long* responseCode = nullptr);&#xA;&lt;/code&gt;&lt;/pre&gt;&#xA;&#xA;&lt;h3&gt;http_download.cc&lt;/h3&gt;&#xA;&#xA;&lt;pre&gt;&lt;code&gt;#include &quot;http_download.hh&quot;&#xA;&#xA;#include &amp;lt;curl/curl.h&amp;gt;&#xA;#include &amp;lt;sstream&amp;gt;&#xA;#include &amp;lt;stdexcept&amp;gt;&#xA;&#xA;using namespace std;&#xA;&#xA;size_t callback(void* contents, size_t size, size_t nmemb, void* user)&#xA;{&#xA;  auto chunk = reinterpret_cast&amp;lt;char*&amp;gt;(contents);&#xA;  auto buffer = reinterpret_cast&amp;lt;vector&amp;lt;char&amp;gt;*&amp;gt;(user);&#xA;&#xA;  size_t priorSize = buffer-&amp;gt;size();&#xA;  size_t sizeIncrease = size * nmemb;&#xA;&#xA;  buffer-&amp;gt;resize(priorSize + sizeIncrease);&#xA;  std::copy(chunk, chunk + sizeIncrease, buffer-&amp;gt;data() + priorSize);&#xA;&#xA;  return sizeIncrease;&#xA;}&#xA;&#xA;vector&amp;lt;char&amp;gt; download(string url, long* responseCode)&#xA;{&#xA;  vector&amp;lt;char&amp;gt; data;&#xA;&#xA;  curl_global_init(CURL_GLOBAL_ALL);&#xA;  CURL* handle = curl_easy_init();&#xA;  curl_easy_setopt(handle, CURLOPT_URL, url.c_str());&#xA;  curl_easy_setopt(handle, CURLOPT_WRITEFUNCTION, callback);&#xA;  curl_easy_setopt(handle, CURLOPT_WRITEDATA, &amp;amp;data);&#xA;  curl_easy_setopt(handle, CURLOPT_USERAGENT, &quot;libcurl-agent/1.0&quot;);&#xA;  CURLcode result = curl_easy_perform(handle);&#xA;  if (responseCode != nullptr)&#xA;    curl_easy_getinfo(handle, CURLINFO_RESPONSE_CODE, responseCode);&#xA;  curl_easy_cleanup(handle);&#xA;  curl_global_cleanup();&#xA;&#xA;  if (result != CURLE_OK)&#xA;  {&#xA;    stringstream err;&#xA;    err &amp;lt;&amp;lt; &quot;Error downloading from URL \&quot;&quot; &amp;lt;&amp;lt; url &amp;lt;&amp;lt; &quot;\&quot;: &quot; &amp;lt;&amp;lt; curl_easy_strerror(result);&#xA;    throw runtime_error(err.str());&#xA;  }&#xA;&#xA;  return move(data);&#xA;}&#xA;&lt;/code&gt;&lt;/pre&gt;&#xA;</Body>
</answer>
<answer>
<Body>&lt;p&gt;Here is my minimal wrapper around cURL to be able just to fetch a webpage as a string. This is useful, for example, for unit testing.  It is basically a RAII wrapper around the C code.&lt;/p&gt;&#xA;&#xA;&lt;p&gt;Install &quot;libcurl&quot; on your machine &lt;code&gt;yum install libcurl libcurl-devel&lt;/code&gt; or equivalent.&lt;/p&gt;&#xA;&#xA;&lt;p&gt;Usage example:&lt;/p&gt;&#xA;&#xA;&lt;pre&gt;&lt;code&gt;CURLplusplus client;&#xA;string x = client.Get(&quot;http://google.com&quot;);&#xA;string y = client.Get(&quot;http://yahoo.com&quot;);&#xA;&lt;/code&gt;&lt;/pre&gt;&#xA;&#xA;&lt;p&gt;Class implementation:&lt;/p&gt;&#xA;&#xA;&lt;pre&gt;&lt;code&gt;#include &amp;lt;curl/curl.h&amp;gt;&#xA;&#xA;&#xA;class CURLplusplus&#xA;{&#xA;private:&#xA;    CURL* curl;&#xA;    stringstream ss;&#xA;    long http_code;&#xA;public:&#xA;    CURLplusplus()&#xA;            : curl(curl_easy_init())&#xA;    , http_code(0)&#xA;    {&#xA;&#xA;    }&#xA;    ~CURLplusplus()&#xA;    {&#xA;        if (curl) curl_easy_cleanup(curl);&#xA;    }&#xA;    std::string Get(const std::string&amp;amp; url)&#xA;    {&#xA;        CURLcode res;&#xA;        curl_easy_setopt(curl, CURLOPT_URL, url.c_str());&#xA;        curl_easy_setopt(curl, CURLOPT_FOLLOWLOCATION, 1L);&#xA;        curl_easy_setopt(curl, CURLOPT_WRITEFUNCTION, write_data);&#xA;        curl_easy_setopt(curl, CURLOPT_WRITEDATA, this);&#xA;&#xA;        ss.str(&quot;&quot;);&#xA;        http_code = 0;&#xA;        res = curl_easy_perform(curl);&#xA;        if (res != CURLE_OK)&#xA;        {&#xA;            throw std::runtime_error(curl_easy_strerror(res));&#xA;        }&#xA;        curl_easy_getinfo(curl, CURLINFO_RESPONSE_CODE, &amp;amp;http_code);&#xA;        return ss.str();&#xA;    }&#xA;    long GetHttpCode()&#xA;    {&#xA;        return http_code;&#xA;    }&#xA;private:&#xA;    static size_t write_data(void *buffer, size_t size, size_t nmemb, void *userp)&#xA;    {&#xA;        return static_cast&amp;lt;CURLplusplus*&amp;gt;(userp)-&amp;gt;Write(buffer,size,nmemb);&#xA;    }&#xA;    size_t Write(void *buffer, size_t size, size_t nmemb)&#xA;    {&#xA;        ss.write((const char*)buffer,size*nmemb);&#xA;        return size*nmemb;&#xA;    }&#xA;};&#xA;&lt;/code&gt;&lt;/pre&gt;&#xA;</Body>
</answer>
<answer>
<Body>&lt;p&gt;With this answer I refer to the &lt;a href=&quot;https://stackoverflow.com/a/12374407/2334932&quot;&gt;answer from Software_Developer&lt;/a&gt;. By rebuilding the code I found that some parts are &lt;strong&gt;deprecated&lt;/strong&gt; (&lt;code&gt;gethostbyname()&lt;/code&gt;) or &lt;strong&gt;do not provide error handling&lt;/strong&gt; (creation of sockets, sending something) for an operation.&lt;/p&gt;&#xA;&#xA;&lt;p&gt;The following &lt;em&gt;windows code&lt;/em&gt; is tested with Visual Studio 2013 and Windows 8.1 64-bit as well as Windows 7 64-bit. It will target an IPv4 TCP Connection with the Web Server of www.google.com.&lt;/p&gt;&#xA;&#xA;&lt;pre&gt;&lt;code&gt;#include &amp;lt;winsock2.h&amp;gt;&#xA;#include &amp;lt;WS2tcpip.h&amp;gt;&#xA;#include &amp;lt;windows.h&amp;gt;&#xA;#include &amp;lt;iostream&amp;gt;&#xA;#pragma comment(lib,&quot;ws2_32.lib&quot;)&#xA;using namespace std;&#xA;    int main (){&#xA;    // Initialize Dependencies to the Windows Socket.&#xA;    WSADATA wsaData;&#xA;    if (WSAStartup(MAKEWORD(2,2), &amp;amp;wsaData) != 0) {&#xA;        cout &amp;lt;&amp;lt; &quot;WSAStartup failed.\n&quot;;&#xA;        system(&quot;pause&quot;);&#xA;        return -1;&#xA;    }&#xA;&#xA;    // We first prepare some &quot;hints&quot; for the &quot;getaddrinfo&quot; function&#xA;    // to tell it, that we are looking for a IPv4 TCP Connection.&#xA;    struct addrinfo hints;&#xA;    ZeroMemory(&amp;amp;hints, sizeof(hints));&#xA;    hints.ai_family = AF_INET;          // We are targeting IPv4&#xA;    hints.ai_protocol = IPPROTO_TCP;    // We are targeting TCP&#xA;    hints.ai_socktype = SOCK_STREAM;    // We are targeting TCP so its SOCK_STREAM&#xA;&#xA;    // Aquiring of the IPv4 address of a host using the newer&#xA;    // &quot;getaddrinfo&quot; function which outdated &quot;gethostbyname&quot;.&#xA;    // It will search for IPv4 addresses using the TCP-Protocol.&#xA;    struct addrinfo* targetAdressInfo = NULL;&#xA;    DWORD getAddrRes = getaddrinfo(&quot;www.google.com&quot;, NULL, &amp;amp;hints, &amp;amp;targetAdressInfo);&#xA;    if (getAddrRes != 0 || targetAdressInfo == NULL)&#xA;    {&#xA;        cout &amp;lt;&amp;lt; &quot;Could not resolve the Host Name&quot; &amp;lt;&amp;lt; endl;&#xA;        system(&quot;pause&quot;);&#xA;        WSACleanup();&#xA;        return -1;&#xA;    }&#xA;&#xA;    // Create the Socket Address Informations, using IPv4&#xA;    // We dont have to take care of sin_zero, it is only used to extend the length of SOCKADDR_IN to the size of SOCKADDR&#xA;    SOCKADDR_IN sockAddr;&#xA;    sockAddr.sin_addr = ((struct sockaddr_in*) targetAdressInfo-&amp;gt;ai_addr)-&amp;gt;sin_addr;    // The IPv4 Address from the Address Resolution Result&#xA;    sockAddr.sin_family = AF_INET;  // IPv4&#xA;    sockAddr.sin_port = htons(80);  // HTTP Port: 80&#xA;&#xA;    // We have to free the Address-Information from getaddrinfo again&#xA;    freeaddrinfo(targetAdressInfo);&#xA;&#xA;    // Creation of a socket for the communication with the Web Server,&#xA;    // using IPv4 and the TCP-Protocol&#xA;    SOCKET webSocket = socket(AF_INET, SOCK_STREAM, IPPROTO_TCP);&#xA;    if (webSocket == INVALID_SOCKET)&#xA;    {&#xA;        cout &amp;lt;&amp;lt; &quot;Creation of the Socket Failed&quot; &amp;lt;&amp;lt; endl;&#xA;        system(&quot;pause&quot;);&#xA;        WSACleanup();&#xA;        return -1;&#xA;    }&#xA;&#xA;    // Establishing a connection to the web Socket&#xA;    cout &amp;lt;&amp;lt; &quot;Connecting...\n&quot;;&#xA;    if(connect(webSocket, (SOCKADDR*)&amp;amp;sockAddr, sizeof(sockAddr)) != 0)&#xA;    {&#xA;        cout &amp;lt;&amp;lt; &quot;Could not connect&quot;;&#xA;        system(&quot;pause&quot;);&#xA;        closesocket(webSocket);&#xA;        WSACleanup();&#xA;        return -1;&#xA;    }&#xA;    cout &amp;lt;&amp;lt; &quot;Connected.\n&quot;;&#xA;&#xA;    // Sending a HTTP-GET-Request to the Web Server&#xA;    const char* httpRequest = &quot;GET / HTTP/1.1\r\nHost: www.google.com\r\nConnection: close\r\n\r\n&quot;;&#xA;    int sentBytes = send(webSocket, httpRequest, strlen(httpRequest),0);&#xA;    if (sentBytes &amp;lt; strlen(httpRequest) || sentBytes == SOCKET_ERROR)&#xA;    {&#xA;        cout &amp;lt;&amp;lt; &quot;Could not send the request to the Server&quot; &amp;lt;&amp;lt; endl;&#xA;        system(&quot;pause&quot;);&#xA;        closesocket(webSocket);&#xA;        WSACleanup();&#xA;        return -1;&#xA;    }&#xA;&#xA;    // Receiving and Displaying an answer from the Web Server&#xA;    char buffer[10000];&#xA;    ZeroMemory(buffer, sizeof(buffer));&#xA;    int dataLen;&#xA;    while ((dataLen = recv(webSocket, buffer, sizeof(buffer), 0) &amp;gt; 0))&#xA;    {&#xA;        int i = 0;&#xA;        while (buffer[i] &amp;gt;= 32 || buffer[i] == '\n' || buffer[i] == '\r') {&#xA;            cout &amp;lt;&amp;lt; buffer[i];&#xA;            i += 1;&#xA;        }&#xA;    }&#xA;&#xA;    // Cleaning up Windows Socket Dependencies&#xA;    closesocket(webSocket);&#xA;    WSACleanup();&#xA;&#xA;    system(&quot;pause&quot;);&#xA;    return 0;&#xA;}&#xA;&lt;/code&gt;&lt;/pre&gt;&#xA;&#xA;&lt;p&gt;&lt;strong&gt;References:&lt;/strong&gt;&lt;/p&gt;&#xA;&#xA;&lt;p&gt;&lt;a href=&quot;https://msdn.microsoft.com/de-de/library/windows/desktop/ms738524%28v=vs.85%29.aspx&quot; rel=&quot;nofollow noreferrer&quot;&gt;Deprecation of gethostbyname&lt;/a&gt;&lt;/p&gt;&#xA;&#xA;&lt;p&gt;&lt;a href=&quot;https://msdn.microsoft.com/de-de/library/windows/desktop/ms740506(v=vs.85).aspx&quot; rel=&quot;nofollow noreferrer&quot;&gt;Return Value of socket()&lt;/a&gt;&lt;/p&gt;&#xA;&#xA;&lt;p&gt;&lt;a href=&quot;https://msdn.microsoft.com/de-de/library/windows/desktop/ms740149(v=vs.85).aspx&quot; rel=&quot;nofollow noreferrer&quot;&gt;Return Value of send()&lt;/a&gt;&lt;/p&gt;&#xA;</Body>
</answer>
<answer>
<Body>&lt;p&gt;You can use ACE in order to do so:&lt;/p&gt;&#xA;&#xA;&lt;pre&gt;&lt;code&gt;#include &quot;ace/SOCK_Connector.h&quot;&#xA;&#xA;int main(int argc, ACE_TCHAR* argv[])&#xA;{&#xA;    //HTTP Request Header&#xA;    char* szRequest = &quot;GET /video/nice.mp4 HTTP/1.1\r\nHost: example.com\r\n\r\n&quot;; &#xA;    int ilen = strlen(szRequest);&#xA;&#xA;    //our buffer&#xA;    char output[16*1024];&#xA;&#xA;    ACE_INET_Addr server (80, &quot;example.com&quot;);&#xA;    ACE_SOCK_Stream peer;&#xA;    ACE_SOCK_Connector connector;&#xA;    int ires = connector.connect(peer, server);&#xA;    int sum = 0;&#xA;    peer.send(szRequest, ilen);&#xA;    while (true)&#xA;    {&#xA;        ACE_Time_Value timeout = ACE_Time_Value(15);&#xA;        int rc = peer.recv_n(output, 16*1024, &amp;amp;timeout);&#xA;        if (rc == -1)&#xA;        {&#xA;            break;&#xA;        }&#xA;        sum += rc;&#xA;    }&#xA;    peer.close();&#xA;    printf(&quot;Bytes transffered: %d&quot;,sum);&#xA;&#xA;    return 0;&#xA;}&#xA;&lt;/code&gt;&lt;/pre&gt;&#xA;</Body>
</answer>
<answer>
<Body>&lt;p&gt;There is a newer, less mature curl wrapper being developed called &lt;a href=&quot;https://github.com/whoshuu/cpr&quot;&gt;C++ Requests&lt;/a&gt;. Here's a simple GET request:&lt;/p&gt;&#xA;&#xA;&lt;pre&gt;&lt;code&gt;#include &amp;lt;iostream&amp;gt;&#xA;#include &amp;lt;cpr.h&amp;gt;&#xA;&#xA;int main(int argc, char** argv) {&#xA;    auto response = cpr::Get(cpr::Url{&quot;http://httpbin.org/get&quot;});&#xA;    std::cout &amp;lt;&amp;lt; response.text &amp;lt;&amp;lt; std::endl;&#xA;}&#xA;&lt;/code&gt;&lt;/pre&gt;&#xA;&#xA;&lt;p&gt;It supports a wide variety of HTTP verbs and curl options. There's more usage documentation &lt;a href=&quot;https://whoshuu.github.io/cpr/&quot;&gt;here&lt;/a&gt;.&lt;/p&gt;&#xA;&#xA;&lt;p&gt;&lt;em&gt;Disclaimer: I'm the maintainer of this library&lt;/em&gt;.&lt;/p&gt;&#xA;</Body>
</answer>
<answer>
<Body>&lt;p&gt;You can use &lt;a href=&quot;https://github.com/fnc12/embeddedRest/&quot; rel=&quot;nofollow&quot;&gt;embeddedRest&lt;/a&gt; library. It is lightweight header-only library. So it is easy to include it to your project and it does not require compilation cause there no &lt;code&gt;.cpp&lt;/code&gt; files in it.&lt;/p&gt;&#xA;&#xA;&lt;p&gt;Request example from &lt;code&gt;readme.md&lt;/code&gt; from repo:&lt;/p&gt;&#xA;&#xA;&lt;pre&gt;&lt;code&gt;#include &quot;UrlRequest.hpp&quot;&#xA;&#xA;//...&#xA;&#xA;UrlRequest request;&#xA;request.host(&quot;api.vk.com&quot;);&#xA;const auto countryId=1;&#xA;const auto count=1000;&#xA;request.uri(&quot;/method/database.getCities&quot;,{&#xA;    {&quot;lang&quot;,&quot;ru&quot;},&#xA;    {&quot;country_id&quot;,countryId},&#xA;    {&quot;count&quot;,count},&#xA;    {&quot;need_all&quot;,&quot;1&quot;},&#xA;});&#xA;request.addHeader(&quot;Content-Type: application/json&quot;);&#xA;auto response=std::move(request.perform());&#xA;if(response.statusCode()==200){&#xA;  cout&amp;lt;&amp;lt;&quot;status code = &quot;&amp;lt;&amp;lt;response.statusCode()&amp;lt;&amp;lt;&quot;, body = *&quot;&amp;lt;&amp;lt;response.body()&amp;lt;&amp;lt;&quot;*&quot;&amp;lt;&amp;lt;endl;&#xA;}else{&#xA;  cout&amp;lt;&amp;lt;&quot;status code = &quot;&amp;lt;&amp;lt;response.statusCode()&amp;lt;&amp;lt;&quot;, description = &quot;&amp;lt;&amp;lt;response.statusDescription()&amp;lt;&amp;lt;endl;&#xA;}&#xA;&lt;/code&gt;&lt;/pre&gt;&#xA;</Body>
</answer>
<answer>
<Body>&lt;p&gt;The HTTP protocol is very simple, so it is very simple to write a HTTP client.&#xA;Here is one&lt;/p&gt;&#xA;&#xA;&lt;p&gt;&lt;a href=&quot;https://github.com/pedro-vicente/lib_netsockets&quot; rel=&quot;nofollow noreferrer&quot;&gt;https://github.com/pedro-vicente/lib_netsockets&lt;/a&gt;&lt;/p&gt;&#xA;&#xA;&lt;p&gt;It uses HTTP GET to retrieve a file from a web server, both server and file are command line parameters. The remote file is saved to a local copy.&lt;/p&gt;&#xA;&#xA;&lt;p&gt;Disclaimer: I am the author&lt;/p&gt;&#xA;&#xA;&lt;p&gt;EDIT: edited URL&lt;/p&gt;&#xA;</Body>
</answer>
<answer>
<Body>&lt;p&gt;Although a little bit late. You may prefer &lt;a href=&quot;https://github.com/Taymindis/backcurl&quot; rel=&quot;nofollow noreferrer&quot;&gt;https://github.com/Taymindis/backcurl&lt;/a&gt; .&lt;/p&gt;&#xA;&#xA;&lt;p&gt;It allows you to do http call on mobile c++ development. Suitable for Mobile game developement&lt;/p&gt;&#xA;&#xA;&lt;pre&gt;&lt;code&gt;bcl::init(); // init when using&#xA;&#xA;bcl::execute&amp;lt;std::string&amp;gt;([&amp;amp;](bcl::Request *req) {&#xA;    bcl::setOpts(req, CURLOPT_URL , &quot;http://www.google.com&quot;,&#xA;             CURLOPT_FOLLOWLOCATION, 1L,&#xA;             CURLOPT_WRITEFUNCTION, &amp;amp;bcl::writeContentCallback,&#xA;             CURLOPT_WRITEDATA, req-&amp;gt;dataPtr,&#xA;             CURLOPT_USERAGENT, &quot;libcurl-agent/1.0&quot;,&#xA;             CURLOPT_RANGE, &quot;0-200000&quot;&#xA;            );&#xA;}, [&amp;amp;](bcl::Response * resp) {&#xA;    std::string ret =  std::string(resp-&amp;gt;getBody&amp;lt;std::string&amp;gt;()-&amp;gt;c_str());&#xA;    printf(&quot;Sync === %s\n&quot;, ret.c_str());&#xA;});&#xA;&#xA;&#xA;bcl::cleanUp(); // clean up when no more using&#xA;&lt;/code&gt;&lt;/pre&gt;&#xA;</Body>
</answer>
<answer>
<Body>&lt;p&gt;Note that this does not require libcurl, Windows.h, or WinSock! No compilation of libraries, no project configuration, etc. I have this code working in Visual Studio 2017 c++ on Windows 10:&lt;/p&gt;&#xA;&#xA;&lt;pre&gt;&lt;code&gt;#pragma comment(lib, &quot;urlmon.lib&quot;)&#xA;&#xA;#include &amp;lt;urlmon.h&amp;gt;&#xA;#include &amp;lt;sstream&amp;gt;&#xA;&#xA;using namespace std;&#xA;&#xA;...&#xA;&#xA;IStream* stream;&#xA;//Also works with https URL's - unsure about the extent of SSL support though.&#xA;HRESULT result = URLOpenBlockingStream(0, &quot;http://google.com&quot;, &amp;amp;stream, 0, 0);&#xA;if (result != 0)&#xA;{&#xA;    return 1;&#xA;}&#xA;char buffer[100];&#xA;unsigned long bytesRead;&#xA;stringstream ss;&#xA;stream-&amp;gt;Read(buffer, 100, &amp;amp;bytesRead);&#xA;while (bytesRead &amp;gt; 0U)&#xA;{&#xA;    ss.write(buffer, (long long)bytesRead);&#xA;    stream-&amp;gt;Read(buffer, 100, &amp;amp;bytesRead);&#xA;}&#xA;stream.Release();&#xA;string resultString = ss.str();&#xA;&lt;/code&gt;&lt;/pre&gt;&#xA;&#xA;&lt;p&gt;I just figured out how to do this, as I wanted a simple API access script, libraries like libcurl were causing me all kinds of problems (even when I followed the directions...), and WinSock is just too low-level and complicated.&lt;/p&gt;&#xA;&#xA;&lt;p&gt;I'm not quite sure about all of the &lt;a href=&quot;https://docs.microsoft.com/en-us/windows/desktop/api/objidl/nn-objidl-istream&quot; rel=&quot;nofollow noreferrer&quot;&gt;IStream&lt;/a&gt; reading code (particularly the while condition - feel free to correct/improve), but hey, &lt;strong&gt;it works&lt;/strong&gt;, hassle free! (It makes sense to me that, since I used a &lt;a href=&quot;https://docs.microsoft.com/en-us/previous-versions/windows/internet-explorer/ie-developer/platform-apis/ms775127%28v%3Dvs.85%29&quot; rel=&quot;nofollow noreferrer&quot;&gt;blocking (synchronous) call&lt;/a&gt;, this is fine, that &lt;code&gt;bytesRead&lt;/code&gt; would always be &gt; 0U until the stream (&lt;a href=&quot;https://docs.microsoft.com/en-us/windows/desktop/api/objidl/nf-objidl-isequentialstream-read&quot; rel=&quot;nofollow noreferrer&quot;&gt;ISequentialStream&lt;/a&gt;?) is finished being read, but who knows.)&lt;/p&gt;&#xA;&#xA;&lt;p&gt;See also: &lt;a href=&quot;https://docs.microsoft.com/en-us/previous-versions/windows/internet-explorer/ie-developer/platform-apis/ms774965%28v%3Dvs.85%29&quot; rel=&quot;nofollow noreferrer&quot; title=&quot;URL Monikers and Asynchronous Pluggable Protocol Reference&quot;&gt;URL Monikers and Asynchronous Pluggable Protocol Reference&lt;/a&gt;&lt;/p&gt;&#xA;</Body>
</answer>
<answer>
<Body>&lt;p&gt;Here is some code that will work with no need to use any 3rd party library:&#xA;First define your gateway, user, password and any other parameters you need to send to this specific server.&lt;/p&gt;&#xA;&#xA;&lt;pre&gt;&lt;code&gt;#define USERNAME &quot;user&quot;&#xA;#define PASSWORD &quot;your password&quot;&#xA;#define GATEWAY &quot;your gateway&quot;&#xA;&lt;/code&gt;&lt;/pre&gt;&#xA;&#xA;&lt;p&gt;Here is the code itself:&lt;/p&gt;&#xA;&#xA;&lt;pre&gt;&lt;code&gt;HINTERNET hOpenHandle, hResourceHandle, hConnectHandle;&#xA;const TCHAR* szHeaders = _T(&quot;Content-Type:application/json; charset=utf-8\r\n&quot;);&#xA;&#xA;&#xA;hOpenHandle = InternetOpen(_T(&quot;HTTPS&quot;), INTERNET_OPEN_TYPE_DIRECT, NULL, NULL, 0);&#xA;if (hOpenHandle == NULL)&#xA;{&#xA;    return false;&#xA;}&#xA;&#xA;&#xA;hConnectHandle = InternetConnect(hOpenHandle,&#xA;    GATEWAY,&#xA;    INTERNET_DEFAULT_HTTPS_PORT,&#xA;    NULL, NULL, INTERNET_SERVICE_HTTP,&#xA;    0, 1);&#xA;&#xA;if (hConnectHandle == NULL)&#xA;{&#xA;    InternetCloseHandle(hOpenHandle);&#xA;    return false;&#xA;}&#xA;&#xA;&#xA;hResourceHandle = HttpOpenRequest(hConnectHandle,&#xA;    _T(&quot;POST&quot;),&#xA;    GATEWAY,&#xA;    NULL, NULL, NULL, INTERNET_FLAG_SECURE | INTERNET_FLAG_KEEP_CONNECTION,&#xA;    1);&#xA;&#xA;if (hResourceHandle == NULL)&#xA;{&#xA;    InternetCloseHandle(hOpenHandle);&#xA;    InternetCloseHandle(hConnectHandle);&#xA;    return false;&#xA;}&#xA;&#xA;InternetSetOption(hResourceHandle, INTERNET_OPTION_USERNAME, (LPVOID)USERNAME, _tcslen(USERNAME));&#xA;InternetSetOption(hResourceHandle, INTERNET_OPTION_PASSWORD, (LPVOID)PASSWORD, _tcslen(PASSWORD));&#xA;&#xA;std::string buf;&#xA;if (HttpSendRequest(hResourceHandle, szHeaders, 0, NULL, 0))&#xA;{&#xA;    while (true)&#xA;    {&#xA;        std::string part;&#xA;        DWORD size;&#xA;        if (!InternetQueryDataAvailable(hResourceHandle, &amp;amp;size, 0, 0))break;&#xA;        if (size == 0)break;&#xA;        part.resize(size);&#xA;        if (!InternetReadFile(hResourceHandle, &amp;amp;part[0], part.size(), &amp;amp;size))break;&#xA;        if (size == 0)break;&#xA;        part.resize(size);&#xA;        buf.append(part);&#xA;    }&#xA;}&#xA;&#xA;if (!buf.empty())&#xA;{&#xA;    // Get data back&#xA;}&#xA;&#xA;InternetCloseHandle(hResourceHandle);&#xA;InternetCloseHandle(hConnectHandle);&#xA;InternetCloseHandle(hOpenHandle);&#xA;&lt;/code&gt;&lt;/pre&gt;&#xA;&#xA;&lt;p&gt;That should work on a Win32 API environment.&lt;/p&gt;&#xA;&#xA;&lt;p&gt;Here is an &lt;a href=&quot;https://www.codeproject.com/Articles/1265615/Sending-WhatsApp-messages-from-a-Win32-cplusplus-p&quot; rel=&quot;nofollow noreferrer&quot;&gt;example&lt;/a&gt;.&lt;/p&gt;&#xA;</Body>
</answer>
<answer>
<Body>&lt;p&gt;If you are looking for a HTTP client library in C++ that is supported in multiple platforms (Linux, Windows and Mac) for consuming Restful web services. You can have below options.&lt;/p&gt;&#xA;&#xA;&lt;ol&gt;&#xA;&lt;li&gt;&lt;a href=&quot;https://doc.qt.io/qt-5/qnetworkaccessmanager.html&quot; rel=&quot;nofollow noreferrer&quot;&gt;QT Network Library&lt;/a&gt; - Allows the application to send network requests and receive replies&lt;/li&gt;&#xA;&lt;li&gt;&lt;a href=&quot;https://github.com/Microsoft/cpprestsdk&quot; rel=&quot;nofollow noreferrer&quot;&gt;C++ REST SDK&lt;/a&gt; - An emerging third-party HTTP library with PPL support&lt;/li&gt;&#xA;&lt;li&gt;&lt;a href=&quot;http://curl.haxx.se/libcurl/&quot; rel=&quot;nofollow noreferrer&quot;&gt;Libcurl&lt;/a&gt; - It is probably one of the most used http lib in the native world.&lt;/li&gt;&#xA;&lt;/ol&gt;&#xA;</Body>
</answer>
