<question>
<Title>Would extracting page metadata be a good use of multiple inheritance?</Title>
<Body>&lt;p&gt;I was wondering if I have a couple of models which both include fields like &quot;meta_keywords&quot; or &quot;slug&quot; which have to do with the web page the model instance will be displayed on, whether it would be advisable to break those page metadata elements out into their own class, say PageMeta, and have my other models subclass those via multiple inheritance?&lt;/p&gt;&#xA;</Body>
<Tags>python,django,architecture,multiple-inheritance,mixins</Tags>
</question>
<answer>
<Body>&lt;p&gt;General advice for a lightly-specified question:&lt;/p&gt;&#xA;&#xA;&lt;p&gt;Nontrivial multiple inheritance in Python requires Advanced Techniques to deal with the metaclass/metatype conflict.  Look over &lt;a href=&quot;http://code.activestate.com/recipes/204197/&quot; rel=&quot;nofollow noreferrer&quot;&gt;this recipe&lt;/a&gt; from the ActiveState archives and see if it looks like the kind of stuff you like:&lt;/p&gt;&#xA;&#xA;&lt;h2&gt;Extract from linked recipe:&lt;/h2&gt;&#xA;&#xA;&lt;blockquote&gt;&#xA;  &lt;p&gt;The simplest case where a metatype&#xA;  conflict happens is the following.&#xA;  Consider a class A with metaclass &lt;code&gt;M_A&lt;/code&gt;&#xA;  and a class B with an independent&#xA;  metaclass &lt;code&gt;M_B&lt;/code&gt;; suppose we derive C&#xA;  from A and B. The question is: what is&#xA;  the metaclass of C ? Is it &lt;code&gt;M_A&lt;/code&gt; or &lt;code&gt;M_B&lt;/code&gt;&#xA;  ?&lt;/p&gt;&#xA;  &#xA;  &lt;p&gt;The correct answer (see the book&#xA;  &quot;Putting metaclasses to work&quot; for a&#xA;  thoughtful discussion) is &lt;code&gt;M_C&lt;/code&gt;, where&#xA;  &lt;code&gt;M_C&lt;/code&gt; is a metaclass that inherits from&#xA;  &lt;code&gt;M_A&lt;/code&gt; and &lt;code&gt;M_B&lt;/code&gt;.&lt;/p&gt;&#xA;  &#xA;  &lt;p&gt;However, Python is not that magic, and&#xA;  it does not automatically create &lt;code&gt;M_C&lt;/code&gt;.&#xA;  Instead, it raises a TypeError,&#xA;  warning the programmer of the possible&#xA;  confusion.&lt;/p&gt;&#xA;&lt;/blockquote&gt;&#xA;&#xA;&lt;p&gt;Consequently, I recommend limiting your use of multiple inheritance in Python to the following cases:&lt;/p&gt;&#xA;&#xA;&lt;ol&gt;&#xA;&lt;li&gt;You must, because your problem domain requires you to combine two separately-maintained single-inheritance libraries.&lt;/li&gt;&#xA;&lt;li&gt;You have achieved such fluency with metatype and metaclass that you can write &lt;a href=&quot;http://code.activestate.com/recipes/204197/&quot; rel=&quot;nofollow noreferrer&quot;&gt;recipe 204197&lt;/a&gt; or its equivalent as easily and confidently as you can write a print statement. &lt;/li&gt;&#xA;&lt;/ol&gt;&#xA;&#xA;&lt;p&gt;Edit:&lt;/p&gt;&#xA;&#xA;&lt;p&gt;Here's Guido van Rossum in &lt;a href=&quot;http://www.network-theory.co.uk/docs/pytut/MultipleInheritance.html&quot; rel=&quot;nofollow noreferrer&quot;&gt;An Introduction to Python&lt;/a&gt;:&lt;/p&gt;&#xA;&#xA;&lt;blockquote&gt;&#xA;  &lt;p&gt;It is clear that indiscriminate use of&#xA;  multiple inheritance is a maintenance&#xA;  nightmare, given the reliance in&#xA;  Python on conventions to avoid&#xA;  accidental name conflicts.&lt;/p&gt;&#xA;&lt;/blockquote&gt;&#xA;&#xA;&lt;p&gt;Here he is again in &lt;a href=&quot;http://www.python.org/dev/peps/pep-0253/&quot; rel=&quot;nofollow noreferrer&quot;&gt;PEP 253&lt;/a&gt;, which describes the ideas which were incorporated into Python, but not the implementation:&lt;/p&gt;&#xA;&#xA;&lt;blockquote&gt;&#xA;  &lt;p&gt;Metatypes determine various &lt;em&gt;policies&lt;/em&gt;&#xA;  for types, such as what&#xA;  happens when a type is called, how dynamic types are (whether a&#xA;  type's &lt;strong&gt;dict&lt;/strong&gt; can be modified after it is created), what the&#xA;  method resolution order is, how instance attributes are looked&#xA;  up, and so on.&lt;/p&gt;&#xA;  &#xA;  &lt;p&gt;I'll argue that left-to-right depth-first is not the best&#xA;  solution when you want to get the most use from multiple&#xA;  inheritance.&lt;/p&gt;&#xA;  &#xA;  &lt;p&gt;I'll argue that with multiple inheritance, the metatype of the&#xA;  subtype must be a descendant of the metatypes of all base types.&lt;/p&gt;&#xA;&lt;/blockquote&gt;&#xA;&#xA;&lt;p&gt;This does &lt;em&gt;not&lt;/em&gt; mean you shouldn't use multiple inheritance; I'm just warning you so you won't be suprised one day to find yourself slapping your forehead and exclaiming &quot;D'oh! &#xA;The metatype of one of my subtypes isn't a descendant of the metatypes of all its base types!  Don't you hate when that happens?&quot;&lt;/p&gt;&#xA;</Body>
</answer>
