<question>
<Title>Check for interactive whiteboard or projector</Title>
<Body>&lt;p&gt;I want to check that there is an interactive whiteboard or projecttor attached to the system. Actually I would like to check it is not there. (To be able to make different license levels.)&#xA;Is there any technique which could be sure?&lt;/p&gt;&#xA;&#xA;&lt;p&gt;Platform: MS Windows XP/Vista, MS Visual C++&lt;/p&gt;&#xA;</Body>
<Tags>c++,projector,whiteboard</Tags>
</question>
<answer>
<Body>&lt;p&gt;Nothing in standard C++ - you'll need platform specific libraries. For us to help you with that we'll need more info about what platform you are using.&lt;/p&gt;&#xA;</Body>
</answer>
