<question>
<Title>plot line at particular angle and offset</Title>
<Body>&lt;p&gt;I'm attempting to plot a particular line over an original image (an array) that i have. Basically, I have an angle and offset (measured from the center of the image) that I want to plot the line over. The problem is, I'm not exactly sure how to do this. I can write a really complicated piece of code to do this, but I'm wondering if there's an easier way that I don't know of (maybe with matplotlib). Thanks.&lt;/p&gt;&#xA;</Body>
<Tags>python,image,plot,offset,angle</Tags>
</question>
<answer>
<Body>&lt;p&gt;Assuming that your offset is actually a x, y coordinate of the center of the line, and that the line should be a fixed length, then it's a simple matter of trigonometry with matplotlib:&lt;/p&gt;&#xA;&#xA;&lt;pre&gt;&lt;code&gt;x = [offsetx-linelength*cos(angle), offsetx+linelength*cos(angle)]&#xA;y = [offsety-linelength*sin(angle), offsety+linelength*sin(angle)]&#xA;plot(x, y, '-')&#xA;&lt;/code&gt;&lt;/pre&gt;&#xA;</Body>
</answer>
<answer>
<Body>&lt;p&gt;Use PIL and draw line, cricle, or another image over the original image&lt;/p&gt;&#xA;&#xA;&lt;pre&gt;&lt;code&gt;import Image, ImageDraw&#xA;&#xA;im = Image.open(&quot;my.png&quot;)&#xA;&#xA;draw = ImageDraw.Draw(im)&#xA;draw.line((0, 0, 100, 100), fill=128)&#xA;del draw &#xA;&#xA;# write to stdout&#xA;im.save(sys.stdout, &quot;PNG&quot;)&#xA;&lt;/code&gt;&lt;/pre&gt;&#xA;</Body>
</answer>
