<question>
<Title>std::string to float or double</Title>
<Body>&lt;p&gt;I'm trying to convert &lt;code&gt;std::string&lt;/code&gt; to &lt;code&gt;float/double&lt;/code&gt;.&#xA;I tried:&lt;/p&gt;&#xA;&#xA;&lt;pre&gt;&lt;code&gt;std::string num = &quot;0.6&quot;;&#xA;double temp = (double)atof(num.c_str());&#xA;&lt;/code&gt;&lt;/pre&gt;&#xA;&#xA;&lt;p&gt;But it always returns zero. Any other ways?&lt;/p&gt;&#xA;</Body>
<Tags>c++</Tags>
</question>
<answer>
<Body>&lt;p&gt;Yes, with a lexical cast. Use a stringstream and the &amp;lt;&amp;lt; operator, or use Boost, they've already implemented it.&lt;/p&gt;&#xA;&#xA;&lt;p&gt;Your own version could look like:&lt;/p&gt;&#xA;&#xA;&lt;pre&gt;&lt;code&gt;template&amp;lt;typename to, typename from&amp;gt;to lexical_cast(from const &amp;amp;x) {&#xA;  std::stringstream os;&#xA;  to ret;&#xA;&#xA;  os &amp;lt;&amp;lt; x;&#xA;  os &amp;gt;&amp;gt; ret;&#xA;&#xA;  return ret;  &#xA;}&#xA;&lt;/code&gt;&lt;/pre&gt;&#xA;</Body>
</answer>
<answer>
<Body>&lt;p&gt;Lexical cast is very nice.&lt;/p&gt;&#xA;&#xA;&lt;pre&gt;&lt;code&gt;#include &amp;lt;boost/lexical_cast.hpp&amp;gt;&#xA;#include &amp;lt;iostream&amp;gt;&#xA;#include &amp;lt;string&amp;gt;&#xA;&#xA;using std::endl;&#xA;using std::cout;&#xA;using std::string;&#xA;using boost::lexical_cast;&#xA;&#xA;int main() {&#xA;    string str = &quot;0.6&quot;;&#xA;    double dub = lexical_cast&amp;lt;double&amp;gt;(str);&#xA;    cout &amp;lt;&amp;lt; dub &amp;lt;&amp;lt; endl;&#xA;}&#xA;&lt;/code&gt;&lt;/pre&gt;&#xA;</Body>
</answer>
<answer>
<Body>&lt;p&gt;You can use boost lexical cast:&lt;/p&gt;&#xA;&#xA;&lt;pre&gt;&lt;code&gt;#include &amp;lt;boost/lexical_cast.hpp&amp;gt;&#xA;&#xA;string v(&quot;0.6&quot;);&#xA;double dd = boost::lexical_cast&amp;lt;double&amp;gt;(v);&#xA;cout &amp;lt;&amp;lt; dd &amp;lt;&amp;lt; endl;&#xA;&lt;/code&gt;&lt;/pre&gt;&#xA;&#xA;&lt;p&gt;Note: boost::lexical_cast throws exception so you should be prepared to deal with it when you pass invalid value, try passing string(&quot;xxx&quot;)&lt;/p&gt;&#xA;</Body>
</answer>
<answer>
<Body>&lt;p&gt;If you don't want to drag in all of boost, go with &lt;code&gt;strtod(3)&lt;/code&gt; from &lt;code&gt;&amp;lt;cstdlib&amp;gt;&lt;/code&gt; - it already returns a double.&lt;/p&gt;&#xA;&#xA;&lt;pre&gt;&lt;code&gt;#include &amp;lt;iostream&amp;gt;&#xA;#include &amp;lt;string&amp;gt;&#xA;#include &amp;lt;cstring&amp;gt;&#xA;#include &amp;lt;cstdlib&amp;gt;&#xA;&#xA;using namespace std;&#xA;&#xA;int main()  {&#xA;    std::string  num = &quot;0.6&quot;;&#xA;    double temp = ::strtod(num.c_str(), 0);&#xA;&#xA;    cout &amp;lt;&amp;lt; num &amp;lt;&amp;lt; &quot; &quot; &amp;lt;&amp;lt; temp &amp;lt;&amp;lt; endl;&#xA;    return 0;&#xA;}&#xA;&lt;/code&gt;&lt;/pre&gt;&#xA;&#xA;&lt;p&gt;Outputs:&lt;/p&gt;&#xA;&#xA;&lt;pre&gt;&lt;code&gt;$ g++ -o s s.cc&#xA;$ ./s&#xA;0.6 0.6&#xA;$&#xA;&lt;/code&gt;&lt;/pre&gt;&#xA;&#xA;&lt;p&gt;Why atof() doesn't work ... what platform/compiler are you on?&lt;/p&gt;&#xA;</Body>
</answer>
<answer>
<Body>&lt;pre&gt;&lt;code&gt;std::string num = &quot;0.6&quot;;&#xA;double temp = ::atof(num.c_str());&#xA;&lt;/code&gt;&lt;/pre&gt;&#xA;&#xA;&lt;p&gt;Does it for me, it is a valid C++ syntax to convert a string to a double.&lt;/p&gt;&#xA;&#xA;&lt;p&gt;You can do it with the stringstream or boost::lexical_cast but those come with a performance penalty.&lt;/p&gt;&#xA;&#xA;&lt;hr&gt;&#xA;&#xA;&lt;p&gt;Ahaha you have a Qt project ...&lt;/p&gt;&#xA;&#xA;&lt;pre&gt;&lt;code&gt;QString winOpacity(&quot;0.6&quot;);&#xA;double temp = winOpacity.toDouble();&#xA;&lt;/code&gt;&lt;/pre&gt;&#xA;&#xA;&lt;p&gt;Extra note:&lt;br&gt;&#xA;If the input data is a &lt;code&gt;const char*&lt;/code&gt;, &lt;code&gt;QByteArray::toDouble&lt;/code&gt; will be faster.&lt;/p&gt;&#xA;</Body>
</answer>
<answer>
<Body>&lt;p&gt;You can use std::stringstream:&lt;/p&gt;&#xA;&#xA;&lt;pre&gt;&lt;code&gt;   #include &amp;lt;sstream&amp;gt;&#xA;   #include &amp;lt;string&amp;gt;&#xA;   template&amp;lt;typename T&amp;gt;&#xA;   T StringToNumber(const std::string&amp;amp; numberAsString)&#xA;   {&#xA;      T valor;&#xA;&#xA;      std::stringstream stream(numberAsString);&#xA;      stream &amp;gt;&amp;gt; valor;&#xA;      if (stream.fail()) {&#xA;         std::runtime_error e(numberAsString);&#xA;         throw e;&#xA;      }&#xA;      return valor;&#xA;   }&#xA;&lt;/code&gt;&lt;/pre&gt;&#xA;&#xA;&lt;p&gt;Usage:&lt;/p&gt;&#xA;&#xA;&lt;pre&gt;&lt;code&gt;double number= StringToNumber&amp;lt;double&amp;gt;(&quot;0.6&quot;);&#xA;&lt;/code&gt;&lt;/pre&gt;&#xA;</Body>
</answer>
<answer>
<Body>&lt;p&gt;This answer is backing up litb in your comments. I have profound suspicions you are just not displaying the result properly. &lt;/p&gt;&#xA;&#xA;&lt;p&gt;I had the exact same thing happen to me once. I spent a whole day trying to figure out why I was getting a bad value into a 64-bit int, only to discover that printf was ignoring the second byte. You can't just pass a 64-bit value into printf like its an int.&lt;/p&gt;&#xA;</Body>
</answer>
<answer>
<Body>&lt;p&gt;Rather than dragging Boost into the equation, you could keep your string (temporarily) as a &lt;code&gt;char[]&lt;/code&gt; and use &lt;code&gt;sprintf()&lt;/code&gt;.&lt;/p&gt;&#xA;&#xA;&lt;p&gt;But of course if you're using Boost anyway, it's really not too much of an issue.&lt;/p&gt;&#xA;</Body>
</answer>
<answer>
<Body>&lt;pre&gt;&lt;code&gt;   double myAtof ( string &amp;amp;num){&#xA;      double tmp;&#xA;      sscanf ( num.c_str(), &quot;%lf&quot; , &amp;amp;tmp);&#xA;      return tmp;&#xA;   }&#xA;&lt;/code&gt;&lt;/pre&gt;&#xA;</Body>
</answer>
<answer>
<Body>&lt;p&gt;The C++ 11 way is to use std::stod and std::to_string. Both work in Visual Studio 11.&lt;/p&gt;&#xA;</Body>
</answer>
<answer>
<Body>&lt;p&gt;As to why &lt;code&gt;atof()&lt;/code&gt; isn't working in the original question: the fact that it's cast to double makes me suspicious. The code shouldn't compile without &lt;code&gt;#include &amp;lt;stdlib.h&amp;gt;&lt;/code&gt;, but if the cast was added to solve a compile warning, then &lt;code&gt;atof()&lt;/code&gt; is not correctly declared. If the compiler assumes &lt;code&gt;atof()&lt;/code&gt; returns an int, casting it will solve the conversion warning, but it will &lt;em&gt;not&lt;/em&gt; cause the return value to be recognized as a double.&lt;/p&gt;&#xA;&#xA;&lt;pre&gt;&lt;code&gt;#include &amp;lt;stdlib.h&amp;gt;&#xA;#include &amp;lt;string&amp;gt;&#xA;&#xA;... &#xA;  std::string num = &quot;0.6&quot;;&#xA;  double temp = atof(num.c_str());&#xA;&lt;/code&gt;&lt;/pre&gt;&#xA;&#xA;&lt;p&gt;should work without warnings.&lt;/p&gt;&#xA;</Body>
</answer>
<answer>
<Body>&lt;p&gt;The Standard Library (C++11) offers the desired functionality with &lt;a href=&quot;http://www.cplusplus.com/reference/string/stod/&quot;&gt;&lt;code&gt;std::stod&lt;/code&gt;&lt;/a&gt; :&lt;/p&gt;&#xA;&#xA;&lt;pre&gt;&lt;code&gt;std::string  s  = &quot;0.6&quot;&#xA;std::wstring ws = &quot;0.7&quot;&#xA;double d  = std::stod(s);&#xA;double dw = std::stod(ws);&#xA;&lt;/code&gt;&lt;/pre&gt;&#xA;&#xA;&lt;p&gt;I guess the Standard Library converts internally too, but this way makes the code cleaner. Generally for most other basic types, see &lt;a href=&quot;http://www.cplusplus.com/reference/string/&quot;&gt;&lt;code&gt;&amp;lt;string&amp;gt;&lt;/code&gt;&lt;/a&gt;. There are some new features for C strings, too. See &lt;a href=&quot;http://www.cplusplus.com/reference/cstdlib/&quot;&gt;&lt;code&gt;&amp;lt;stdlib.h&amp;gt;&lt;/code&gt;&lt;/a&gt; &lt;/p&gt;&#xA;</Body>
</answer>
<answer>
<Body>&lt;p&gt;I had the same problem in Linux&lt;/p&gt;&#xA;&#xA;&lt;pre&gt;&lt;code&gt;double s2f(string str)&#xA;{&#xA; istringstream buffer(str);&#xA; double temp;&#xA; buffer &amp;gt;&amp;gt; temp;&#xA; return temp;&#xA;}&#xA;&lt;/code&gt;&lt;/pre&gt;&#xA;&#xA;&lt;p&gt;it works.&lt;/p&gt;&#xA;</Body>
</answer>
<answer>
<Body>&lt;p&gt;You don't want Boost lexical_cast for string &amp;lt;-&gt; floating point anyway. That subset of use cases is the only set for which boost consistently is worse than the older functions- and they basically concentrated all their failure there, because their own performance results show a 20-25X SLOWER performance than using sscanf and printf for such conversions.&lt;/p&gt;&#xA;&#xA;&lt;p&gt;Google it yourself. boost::lexical_cast can handle something like 50 conversions and if you exclude the ones involving floating point #s its as good or better as the obvious alternatives (with the added advantage of being having a single API for all those operations). But bring in floats and its like the Titanic hitting an iceberg in terms of performance.&lt;/p&gt;&#xA;&#xA;&lt;p&gt;The old, dedicated str-&gt;double functions can all do 10000 parses in something like 30 ms (or better). lexical_cast takes something like 650 ms to do the same job.&lt;/p&gt;&#xA;</Body>
</answer>
<answer>
<Body>&lt;p&gt;My Problem:&lt;/p&gt;&#xA;&#xA;&lt;ol&gt;&#xA;&lt;li&gt;Locale independent string to double (decimal separator always '.')&lt;/li&gt;&#xA;&lt;li&gt;Error detection if string conversion fails&lt;/li&gt;&#xA;&lt;/ol&gt;&#xA;&#xA;&lt;p&gt;My solution (uses the Windows function _wcstod_l):&lt;/p&gt;&#xA;&#xA;&lt;pre&gt;&lt;code&gt;// string to convert. Note: decimal seperator is ',' here&#xA;std::wstring str = L&quot;1,101&quot;;&#xA;&#xA;// Use this for error detection&#xA;wchar_t* stopString;&#xA;&#xA;// Create a locale for &quot;C&quot;. Thus a '.' is expected as decimal separator&#xA;double dbl = _wcstod_l(str.c_str(), &amp;amp;stopString, _create_locale(LC_ALL, &quot;C&quot;)); &#xA;&#xA;if (wcslen(stopString) != 0)&#xA;{&#xA;    // ... error handling ... we'll run into this because of the separator&#xA;}&#xA;&lt;/code&gt;&lt;/pre&gt;&#xA;&#xA;&lt;p&gt;HTH ... took me pretty long to get to this solution. And I still have the feeling that I don't know enough about string localization and stuff...&lt;/p&gt;&#xA;</Body>
</answer>
