<question>
<Title>In Python, how do I index a list with another list?</Title>
<Body>&lt;p&gt;I would like to index a list with another list like this&lt;/p&gt;&#xA;&#xA;&lt;pre&gt;&lt;code&gt;L = ['a', 'b', 'c', 'd', 'e', 'f', 'g', 'h']&#xA;Idx = [0, 3, 7]&#xA;T = L[ Idx ]&#xA;&lt;/code&gt;&lt;/pre&gt;&#xA;&#xA;&lt;p&gt;and T should end up being a list containing ['a', 'd', 'h'].&lt;/p&gt;&#xA;&#xA;&lt;p&gt;Is there a better way than&lt;/p&gt;&#xA;&#xA;&lt;pre&gt;&lt;code&gt;T = []&#xA;for i in Idx:&#xA;    T.append(L[i])&#xA;&#xA;print T&#xA;# Gives result ['a', 'd', 'h']&#xA;&lt;/code&gt;&lt;/pre&gt;&#xA;</Body>
<Tags>python,list,indexing</Tags>
</question>
<answer>
<Body>&lt;pre&gt;&lt;code&gt;T = [L[i] for i in Idx]&#xA;&lt;/code&gt;&lt;/pre&gt;&#xA;</Body>
</answer>
<answer>
<Body>&lt;pre&gt;&lt;code&gt;T = map(lambda i: L[i], Idx)&#xA;&lt;/code&gt;&lt;/pre&gt;&#xA;</Body>
</answer>
<answer>
<Body>&lt;p&gt;If you are using numpy, you can perform extended slicing like that:&lt;/p&gt;&#xA;&#xA;&lt;pre&gt;&lt;code&gt;&amp;gt;&amp;gt;&amp;gt; import numpy&#xA;&amp;gt;&amp;gt;&amp;gt; a=numpy.array(['a', 'b', 'c', 'd', 'e', 'f', 'g', 'h'])&#xA;&amp;gt;&amp;gt;&amp;gt; Idx = [0, 3, 7]&#xA;&amp;gt;&amp;gt;&amp;gt; a[Idx]&#xA;array(['a', 'd', 'h'], &#xA;      dtype='|S1')&#xA;&lt;/code&gt;&lt;/pre&gt;&#xA;&#xA;&lt;p&gt;...and is probably much faster (if performance is enough of a concern to to bother with the numpy import)&lt;/p&gt;&#xA;</Body>
</answer>
<answer>
<Body>&lt;p&gt;I wasn't happy with any of these approaches, so I came up with a &lt;code&gt;Flexlist&lt;/code&gt; class that allows for flexible indexing, either by integer, slice or index-list:&lt;/p&gt;&#xA;&#xA;&lt;pre&gt;&lt;code&gt;class Flexlist(list):&#xA;    def __getitem__(self, keys):&#xA;        if isinstance(keys, (int, slice)): return list.__getitem__(self, keys)&#xA;        return [self[k] for k in keys]&#xA;&lt;/code&gt;&lt;/pre&gt;&#xA;&#xA;&lt;p&gt;Which, for your example, you would use as:&lt;/p&gt;&#xA;&#xA;&lt;pre&gt;&lt;code&gt;L = Flexlist(['a', 'b', 'c', 'd', 'e', 'f', 'g', 'h'])&#xA;Idx = [0, 3, 7]&#xA;T = L[ Idx ]&#xA;&#xA;print(T)  # ['a', 'd', 'h']&#xA;&lt;/code&gt;&lt;/pre&gt;&#xA;</Body>
</answer>
<answer>
<Body>&lt;pre&gt;&lt;code&gt;L= {'a':'a','d':'d', 'h':'h'}&#xA;index= ['a','d','h'] &#xA;for keys in index:&#xA;    print(L[keys])&#xA;&lt;/code&gt;&lt;/pre&gt;&#xA;&#xA;&lt;p&gt;I would use a &lt;code&gt;Dict add&lt;/code&gt; desired &lt;code&gt;keys&lt;/code&gt; to &lt;code&gt;index&lt;/code&gt; &lt;/p&gt;&#xA;</Body>
</answer>
<answer>
<Body>&lt;p&gt;A functional approach:&lt;/p&gt;&#xA;&#xA;&lt;pre&gt;&lt;code&gt;a = [1,&quot;A&quot;, 34, -123, &quot;Hello&quot;, 12]&#xA;b = [0, 2, 5]&#xA;&#xA;from operator import itemgetter&#xA;&#xA;print(list(itemgetter(*b)(a)))&#xA;[1, 34, 12]&#xA;&lt;/code&gt;&lt;/pre&gt;&#xA;</Body>
</answer>
