<question>
<Title>Any good advice on using emacs for C++ project?</Title>
<Body>&lt;p&gt;I'm looking for a good article on using emacs as C/C++ IDE.&lt;/p&gt;&#xA;&#xA;&lt;p&gt;Something like Steve Yegge's &lt;a href=&quot;http://steve.yegge.googlepages.com/effective-emacs&quot; rel=&quot;noreferrer&quot;&gt;&quot;Effective emacs&quot;&lt;/a&gt;.&lt;/p&gt;&#xA;</Body>
<Tags>c++,emacs</Tags>
</question>
<answer>
<Body>&lt;p&gt;No specific article, really, but I've found &lt;a href=&quot;http://www.emacswiki.org/cgi-bin/wiki&quot; rel=&quot;noreferrer&quot;&gt;EmacsWiki&lt;/a&gt; to be full of useful information. Consider checking out these entries:&lt;/p&gt;&#xA;&#xA;&lt;ul&gt;&#xA;&lt;li&gt;&lt;a href=&quot;http://www.emacswiki.org/cgi-bin/wiki/CPlusPlus&quot; rel=&quot;noreferrer&quot;&gt;CPlusPlus&lt;/a&gt; as a starting point for many C++-related articles, and&lt;/li&gt;&#xA;&lt;li&gt;&lt;a href=&quot;http://www.emacswiki.org/cgi-bin/wiki/CppTemplate&quot; rel=&quot;noreferrer&quot;&gt;CppTemplate&lt;/a&gt; to define a template that can give you a good skeleton when you start new files&lt;/li&gt;&#xA;&lt;/ul&gt;&#xA;</Body>
</answer>
<answer>
<Body>&lt;p&gt;I've recently stumbled upon this &lt;a href=&quot;http://www.physics.ucsb.edu/~taro/comp/tips/emacs/emacs-c-dev.html&quot; rel=&quot;nofollow noreferrer&quot;&gt;article&lt;/a&gt; which is quite good.&lt;/p&gt;&#xA;&#xA;&lt;p&gt;EDIT: Yep the link is no longer valid. It seems like they've changed their url recently and it doesn't redirect properly. Hopefully it will be back soon. Anyway the article was called &quot;Benjamin Rutt's Emacs C development tips&quot;. I managed to find a copy &lt;a href=&quot;http://xugx2007.blogspot.com/2007/06/benjamin-rutts-emacs-c-development-tips.html&quot; rel=&quot;nofollow noreferrer&quot;&gt;here&lt;/a&gt;.&lt;/p&gt;&#xA;</Body>
</answer>
<answer>
<Body>&lt;p&gt;I'm planning to write such article in near future, but you can now take &lt;a href=&quot;http://xtalk.msk.su/~ott/common/emacs/rc/emacs-rc-cedet.el.html&quot; rel=&quot;nofollow noreferrer&quot;&gt;my configuration&lt;/a&gt; of &lt;a href=&quot;http://cedet.sf.net&quot; rel=&quot;nofollow noreferrer&quot;&gt;Cedet&lt;/a&gt; + Emacs, that helps me to effectively edit C++ sources.&#xA;If you'll have questions, you could ask me directly&lt;/p&gt;&#xA;</Body>
</answer>
<answer>
<Body>&lt;p&gt;Be aware that Emacs' C++ mode is based on only regular expressions, not a grammar.  Hence, the syntax highlighting is not based strictly on the syntax of the language itself, but rather is largely based on commonplace formatting.  The Emacs syntax highlighting of C++ often makes mistakes.&lt;/p&gt;&#xA;&#xA;&lt;p&gt;The problem is not limited to syntax hightlighting.  The same defective design applies to the automatic formatting.  All this said, I have been using only Emacs for all of my editing of C++ source code for over 20 years, since the cfront days.  (I usually turn off electric key bindings, because of Emacs' defective regex-based design.  Regexes do not have enough expressive power to describe the C++ syntax accurately.&lt;/p&gt;&#xA;</Body>
</answer>
<answer>
<Body>&lt;p&gt;I recommend &lt;a href=&quot;https://github.com/leoliu/ggtags&quot; rel=&quot;nofollow&quot;&gt;ggtags&lt;/a&gt; and &lt;a href=&quot;https://github.com/Sarcasm/irony-mode&quot; rel=&quot;nofollow&quot;&gt;irony-mode&lt;/a&gt;. Other then that you may want to use &lt;a href=&quot;https://github.com/syohex/emacs-helm-ag&quot; rel=&quot;nofollow&quot;&gt;helm-ag&lt;/a&gt; to search (&quot;grep&quot;) for strings in your codebase.&lt;/p&gt;&#xA;</Body>
</answer>
